Player,Nation,Pos,Squad,Age,Born,90s,Cmp_Total_Passing,Att_Total_Passing,Cmp%_Total,TotDist,PrgDist,Cmp_Short_Passing,Att_Short_Passing,Cmp%_Short,Cmp_Medium_Passing,Att_Medium_Passing,Cmp%_Medium,Cmp_Long_Passing,Att_Long_Passing,Cmp%_Long,Ast,xAG,xA,A-xAG,KP,1/3,PPA,CrsPA,PrgP,Tkl_Tackles,Tkl,TklW_Defense,Def 3rd,Mid 3rd,Att 3rd,Tkl_Challenges,Att_Defense,Tkl%,Lost_Defense,Blocks_Defense,Sh,Pass,Int_Defense,Tkl+Int,Clr,Att_PassingTypes,Live,Dead,FK,TB,Sw,Crs_PassingTypes,TI,CK,In,Out,Str,Cmp_PassingTypes,Off_PassingTypes,Blocks_PassingTypes,CrdY,CrdR,2CrdY,Fls,Fld,Off_Misc,Crs_Misc,Int_Misc,TklW_Misc,PKwon,PKcon,OG,Recov,Won,Lost_Misc,Won%,League
Aaron Cresswell,eng ENG,DF,West Ham,27,1989,34.1,1204,1723,69.9,22518,9345,531,593,89.5,488,642,76.0,163,408,40.0,3,3.2,2.4,-0.2,34,135,21,10,128,34,63.3,12,20,2,19,30,11,42,17,25,44,78,117,1,Matches,1723,1346,361,82,3,23,196,212,67,43,14,2,1204,16,51,7,0,0,20,15,3,196,44,21,0,0,0,149,57,47,54.8,England
Aaron Lennon,eng ENG,MF,Burnley,30,1987,12.4,202,305,66.2,2883,729,121,153,79.1,62,89,69.7,10,21,47.6,2,0.8,1.3,+1.2,7,14,13,5,28,20,10.0,5,14,1,2,20,18,20,5,15,8,28,18,0,Matches,305,301,3,1,0,0,28,2,0,0,0,0,202,1,20,2,0,0,10,12,1,28,8,14,0,0,0,57,4,12,25.0,England
Aaron Lennon,eng ENG,"FW,MF",Everton,30,1987,8.8,146,219,66.7,2086,558,92,122,75.4,45,60,75.0,6,11,54.5,0,0.2,0.3,-0.2,4,6,3,0,19,17,23.8,10,5,2,5,21,16,13,1,12,11,28,9,0,Matches,219,203,15,0,0,0,10,14,0,0,0,0,146,1,18,0,0,0,11,8,0,10,11,10,2,0,0,25,5,7,41.7,England
Aaron Mooy,au AUS,MF,Huddersfield,26,1990,34.1,1553,2098,74.0,25274,7426,788,921,85.6,509,657,77.5,162,337,48.1,3,4.0,4.0,-1.0,50,203,28,9,239,102,41.8,39,51,12,23,55,32,39,5,34,38,140,52,0,Matches,2098,1927,163,82,4,29,185,3,78,43,18,1,1553,8,60,4,0,0,26,16,2,185,38,60,0,0,0,266,32,38,45.7,England
Aaron Ramsey,wls WAL,MF,Arsenal,26,1990,20.5,1065,1277,83.4,16341,4329,556,627,88.7,390,457,85.3,69,97,71.1,8,5.4,5.3,+2.6,28,102,36,3,134,35,18.2,18,17,0,8,44,36,14,3,11,24,59,6,1,Matches,1277,1236,32,20,10,12,17,12,0,0,0,0,1065,9,24,0,0,0,28,33,0,17,24,27,2,0,0,128,10,15,40.0,England
Aaron Wan-Bissaka,eng ENG,DF,Crystal Palace,19,1997,7.0,196,293,66.9,2676,1448,125,150,83.3,56,89,62.9,8,33,24.2,0,0.2,0.4,-0.2,3,12,4,3,23,30,78.9,20,7,3,15,19,4,18,7,11,15,45,45,0,Matches,293,222,71,1,0,0,20,70,0,0,0,0,196,0,12,1,0,0,2,3,0,20,15,19,0,0,0,38,9,10,47.4,England
Abdelhamid Sabiri,ma MAR,MF,Huddersfield,20,1996,2.4,66,100,66.0,907,230,40,58,69.0,17,25,68.0,4,9,44.4,1,0.1,0.1,+0.9,3,9,2,0,13,5,14.3,2,0,3,1,7,6,4,0,4,1,6,2,0,Matches,100,95,4,1,0,0,1,0,0,0,0,0,66,1,1,1,0,0,4,4,1,1,1,4,0,0,0,8,14,12,53.8,England
Abdoulaye Doucouré,ml MLI,MF,Watford,24,1993,36.9,1885,2278,82.7,30698,7812,907,1054,86.1,787,897,87.7,132,193,68.4,3,2.3,2.9,+0.7,40,152,30,3,222,79,34.2,28,42,9,27,79,52,43,10,33,54,133,61,0,Matches,2278,2212,60,35,2,16,26,2,0,0,0,0,1885,6,44,10,0,0,44,26,2,26,54,52,0,1,0,345,42,51,45.2,England
Adam Lallana,eng ENG,"MF,FW",Liverpool,29,1988,2.7,192,229,83.8,2309,705,126,136,92.6,46,54,85.2,3,11,27.3,0,0.4,0.6,-0.4,7,18,11,2,33,3,20.0,3,0,0,2,10,8,3,0,3,1,4,1,0,Matches,229,226,3,1,0,0,8,1,1,1,0,0,192,0,3,1,0,0,4,5,1,8,1,1,0,0,0,15,3,4,42.9,England
Adam Smith,eng ENG,"DF,MF",Bournemouth,26,1991,23.0,898,1119,80.3,14432,4294,464,523,88.7,339,423,80.1,71,120,59.2,3,1.6,1.5,+1.4,22,64,13,5,90,50,45.3,33,16,1,24,53,29,46,8,38,31,81,73,0,Matches,1119,920,198,21,1,7,35,171,6,2,0,0,898,1,27,6,0,0,23,39,1,35,31,36,0,0,0,105,13,27,32.5,England
Ademola Lookman,ng NGA,"FW,MF",Everton,19,1997,1.8,38,47,80.9,514,127,19,23,82.6,13,14,92.9,2,3,66.7,0,0.5,0.0,-0.5,2,2,0,0,6,1,0.0,0,1,0,0,2,2,2,0,2,1,2,3,0,Matches,47,47,0,0,0,0,2,0,0,0,0,0,38,0,2,0,0,0,5,3,0,2,1,1,0,0,0,10,1,2,33.3,England
Adrian Mariappa,jm JAM,DF,Watford,30,1986,24.6,774,1028,75.3,13905,6028,342,395,86.6,343,432,79.4,77,161,47.8,0,0.2,0.3,-0.2,4,50,3,0,60,45,41.2,33,12,0,14,34,20,25,16,9,45,90,133,4,Matches,1028,955,70,10,0,8,4,60,0,0,0,0,774,3,13,4,0,0,32,16,0,4,45,26,0,0,0,111,86,72,54.4,England
Adrien Silva,pt POR,MF,Leicester City,28,1989,8.5,353,439,80.4,5672,1821,163,188,86.7,141,165,85.5,30,46,65.2,1,0.8,0.5,+0.2,7,49,4,0,55,22,21.4,8,13,1,6,28,22,12,2,10,14,36,0,0,Matches,439,419,18,7,3,1,4,0,0,0,0,0,353,2,8,3,0,0,9,8,0,4,14,13,0,0,0,58,11,19,36.7,England
Adrián,es ESP,GK,West Ham,30,1987,19.0,266,571,46.6,11798,10438,12,12,100.0,51,52,98.1,203,503,40.4,0,0.0,0.1,0.0,0,13,1,0,0,2,25.0,2,0,0,1,4,3,1,0,1,0,2,15,1,Matches,571,332,235,51,0,1,0,0,0,0,0,0,266,4,0,2,0,0,1,3,0,0,0,1,0,0,0,20,2,1,66.7,England
Ahmed Hegazi,eg EGY,DF,West Brom,26,1991,37.6,872,1205,72.4,19108,9451,252,307,82.1,423,530,79.8,180,326,55.2,0,0.6,1.4,-0.6,7,56,8,3,65,58,52.0,46,12,0,26,50,24,55,37,18,60,118,278,2,Matches,1205,1161,37,33,1,10,10,2,0,0,0,0,872,7,10,4,0,0,24,12,2,10,60,38,0,0,0,183,100,82,54.9,England
Aiden O'Neill,au AUS,MF,Burnley,19,1998,0.0,,,,,,,,,,,,,,,0,,,,,,,,,,,,,,,,,,,,,,,,Matches,,,,,,,,,,,,,,,,0,0,,0,,,,,,,,,,,,,England
Ainsley Maitland-Niles,eng ENG,"DF,MF",Arsenal,19,1997,10.2,530,640,82.8,8182,2475,290,321,90.3,178,215,82.8,42,59,71.2,0,0.9,1.4,-0.9,8,37,14,4,35,25,45.2,12,7,6,14,31,17,15,1,14,12,37,35,2,Matches,640,550,87,6,0,3,20,81,0,0,0,0,530,3,18,1,0,0,10,5,0,20,12,17,0,1,0,73,6,14,30.0,England
Alberto Moreno,es ESP,DF,Liverpool,25,1992,14.1,784,964,81.3,14433,4503,310,345,89.9,398,466,85.4,70,125,56.0,0,0.8,1.4,-0.8,15,44,16,6,59,35,44.8,21,12,2,13,29,16,19,2,17,12,47,44,0,Matches,964,813,150,18,1,6,51,129,3,2,1,0,784,1,17,1,0,0,8,19,0,51,12,26,0,0,0,69,9,17,34.6,England
Aleksandar Dragović,at AUT,DF,Leicester City,26,1991,8.5,301,361,83.4,6498,2286,81,95,85.3,160,184,87.0,54,72,75.0,0,0.0,0.0,0.0,0,18,0,0,27,13,53.8,13,0,0,7,13,6,16,8,8,16,29,46,0,Matches,361,331,29,7,0,4,1,22,0,0,0,0,301,1,1,2,0,0,7,3,0,1,16,10,0,0,0,50,13,9,59.1,England
Aleksandar Mitrović,rs SRB,FW,Newcastle Utd,22,1994,1.1,40,55,72.7,496,72,24,30,80.0,13,18,72.2,0,0,,0,0.2,0.3,-0.2,3,1,0,0,3,1,0.0,0,1,0,0,1,1,1,0,1,0,1,2,0,Matches,55,54,1,0,0,0,0,1,0,0,0,0,40,0,2,0,0,0,3,5,1,0,0,1,0,0,0,4,6,9,40.0,England
Alex Iwobi,ng NGA,"MF,FW",Arsenal,21,1996,20.3,997,1171,85.1,14645,3786,587,636,92.3,321,379,84.7,53,78,67.9,5,3.5,3.6,+1.5,36,93,31,0,138,19,27.8,8,8,3,5,18,13,19,1,18,7,26,10,1,Matches,1171,1151,17,3,12,5,20,11,1,0,1,0,997,3,27,1,0,0,11,12,1,20,7,15,0,0,0,110,3,14,17.6,England
Alex McCarthy,eng ENG,GK,Southampton,27,1989,18.0,212,462,45.9,8168,7016,24,25,96.0,69,69,100.0,119,368,32.3,0,0.0,0.0,0.0,0,5,0,0,0,0,,0,0,0,0,0,0,0,0,0,1,1,8,0,Matches,462,246,216,58,0,1,0,0,0,0,0,0,212,0,0,2,0,0,0,1,0,0,1,0,0,0,0,15,10,0,100.0,England
Alex Oxlade-Chamberlain,eng ENG,DF,Arsenal,23,1993,2.7,124,158,78.5,2464,689,53,58,91.4,48,57,84.2,23,33,69.7,0,0.5,0.6,-0.5,5,12,8,3,16,5,66.7,2,2,1,2,3,1,5,2,3,6,11,8,0,Matches,158,136,20,3,0,3,16,17,0,0,0,0,124,2,5,0,0,0,1,1,1,16,6,3,0,0,0,22,4,6,40.0,England
Alex Oxlade-Chamberlain,eng ENG,"MF,FW",Liverpool,23,1993,16.6,609,796,76.5,11074,3186,262,305,85.9,244,312,78.2,79,135,58.5,7,3.8,3.2,+3.2,34,70,40,7,120,32,28.6,13,14,5,6,21,15,24,0,24,20,52,14,0,Matches,796,740,51,10,13,11,70,8,32,20,11,0,609,5,12,3,0,0,16,9,2,70,20,21,0,0,0,91,10,27,27.0,England
Alex Pritchard,eng ENG,"MF,FW",Huddersfield,24,1993,11.1,259,393,65.9,4251,1189,142,173,82.1,77,116,66.4,27,65,41.5,1,1.9,1.2,-0.9,20,26,12,3,44,18,47.6,2,6,10,10,21,11,6,1,5,5,23,11,0,Matches,393,334,58,16,1,1,48,0,23,13,4,3,259,1,14,1,0,0,5,23,1,48,5,8,1,0,0,69,2,19,9.5,England
Alexander Sørloth,no NOR,FW,Crystal Palace,21,1995,4.0,65,114,57.0,851,221,40,62,64.5,19,33,57.6,2,7,28.6,0,0.5,0.5,-0.5,6,6,1,0,7,6,33.3,1,4,1,4,12,8,5,0,5,2,8,5,0,Matches,114,111,3,1,0,2,7,0,0,0,0,0,65,0,10,0,0,0,6,2,3,7,2,3,0,0,0,17,20,21,48.8,England
Alexandre Lacazette,fr FRA,FW,Arsenal,26,1991,24.5,558,744,75.0,6693,1185,369,450,82.0,120,170,70.6,13,25,52.0,4,4.4,4.0,-0.4,36,18,31,3,59,24,14.8,6,11,7,4,27,23,19,3,16,7,31,5,0,Matches,744,691,48,0,9,1,16,0,0,0,0,0,558,5,21,1,0,0,28,28,23,16,7,17,1,0,0,53,29,60,32.6,England
Alexis Sánchez,cl CHI,"MF,FW",Arsenal,28,1988,16.7,643,927,69.4,10650,3348,331,410,80.7,206,302,68.2,75,130,57.7,3,4.9,6.4,-1.9,50,56,74,3,149,20,21.9,9,4,7,7,32,25,5,2,3,6,26,1,0,Matches,927,869,58,15,18,10,54,1,37,25,3,0,643,0,31,4,0,0,21,44,16,54,6,9,0,0,0,48,14,24,36.8,England
Alexis Sánchez,cl CHI,"FW,MF",Manchester Utd,28,1988,11.6,451,637,70.8,6515,2036,241,279,86.4,126,183,68.9,37,69,53.6,3,2.4,3.5,+0.6,26,52,30,4,70,21,14.8,10,4,7,4,27,23,8,0,8,17,38,0,0,Matches,637,591,34,15,11,7,43,0,17,8,6,0,451,12,26,1,0,0,10,31,10,43,17,17,1,0,0,61,6,18,25.0,England
Alfie Mawson,eng ENG,DF,Swansea City,23,1994,38.0,1420,1755,80.9,31280,11208,407,462,88.1,732,847,86.4,268,403,66.5,1,0.6,0.6,+0.4,5,87,5,1,92,32,59.3,24,8,0,16,27,11,41,32,9,35,67,229,5,Matches,1755,1699,51,47,1,43,2,4,0,0,0,0,1420,5,10,3,0,0,19,11,1,2,35,22,0,0,0,220,120,70,63.2,England
Allan Nyom,cm CMR,DF,West Brom,29,1988,25.7,798,1102,72.4,13157,5473,435,482,90.2,274,369,74.3,71,180,39.4,1,1.1,1.5,-0.1,14,42,25,22,58,64,65.1,43,17,4,28,43,15,20,9,11,27,91,93,0,Matches,1102,837,261,4,0,2,88,257,0,0,0,0,798,4,45,7,0,0,20,20,0,88,27,39,0,1,0,147,21,19,52.5,England
Ander Herrera,es ESP,MF,Manchester Utd,27,1989,14.1,917,1064,86.2,13708,3978,471,513,91.8,307,342,89.8,66,118,55.9,2,1.6,1.6,+0.4,11,89,12,1,81,56,29.0,32,20,4,20,69,49,33,6,27,34,90,22,2,Matches,1064,1030,31,25,4,3,15,4,1,0,0,0,917,3,6,5,0,0,28,28,2,15,34,29,0,0,0,104,9,10,47.4,England
Andre Gray,jm JAM,FW,Watford,26,1991,16.6,217,310,70.0,2738,463,134,185,72.4,48,64,75.0,10,12,83.3,2,2.1,1.2,-0.1,18,17,6,1,17,2,0.0,0,1,1,0,3,3,11,0,11,4,6,3,0,Matches,310,297,11,0,2,2,9,0,0,0,0,0,217,2,12,1,0,0,11,5,12,9,4,1,1,0,0,31,17,51,25.0,England
Andreas Christensen,dk DEN,DF,Chelsea,21,1996,23.2,1263,1357,93.1,24630,8441,387,409,94.6,719,752,95.6,134,157,85.4,0,0.1,0.9,-0.1,4,62,2,0,76,26,66.7,23,3,0,10,15,5,25,17,8,39,65,109,5,Matches,1357,1314,38,35,1,1,0,3,0,0,0,0,1263,5,6,0,0,0,8,13,1,0,39,13,0,0,0,139,55,26,67.9,England
Andrew Robertson,sct SCO,DF,Liverpool,23,1994,21.6,1404,1681,83.5,22245,6855,692,753,91.9,595,691,86.1,73,149,49.0,5,4.1,3.4,+0.9,24,121,31,8,150,31,51.7,19,9,3,15,29,14,22,2,20,26,57,56,0,Matches,1681,1497,182,12,3,3,88,170,0,0,0,0,1404,2,42,2,0,0,15,4,5,88,26,17,0,0,0,140,15,9,62.5,England
Andrew Surman,eng ENG,MF,Bournemouth,30,1986,20.6,997,1199,83.2,18377,5842,396,464,85.3,476,536,88.8,108,165,65.5,5,1.0,1.5,+4.0,16,122,16,0,134,16,26.1,5,8,3,6,23,17,33,12,21,16,32,52,2,Matches,1199,1139,59,39,2,10,21,0,18,13,0,0,997,1,13,2,0,0,9,14,1,21,16,12,0,0,0,123,32,44,42.1,England
Andros Townsend,eng ENG,"FW,MF",Crystal Palace,26,1991,34.7,870,1226,71.0,13034,3886,501,573,87.4,259,384,67.4,68,160,42.5,7,7.2,5.4,-0.2,65,64,48,14,104,60,32.0,35,12,13,24,75,51,49,1,48,35,95,28,0,Matches,1226,1088,134,39,3,5,176,23,49,23,5,16,870,4,49,3,0,0,10,46,6,176,35,34,2,0,0,182,3,13,18.8,England
André Ayew,gh GHA,"MF,FW",Swansea City,27,1989,10.6,247,314,78.7,3303,538,151,174,86.8,71,88,80.7,9,19,47.4,2,1.3,0.8,+0.7,12,12,7,0,24,15,15.4,3,10,2,2,13,11,13,1,12,5,20,8,0,Matches,314,302,12,1,4,1,8,3,0,0,0,0,247,0,4,3,0,0,18,19,3,8,5,10,1,0,0,41,28,48,36.8,England
André Ayew,gh GHA,"MF,FW",West Ham,27,1989,9.9,216,291,74.2,2721,532,142,160,88.8,57,77,74.0,5,15,33.3,2,0.3,0.3,+1.7,4,17,5,1,18,19,31.6,6,10,3,6,19,13,5,0,5,4,23,3,0,Matches,291,279,9,1,1,1,8,1,0,0,0,0,216,3,16,2,0,0,6,17,3,8,4,14,0,0,0,52,17,50,25.4,England
André Carrillo,pe PER,"FW,MF",Watford,26,1991,17.1,561,772,72.7,8091,2148,339,396,85.6,145,221,65.6,47,77,61.0,2,2.8,2.4,-0.8,20,40,24,8,72,31,24.2,16,12,3,8,33,25,7,0,7,15,46,16,0,Matches,772,752,20,7,2,6,54,9,4,0,3,0,561,0,39,2,0,0,13,15,4,54,15,24,0,0,0,102,13,40,24.5,England
Andy Carroll,eng ENG,FW,West Ham,28,1989,8.3,158,262,60.3,2741,519,74,114,64.9,64,100,64.0,14,29,48.3,0,0.5,0.3,-0.5,7,13,6,3,11,3,0.0,2,0,1,0,1,1,3,2,1,2,5,15,0,Matches,262,248,13,1,0,2,10,3,0,0,0,0,158,1,3,7,1,1,28,14,6,10,2,3,0,0,0,24,74,48,60.7,England
Andy King,wls WAL,MF,Leicester City,28,1988,6.0,167,221,75.6,2628,676,76,93,81.7,66,81,81.5,12,25,48.0,0,0.1,0.1,-0.1,2,17,0,0,13,8,0.0,0,5,3,0,3,3,4,2,2,5,13,13,0,Matches,221,212,5,2,1,0,5,2,0,0,0,0,167,4,1,1,0,0,5,5,1,5,5,5,1,0,0,34,10,8,55.6,England
Andy King,wls WAL,MF,Swansea City,28,1988,7.9,296,359,82.5,5218,1314,132,145,91.0,125,148,84.5,28,50,56.0,1,0.2,0.5,+0.8,4,35,5,2,38,18,35.7,10,8,0,5,14,9,7,0,7,6,24,14,1,Matches,359,348,11,10,0,3,8,1,0,0,0,0,296,0,3,1,0,0,4,6,0,8,6,11,0,0,0,41,5,6,45.5,England
Angelo Ogbonna,it ITA,DF,West Ham,29,1988,32.0,811,1021,79.4,17054,6402,232,266,87.2,451,520,86.7,120,210,57.1,0,0.5,0.2,-0.5,7,46,4,1,44,30,44.4,18,10,2,8,18,10,40,27,13,58,88,197,1,Matches,1021,991,26,24,1,9,2,2,0,0,0,0,811,4,10,3,0,0,15,17,0,2,58,24,0,1,0,135,79,71,52.7,England
Anthony Knockaert,fr FRA,"MF,FW",Brighton,25,1991,26.9,851,1103,77.2,12977,3196,475,544,87.3,270,337,80.1,61,126,48.4,1,3.2,3.1,-2.2,32,45,30,5,124,39,29.1,25,11,3,16,55,39,29,3,26,23,62,16,0,Matches,1103,1026,70,23,4,12,98,14,27,12,12,0,851,7,25,4,1,0,22,23,8,98,23,26,0,0,0,171,15,19,44.1,England
Anthony Martial,fr FRA,FW,Manchester Utd,21,1995,17.6,613,789,77.7,7580,1899,374,431,86.8,155,193,80.3,18,43,41.9,5,5.1,4.6,-0.1,33,35,27,2,52,15,25.0,9,2,4,3,12,9,5,1,4,3,18,7,0,Matches,789,767,20,6,4,0,48,8,6,5,0,0,613,2,35,1,0,0,17,27,8,48,3,13,0,0,0,79,14,24,36.8,England
Antonio Rüdiger,de GER,DF,Chelsea,24,1993,26.0,1540,1735,88.8,28423,9100,618,649,95.2,734,801,91.6,151,226,66.8,1,0.4,0.7,+0.6,3,114,2,0,121,31,48.4,20,10,1,15,31,16,29,15,14,24,55,115,1,Matches,1735,1695,35,24,3,35,10,11,0,0,0,0,1540,5,7,4,0,0,26,14,2,10,24,21,0,0,0,175,58,38,60.4,England
Antonio Valencia,ec ECU,DF,Manchester Utd,31,1985,30.4,1624,1962,82.8,22647,8135,961,1033,93.0,462,555,83.2,96,200,48.0,1,1.2,2.5,-0.2,23,91,24,10,84,57,44.4,21,28,8,16,36,20,47,6,41,48,105,80,0,Matches,1962,1658,299,23,3,10,79,276,0,0,0,0,1624,5,39,7,0,0,38,20,4,79,48,32,0,0,0,188,22,25,46.8,England
Arthur Masuaku,cd COD,DF,West Ham,23,1993,20.8,668,930,71.8,10657,3590,353,407,86.7,247,343,72.0,50,115,43.5,3,2.0,1.3,+1.0,17,39,16,10,56,58,43.1,36,16,6,25,58,33,25,2,23,26,84,38,1,Matches,930,776,149,7,1,7,100,142,0,0,0,0,668,5,45,5,0,0,30,30,2,100,26,37,0,0,0,143,23,19,54.8,England
Ashley Barnes,eng ENG,FW,Burnley,27,1989,24.1,316,531,59.5,4207,996,193,282,68.4,101,161,62.7,6,33,18.2,0,1.6,1.8,-1.6,17,22,11,4,34,21,17.2,1,14,6,5,29,24,26,5,21,2,23,19,0,Matches,531,515,13,0,3,0,16,2,0,0,0,0,316,3,17,10,0,0,53,71,26,16,2,14,0,0,0,87,81,218,27.1,England
Ashley Westwood,eng ENG,MF,Burnley,27,1990,12.3,492,615,80.0,9936,2893,172,198,86.9,221,255,86.7,85,139,61.2,1,1.0,0.7,0.0,8,52,7,2,69,13,12.5,10,3,0,2,16,14,17,9,8,19,32,16,0,Matches,615,600,12,10,0,8,13,0,2,0,0,0,492,3,3,2,0,0,13,10,0,13,19,10,0,0,0,84,9,5,64.3,England
Ashley Williams,wls WAL,DF,Everton,32,1984,20.4,591,736,80.3,12552,4237,167,184,90.8,322,364,88.5,91,158,57.6,0,0.3,0.2,-0.3,3,31,2,0,39,23,50.0,17,6,0,9,18,9,31,23,8,36,59,173,3,Matches,736,712,21,21,0,6,1,0,0,0,0,0,591,3,11,3,1,0,25,4,3,1,36,13,0,2,0,96,52,40,56.5,England
Ashley Young,eng ENG,DF,Manchester Utd,32,1985,27.1,1285,1683,76.4,20718,7834,703,772,91.1,379,494,76.7,145,293,49.5,4,3.6,4.2,+0.4,26,117,36,24,103,53,38.3,30,17,6,18,47,29,24,5,19,57,110,86,1,Matches,1683,1348,323,34,2,14,121,265,24,18,4,0,1285,12,42,7,0,0,29,35,1,121,57,32,0,0,0,168,19,21,47.5,England
Asmir Begović,ba BIH,GK,Bournemouth,30,1987,38.0,693,1162,59.6,23636,18869,55,55,100.0,300,304,98.7,337,798,42.2,0,0.0,0.0,0.0,1,7,0,0,0,0,0.0,0,0,0,0,2,2,0,0,0,2,2,16,7,Matches,1162,696,464,136,0,1,0,0,0,0,0,0,693,2,1,2,0,0,2,7,0,0,2,0,0,1,0,23,8,2,80.0,England
Axel Tuanzebe,cd COD,FW,Manchester Utd,19,1997,0.0,0,0,,0,0,0,0,,0,0,,0,0,,0,0.0,0.0,0.0,0,0,0,0,0,0,,0,0,0,0,0,0,0,0,0,0,0,0,0,Matches,0,0,0,0,0,0,0,0,0,0,0,0,0,0,0,0,0,0,0,0,0,0,0,0,0,0,0,0,0,0,,England
Aymeric Laporte,es ESP,DF,Manchester City,23,1994,9.0,762,826,92.3,13329,4972,337,354,95.2,346,366,94.5,61,81,75.3,0,0.1,0.3,-0.1,2,54,3,1,72,8,37.5,6,2,0,3,8,5,2,1,1,11,19,27,0,Matches,826,801,25,12,1,10,2,13,0,0,0,0,762,0,3,1,0,0,10,4,0,2,11,7,0,0,0,90,24,9,72.7,England
Ayoze Pérez,es ESP,"MF,FW",Newcastle Utd,24,1993,27.7,515,745,69.1,6748,1456,316,396,79.8,140,205,68.3,16,44,36.4,5,4.7,2.5,+0.3,36,47,17,2,75,39,22.2,11,15,13,12,54,42,36,1,35,24,63,28,0,Matches,745,699,41,1,14,5,22,0,0,0,0,0,515,5,35,3,0,0,36,53,14,22,24,21,0,0,1,126,43,87,33.1,England
Badou Ndiaye,sn SEN,MF,Stoke City,26,1990,12.6,283,348,81.3,4731,1649,142,155,91.6,99,123,80.5,31,44,70.5,1,0.3,0.4,+0.7,7,32,6,1,46,53,39.0,22,25,6,16,41,25,21,9,12,13,66,18,0,Matches,348,330,15,8,1,4,4,4,0,0,0,0,283,3,6,5,0,0,24,21,2,4,13,28,0,1,0,85,10,9,52.6,England
Bakary Sako,ml MLI,"FW,MF",Crystal Palace,29,1988,5.3,94,159,59.1,1412,353,59,75,78.7,18,41,43.9,10,22,45.5,0,1.1,0.6,-1.1,6,6,4,3,8,7,22.2,5,0,2,2,9,7,2,0,2,1,8,2,0,Matches,159,150,9,3,0,2,27,1,4,0,2,1,94,0,9,0,0,0,8,7,4,27,1,6,0,0,0,27,11,16,40.7,England
Ben Chilwell,eng ENG,DF,Leicester City,20,1996,20.6,852,1199,71.1,13076,4494,446,533,83.7,306,429,71.3,60,136,44.1,2,2.4,2.4,-0.4,21,59,26,16,78,36,46.9,21,10,5,15,32,17,31,4,27,28,64,71,3,Matches,1199,974,219,10,0,2,84,208,1,1,0,0,852,6,50,3,1,1,13,23,4,84,28,26,0,0,0,129,66,61,52.0,England
Ben Davies,wls WAL,DF,Tottenham,24,1993,25.8,1305,1735,75.2,22704,8393,612,701,87.3,560,706,79.3,116,247,47.0,6,3.2,3.8,+2.8,46,125,37,14,165,47,52.1,13,21,13,25,48,23,24,5,19,28,75,70,1,Matches,1735,1385,345,19,0,5,149,277,49,23,13,0,1305,5,69,3,0,0,24,25,0,149,28,33,0,0,0,110,45,50,47.4,England
Ben Foster,eng ENG,GK,West Brom,34,1983,37.0,565,1155,48.9,25634,23629,39,41,95.1,135,140,96.4,390,966,40.4,0,0.1,0.1,-0.1,2,45,1,0,1,1,0.0,1,0,0,0,7,7,0,0,0,1,2,12,1,Matches,1155,657,492,154,0,1,0,0,0,0,0,0,565,6,0,2,0,0,1,3,0,0,1,0,0,0,0,55,4,0,100.0,England
Ben Hamer,eng ENG,GK,Leicester City,29,1987,3.1,55,86,64.0,1849,1564,4,4,100.0,26,26,100.0,24,55,43.6,0,0.0,0.0,0.0,0,4,0,0,0,0,0.0,0,0,0,0,1,1,0,0,0,0,0,3,1,Matches,86,60,26,6,0,0,0,0,0,0,0,0,55,0,0,0,0,0,0,0,0,0,0,0,0,0,0,5,2,0,100.0,England
Ben Mee,eng ENG,DF,Burnley,27,1989,29.0,823,1086,75.8,17554,7677,269,303,88.8,386,471,82.0,160,281,56.9,0,0.5,0.4,-0.5,6,58,4,0,77,33,55.2,22,11,0,16,29,13,51,42,9,33,66,217,1,Matches,1086,1052,28,22,0,8,3,6,0,0,0,0,823,6,8,5,0,0,14,29,3,3,33,20,0,0,0,153,113,78,59.2,England
Ben Watson,eng ENG,MF,Watford,32,1985,5.1,195,241,80.9,3217,1304,99,111,89.2,67,79,84.8,19,31,61.3,0,0.2,0.3,-0.2,3,12,1,0,24,19,32.3,9,9,1,10,31,21,6,1,5,7,26,10,0,Matches,241,226,14,10,0,3,4,0,2,2,0,0,195,1,6,1,0,0,11,5,0,4,7,9,0,0,0,37,10,6,62.5,England
Ben Woodburn,wls WAL,FW,Liverpool,17,1999,0.1,7,8,87.5,92,11,4,4,100.0,1,1,100.0,1,1,100.0,0,0.0,0.0,0.0,0,0,0,0,0,0,,0,0,0,0,0,0,0,0,0,0,0,0,0,Matches,8,8,0,0,0,0,0,0,0,0,0,0,7,0,1,0,0,0,0,0,0,0,0,0,0,0,0,0,0,0,,England
Beni Baningime,cd COD,MF,Everton,18,1998,2.2,67,82,81.7,1088,304,28,34,82.4,30,35,85.7,3,5,60.0,0,0.0,0.0,0.0,0,6,1,0,11,6,0.0,1,2,3,0,4,4,5,1,4,2,8,2,0,Matches,82,82,0,0,0,1,0,0,0,0,0,0,67,0,2,1,0,0,4,1,0,0,2,2,0,0,0,9,1,2,33.3,England
Benik Afobe,cd COD,FW,Bournemouth,24,1993,6.8,113,154,73.4,1370,152,77,102,75.5,27,38,71.1,0,1,0.0,0,0.1,0.1,-0.1,2,8,2,0,9,4,16.7,1,2,1,1,6,5,4,0,4,0,4,6,0,Matches,154,142,12,1,0,0,2,0,0,0,0,0,113,0,2,0,0,0,9,13,4,2,0,3,1,0,0,17,22,38,36.7,England
Benjamin Mendy,fr FRA,"DF,FW",Manchester City,23,1994,4.0,209,272,76.8,3437,932,110,126,87.3,76,100,76.0,18,27,66.7,1,0.8,0.6,+0.2,9,20,11,5,27,5,71.4,2,0,3,5,7,2,5,0,5,8,13,9,0,Matches,272,223,48,4,0,1,39,44,0,0,0,0,209,1,10,2,0,0,6,1,0,39,8,4,0,0,0,21,5,4,55.6,England
Beram Kayal,il ISR,MF,Brighton,29,1988,8.3,182,235,77.4,2904,800,89,103,86.4,72,88,81.8,13,26,50.0,0,0.5,0.6,-0.5,11,16,4,2,27,18,23.1,10,7,1,6,26,20,11,4,7,12,30,9,0,Matches,235,224,9,0,0,2,5,1,0,0,0,0,182,2,5,2,0,0,15,15,1,5,12,11,0,0,0,54,8,8,50.0,England
Bernardo Silva,pt POR,"FW,MF",Manchester City,22,1994,17.0,836,1000,83.6,12111,2087,487,531,91.7,276,328,84.1,33,64,51.6,4,2.8,2.6,+1.2,31,31,28,5,80,27,20.0,11,9,7,6,30,24,17,1,16,10,37,12,1,Matches,1000,969,30,6,2,6,50,14,10,1,0,0,836,1,22,0,0,0,9,27,0,50,10,18,1,0,0,73,5,14,26.3,England
Boaz Myhill,wls WAL,GK,West Brom,34,1982,1.0,10,19,52.6,482,445,0,0,,2,2,100.0,8,17,47.1,0,0.0,0.0,0.0,0,1,0,0,0,0,,0,0,0,0,0,0,0,0,0,0,0,1,0,Matches,19,9,10,3,0,0,0,0,0,0,0,0,10,0,0,1,0,0,1,0,0,0,0,0,0,0,0,0,0,0,,England
Bojan Krkić,es ESP,MF,Stoke City,26,1990,0.8,22,27,81.5,358,69,13,16,81.3,5,6,83.3,3,3,100.0,0,0.0,0.0,0.0,1,1,0,0,2,0,0.0,0,0,0,0,1,1,1,0,1,0,0,0,0,Matches,27,26,1,0,0,0,2,0,0,0,0,0,22,0,2,0,0,0,1,3,0,2,0,0,0,0,0,5,0,0,,England
Brahim Díaz,ma MAR,"FW,DF",Manchester City,17,1999,0.6,25,29,86.2,326,45,16,17,94.1,8,10,80.0,0,0,,0,0.0,0.0,0.0,0,0,0,0,0,1,,1,0,0,0,0,0,3,0,3,1,2,0,0,Matches,29,29,0,0,0,0,1,0,0,0,0,0,25,0,0,0,0,0,1,4,0,1,1,0,0,0,0,8,0,3,0.0,England
Bruno,es ESP,DF,Brighton,36,1980,22.4,949,1220,77.8,16949,6723,446,492,90.7,371,460,80.7,116,215,54.0,0,0.6,1.0,-0.6,10,54,12,6,78,30,63.6,21,6,3,14,22,8,17,11,6,38,68,76,0,Matches,1220,1005,208,9,0,9,41,199,0,0,0,0,949,7,25,3,0,0,19,8,0,41,38,17,0,1,0,116,28,22,56.0,England
Bruno Martins Indi,nl NED,DF,Stoke City,25,1992,13.8,290,366,79.2,5879,2046,98,111,88.3,150,181,82.9,41,67,61.2,0,0.1,0.1,-0.1,3,25,3,3,28,21,52.6,18,3,0,10,19,9,16,11,5,21,42,77,1,Matches,366,343,22,12,0,6,4,10,0,0,0,0,290,1,3,3,0,0,12,6,1,4,21,12,0,1,0,55,25,21,54.3,England
Callum Hudson-Odoi,eng ENG,"FW,DF",Chelsea,16,2000,0.3,12,18,66.7,222,30,5,6,83.3,5,7,71.4,1,3,33.3,0,0.0,0.0,0.0,0,2,1,0,2,0,,0,0,0,0,0,0,0,0,0,0,0,0,0,Matches,18,18,0,0,0,2,2,0,0,0,0,0,12,0,0,0,0,0,0,0,0,2,0,0,0,0,0,0,0,0,,England
Callum Wilson,eng ENG,FW,Bournemouth,25,1992,22.0,285,413,69.0,3742,826,190,258,73.6,68,97,70.1,11,18,61.1,2,1.5,1.2,+0.5,19,19,16,3,39,9,7.1,2,6,1,1,14,13,15,3,12,3,12,15,0,Matches,413,380,33,3,3,1,15,5,2,0,0,0,285,0,21,0,0,0,37,35,20,15,3,5,0,0,0,64,21,79,21.0,England
Calum Chambers,eng ENG,DF,Arsenal,22,1995,9.6,521,630,82.7,9649,3313,203,228,89.0,257,298,86.2,54,84,64.3,0,0.1,0.2,-0.1,2,30,6,1,43,17,35.7,10,6,1,5,14,9,14,11,3,18,35,47,0,Matches,630,593,35,14,0,7,7,21,0,0,0,0,521,2,7,1,0,0,10,5,0,7,18,10,0,1,0,71,28,29,49.1,England
Cenk Tosun,tr TUR,FW,Everton,26,1991,11.0,187,272,68.8,2224,358,114,149,76.5,32,50,64.0,10,17,58.8,0,1.4,0.7,-1.4,15,7,4,1,9,6,9.1,2,2,2,1,11,10,9,4,5,1,7,13,0,Matches,272,265,5,2,2,1,7,0,1,0,0,0,187,2,9,0,0,0,25,11,9,7,1,3,0,0,0,30,31,66,32.0,England
Cesc Fàbregas,es ESP,MF,Chelsea,30,1987,25.6,1873,2351,79.7,33048,13012,845,949,89.0,722,853,84.6,235,401,58.6,4,6.8,7.6,-2.8,89,249,74,8,348,68,26.1,30,29,9,18,69,51,25,4,21,22,90,26,2,Matches,2351,2075,259,102,22,11,140,4,151,26,53,6,1873,17,38,6,2,1,25,22,5,140,22,49,0,0,0,171,10,22,31.3,England
Chancel Mbemba,cd COD,DF,Newcastle Utd,22,1994,7.5,202,276,73.2,3454,1490,102,120,85.0,81,107,75.7,18,39,46.2,0,0.5,0.5,-0.5,4,11,6,4,21,16,58.8,13,3,0,10,17,7,7,3,4,15,31,44,1,Matches,276,219,56,1,1,0,7,55,0,0,0,0,202,1,5,0,0,0,5,4,0,7,15,12,0,0,0,34,19,17,52.8,England
Charlie Adam,sct SCO,MF,Stoke City,31,1985,4.6,168,285,58.9,3889,1505,51,66,77.3,72,96,75.0,45,107,42.1,0,1.2,1.4,-1.2,6,28,7,4,30,9,29.4,2,5,2,5,17,12,2,0,2,9,18,11,2,Matches,285,252,28,14,3,4,30,4,10,3,4,3,168,5,9,2,1,0,8,8,0,30,9,5,0,0,0,40,7,4,63.6,England
Charlie Austin,eng ENG,FW,Southampton,28,1989,11.5,168,250,67.2,2313,403,98,126,77.8,48,67,71.6,10,21,47.6,0,0.8,0.7,-0.8,4,20,0,0,18,7,30.0,1,3,3,3,10,7,15,3,12,1,8,10,0,Matches,250,241,6,0,1,0,2,1,0,0,0,0,168,3,8,2,0,0,16,16,14,2,1,5,0,0,0,29,38,71,34.9,England
Charlie Daniels,eng ENG,"DF,MF",Bournemouth,30,1986,33.4,1510,2024,74.6,25113,9646,778,915,85.0,604,780,77.4,109,253,43.1,3,2.2,1.7,+0.8,30,124,30,7,155,48,53.7,32,12,4,22,41,19,34,7,27,31,79,114,0,Matches,2024,1603,409,57,2,9,106,338,14,5,2,0,1510,12,59,0,0,0,7,18,0,106,31,34,0,1,0,214,43,44,49.4,England
Charlie Taylor,eng ENG,DF,Burnley,23,1993,10.6,316,463,68.3,5322,2255,149,178,83.7,134,172,77.9,24,82,29.3,0,0.2,0.2,-0.2,4,15,6,5,23,16,58.3,9,6,1,7,12,5,13,5,8,15,31,52,0,Matches,463,351,109,1,0,1,26,108,0,0,0,0,316,3,19,3,0,0,7,12,0,26,15,4,0,0,0,57,23,12,65.7,England
Charly Musonda Jr.,be BEL,FW,Chelsea,20,1996,0.4,15,18,83.3,228,50,9,9,100.0,3,5,60.0,2,2,100.0,0,0.5,0.3,-0.5,1,2,1,0,1,1,100.0,0,0,1,1,1,0,0,0,0,0,1,0,0,Matches,18,18,0,0,2,0,0,0,0,0,0,0,15,0,0,0,0,0,3,1,0,0,0,0,0,0,0,1,1,0,100.0,England
Cheikhou Kouyaté,sn SEN,MF,West Ham,27,1989,31.1,734,982,74.7,10437,2762,423,521,81.2,240,315,76.2,33,66,50.0,3,1.1,0.6,+1.9,16,56,7,3,66,71,37.1,43,26,2,23,62,39,31,11,20,32,103,56,1,Matches,982,967,12,4,5,1,17,7,0,0,0,0,734,3,25,5,0,0,45,41,6,17,32,49,0,1,0,188,119,108,52.4,England
Chris Brunt,nir NIR,"MF,DF",West Brom,32,1984,21.3,733,1082,67.7,15546,6796,284,328,86.6,274,370,74.1,160,339,47.2,7,4.3,4.5,+2.7,37,98,24,10,100,41,35.5,19,21,1,11,31,20,28,4,24,22,63,45,1,Matches,1082,879,194,57,6,8,139,52,85,54,19,9,733,9,12,5,0,0,15,6,0,139,22,24,0,0,0,148,15,14,51.7,England
Chris Löwe,de GER,DF,Huddersfield,28,1989,17.6,601,868,69.2,10650,4207,274,316,86.7,249,341,73.0,67,161,41.6,0,0.4,0.5,-0.4,5,46,8,5,55,43,45.5,26,15,2,20,44,24,21,8,13,34,77,65,3,Matches,868,661,202,16,0,4,73,171,15,14,1,0,601,5,30,1,0,0,13,8,0,73,34,29,0,1,0,74,12,12,50.0,England
Chris Smalling,eng ENG,DF,Manchester Utd,27,1989,28.2,998,1140,87.5,19226,5423,280,309,90.6,598,647,92.4,94,135,69.6,0,0.2,0.3,-0.2,2,25,2,0,37,40,57.1,28,12,0,16,28,12,32,28,4,63,103,162,1,Matches,1140,1122,17,15,0,2,0,2,0,0,0,0,998,1,10,4,0,0,24,14,2,0,63,25,0,0,0,139,108,48,69.2,England
Chris Wood,nz NZL,FW,Burnley,25,1991,18.0,250,424,59.0,3088,437,165,243,67.9,56,107,52.3,8,14,57.1,1,0.6,0.5,+0.4,11,10,3,0,16,7,23.1,2,3,2,3,13,10,12,4,8,0,7,16,0,Matches,424,417,3,0,1,2,5,0,0,0,0,0,250,4,9,1,0,0,18,16,27,5,0,3,0,0,0,46,83,104,44.4,England
Christian Atsu,gh GHA,"FW,MF",Newcastle Utd,25,1992,19.8,359,513,70.0,4775,1436,220,256,85.9,95,148,64.2,14,38,36.8,2,2.6,2.0,-0.6,25,21,16,3,47,17,35.0,10,7,0,7,20,13,35,5,30,13,30,27,1,Matches,513,497,15,4,1,1,57,7,4,1,2,0,359,1,37,1,0,0,10,26,6,57,13,16,0,0,0,107,13,68,16.0,England
Christian Benteke,be BEL,FW,Crystal Palace,26,1990,24.9,379,675,56.1,4993,1074,243,394,61.7,96,195,49.2,18,32,56.3,5,2.9,1.7,+2.1,28,35,12,0,42,11,11.8,3,7,1,2,17,15,15,3,12,3,14,44,0,Matches,675,639,36,0,3,0,3,0,0,0,0,0,379,0,14,6,0,0,48,27,12,3,3,4,2,0,0,50,236,179,56.9,England
Christian Eriksen,dk DEN,"MF,FW",Tottenham,25,1992,35.8,1919,2509,76.5,35000,9566,820,947,86.6,838,1042,80.4,226,398,56.8,10,11.6,10.7,-1.6,95,264,66,8,333,51,28.8,16,30,5,17,59,42,38,1,37,31,82,21,0,Matches,2509,2221,270,105,24,28,222,11,125,48,48,6,1919,18,57,0,0,0,14,21,1,222,31,29,0,0,0,227,17,27,38.6,England
Christian Fuchs,at AUT,DF,Leicester City,31,1986,21.3,842,1226,68.7,14611,6387,406,480,84.6,313,429,73.0,103,248,41.5,1,1.2,0.9,-0.2,18,77,15,9,85,41,35.0,25,12,4,14,40,26,23,3,20,58,99,86,0,Matches,1226,939,279,14,1,8,71,251,13,1,6,0,842,8,36,1,0,0,12,4,0,71,58,27,0,0,1,132,61,37,62.2,England
Christian Kabasele,be BEL,DF,Watford,26,1991,25.9,677,910,74.4,13472,6282,227,278,81.7,352,425,82.8,88,180,48.9,0,0.1,0.3,-0.1,3,46,5,0,74,42,58.3,28,14,0,21,36,15,37,23,14,34,76,185,0,Matches,910,876,30,28,0,10,1,2,0,0,0,0,677,4,7,5,0,0,31,16,0,1,34,25,0,1,1,98,103,45,69.6,England
Christopher Schindler,de GER,DF,Huddersfield,27,1990,36.3,1133,1401,80.9,22466,7583,363,416,87.3,622,714,87.1,137,237,57.8,1,2.3,1.1,-1.3,9,54,0,0,80,83,58.5,56,27,0,24,41,17,54,30,24,75,158,275,1,Matches,1401,1359,38,34,0,7,4,4,0,0,0,0,1133,4,6,8,1,1,30,21,1,4,75,61,0,0,0,156,152,92,62.3,England
Ciaran Clark,ie IRL,DF,Newcastle Utd,27,1989,19.4,511,715,71.5,10211,4380,171,199,85.9,251,308,81.5,71,176,40.3,1,0.7,0.4,+0.3,4,43,3,0,29,25,52.4,17,8,0,11,21,10,15,10,5,17,42,144,1,Matches,715,680,31,21,1,3,2,10,0,0,0,0,511,4,8,3,0,0,17,13,0,2,17,17,0,2,0,95,38,37,50.7,England
Claudio Bravo,cl CHI,GK,Manchester City,34,1983,2.5,64,71,90.1,1601,1126,4,4,100.0,43,44,97.7,17,23,73.9,0,0.0,0.0,0.0,0,0,0,0,0,0,0.0,0,0,0,0,1,1,0,0,0,0,0,0,0,Matches,71,56,15,5,0,0,0,0,0,0,0,0,64,0,0,0,0,0,0,1,0,0,0,0,0,0,0,4,1,0,100.0,England
Claudio Yacob,ar ARG,MF,West Brom,30,1987,10.0,312,374,83.4,5511,1591,130,146,89.0,152,174,87.4,25,44,56.8,0,0.0,0.1,0.0,1,34,0,0,28,36,48.1,23,13,0,13,27,14,14,6,8,16,52,25,2,Matches,374,369,5,3,0,2,0,0,0,0,0,0,312,0,3,5,0,0,25,12,0,0,16,27,0,0,0,75,18,27,40.0,England
Collin Quaner,de GER,"FW,MF",Huddersfield,26,1991,14.2,319,449,71.0,4115,1105,202,261,77.4,89,122,73.0,5,22,22.7,4,2.5,1.5,+1.5,17,26,7,3,44,22,34.6,8,8,6,9,26,17,24,4,20,11,33,15,0,Matches,449,442,5,1,0,1,22,3,1,0,0,0,319,2,19,4,0,0,14,26,3,22,11,15,0,0,0,91,14,25,35.9,England
Connor Goldson,eng ENG,DF,Brighton,24,1992,2.2,63,86,73.3,1270,512,21,25,84.0,29,37,78.4,12,21,57.1,0,0.0,0.0,0.0,0,6,0,0,3,2,25.0,1,1,0,1,4,3,3,3,0,1,3,9,0,Matches,86,80,6,4,1,0,1,2,0,0,0,0,63,0,1,1,0,0,2,2,0,1,1,2,0,0,0,12,9,4,69.2,England
Connor Roberts,wls WAL,DF,Swansea City,21,1995,3.0,131,181,72.4,2076,533,70,80,87.5,45,61,73.8,11,25,44.0,0,0.0,0.1,0.0,0,6,2,0,11,6,100.0,5,1,0,3,3,0,2,0,2,3,9,6,0,Matches,181,147,33,1,0,0,13,32,0,0,0,0,131,1,10,0,0,0,0,7,0,13,3,4,0,0,0,17,3,6,33.3,England
Craig Cathcart,nir NIR,DF,Watford,28,1989,5.8,143,186,76.9,3103,1225,43,48,89.6,75,88,85.2,24,45,53.3,0,0.0,0.0,0.0,0,8,1,0,11,8,80.0,5,3,0,4,5,1,8,6,2,3,11,38,0,Matches,186,181,4,4,0,5,0,0,0,0,0,0,143,1,1,1,0,0,2,1,0,0,3,5,0,0,0,32,10,6,62.5,England
Craig Dawson,eng ENG,DF,West Brom,27,1990,27.9,765,1114,68.7,14860,7328,314,385,81.6,318,420,75.7,117,253,46.2,0,1.2,1.1,-1.2,10,79,19,14,83,38,36.1,25,7,6,13,36,23,39,26,13,52,90,140,0,Matches,1114,938,168,10,0,8,42,158,0,0,0,0,765,8,28,6,0,0,35,22,4,42,52,28,0,0,0,133,115,62,65.0,England
Cuco Martina,cw CUW,DF,Everton,27,1989,20.3,792,1040,76.2,12947,5506,410,450,91.1,289,385,75.1,72,158,45.6,2,1.4,1.7,+0.6,13,50,23,14,68,61,58.7,38,15,8,27,46,19,17,4,13,42,103,130,2,Matches,1040,813,226,12,1,2,45,214,0,0,0,0,792,1,16,2,0,0,26,9,2,45,42,35,0,0,0,117,22,35,38.6,England
Cédric Soares,pt POR,DF,Southampton,25,1991,31.0,1273,1760,72.3,20179,8020,740,816,90.7,396,549,72.1,113,307,36.8,3,3.1,3.4,-0.1,24,108,37,24,139,54,71.0,40,10,4,22,31,9,32,8,24,24,78,109,2,Matches,1760,1381,374,31,2,19,137,343,0,0,0,0,1273,5,49,3,0,0,16,19,3,137,24,34,0,0,0,155,30,62,32.6,England
César Azpilicueta,es ESP,DF,Chelsea,27,1989,37.0,2469,2924,84.4,42480,14966,1110,1198,92.7,1120,1277,87.7,187,340,55.0,6,4.8,5.1,+1.2,31,215,38,14,240,80,50.0,47,26,7,27,54,27,48,22,26,54,134,135,1,Matches,2924,2789,122,51,10,22,80,71,0,0,0,0,2469,13,23,1,0,0,25,13,1,80,54,59,0,0,1,207,80,53,60.2,England
Dale Stephens,eng ENG,MF,Brighton,28,1989,36.0,1472,1763,83.5,29027,8748,517,594,87.0,685,785,87.3,232,314,73.9,3,2.3,1.5,+0.7,17,164,13,0,191,104,28.1,63,39,2,32,114,82,53,16,37,63,167,69,1,Matches,1763,1726,31,9,3,27,0,0,0,0,0,0,1472,6,13,6,0,0,50,17,0,0,63,62,0,1,0,293,28,30,48.3,England
Daley Blind,nl NED,"DF,MF",Manchester Utd,27,1990,4.0,220,274,80.3,3520,1332,120,132,90.9,74,92,80.4,22,43,51.2,0,0.2,0.6,-0.2,4,18,7,3,23,6,28.6,3,2,1,2,7,5,3,0,3,7,13,14,0,Matches,274,234,40,1,0,0,26,24,15,1,12,0,220,0,3,0,0,0,4,4,0,26,7,4,0,0,0,23,8,6,57.1,England
Damien Delaney,ie IRL,DF,Crystal Palace,36,1981,1.1,30,38,78.9,517,401,15,15,100.0,10,13,76.9,3,7,42.9,0,0.0,0.0,0.0,0,1,0,0,0,2,100.0,2,0,0,1,1,0,5,4,1,3,5,7,0,Matches,38,37,1,1,0,0,0,0,0,0,0,0,30,0,1,0,0,0,0,0,0,0,3,1,0,0,0,6,0,4,0.0,England
Dan Gosling,eng ENG,MF,Bournemouth,27,1990,21.6,825,1074,76.8,14011,4628,387,476,81.3,345,427,80.8,75,120,62.5,1,0.9,1.6,+0.1,17,104,14,1,134,50,27.9,19,26,5,19,68,49,36,8,28,25,75,35,0,Matches,1074,1040,31,17,1,6,6,3,1,0,0,0,825,3,31,8,0,0,38,25,2,6,25,25,0,1,0,151,54,55,49.5,England
Daniel Amartey,gh GHA,DF,Leicester City,22,1994,5.4,239,310,77.1,3859,1555,129,142,90.8,83,109,76.1,20,45,44.4,0,0.0,0.1,0.0,0,14,0,0,14,8,42.9,7,1,0,3,7,4,7,3,4,7,15,21,1,Matches,310,249,61,1,0,2,0,60,0,0,0,0,239,0,1,2,1,1,5,7,0,0,7,4,0,0,0,30,10,7,58.8,England
Daniel Sturridge,eng ENG,FW,Liverpool,27,1989,4.8,103,130,79.2,1506,360,60,71,84.5,37,45,82.2,3,3,100.0,1,0.8,0.5,+0.2,13,10,8,0,16,0,0.0,0,0,0,0,1,1,1,0,1,0,0,1,0,Matches,130,123,6,1,0,1,2,0,0,0,0,0,103,1,3,0,0,0,1,9,2,2,0,0,0,0,0,10,2,3,40.0,England
Daniel Sturridge,eng ENG,FW,West Brom,27,1989,1.3,23,33,69.7,388,148,13,18,72.2,7,9,77.8,3,5,60.0,0,0.2,0.0,-0.2,3,4,2,0,6,0,,0,0,0,0,0,0,0,0,0,0,0,0,0,Matches,33,30,3,0,1,0,2,0,0,0,0,0,23,0,0,0,0,0,0,1,1,2,0,0,0,0,0,4,1,3,25.0,England
Danilo,br BRA,DF,Manchester City,26,1991,15.0,1106,1255,88.1,17501,4137,581,613,94.8,437,484,90.3,62,102,60.8,2,0.2,0.8,+1.8,5,79,14,1,89,43,54.3,25,12,6,19,35,16,15,6,9,19,62,33,0,Matches,1255,1126,125,9,2,8,24,116,0,0,0,0,1106,4,17,2,0,0,12,10,0,24,19,29,0,0,0,65,16,6,72.7,England
Danny Drinkwater,eng ENG,MF,Chelsea,27,1990,5.9,331,389,85.1,5287,1189,173,192,90.1,119,133,89.5,28,36,77.8,0,0.3,0.8,-0.3,5,39,3,0,32,15,17.6,6,8,1,3,17,14,10,2,8,8,23,7,0,Matches,389,384,3,3,3,6,2,0,0,0,0,0,331,2,5,0,0,0,10,4,0,2,8,10,0,0,0,37,0,3,0.0,England
Danny Ings,eng ENG,FW,Liverpool,25,1992,3.0,47,79,59.5,719,124,25,35,71.4,13,21,61.9,5,7,71.4,0,0.1,0.1,-0.1,3,3,3,0,9,5,,1,3,1,0,0,0,4,0,4,2,7,1,0,Matches,79,78,1,1,0,1,3,0,0,0,0,0,47,0,5,0,0,0,6,3,3,3,2,3,0,0,0,8,4,9,30.8,England
Danny Rose,eng ENG,DF,Tottenham,27,1990,8.9,401,535,75.0,7367,3021,163,196,83.2,187,237,78.9,43,80,53.8,1,0.6,0.9,+0.4,10,36,17,5,56,15,53.3,6,7,2,8,15,7,12,6,6,9,24,15,0,Matches,535,407,127,13,0,3,57,99,15,3,7,0,401,1,18,4,0,0,12,24,0,57,9,11,0,0,0,45,8,5,61.5,England
Danny Simpson,eng ENG,DF,Leicester City,30,1987,25.6,898,1195,75.1,14466,5625,456,521,87.5,332,440,75.5,75,160,46.9,0,0.1,0.3,-0.1,4,57,7,5,54,38,48.9,31,6,1,22,45,23,31,19,12,34,72,132,1,Matches,1195,905,288,22,2,6,23,266,0,0,0,0,898,2,26,4,0,0,21,10,0,23,34,22,0,1,0,130,39,45,46.4,England
Danny Welbeck,eng ENG,"FW,MF",Arsenal,26,1990,13.3,315,396,79.5,3792,545,213,251,84.9,78,99,78.8,2,6,33.3,2,1.4,1.1,+0.6,13,7,9,0,23,20,33.3,9,5,6,4,12,8,22,1,21,11,31,13,0,Matches,396,390,6,0,2,0,2,2,0,0,0,0,315,0,7,1,0,0,13,20,4,2,11,13,0,0,0,38,23,33,41.1,England
Danny Williams,us USA,MF,Huddersfield,28,1989,12.5,322,426,75.6,5595,1143,140,156,89.7,143,183,78.1,29,58,50.0,0,0.2,0.4,-0.2,4,29,4,2,27,23,31.8,13,9,1,7,22,15,12,2,10,26,49,27,0,Matches,426,415,9,7,3,4,8,2,0,0,0,0,322,2,11,2,0,0,17,16,2,8,26,14,0,0,0,84,9,19,32.1,England
Darren Fletcher,sct SCO,MF,Stoke City,33,1984,24.7,843,1105,76.3,16453,5280,309,374,82.6,362,420,86.2,138,241,57.3,1,1.6,1.9,-0.6,23,77,18,3,100,47,27.3,23,20,4,15,55,40,13,3,10,26,73,33,3,Matches,1105,1042,59,23,6,19,49,4,26,18,8,0,843,4,20,0,0,0,14,25,0,49,26,26,0,0,0,133,21,21,50.0,England
Daryl Janmaat,nl NED,DF,Watford,28,1989,20.2,750,1041,72.0,12214,5462,416,470,88.5,237,355,66.8,79,173,45.7,0,1.0,1.3,-1.0,12,83,29,15,107,46,42.3,29,10,7,22,52,30,16,5,11,33,79,61,0,Matches,1041,834,202,2,0,7,68,200,0,0,0,0,750,5,17,3,0,0,14,4,1,68,33,31,0,0,0,114,26,17,60.5,England
David Luiz,br BRA,"DF,MF",Chelsea,30,1987,9.3,420,495,84.8,8848,2964,124,135,91.9,209,227,92.1,78,116,67.2,0,0.0,0.1,0.0,1,37,3,0,31,18,52.4,13,4,1,11,21,10,9,5,4,24,42,45,2,Matches,495,472,21,21,0,5,1,0,0,0,0,0,420,2,2,4,1,0,12,15,0,1,24,11,0,0,0,66,15,16,48.4,England
David Ospina,co COL,GK,Arsenal,28,1988,4.2,108,144,75.0,2837,2120,19,19,100.0,56,56,100.0,33,69,47.8,0,0.0,0.0,0.0,0,0,0,0,0,0,,0,0,0,0,0,0,0,0,0,0,0,1,0,Matches,144,104,40,12,0,0,0,0,0,0,0,0,108,0,0,0,0,0,0,4,0,0,0,0,0,0,0,13,2,0,100.0,England
David Silva,es ESP,MF,Manchester City,31,1986,27.0,2183,2520,86.6,31050,6817,1258,1356,92.8,751,858,87.5,80,138,58.0,11,8.4,8.1,+2.6,61,201,87,5,337,32,20.0,11,17,4,9,45,36,28,5,23,18,50,7,0,Matches,2520,2429,81,26,18,4,74,7,48,0,27,0,2183,10,43,5,0,0,21,36,4,74,18,21,0,0,0,135,14,10,58.3,England
David de Gea,es ESP,GK,Manchester Utd,26,1990,37.0,686,1092,62.8,23707,20013,74,75,98.7,287,289,99.3,321,721,44.5,0,0.0,0.0,0.0,1,13,0,0,0,0,0.0,0,0,0,0,1,1,1,0,1,0,0,9,3,Matches,1092,698,391,101,0,1,0,0,0,0,0,0,686,3,0,0,0,0,0,4,0,0,0,0,0,0,0,39,1,1,50.0,England
Davide Zappacosta,it ITA,"DF,MF",Chelsea,25,1992,12.2,514,660,77.9,7506,1763,297,322,92.2,164,215,76.3,28,49,57.1,1,1.3,1.6,-0.3,13,11,14,13,22,26,44.0,14,9,3,11,25,14,11,2,9,6,32,26,0,Matches,660,526,131,2,0,0,84,128,1,0,0,0,514,3,33,0,0,0,7,10,5,84,6,11,0,0,0,67,14,6,70.0,England
Davinson Sánchez,co COL,DF,Tottenham,21,1996,28.2,1677,1879,89.2,34818,13608,466,501,93.0,962,1016,94.7,241,335,71.9,0,0.1,0.3,-0.1,4,59,2,0,82,38,45.0,28,9,1,18,40,22,26,10,16,38,76,162,0,Matches,1879,1825,51,45,0,14,3,6,0,0,0,0,1677,3,6,1,1,0,25,18,0,3,38,24,0,0,1,164,73,61,54.5,England
Davy Klaassen,nl NED,"MF,FW",Everton,24,1993,2.8,80,103,77.7,1223,282,39,47,83.0,32,40,80.0,4,5,80.0,0,0.1,0.1,-0.1,2,5,2,0,11,3,33.3,1,2,0,2,6,4,2,1,1,1,4,2,0,Matches,103,98,5,0,0,1,3,1,0,0,0,0,80,0,7,0,0,0,5,2,1,3,1,1,0,0,0,10,2,3,40.0,England
Davy Pröpper,nl NED,MF,Brighton,25,1991,34.7,1088,1405,77.4,20957,6052,410,498,82.3,488,582,83.8,157,234,67.1,4,1.4,1.3,+2.6,19,134,17,3,188,73,21.7,35,35,3,18,83,65,35,11,24,60,133,80,2,Matches,1405,1393,6,3,2,29,12,0,0,0,0,0,1088,6,31,2,1,0,41,11,2,12,60,44,0,0,0,245,46,41,52.9,England
DeAndre Yedlin,us USA,DF,Newcastle Utd,24,1993,31.6,1032,1398,73.8,15393,6339,594,670,88.7,347,492,70.5,59,158,37.3,2,2.0,1.4,0.0,19,58,26,16,74,57,48.1,39,14,4,26,54,28,37,7,30,44,101,114,0,Matches,1398,1068,327,5,2,4,73,322,0,0,0,0,1032,3,32,5,0,0,32,26,9,73,44,33,0,0,1,156,47,50,48.5,England
Dean Whitehead,eng ENG,MF,Huddersfield,35,1982,0.8,43,51,84.3,808,221,15,17,88.2,25,30,83.3,3,4,75.0,0,0.0,0.0,0.0,0,3,0,0,1,0,0.0,0,0,0,0,1,1,1,0,1,2,2,0,0,Matches,51,49,2,1,0,0,0,1,0,0,0,0,43,0,0,0,0,0,0,0,0,0,2,0,0,0,0,5,1,0,100.0,England
Declan Rice,eng ENG,"DF,MF",West Ham,18,1999,15.9,457,588,77.7,8829,3396,171,191,89.5,220,254,86.6,57,119,47.9,0,0.1,0.1,-0.1,2,34,5,0,36,36,60.0,25,10,1,15,25,10,19,13,6,27,63,77,1,Matches,588,568,17,9,1,1,5,7,0,0,0,0,457,3,9,1,0,0,5,2,0,5,27,24,0,0,0,72,31,35,47.0,England
Dejan Lovren,hr CRO,DF,Liverpool,28,1989,23.6,1602,1814,88.3,31489,11482,468,497,94.2,969,1053,92.0,154,242,63.6,1,1.3,0.5,-0.3,6,97,9,2,98,26,54.5,14,11,1,12,22,10,26,15,11,38,64,146,2,Matches,1814,1769,43,38,0,9,4,5,0,0,0,0,1602,2,5,4,0,0,15,6,1,4,38,17,0,1,0,107,104,60,63.4,England
Dele Alli,eng ENG,"MF,FW",Tottenham,21,1996,32.9,985,1295,76.1,15174,4014,541,647,83.6,342,414,82.6,63,109,57.8,10,8.2,5.2,+1.8,63,104,55,1,181,46,23.5,15,21,10,8,34,26,33,7,26,19,65,22,1,Matches,1295,1249,37,12,15,8,18,17,4,0,0,0,985,9,39,7,0,0,43,84,5,18,19,30,1,0,0,181,28,49,36.4,England
Demarai Gray,jm JAM,"MF,FW",Leicester City,21,1996,18.9,465,656,70.9,7329,1498,237,275,86.2,149,204,73.0,43,97,44.3,1,3.4,2.7,-2.4,27,32,15,6,37,17,17.4,6,9,2,4,23,19,27,0,27,11,28,14,1,Matches,656,595,55,7,1,10,86,7,29,23,2,0,465,6,29,2,0,0,7,30,4,86,11,15,1,0,0,99,5,24,17.2,England
Diafra Sakho,sn SEN,FW,West Ham,27,1989,3.4,44,73,60.3,632,121,30,36,83.3,9,18,50.0,5,9,55.6,0,0.1,0.1,-0.1,1,3,2,0,6,5,0.0,1,4,0,0,3,3,3,0,3,1,6,2,0,Matches,73,61,10,0,0,0,3,4,1,0,0,0,44,2,3,2,0,0,4,6,5,3,1,2,1,0,0,8,16,26,38.1,England
Divock Origi,be BEL,FW,Liverpool,22,1995,0.1,1,2,50.0,23,0,0,0,,1,1,100.0,0,0,,0,0.0,0.0,0.0,0,0,0,0,0,0,,0,0,0,0,0,0,0,0,0,0,0,0,0,Matches,2,1,1,0,0,0,0,0,0,0,0,0,1,0,1,0,0,0,0,0,0,0,0,0,0,0,0,0,0,1,0.0,England
Dodi Lukebakio,be BEL,"MF,FW",Watford,19,1997,0.2,7,8,87.5,118,55,2,2,100.0,4,4,100.0,0,1,0.0,0,0.1,0.0,-0.1,2,2,1,1,1,1,,1,0,0,0,0,0,0,0,0,0,1,0,0,Matches,8,7,1,0,0,0,2,0,1,1,0,0,7,0,0,0,0,0,0,0,0,2,0,0,0,0,0,0,0,0,,England
Dominic Calvert-Lewin,eng ENG,FW,Everton,20,1997,20.9,311,519,59.9,3729,901,198,302,65.6,63,112,56.3,11,24,45.8,6,2.6,1.3,+3.4,20,13,12,6,27,15,13.3,5,3,7,2,15,13,13,1,12,10,25,23,1,Matches,519,505,11,0,1,1,19,4,0,0,0,0,311,3,19,4,0,0,43,27,15,19,10,8,4,0,0,65,133,168,44.2,England
Dominic Solanke,eng ENG,FW,Liverpool,19,1997,6.6,148,201,73.6,1656,386,109,133,82.0,25,36,69.4,2,4,50.0,1,2.6,1.2,-1.6,15,8,6,0,15,7,25.0,0,6,1,1,4,3,5,1,4,2,9,9,0,Matches,201,193,7,0,3,0,3,0,0,0,0,0,148,1,5,0,0,0,13,3,1,3,2,4,0,0,0,20,21,38,35.6,England
Dušan Tadić,rs SRB,"MF,FW",Southampton,28,1988,31.0,872,1255,69.5,13009,3610,479,572,83.7,274,398,68.8,64,145,44.1,3,5.7,4.7,-2.7,59,68,56,14,167,46,31.4,16,22,8,11,35,24,38,2,36,19,65,29,1,Matches,1255,1170,78,10,14,5,121,16,31,15,13,0,872,7,63,4,0,0,46,52,10,121,19,29,0,0,0,140,6,41,12.8,England
Dwight Gayle,eng ENG,FW,Newcastle Utd,26,1990,21.8,319,444,71.8,3885,609,213,277,76.9,73,100,73.0,8,25,32.0,3,2.0,1.2,+1.0,21,17,3,0,24,12,4.8,2,8,2,1,21,20,16,2,14,6,18,17,0,Matches,444,413,30,0,4,3,5,5,0,0,0,0,319,1,4,3,0,0,23,28,22,5,6,10,0,0,0,45,67,91,42.4,England
Eddie Nketiah,eng ENG,FW,Arsenal,18,1999,0.2,6,7,85.7,56,8,6,7,85.7,0,0,,0,0,,1,0.0,0.0,+1.0,0,0,0,0,0,1,,0,1,0,0,0,0,0,0,0,0,1,0,0,Matches,7,7,0,0,0,0,0,0,0,0,0,0,6,0,0,0,0,0,1,0,0,0,0,1,0,0,0,2,0,0,,England
Eden Hazard,be BEL,"FW,MF",Chelsea,26,1991,26.9,1168,1440,81.1,18699,5183,631,748,84.4,312,371,84.1,148,171,86.5,4,6.4,7.4,-2.4,83,122,79,4,218,6,14.3,2,3,1,3,21,18,11,0,11,3,9,0,0,Matches,1440,1348,83,36,4,30,51,11,25,7,3,1,1168,9,32,2,0,0,13,82,16,51,3,3,1,0,0,102,8,19,29.6,England
Ederson,br BRA,GK,Manchester City,23,1993,35.5,955,1098,87.0,23400,15983,200,201,99.5,530,536,98.9,224,357,62.7,0,0.1,0.0,-0.1,1,9,0,0,0,1,,1,0,0,0,0,0,1,0,1,0,1,15,6,Matches,1098,879,216,56,0,9,0,0,0,0,0,0,955,3,0,1,0,0,0,6,0,0,0,1,0,0,0,81,11,0,100.0,England
Edimilson Fernandes,ch SUI,"MF,DF",West Ham,21,1996,9.4,222,288,77.1,3671,867,96,119,80.7,82,99,82.8,23,35,65.7,1,0.3,0.3,+0.7,7,17,6,1,20,17,42.9,10,7,0,9,21,12,13,1,12,16,33,8,0,Matches,288,275,11,0,0,8,7,11,0,0,0,0,222,2,9,1,0,0,5,11,0,7,16,9,0,0,0,49,10,16,38.5,England
Eldin Jakupović,ch SUI,GK,Leicester City,32,1984,2.0,35,56,62.5,1424,1247,0,0,,13,13,100.0,22,42,52.4,0,0.0,0.0,0.0,0,1,0,0,0,0,,0,0,0,0,0,0,0,0,0,0,0,4,0,Matches,56,36,19,5,0,0,0,0,0,0,0,0,35,1,0,0,0,0,0,1,0,0,0,0,0,0,0,4,1,0,100.0,England
Eliaquim Mangala,fr FRA,DF,Everton,26,1991,1.5,60,72,83.3,1299,433,11,14,78.6,43,47,91.5,6,9,66.7,0,0.0,0.0,0.0,0,4,0,0,7,2,,1,1,0,0,0,0,0,0,0,1,3,4,1,Matches,72,68,3,1,0,1,0,2,0,0,0,0,60,1,1,0,0,0,1,0,0,0,1,1,0,0,0,11,2,4,33.3,England
Eliaquim Mangala,fr FRA,DF,Manchester City,26,1991,5.4,316,346,91.3,5253,1824,138,143,96.5,166,173,96.0,9,21,42.9,0,0.0,0.0,0.0,1,10,0,0,15,5,33.3,5,0,0,1,3,2,4,3,1,2,7,24,0,Matches,346,335,10,9,1,0,0,1,0,0,0,0,316,1,4,0,0,0,2,0,0,0,2,3,0,0,0,33,12,10,54.5,England
Elias Kachunga,cd COD,"FW,MF",Huddersfield,25,1992,14.8,231,368,62.8,2834,483,163,212,76.9,54,89,60.7,5,17,29.4,1,0.6,0.5,+0.4,10,6,6,1,24,30,42.1,13,12,5,8,19,11,14,1,13,2,32,9,0,Matches,368,362,6,1,1,0,24,5,0,0,0,0,231,0,33,1,0,0,20,32,5,24,2,26,0,0,0,79,17,35,32.7,England
Emerson Hyndman,us USA,MF,Bournemouth,21,1996,0.6,21,24,87.5,392,67,12,13,92.3,6,7,85.7,3,4,75.0,0,0.0,0.0,0.0,1,1,0,0,0,0,0.0,0,0,0,0,1,1,2,0,2,1,1,1,0,Matches,24,23,1,1,0,1,0,0,0,0,0,0,21,0,0,0,0,0,0,0,0,0,1,0,0,0,0,2,0,0,,England
Emerson Palmieri,it ITA,DF,Chelsea,22,1994,3.1,133,176,75.6,1790,373,95,108,88.0,27,42,64.3,7,16,43.8,1,0.0,0.1,+1.0,1,2,3,1,5,6,100.0,4,2,0,5,5,0,2,0,2,2,8,10,0,Matches,176,142,34,3,0,0,15,30,1,1,0,0,133,0,3,0,0,0,3,5,0,15,2,4,0,0,0,17,3,1,75.0,England
Emre Can,de GER,MF,Liverpool,23,1994,23.2,1338,1571,85.2,23098,5472,600,662,90.6,591,668,88.5,117,179,65.4,4,3.0,2.4,+1.0,25,136,23,2,137,67,41.9,32,29,6,18,43,25,32,4,28,28,95,37,1,Matches,1571,1542,26,10,11,14,11,14,0,0,0,0,1338,3,19,8,0,0,27,27,0,11,28,54,1,0,0,196,45,49,47.9,England
Eric Bailly,ci CIV,DF,Manchester Utd,23,1994,11.1,368,428,86.0,6857,2226,126,139,90.6,197,211,93.4,35,57,61.4,0,0.2,0.2,-0.2,2,15,2,0,26,17,41.7,10,5,2,5,12,7,11,6,5,25,42,58,1,Matches,428,411,16,15,1,3,0,1,0,0,0,0,368,1,4,2,0,0,10,9,0,0,25,10,0,0,1,58,17,8,68.0,England
Eric Dier,eng ENG,"MF,DF",Tottenham,23,1994,31.4,1949,2285,85.3,38485,13081,670,747,89.7,1003,1107,90.6,251,358,70.1,2,1.7,2.7,+0.3,15,221,25,4,213,61,40.5,15,39,7,17,42,25,32,11,21,48,109,93,7,Matches,2285,2222,58,52,2,19,26,6,0,0,0,0,1949,5,29,4,0,0,23,8,1,26,48,43,0,0,0,170,81,61,57.0,England
Eric Maxim Choupo-Moting,cm CMR,"FW,MF",Stoke City,28,1989,25.7,477,688,69.3,6566,1710,272,346,78.6,140,191,73.3,26,51,51.0,5,3.1,2.5,+1.9,20,28,18,4,56,42,28.1,21,16,5,9,32,23,31,3,28,23,65,29,1,Matches,688,670,11,3,1,5,35,5,0,0,0,0,477,7,29,3,0,0,21,24,14,35,23,30,0,0,0,133,60,73,45.1,England
Erik Pieters,nl NED,DF,Stoke City,28,1988,30.2,916,1310,69.9,15616,6670,440,529,83.2,371,516,71.9,88,186,47.3,1,1.5,1.5,-0.5,13,94,22,12,113,71,47.1,43,26,2,24,51,27,70,25,45,61,132,127,5,Matches,1310,1054,248,10,0,4,64,238,0,0,0,0,916,8,39,5,0,0,58,29,2,64,61,47,0,1,0,154,50,45,52.6,England
Ethan Ampadu,wls WAL,DF,Chelsea,16,2000,0.1,19,19,100.0,391,149,5,5,100.0,13,13,100.0,1,1,100.0,0,0.0,0.0,0.0,0,1,0,0,1,1,,0,1,0,0,0,0,0,0,0,0,1,2,0,Matches,19,19,0,0,0,0,0,0,0,0,0,0,19,0,0,0,0,0,0,0,0,0,0,1,0,0,0,0,1,2,33.3,England
Ezequiel Schelotto,it ITA,DF,Brighton,28,1989,14.6,448,621,72.1,7630,3180,212,254,83.5,173,250,69.2,48,80,60.0,0,0.6,0.6,-0.6,5,35,8,5,48,20,44.4,14,6,0,12,27,15,7,3,4,19,39,58,2,Matches,621,482,139,6,1,1,33,133,0,0,0,0,448,0,23,3,0,0,8,11,0,33,19,13,0,0,0,74,27,18,60.0,England
Fabian Delph,eng ENG,DF,Manchester City,27,1989,19.3,1662,1801,92.3,24788,6068,977,1012,96.5,567,609,93.1,79,112,70.5,2,1.2,1.4,+0.8,11,129,15,3,132,46,48.6,21,16,9,18,37,19,16,0,16,30,76,42,2,Matches,1801,1607,192,20,0,12,13,172,0,0,0,0,1662,2,15,2,0,0,15,18,0,13,30,34,0,0,0,149,20,31,39.2,England
Federico Fernández,ar ARG,DF,Swansea City,28,1989,29.7,1001,1218,82.2,21296,9597,272,293,92.8,557,646,86.2,165,254,65.0,1,0.7,1.0,+0.3,6,60,4,1,72,40,66.7,30,6,4,20,30,10,35,27,8,38,78,201,1,Matches,1218,1174,44,40,0,10,4,4,0,0,0,0,1001,0,8,5,0,0,29,21,2,4,38,29,0,2,1,129,72,60,54.5,England
Fernandinho,br BRA,MF,Manchester City,32,1985,32.0,2686,2999,89.6,42640,13288,1335,1407,94.9,1083,1190,91.0,167,235,71.1,3,2.8,5.0,+0.2,20,318,31,0,320,62,36.9,22,28,12,24,65,41,38,6,32,47,109,68,2,Matches,2999,2926,65,57,18,15,9,7,1,0,0,0,2686,8,29,7,0,0,41,27,0,9,47,35,0,0,0,207,93,72,56.4,England
Fernando Llorente,es ESP,"FW,MF",Tottenham,32,1985,2.6,60,88,68.2,683,107,42,57,73.7,15,25,60.0,0,2,0.0,0,0.2,0.1,-0.2,4,2,2,0,4,6,50.0,1,2,3,1,2,1,0,0,0,0,6,6,0,Matches,88,87,1,1,0,0,0,0,0,0,0,0,60,0,1,1,0,0,4,4,2,0,0,3,0,0,0,4,14,17,45.2,England
Florent Hadergjonaj,xk KVX,"DF,MF",Huddersfield,23,1994,18.6,595,927,64.2,10632,4759,283,335,84.5,224,352,63.6,75,191,39.3,1,1.5,1.4,-0.5,26,41,28,20,62,21,40.0,7,10,4,12,30,18,22,10,12,17,38,45,0,Matches,927,701,219,11,2,5,98,204,4,0,4,0,595,7,24,3,0,0,17,11,4,98,17,16,0,0,0,94,13,22,37.1,England
Florian Lejeune,fr FRA,DF,Newcastle Utd,26,1991,23.4,826,1082,76.3,17237,7245,282,321,87.9,391,468,83.5,134,253,53.0,2,1.5,1.3,+0.5,7,66,1,0,67,34,46.7,26,8,0,14,30,16,21,15,6,46,80,154,0,Matches,1082,1035,43,40,2,21,4,3,0,0,0,0,826,4,8,3,0,0,17,14,2,4,46,20,0,1,0,128,82,51,61.7,England
Fousseni Diabaté,ml MLI,"MF,FW",Leicester City,21,1995,6.5,182,237,76.8,2441,602,105,127,82.7,58,75,77.3,7,11,63.6,1,0.3,0.6,+0.7,7,9,7,3,18,9,25.0,5,3,1,1,4,3,6,0,6,8,17,8,0,Matches,237,235,2,2,1,2,10,0,0,0,0,0,182,0,10,1,0,0,1,14,1,10,8,6,0,0,0,33,14,11,56.0,England
Francis Coquelin,fr FRA,"MF,DF",Arsenal,26,1991,1.9,79,96,82.3,1304,405,41,47,87.2,24,29,82.8,11,14,78.6,0,0.6,0.0,-0.6,1,8,1,0,11,5,33.3,2,3,0,1,3,2,1,0,1,3,8,2,0,Matches,96,96,0,0,0,1,0,0,0,0,0,0,79,0,2,0,0,0,2,1,0,0,3,4,0,0,0,11,2,2,50.0,England
Fraser Forster,eng ENG,GK,Southampton,29,1988,20.0,253,510,49.6,9072,7775,28,28,100.0,106,107,99.1,119,370,32.2,0,0.0,0.0,0.0,0,8,0,0,0,0,,0,0,0,0,0,0,0,0,0,0,0,7,4,Matches,510,313,193,47,0,0,0,0,0,0,0,0,253,4,1,0,0,0,0,1,0,0,0,0,0,0,0,13,0,0,,England
Freddie Ladapo,eng ENG,FW,Crystal Palace,24,1993,0.2,5,9,55.6,42,10,5,8,62.5,0,1,0.0,0,0,,0,0.0,0.0,0.0,0,0,0,0,0,0,,0,0,0,0,0,0,0,0,0,0,0,0,0,Matches,9,9,0,0,0,0,2,0,0,0,0,0,5,0,1,0,0,0,0,0,0,2,0,0,0,0,0,1,0,0,,England
Gabriel Jesus,br BRA,FW,Manchester City,20,1997,18.5,474,596,79.5,5662,806,302,364,83.0,100,126,79.4,12,16,75.0,3,2.1,2.2,+0.9,18,17,19,0,49,23,13.6,6,10,7,3,22,19,16,0,16,8,31,6,0,Matches,596,569,27,2,7,1,2,3,0,0,0,0,474,0,16,6,0,0,28,18,15,2,8,15,0,0,0,53,21,44,32.3,England
Gareth Barry,eng ENG,MF,West Brom,36,1981,21.4,721,963,74.9,13209,4410,323,374,86.4,282,357,79.0,100,193,51.8,1,1.4,1.3,-0.4,17,113,15,3,126,35,33.3,17,14,4,15,45,30,19,11,8,14,49,34,0,Matches,963,920,38,22,3,11,28,3,12,9,2,0,721,5,11,4,0,0,28,29,1,28,14,19,0,0,0,148,32,36,47.1,England
Gareth McAuley,nir NIR,DF,West Brom,37,1979,5.1,85,130,65.4,1995,1107,24,31,77.4,36,47,76.6,24,44,54.5,0,0.0,0.0,0.0,0,16,2,0,10,8,42.9,6,2,0,3,7,4,7,4,3,11,19,16,0,Matches,130,120,9,6,0,2,1,3,0,0,0,0,85,1,5,0,0,0,2,2,0,1,11,7,0,0,0,26,15,10,60.0,England
Gary Cahill,eng ENG,DF,Chelsea,31,1985,23.2,1194,1347,88.6,21241,8087,458,492,93.1,615,673,91.4,91,133,68.4,0,0.1,0.2,-0.1,3,71,1,0,69,29,47.6,15,9,5,10,21,11,21,14,7,27,56,127,1,Matches,1347,1304,36,26,0,12,0,10,0,0,0,0,1194,7,5,1,1,0,17,17,0,0,27,21,0,0,0,103,91,30,75.2,England
Gaëtan Bong,cm CMR,DF,Brighton,29,1988,24.8,728,1091,66.7,11534,5807,364,438,83.1,291,423,68.8,43,147,29.3,0,0.5,0.5,-0.5,9,69,7,5,85,39,57.7,25,11,3,15,26,11,24,6,18,40,79,81,1,Matches,1091,821,268,4,0,2,53,264,0,0,0,0,728,2,47,2,0,0,16,13,0,53,40,32,0,0,1,140,29,28,50.9,England
Geoff Cameron,us USA,"DF,MF",Stoke City,32,1985,16.9,404,581,69.5,7362,3256,166,191,86.9,187,244,76.6,44,120,36.7,0,0.1,0.3,-0.1,6,39,3,0,48,34,40.7,20,12,2,11,27,16,28,8,20,36,70,68,0,Matches,581,508,68,7,0,5,9,61,0,0,0,0,404,5,10,2,0,0,16,7,0,9,36,21,0,1,0,89,39,31,55.7,England
Georges-Kévin N'Koudou,cm CMR,"MF,FW",Burnley,22,1995,2.5,67,96,69.8,1093,169,32,36,88.9,26,33,78.8,7,15,46.7,0,0.0,0.2,0.0,1,7,0,0,5,7,37.5,5,1,1,3,8,5,4,0,4,1,8,1,0,Matches,96,88,8,1,0,2,13,0,6,2,2,0,67,0,5,1,0,0,4,6,0,13,1,6,0,0,0,21,0,1,0.0,England
Georges-Kévin N'Koudou,cm CMR,MF,Tottenham,22,1995,0.0,0,0,,0,0,0,0,,0,0,,0,0,,0,0.0,0.0,0.0,0,0,0,0,0,0,,0,0,0,0,0,0,0,0,0,0,0,1,0,Matches,0,0,0,0,0,0,0,0,0,0,0,0,0,0,0,0,0,0,0,1,0,0,0,0,0,0,0,0,0,0,,England
Georginio Wijnaldum,nl NED,MF,Liverpool,26,1990,26.5,1145,1283,89.2,18447,3622,542,594,91.2,489,533,91.7,71,90,78.9,2,1.2,1.6,+0.8,22,94,10,1,116,34,47.8,13,16,5,11,23,12,20,2,18,25,59,20,0,Matches,1283,1245,29,8,2,8,2,6,1,0,0,0,1145,9,9,1,0,0,13,17,4,2,25,23,0,0,0,173,15,29,34.1,England
Gerard Deulofeu,es ESP,"FW,MF",Watford,23,1994,4.8,110,160,68.8,1602,455,60,80,75.0,31,42,73.8,9,14,64.3,0,0.6,0.4,-0.6,11,12,5,1,13,5,18.2,2,2,1,2,11,9,0,0,0,4,9,3,1,Matches,160,150,9,1,1,0,15,2,6,3,0,1,110,1,10,0,0,0,3,5,1,15,4,3,1,0,0,24,0,6,0.0,England
Glen Johnson,eng ENG,DF,Stoke City,32,1984,6.1,159,242,65.7,3160,1662,67,77,87.0,63,91,69.2,25,59,42.4,0,0.2,0.5,-0.2,4,18,9,2,23,7,25.0,5,2,0,3,12,9,7,2,5,10,17,23,0,Matches,242,187,54,9,0,1,8,45,0,0,0,0,159,1,5,3,0,0,6,5,0,8,10,5,0,0,0,29,6,1,85.7,England
Glenn Murray,eng ENG,FW,Brighton,33,1983,24.4,366,678,54.0,4451,813,212,364,58.2,105,181,58.0,7,26,26.9,0,1.6,1.2,-1.6,17,23,6,0,38,18,11.1,4,11,3,2,18,16,16,4,12,5,23,27,0,Matches,678,656,17,1,4,0,9,0,0,0,0,0,366,5,28,9,0,0,60,50,35,9,5,12,3,0,0,69,115,143,44.6,England
Granit Xhaka,ch SUI,MF,Arsenal,24,1992,36.2,2755,3248,84.8,49833,14812,1175,1279,91.9,1200,1368,87.7,315,473,66.6,7,3.4,5.0,+3.6,39,358,44,1,424,78,37.7,35,40,3,26,69,43,30,9,21,37,115,68,4,Matches,3248,3056,180,73,11,37,102,18,89,48,26,1,2755,12,29,10,0,0,57,42,0,102,37,57,0,0,0,261,46,50,47.9,England
Grzegorz Krychowiak,pl POL,MF,West Brom,27,1990,18.2,641,831,77.1,11378,3332,301,354,85.0,248,303,81.8,70,122,57.4,2,1.8,1.1,+0.2,13,76,9,1,101,39,24.5,18,17,4,12,49,37,23,5,18,45,84,23,0,Matches,831,796,34,16,6,12,18,0,11,5,4,0,641,1,19,2,0,0,31,39,1,18,45,24,0,0,0,125,24,14,63.2,England
Guido Carrillo,ar ARG,FW,Southampton,26,1991,5.0,81,124,65.3,936,171,54,74,73.0,17,27,63.0,2,3,66.7,1,0.4,0.5,+0.6,4,3,3,0,8,5,0.0,0,3,2,0,1,1,4,0,4,0,5,5,0,Matches,124,119,4,0,1,0,0,0,0,0,0,0,81,1,6,0,0,0,7,2,1,0,0,1,0,0,0,17,32,60,34.8,England
Gylfi Sigurðsson,is ISL,"MF,FW",Everton,27,1989,25.1,562,861,65.3,8212,2826,297,360,82.5,176,234,75.2,45,171,26.3,3,3.9,4.6,-0.9,38,58,10,1,77,38,28.1,15,14,9,16,57,41,37,7,30,34,72,36,0,Matches,861,703,152,63,6,0,150,5,75,36,37,0,562,6,40,2,0,0,19,16,1,150,34,26,0,0,0,120,19,39,32.8,England
Hal Robson-Kanu,wls WAL,"FW,MF",West Brom,28,1989,9.2,127,208,61.1,1671,458,76,104,73.1,33,52,63.5,7,21,33.3,0,0.4,0.5,-0.4,8,15,5,2,24,5,0.0,1,2,2,0,13,13,9,3,6,4,9,9,0,Matches,208,198,8,0,1,0,19,3,0,0,0,0,127,2,15,2,1,0,20,25,6,19,4,4,0,0,0,35,24,43,35.8,England
Hamza Choudhury,bd BAN,"MF,DF",Leicester City,19,1997,4.2,139,169,82.2,2428,830,65,72,90.3,53,60,88.3,16,27,59.3,1,0.4,0.0,+0.6,1,21,0,0,16,9,20.0,6,3,0,2,10,8,12,1,11,8,17,4,0,Matches,169,162,6,0,1,5,1,3,0,0,0,0,139,1,2,1,0,0,5,5,0,1,8,5,0,0,0,22,0,1,0.0,England
Harry Arter,ie IRL,MF,Bournemouth,27,1989,10.7,513,592,86.7,9905,2945,175,194,90.2,275,300,91.7,58,88,65.9,0,0.2,0.4,-0.2,3,69,6,0,68,19,26.1,10,7,2,6,23,17,18,5,13,9,28,6,0,Matches,592,563,29,27,1,6,5,1,1,1,0,0,513,0,6,4,0,0,9,15,0,5,9,16,0,0,0,66,6,2,75.0,England
Harry Kane,eng ENG,FW,Tottenham,24,1993,34.2,477,696,68.5,8715,2185,231,301,76.7,153,216,70.8,71,109,65.1,2,2.7,2.4,-0.7,32,53,24,2,94,17,26.7,2,8,7,4,15,11,15,4,11,5,22,19,0,Matches,696,658,28,4,13,26,20,9,1,0,0,0,477,10,30,5,0,0,34,40,42,20,5,12,1,0,0,72,58,78,42.6,England
Harry Maguire,eng ENG,DF,Leicester City,24,1993,38.0,1379,1781,77.4,28888,11021,448,539,83.1,660,769,85.8,240,407,59.0,4,4.1,2.2,-0.1,18,128,8,1,178,63,60.5,47,15,1,26,43,17,35,28,7,48,111,181,1,Matches,1781,1711,59,44,2,29,15,15,0,0,0,0,1379,11,14,7,0,0,34,30,4,15,48,46,0,2,0,269,119,61,66.1,England
Harry Winks,eng ENG,MF,Tottenham,21,1996,8.6,581,655,88.7,10538,2401,251,271,92.6,273,302,90.4,53,66,80.3,1,0.5,0.5,+0.5,10,76,5,2,69,15,50.0,8,5,2,8,16,8,12,2,10,11,26,10,1,Matches,655,641,12,7,4,3,10,1,0,0,0,0,581,2,6,0,0,0,8,7,0,10,11,12,0,0,0,53,4,6,40.0,England
Harvey Barnes,eng ENG,"MF,FW",Leicester City,19,1997,0.1,6,7,85.7,84,16,4,4,100.0,2,3,66.7,0,0,,0,0.0,0.0,0.0,0,0,0,0,2,0,,0,0,0,0,0,0,0,0,0,0,0,0,0,Matches,7,6,1,0,0,0,1,0,1,0,0,0,6,0,0,0,0,0,1,0,0,1,0,0,0,0,0,0,1,0,100.0,England
Henri Saivet,sn SEN,MF,Newcastle Utd,26,1990,0.9,15,26,57.7,215,29,9,10,90.0,4,9,44.4,1,5,20.0,0,0.0,0.0,0.0,0,1,0,0,1,5,40.0,4,1,0,2,5,3,0,0,0,4,9,8,1,Matches,26,24,2,0,0,0,2,0,2,2,0,0,15,0,1,0,0,0,0,0,0,2,4,3,0,0,0,4,2,1,66.7,England
Henrikh Mkhitaryan,am ARM,"FW,MF",Arsenal,28,1989,8.8,358,485,73.8,5057,1238,222,266,83.5,109,134,81.3,14,44,31.8,4,2.8,2.3,+1.2,16,31,14,2,55,18,23.8,9,7,2,5,21,16,16,2,14,8,26,7,0,Matches,485,460,24,3,7,2,32,3,18,12,3,0,358,1,16,0,0,0,12,17,2,32,8,13,1,1,0,47,9,14,39.1,England
Henrikh Mkhitaryan,am ARM,"MF,FW",Manchester Utd,28,1989,10.2,453,589,76.9,6294,1637,242,276,87.7,140,175,80.0,26,62,41.9,5,3.0,2.1,+2.0,28,39,18,2,61,15,20.0,4,7,4,5,25,20,8,0,8,7,22,3,0,Matches,589,543,44,9,8,6,52,4,29,13,5,0,453,2,21,2,0,0,11,12,2,52,7,11,0,0,0,57,8,8,50.0,England
Heurelho Gomes,br BRA,GK,Watford,36,1981,23.6,446,754,59.2,17194,14524,26,26,100.0,161,163,98.8,259,556,46.6,0,0.0,0.0,0.0,0,10,0,0,0,0,0.0,0,0,0,0,1,1,1,0,1,2,2,15,3,Matches,754,452,293,114,0,1,0,0,0,0,0,0,446,9,0,0,0,0,1,3,0,0,2,0,0,1,0,32,12,0,100.0,England
Hugo Lloris,fr FRA,GK,Tottenham,30,1986,36.0,916,1167,78.5,26371,18330,75,76,98.7,526,528,99.6,315,561,56.1,0,0.0,0.0,0.0,0,9,1,0,0,1,25.0,1,0,0,1,4,3,0,0,0,2,3,34,8,Matches,1167,883,282,55,0,6,0,0,0,0,0,0,916,2,1,1,0,0,1,2,0,0,2,1,0,1,0,53,8,2,80.0,England
Héctor Bellerín,es ESP,DF,Arsenal,22,1995,33.9,1833,2193,83.6,27194,7214,1018,1118,91.1,705,814,86.6,61,116,52.6,3,3.9,5.1,-0.9,32,82,53,10,134,57,48.1,36,12,9,25,52,27,42,8,34,23,80,89,4,Matches,2193,1902,285,4,7,4,64,281,0,0,0,0,1833,6,61,5,0,0,36,7,4,64,23,43,0,2,0,175,35,57,38.0,England
Ibrahim Afellay,nl NED,MF,Stoke City,31,1986,1.8,72,82,87.8,1326,256,29,32,90.6,35,39,89.7,6,8,75.0,0,0.0,0.0,0.0,0,6,0,0,4,3,50.0,0,3,0,1,2,1,1,0,1,1,4,1,0,Matches,82,81,1,0,0,0,0,1,0,0,0,0,72,0,0,1,0,0,1,0,0,0,1,3,0,0,0,15,0,0,,England
Idrissa Gana Gueye,sn SEN,MF,Everton,27,1989,30.6,1338,1593,84.0,21000,5702,706,793,89.0,479,558,85.8,93,132,70.5,1,0.8,1.0,+0.2,16,152,12,3,128,117,40.7,65,41,11,35,86,51,59,9,50,62,179,48,1,Matches,1593,1556,29,18,1,9,11,8,0,0,0,0,1338,8,24,8,2,1,50,52,1,11,62,93,0,0,0,287,33,32,50.8,England
Isaac Hayden,jm JAM,MF,Newcastle Utd,22,1995,15.3,405,550,73.6,6070,1768,226,279,81.0,142,183,77.6,20,41,48.8,0,0.6,1.2,-0.6,11,37,12,5,45,40,35.3,23,16,1,12,34,22,21,6,15,23,63,43,0,Matches,550,532,15,5,0,1,17,3,0,0,0,0,405,3,16,7,0,0,30,12,0,17,23,23,0,0,0,69,48,44,52.2,England
Islam Slimani,dz ALG,FW,Leicester City,29,1988,2.8,78,116,67.2,808,168,48,65,73.8,17,24,70.8,1,2,50.0,1,0.2,0.1,+0.8,2,1,5,0,7,2,25.0,1,1,0,1,4,3,2,0,2,0,2,2,0,Matches,116,114,1,0,0,0,3,0,0,0,0,0,78,1,6,0,0,0,3,1,4,3,0,2,0,0,0,9,10,16,38.5,England
Islam Slimani,dz ALG,FW,Newcastle Utd,29,1988,1.5,29,49,59.2,368,101,19,26,73.1,7,13,53.8,1,3,33.3,0,0.4,0.5,-0.4,4,1,1,0,2,0,0.0,0,0,0,0,2,2,0,0,0,1,1,1,0,Matches,49,49,0,0,2,1,4,0,0,0,0,0,29,0,3,1,0,0,0,3,0,4,1,0,0,0,0,4,3,10,23.1,England
Izzy Brown,eng ENG,"MF,FW",Brighton,20,1997,3.5,93,139,66.9,1306,279,53,65,81.5,30,45,66.7,5,9,55.6,0,0.8,0.5,-0.8,6,8,4,2,9,3,14.3,2,1,0,1,7,6,3,0,3,1,4,3,0,Matches,139,134,3,0,0,1,7,1,0,0,0,0,93,2,8,0,0,0,3,3,1,7,1,3,0,0,0,17,13,23,36.1,England
Jack Butland,eng ENG,GK,Stoke City,24,1993,35.0,643,1283,50.1,28682,25851,35,36,97.2,163,173,94.2,444,1062,41.8,0,0.0,0.1,0.0,1,54,0,0,0,1,100.0,1,0,0,1,1,0,1,0,1,1,2,26,1,Matches,1283,765,507,169,0,1,0,0,0,0,0,0,643,11,1,0,0,0,0,3,0,0,1,1,0,0,1,55,6,0,100.0,England
Jack Cork,eng ENG,MF,Burnley,28,1989,38.0,1281,1608,79.7,21883,5582,583,680,85.7,499,597,83.6,136,208,65.4,1,1.1,1.0,-0.1,19,127,11,1,165,60,32.3,25,27,8,20,62,42,36,15,21,41,101,86,1,Matches,1608,1581,22,8,0,10,19,0,2,2,0,0,1281,5,37,7,0,0,23,54,1,19,41,44,0,0,0,244,51,78,39.5,England
Jack Simpson,eng ENG,DF,Bournemouth,20,1996,0.8,4,5,80.0,67,10,2,2,100.0,1,1,100.0,1,2,50.0,0,0.0,0.0,0.0,0,0,0,0,0,1,0.0,1,0,0,0,1,1,1,0,1,0,1,4,0,Matches,5,5,0,0,0,0,0,0,0,0,0,0,4,0,0,0,0,0,0,0,0,0,0,1,0,0,0,1,0,0,,England
Jack Stephens,eng ENG,DF,Southampton,23,1994,22.0,737,983,75.0,13440,5815,314,350,89.7,337,418,80.6,73,168,43.5,0,0.2,0.6,-0.2,4,43,1,1,45,29,52.0,24,5,0,13,25,12,30,18,12,41,70,108,2,Matches,983,906,76,31,1,9,9,45,0,0,0,0,737,1,21,6,1,0,13,11,2,9,41,20,0,0,0,138,45,34,57.0,England
Jack Wilshere,eng ENG,MF,Arsenal,25,1992,13.3,701,819,85.6,10179,2912,388,427,90.9,230,261,88.1,43,69,62.3,3,2.6,2.3,+0.4,15,64,16,1,108,15,20.0,3,7,5,4,20,16,10,2,8,8,23,5,0,Matches,819,794,19,16,9,3,3,2,1,0,0,0,701,6,6,6,0,0,15,37,1,3,8,10,0,0,0,101,7,7,50.0,England
Jacob Murphy,eng ENG,"MF,FW",Newcastle Utd,22,1995,12.8,194,325,59.7,2872,1007,117,158,74.1,53,87,60.9,14,45,31.1,1,1.3,1.0,-0.3,10,15,14,5,32,13,25.9,5,4,4,7,27,20,16,0,16,6,19,13,2,Matches,325,316,8,1,0,2,40,3,4,1,3,0,194,1,21,0,0,0,8,9,0,40,6,10,0,0,0,82,7,24,22.6,England
Jake Livermore,eng ENG,MF,West Brom,27,1989,29.7,878,1133,77.5,15708,4533,374,443,84.4,372,449,82.9,106,169,62.7,2,1.9,1.8,+0.1,20,108,8,3,133,72,37.5,27,35,10,24,64,40,44,9,35,26,98,36,2,Matches,1133,1106,21,5,8,16,16,8,1,1,0,0,878,6,22,5,0,0,42,14,1,16,26,41,0,0,0,173,23,37,38.3,England
Jamaal Lascelles,eng ENG,DF,Newcastle Utd,23,1993,32.5,918,1195,76.8,17019,7376,346,393,88.0,448,545,82.2,100,204,49.0,0,0.7,0.8,-0.7,6,59,4,0,73,31,63.2,19,11,1,12,19,7,33,24,9,28,59,232,1,Matches,1195,1165,26,21,0,5,2,5,0,0,0,0,918,4,15,5,0,0,16,12,0,2,28,19,0,0,0,179,128,56,69.6,England
James Collins,wls WAL,DF,West Ham,33,1983,11.7,283,389,72.8,6304,2774,74,82,90.2,148,185,80.0,61,118,51.7,0,0.2,0.2,-0.2,2,20,2,0,24,15,72.7,11,4,0,8,11,3,13,10,3,16,31,120,1,Matches,389,370,19,19,0,6,0,0,0,0,0,0,283,0,3,3,0,0,13,2,0,0,16,9,0,0,0,28,47,32,59.5,England
James McArthur,sct SCO,MF,Crystal Palace,29,1987,27.0,854,1093,78.1,13032,3373,445,523,85.1,323,391,82.6,48,98,49.0,1,2.2,1.6,-1.2,21,90,13,1,107,58,37.7,28,27,3,23,61,38,39,2,37,36,94,44,2,Matches,1093,1067,21,6,3,8,11,7,0,0,0,0,854,5,22,5,0,0,45,28,0,11,36,44,0,0,0,177,38,50,43.2,England
James McCarthy,ie IRL,MF,Everton,26,1990,2.3,73,101,72.3,1160,247,37,49,75.5,29,34,85.3,4,12,33.3,0,0.0,0.0,0.0,1,7,1,0,12,9,20.0,3,4,2,1,5,4,9,2,7,5,14,3,1,Matches,101,98,2,1,0,0,2,1,0,0,0,0,73,1,3,0,0,0,3,2,0,2,5,9,0,0,0,20,4,4,50.0,England
James McClean,ie IRL,"MF,FW",West Brom,28,1989,15.6,288,462,62.3,4418,1011,163,201,81.1,87,131,66.4,25,76,32.9,0,0.8,1.4,-0.8,18,12,21,18,12,40,18.2,23,14,3,10,55,45,18,4,14,20,60,22,0,Matches,462,432,27,2,0,2,88,13,12,11,0,0,288,3,40,7,0,0,35,12,5,88,20,28,0,0,1,91,15,22,40.5,England
James Milner,eng ENG,MF,Liverpool,31,1986,19.7,1335,1636,81.6,23331,7605,622,685,90.8,548,627,87.4,136,248,54.8,3,3.2,3.6,-0.2,34,208,37,6,219,58,38.5,18,32,8,15,39,24,33,5,28,21,79,23,0,Matches,1636,1492,138,37,7,16,123,27,60,26,21,0,1335,6,35,3,0,0,29,22,0,123,21,45,0,0,0,125,23,18,56.1,England
James Morrison,sct SCO,MF,West Brom,31,1986,2.3,77,91,84.6,1111,258,44,50,88.0,23,26,88.5,5,6,83.3,0,0.1,0.1,-0.1,3,5,1,0,11,2,25.0,0,2,0,1,4,3,1,1,0,1,3,1,0,Matches,91,90,0,0,0,1,2,0,0,0,0,0,77,1,1,0,0,0,0,1,0,2,1,1,0,0,0,11,0,2,0.0,England
James Tarkowski,eng ENG,DF,Burnley,24,1992,31.0,800,1102,72.6,17749,8069,243,288,84.4,372,449,82.9,170,326,52.1,0,0.8,1.0,-0.8,7,64,8,2,59,46,44.7,36,10,0,17,38,21,55,43,12,50,96,223,2,Matches,1102,1078,17,17,0,25,4,0,0,0,0,0,800,7,3,5,0,0,25,24,3,4,50,26,0,2,0,127,144,58,71.3,England
James Tomkins,eng ENG,DF,Crystal Palace,28,1989,26.5,727,892,81.5,14749,5898,240,264,90.9,368,427,86.2,111,183,60.7,0,0.1,0.7,-0.1,1,39,1,0,45,47,51.6,36,10,1,16,31,15,24,12,12,63,110,216,1,Matches,892,859,31,29,0,3,1,2,0,0,0,0,727,2,2,8,0,0,20,14,1,1,63,26,0,1,0,124,115,66,63.5,England
James Ward-Prowse,eng ENG,"FW,MF",Southampton,22,1994,19.1,631,919,68.7,10188,2960,347,404,85.9,209,293,71.3,54,155,34.8,3,2.8,3.1,+0.2,36,50,14,6,66,23,11.1,9,11,3,3,27,24,29,1,28,8,31,31,0,Matches,919,765,149,45,0,4,159,8,93,50,36,1,631,5,24,3,0,0,18,12,0,159,8,16,0,0,0,98,21,47,30.9,England
Jamie Murphy,sct SCO,MF,Brighton,27,1989,1.9,37,45,82.2,633,80,15,18,83.3,19,20,95.0,2,2,100.0,0,0.0,0.0,0.0,1,3,0,0,4,2,50.0,2,0,0,2,4,2,0,0,0,1,3,3,0,Matches,45,44,1,1,0,1,2,0,0,0,0,0,37,0,4,0,0,0,1,5,1,2,1,2,0,0,0,6,0,2,0.0,England
Jamie Vardy,eng ENG,FW,Leicester City,30,1987,36.1,290,507,57.2,4471,789,147,223,65.9,90,166,54.2,27,46,58.7,1,3.0,3.3,-2.0,32,14,14,4,31,15,12.5,3,7,5,1,8,7,21,1,20,2,17,17,0,Matches,507,495,8,0,1,6,39,1,1,0,0,0,290,4,17,3,0,0,29,27,44,39,2,9,3,0,0,73,75,123,37.9,England
Jan Bednarek,pl POL,DF,Southampton,21,1996,4.7,139,193,72.0,2611,1037,51,53,96.2,72,95,75.8,16,42,38.1,0,0.0,0.0,0.0,0,11,0,0,14,6,50.0,6,0,0,3,6,3,2,1,1,5,11,27,0,Matches,193,174,19,7,0,0,0,12,0,0,0,0,139,0,3,1,0,0,3,1,0,0,5,3,0,0,0,28,7,17,29.2,England
Jan Vertonghen,be BEL,DF,Tottenham,30,1987,35.6,2181,2542,85.8,45152,16163,618,682,90.6,1263,1380,91.5,287,439,65.4,0,0.8,0.9,-0.8,12,215,10,1,243,64,69.4,40,20,4,25,36,11,29,11,18,60,124,177,0,Matches,2542,2438,100,65,2,25,15,35,0,0,0,0,2181,4,16,4,0,0,20,25,1,15,60,41,0,1,0,247,116,66,63.7,England
Jason Puncheon,eng ENG,MF,Crystal Palace,31,1986,6.3,207,261,79.3,3199,955,114,129,88.4,68,79,86.1,14,35,40.0,0,0.5,0.4,-0.5,5,18,8,1,31,13,20.0,3,7,3,1,5,4,3,0,3,5,18,4,0,Matches,261,234,26,6,0,1,20,2,15,2,2,10,207,1,2,5,0,0,14,3,0,20,5,4,0,0,0,27,4,8,33.3,England
Javier Hernández,mx MEX,FW,West Ham,29,1988,17.2,282,395,71.4,4661,798,146,194,75.3,96,130,73.8,27,42,64.3,0,1.3,1.3,-1.3,21,21,14,6,31,11,21.4,2,7,2,3,14,11,6,1,5,6,17,1,0,Matches,395,363,30,3,4,5,18,2,1,0,0,0,282,2,12,3,0,0,15,49,14,18,6,7,1,0,0,48,14,31,31.1,England
Javier Manquillo,es ESP,DF,Newcastle Utd,23,1994,19.5,561,766,73.2,8676,3549,306,363,84.3,202,278,72.7,36,78,46.2,1,1.3,0.5,-0.3,11,35,7,5,55,36,50.0,25,8,3,15,30,15,25,6,19,18,54,65,0,Matches,766,568,196,2,0,2,30,194,0,0,0,0,561,2,18,2,0,0,24,12,2,30,18,22,0,1,0,70,22,19,53.7,England
Jay Fulton,sct SCO,MF,Swansea City,23,1994,0.2,5,8,62.5,83,10,1,2,50.0,4,6,66.7,0,0,,0,0.0,0.0,0.0,0,0,0,0,0,0,,0,0,0,0,0,0,0,0,0,0,0,1,0,Matches,8,8,0,0,0,0,0,0,0,0,0,0,5,0,1,1,0,0,2,0,0,0,0,0,0,0,0,3,0,0,,England
Jay Rodriguez,eng ENG,"FW,MF",West Brom,28,1989,31.2,517,740,69.9,7189,1909,311,379,82.1,129,197,65.5,30,71,42.3,1,1.6,2.3,-0.6,21,51,14,2,52,31,18.0,12,11,8,9,50,41,32,2,30,19,50,41,0,Matches,740,691,47,2,4,6,30,4,3,2,0,0,517,2,26,2,0,0,43,29,18,30,19,21,0,0,0,121,72,81,47.1,England
Jaïro Riedewald,nl NED,"MF,DF",Crystal Palace,20,1996,4.9,126,159,79.2,2174,915,65,73,89.0,39,51,76.5,16,25,64.0,0,0.0,0.1,0.0,0,16,4,2,16,11,0.0,6,4,1,0,2,2,7,1,6,12,23,13,0,Matches,159,156,2,1,0,0,2,1,0,0,0,0,126,1,3,0,0,0,3,0,0,2,12,8,0,0,0,23,4,3,57.1,England
Jeff Hendrick,ie IRL,"FW,MF",Burnley,25,1992,25.9,656,827,79.3,10332,2034,314,378,83.1,273,319,85.6,33,60,55.0,2,2.7,1.6,-0.7,26,62,16,4,80,16,17.6,4,10,2,3,17,14,11,2,9,8,24,21,1,Matches,827,782,45,1,5,3,23,2,0,0,0,0,656,0,22,1,0,0,19,18,16,23,8,10,0,0,0,113,15,58,20.5,England
Jeffrey Schlupp,gh GHA,"DF,MF",Crystal Palace,24,1992,19.4,601,827,72.7,8825,3330,370,432,85.6,192,270,71.1,32,84,38.1,1,1.0,0.7,0.0,12,61,10,3,74,57,53.5,35,20,2,23,43,20,34,8,26,24,81,67,0,Matches,827,675,151,10,0,1,31,141,0,0,0,0,601,1,30,3,0,0,18,8,0,31,24,36,0,0,0,113,38,49,43.7,England
Jeremie Boga,ci CIV,MF,Chelsea,20,1997,0.2,4,4,100.0,33,7,1,1,100.0,1,1,100.0,0,0,,0,0.0,0.0,0.0,0,0,0,0,0,0,,0,0,0,0,0,0,0,0,0,0,0,0,0,Matches,4,4,0,0,0,0,0,0,0,0,0,0,4,0,0,0,0,0,1,0,0,0,0,0,0,0,0,0,0,0,,England
Jermain Defoe,eng ENG,FW,Bournemouth,34,1982,12.1,98,138,71.0,1340,208,65,87,74.7,25,34,73.5,6,6,100.0,1,1.1,1.0,-0.1,13,3,4,0,10,12,20.0,2,6,4,2,10,8,10,0,10,4,16,1,0,Matches,138,117,20,0,1,0,5,1,0,0,0,0,98,1,5,1,0,0,12,8,9,5,4,9,0,0,0,21,2,17,10.5,England
Jerome Sinclair,eng ENG,"MF,FW",Watford,20,1996,0.3,7,8,87.5,91,40,4,4,100.0,2,3,66.7,0,0,,0,0.0,0.0,0.0,1,1,1,0,2,0,0.0,0,0,0,0,1,1,0,0,0,1,1,0,0,Matches,8,8,0,0,0,0,0,0,0,0,0,0,7,0,0,0,0,0,1,0,0,0,1,0,0,0,0,2,0,1,0.0,England
Jesse Lingard,eng ENG,"MF,FW",Manchester Utd,24,1992,20.2,841,996,84.4,10354,2219,493,546,90.3,198,234,84.6,33,61,54.1,5,2.8,2.6,+2.2,26,68,19,1,75,30,18.5,10,13,7,5,27,22,18,3,15,9,39,13,0,Matches,996,928,66,7,8,1,46,16,24,4,13,0,841,2,21,2,0,0,34,36,4,46,9,21,0,0,0,84,5,25,16.7,England
Jesé,es ESP,"FW,MF",Stoke City,24,1993,6.8,118,162,72.8,1739,363,68,80,85.0,32,45,71.1,9,14,64.3,1,0.7,0.7,+0.3,9,7,6,0,14,10,23.1,3,5,2,3,13,10,5,0,5,0,10,3,0,Matches,162,143,17,2,0,1,13,1,3,1,1,0,118,2,8,0,0,0,5,5,1,13,0,7,1,0,0,28,0,8,0.0,England
Jesús Gámez,es ESP,DF,Newcastle Utd,32,1985,1.1,47,61,77.0,730,420,21,22,95.5,18,22,81.8,5,11,45.5,0,0.2,0.1,-0.2,4,5,3,1,10,4,33.3,1,0,3,1,3,2,2,0,2,2,6,5,0,Matches,61,50,11,0,0,0,5,11,0,0,0,0,47,0,3,0,0,0,0,1,0,5,2,2,0,0,0,6,1,0,100.0,England
Joe Allen,wls WAL,MF,Stoke City,27,1990,34.9,1114,1403,79.4,17666,5350,547,620,88.2,437,531,82.3,75,128,58.6,6,2.8,2.6,+3.2,31,116,26,4,165,96,31.0,41,43,12,27,87,60,43,9,34,58,154,68,1,Matches,1403,1360,37,17,3,3,37,2,9,3,1,4,1114,6,39,8,0,0,49,49,0,37,58,62,0,0,0,244,36,59,37.9,England
Joe Gomez,eng ENG,DF,Liverpool,20,1997,21.1,1315,1625,80.9,23165,8373,542,605,89.6,648,774,83.7,107,205,52.2,2,1.5,1.4,+0.5,17,137,16,8,154,58,52.5,32,23,3,21,40,19,19,8,11,34,92,57,1,Matches,1625,1368,255,14,0,6,45,241,0,0,0,0,1315,2,19,3,0,0,15,10,1,45,34,45,0,0,0,144,33,30,52.4,England
Joe Hart,eng ENG,GK,West Ham,30,1987,19.0,293,600,48.8,13288,11839,16,16,100.0,67,70,95.7,210,509,41.3,1,0.7,0.1,+0.3,2,24,1,0,0,1,50.0,1,0,0,1,2,1,1,0,1,0,1,2,4,Matches,600,350,246,91,0,1,0,0,0,0,0,0,293,4,0,0,0,0,1,1,0,0,0,1,0,1,0,16,4,0,100.0,England
Joe Lolley,eng ENG,"FW,MF",Huddersfield,24,1992,2.5,52,73,71.2,805,267,28,35,80.0,21,28,75.0,1,7,14.3,0,0.1,0.1,-0.1,1,9,1,1,11,2,0.0,1,1,0,0,2,2,0,0,0,3,5,2,1,Matches,73,73,0,0,0,0,8,0,0,0,0,0,52,0,1,1,0,0,3,2,0,8,3,0,0,0,0,13,3,4,42.9,England
Joe Willock,eng ENG,MF,Arsenal,17,1999,0.9,31,40,77.5,460,87,16,20,80.0,12,12,100.0,2,4,50.0,0,0.0,0.0,0.0,0,4,0,0,1,4,100.0,4,0,0,1,1,0,3,0,3,1,5,2,0,Matches,40,39,1,1,1,1,0,0,0,0,0,0,31,0,1,0,0,0,3,0,0,0,1,2,0,0,0,1,0,3,0.0,England
Joel Ward,eng ENG,DF,Crystal Palace,27,1989,17.9,671,928,72.3,10593,4484,374,429,87.2,221,293,75.4,58,156,37.2,1,0.9,0.8,+0.1,8,58,17,10,79,35,57.1,23,12,0,16,28,12,27,11,16,28,63,76,0,Matches,928,718,208,9,0,3,46,199,0,0,0,0,671,2,30,4,0,0,25,29,1,46,28,30,0,0,1,100,33,25,56.9,England
John Stones,eng ENG,DF,Manchester City,23,1994,14.5,1197,1250,95.8,21826,8273,479,496,96.6,578,590,98.0,114,135,84.4,0,0.0,0.2,0.0,0,51,1,0,71,15,36.4,11,4,0,4,11,7,8,5,3,19,34,44,0,Matches,1250,1224,26,23,0,10,1,3,0,0,0,0,1197,0,2,0,0,0,6,2,0,1,19,11,0,0,0,67,33,10,76.7,England
Jonas Lössl,dk DEN,GK,Huddersfield,28,1989,38.0,825,1390,59.4,32620,27387,40,40,100.0,285,288,99.0,500,1058,47.3,1,0.6,0.1,+0.4,3,50,2,0,2,1,20.0,1,0,0,1,5,4,0,0,0,4,5,13,6,Matches,1390,912,475,171,0,2,0,0,0,0,0,0,825,3,1,1,0,0,0,6,0,0,4,0,0,0,1,72,14,4,77.8,England
Jonathan Hogg,eng ENG,MF,Huddersfield,28,1988,26.6,1206,1423,84.8,20877,5948,530,596,88.9,534,598,89.3,105,154,68.2,0,0.4,0.9,-0.4,9,110,8,1,138,93,29.2,29,59,5,26,89,63,51,12,39,69,162,48,0,Matches,1423,1383,35,33,2,9,3,2,0,0,0,0,1206,5,17,10,1,1,32,30,0,3,69,64,0,0,0,209,33,30,52.4,England
Jonathan Walters,ie IRL,FW,Burnley,33,1983,0.4,4,11,36.4,66,13,2,7,28.6,2,3,66.7,0,0,,0,0.0,0.0,0.0,0,0,0,0,1,0,,0,0,0,0,0,0,0,0,0,0,0,1,0,Matches,11,10,0,0,0,0,1,0,0,0,0,0,4,1,1,0,0,0,0,1,0,1,0,0,0,0,0,1,2,1,66.7,England
Jonjo Shelvey,eng ENG,MF,Newcastle Utd,25,1992,25.2,1031,1480,69.7,21940,8867,378,436,86.7,421,541,77.8,213,442,48.2,3,2.5,3.7,+0.5,40,159,32,8,183,39,30.8,17,21,1,8,26,18,26,5,21,28,67,33,0,Matches,1480,1302,165,107,21,23,79,6,45,24,13,1,1031,13,21,4,3,1,23,8,0,79,28,24,0,0,0,199,20,13,60.6,England
Jonjoe Kenny,eng ENG,DF,Everton,20,1997,17.7,576,849,67.8,9944,4622,306,352,86.9,187,272,68.8,71,168,42.3,1,1.5,1.3,-0.5,10,54,12,10,48,41,62.5,28,10,3,20,32,12,17,7,10,28,69,95,0,Matches,849,620,225,13,0,5,46,212,0,0,0,0,576,4,32,2,0,0,17,4,0,46,28,33,1,0,0,85,38,31,55.1,England
Jonny Evans,nir NIR,DF,West Brom,29,1988,25.2,785,983,79.9,15261,6008,293,334,87.7,366,430,85.1,114,193,59.1,2,0.9,0.4,+1.1,8,58,5,2,56,29,42.4,19,8,2,14,33,19,22,13,9,48,77,131,1,Matches,983,922,58,43,0,2,4,15,0,0,0,0,785,3,4,7,0,0,26,27,0,4,48,22,0,0,1,142,54,34,61.4,England
Jordan Ayew,gh GHA,"FW,MF",Swansea City,25,1991,31.7,700,887,78.9,9413,1239,420,486,86.4,201,256,78.5,30,58,51.7,2,2.0,1.6,0.0,16,33,21,2,50,82,27.8,20,35,27,15,54,39,43,3,40,24,106,20,1,Matches,887,850,35,7,3,0,45,5,0,0,0,0,700,2,27,2,1,0,63,87,8,45,24,60,0,0,0,141,50,120,29.4,England
Jordan Henderson,eng ENG,MF,Liverpool,27,1990,24.1,1769,2117,83.6,33580,9305,709,771,92.0,814,949,85.8,216,334,64.7,1,1.8,2.4,-0.8,25,245,29,3,249,51,34.6,13,32,6,18,52,34,33,2,31,31,82,27,0,Matches,2117,2061,53,44,7,27,25,4,5,1,2,0,1769,3,19,1,0,0,26,14,0,25,31,33,0,1,0,213,25,11,69.4,England
Jordan Hugill,eng ENG,FW,West Ham,25,1992,0.3,3,9,33.3,37,0,2,4,50.0,1,5,20.0,0,0,,0,0.0,0.0,0.0,0,0,0,0,0,0,0.0,0,0,0,0,1,1,0,0,0,0,0,0,0,Matches,9,9,0,0,0,0,0,0,0,0,0,0,3,0,0,0,0,0,3,1,0,0,0,0,0,0,0,1,4,5,44.4,England
Jordan Pickford,eng ENG,GK,Everton,23,1994,38.0,675,1332,50.7,28089,24029,54,55,98.2,232,239,97.1,389,1029,37.8,0,0.1,0.1,-0.1,3,54,2,0,0,0,0.0,0,0,0,0,2,2,0,0,0,2,2,26,5,Matches,1332,846,478,138,0,2,0,0,0,0,0,0,675,8,0,0,0,0,1,6,0,0,2,0,0,1,0,47,16,1,94.1,England
Jordon Ibe,eng ENG,"MF,FW",Bournemouth,21,1995,22.2,596,815,73.1,9636,2795,301,374,80.5,214,271,79.0,58,107,54.2,6,3.3,4.4,+2.7,36,64,20,4,95,14,27.3,7,5,2,6,22,16,5,0,5,10,24,11,0,Matches,815,722,89,25,5,3,109,7,57,23,26,0,596,4,40,1,0,0,10,41,2,109,10,12,0,0,0,101,3,15,16.7,England
Joselu,es ESP,FW,Newcastle Utd,27,1990,19.0,374,605,61.8,4732,1099,259,377,68.7,82,153,53.6,13,23,56.5,1,1.2,0.5,-0.2,16,34,6,1,41,22,20.6,10,11,1,7,34,27,25,2,23,11,33,39,0,Matches,605,594,6,0,1,4,6,1,0,0,0,0,374,5,10,2,0,0,30,23,3,6,11,17,0,0,0,54,144,120,54.5,England
Josh Cullen,ie IRL,MF,West Ham,21,1996,0.1,3,4,75.0,21,7,1,2,50.0,0,0,,0,0,,0,0.0,0.0,0.0,0,0,0,0,0,0,0.0,0,0,0,0,1,1,1,1,0,2,2,0,0,Matches,4,3,1,0,0,0,0,0,1,0,0,0,3,0,1,0,0,0,0,0,0,0,2,0,0,0,0,1,0,0,,England
Josh Sims,eng ENG,"FW,MF",Southampton,20,1997,1.8,50,65,76.9,624,183,34,40,85.0,11,15,73.3,2,4,50.0,0,0.1,0.3,-0.1,1,4,1,1,4,4,28.6,1,2,1,2,7,5,5,0,5,1,5,0,0,Matches,65,63,2,0,0,0,3,0,2,0,0,0,50,0,1,0,0,0,1,1,2,3,1,3,0,0,0,5,4,4,50.0,England
Josh Tymon,eng ENG,DF,Stoke City,18,1999,1.8,76,91,83.5,1265,377,41,44,93.2,25,32,78.1,6,8,75.0,0,0.0,0.0,0.0,0,8,0,0,6,5,66.7,4,1,0,2,3,1,1,0,1,1,6,3,0,Matches,91,85,6,0,0,1,4,6,0,0,0,0,76,0,1,0,0,0,0,0,0,4,1,1,0,0,0,6,0,0,,England
Joshua King,no NOR,"FW,MF",Bournemouth,25,1992,27.3,514,730,70.4,7926,1895,275,363,75.8,197,272,72.4,25,42,59.5,3,4.9,3.6,-1.9,38,48,34,4,83,36,14.8,11,17,8,4,27,23,23,3,20,4,40,14,1,Matches,730,692,34,2,5,1,34,3,0,0,0,0,514,4,33,3,0,0,45,56,4,34,4,26,1,0,0,132,67,82,45.0,England
José Fonte,pt POR,DF,West Ham,33,1983,7.6,287,355,80.8,6155,2312,75,85,88.2,161,182,88.5,48,80,60.0,1,0.3,0.4,+0.7,4,32,4,2,34,11,33.3,5,6,0,2,6,4,12,9,3,14,25,37,1,Matches,355,336,19,14,0,4,3,5,0,0,0,0,287,0,4,0,0,0,6,5,0,3,14,6,0,1,0,32,21,19,52.5,England
José Holebas,gr GRE,DF,Watford,33,1984,26.5,901,1521,59.2,16066,8079,422,516,81.8,329,548,60.0,128,362,35.4,4,3.2,3.7,+0.8,39,61,18,13,98,51,40.9,34,14,3,18,44,26,24,8,16,29,80,95,2,Matches,1521,1012,500,64,0,6,210,344,92,44,41,0,901,9,55,7,0,0,37,18,1,210,29,31,0,2,0,160,44,34,56.4,England
José Izquierdo,co COL,"MF,FW",Brighton,25,1992,22.0,415,550,75.5,5081,1389,259,317,81.7,104,142,73.2,9,24,37.5,3,2.2,1.7,+0.8,21,21,15,5,36,23,36.8,12,9,2,7,19,12,6,0,6,16,39,34,0,Matches,550,545,2,0,0,0,23,1,0,0,0,0,415,3,11,2,0,0,20,13,14,23,16,15,2,0,0,108,15,30,33.3,England
João Mário,pt POR,MF,West Ham,24,1993,11.4,373,497,75.1,5621,1341,212,245,86.5,107,132,81.1,34,73,46.6,1,1.4,1.1,-0.4,16,22,9,2,43,14,31.6,6,5,3,6,19,13,7,0,7,8,22,4,1,Matches,497,440,52,16,5,2,50,0,30,21,5,0,373,5,17,0,0,0,14,20,0,50,8,11,0,0,0,76,7,27,20.6,England
Joël Matip,cm CMR,DF,Liverpool,25,1991,22.2,1470,1660,88.6,30063,11508,380,403,94.3,892,970,92.0,185,265,69.8,0,0.3,0.8,-0.3,5,94,2,0,108,35,50.0,23,11,1,12,24,12,26,15,11,35,70,101,1,Matches,1660,1625,32,30,1,7,0,2,0,0,0,0,1470,3,4,3,0,0,19,10,1,0,35,24,0,0,0,123,56,21,72.7,England
Juan Mata,es ESP,FW,Manchester Utd,29,1988,21.4,1098,1345,81.6,16341,3673,585,645,90.7,311,392,79.3,98,160,61.3,5,4.5,4.5,+0.5,51,74,33,13,101,18,8.3,4,12,2,2,24,22,10,0,10,15,33,10,1,Matches,1345,1228,113,37,4,11,111,15,54,38,9,1,1098,4,24,1,0,0,12,20,18,111,15,13,0,0,0,109,3,8,27.3,England
Julien Ngoy,be BEL,MF,Stoke City,19,1997,0.2,4,5,80.0,62,0,1,2,50.0,3,3,100.0,0,0,,0,0.0,0.0,0.0,0,0,0,0,0,1,50.0,0,1,0,1,2,1,0,0,0,0,1,0,0,Matches,5,5,0,0,0,0,0,0,0,0,0,0,4,0,0,0,0,0,1,0,0,0,0,1,0,0,0,0,0,0,,England
Julián Speroni,ar ARG,GK,Crystal Palace,38,1979,11.0,148,312,47.4,6170,5618,16,16,100.0,35,37,94.6,97,259,37.5,0,0.0,0.0,0.0,0,12,0,0,0,0,,0,0,0,0,0,0,0,0,0,1,1,4,0,Matches,312,180,132,43,0,1,0,0,0,0,0,0,148,0,0,0,0,0,0,0,0,0,1,0,0,0,0,14,2,0,100.0,England
Junior Stanislas,eng ENG,"MF,FW",Bournemouth,27,1989,14.3,398,571,69.7,6282,2111,207,268,77.2,151,205,73.7,24,54,44.4,2,1.9,1.8,+0.1,24,40,21,2,63,16,46.7,8,4,4,7,15,8,21,6,15,6,22,15,0,Matches,571,509,57,12,4,2,71,6,38,23,13,0,398,5,33,1,0,0,6,2,1,71,6,8,0,0,0,74,10,25,28.6,England
Jérémy Pied,fr FRA,DF,Southampton,28,1989,2.0,93,123,75.6,1433,643,46,54,85.2,36,43,83.7,7,17,41.2,1,0.2,0.4,+0.8,2,12,5,1,13,9,66.7,8,1,0,6,9,3,3,2,1,8,17,4,0,Matches,123,103,20,0,0,0,7,20,0,0,0,0,93,0,7,0,0,0,1,2,0,7,8,6,0,0,0,15,1,0,100.0,England
Jóhann Berg Guðmundsson,is ISL,MF,Burnley,26,1990,31.5,660,1027,64.3,11965,4451,308,382,80.6,214,313,68.4,107,259,41.3,8,4.7,5.1,+3.3,67,40,30,16,75,43,42.6,16,19,8,20,47,27,21,1,20,34,77,43,0,Matches,1027,858,163,73,2,6,213,3,87,31,40,6,660,6,33,2,0,0,18,33,2,213,34,27,0,0,0,179,39,49,44.3,England
Jürgen Locadia,cw CUW,"FW,MF",Brighton,23,1993,2.5,38,55,69.1,697,140,18,23,78.3,9,15,60.0,8,9,88.9,1,0.1,0.0,+0.9,1,4,0,0,4,1,0.0,0,1,0,0,1,1,0,0,0,1,2,1,1,Matches,55,51,4,0,1,0,3,1,0,0,0,0,38,0,4,0,0,0,2,3,2,3,1,0,0,0,0,12,1,10,9.1,England
Karl Darlow,wls WAL,GK,Newcastle Utd,26,1990,10.0,174,334,52.1,6615,5845,19,19,100.0,56,58,96.6,99,257,38.5,0,0.0,0.0,0.0,0,6,0,0,0,0,,0,0,0,0,0,0,0,0,0,0,0,3,4,Matches,334,203,131,44,0,0,0,0,0,0,0,0,174,0,0,0,0,0,0,1,0,0,0,0,0,0,1,14,2,0,100.0,England
Kasey Palmer,jm JAM,"MF,FW",Huddersfield,20,1996,1.9,43,58,74.1,650,193,27,32,84.4,13,18,72.2,2,5,40.0,0,0.1,0.3,-0.1,1,4,2,0,6,6,25.0,2,3,1,2,8,6,5,0,5,0,6,2,0,Matches,58,54,4,0,1,1,4,1,3,0,1,1,43,0,1,2,0,0,4,1,0,4,0,3,0,0,0,8,2,7,22.2,England
Kasper Schmeichel,dk DEN,GK,Leicester City,30,1986,32.9,614,1142,53.8,24575,19644,33,36,91.7,175,186,94.1,405,915,44.3,0,0.1,0.1,-0.1,1,22,1,0,6,1,33.3,1,0,0,1,3,2,1,0,1,0,1,18,5,Matches,1142,715,424,151,0,18,0,0,0,0,0,0,614,3,1,3,0,0,0,6,0,0,0,0,0,0,1,42,11,0,100.0,England
Kelechi Iheanacho,ng NGA,"FW,MF",Leicester City,20,1996,9.2,197,255,77.3,2707,585,118,143,82.5,53,63,84.1,13,25,52.0,3,2.3,2.1,+0.7,11,15,12,0,26,9,15.0,3,5,1,3,20,17,10,2,8,3,12,4,0,Matches,255,241,12,0,9,2,5,2,0,0,0,0,197,2,6,2,0,0,17,9,4,5,3,6,0,0,0,36,6,17,26.1,England
Kenedy,br BRA,"MF,DF",Newcastle Utd,21,1996,11.4,297,408,72.8,4218,1296,174,208,83.7,84,119,70.6,20,41,48.8,2,1.7,1.8,+0.3,13,14,12,6,21,31,34.3,16,13,2,12,35,23,12,1,11,14,45,11,0,Matches,408,361,46,6,2,3,38,18,22,12,4,1,297,1,19,1,0,0,15,20,0,38,14,17,1,0,0,84,2,17,10.5,England
Kevin De Bruyne,be BEL,MF,Manchester City,26,1991,34.1,2351,3008,78.2,39772,11181,1154,1322,87.3,885,1090,81.2,221,376,58.8,16,11.1,11.7,+4.9,105,258,119,11,388,62,28.8,23,25,14,23,80,57,45,2,43,25,87,14,2,Matches,3008,2707,279,68,41,44,248,45,151,12,71,2,2351,22,67,2,0,0,30,33,2,248,25,43,1,0,0,207,14,16,46.7,England
Kevin Long,ie IRL,DF,Burnley,26,1990,16.0,389,546,71.2,8719,3177,99,134,73.9,195,245,79.6,88,149,59.1,2,1.3,1.2,+0.7,6,23,0,0,28,32,61.5,28,4,0,16,26,10,25,14,11,19,51,129,1,Matches,546,535,9,8,0,7,2,1,0,0,0,0,389,2,5,1,0,0,15,21,1,2,19,23,0,1,1,68,78,57,57.8,England
Kevin Mirallas,be BEL,"FW,MF",Everton,29,1987,1.5,44,59,74.6,734,119,17,20,85.0,22,28,78.6,3,5,60.0,0,0.1,0.0,-0.1,1,3,0,0,3,4,0.0,1,2,1,0,1,1,0,0,0,0,4,3,0,Matches,59,53,5,1,0,0,4,0,1,1,0,0,44,1,3,1,0,0,1,2,0,4,0,3,0,0,0,6,2,2,50.0,England
Kevin Wimmer,at AUT,DF,Stoke City,24,1992,14.7,448,584,76.7,8481,3862,198,217,91.2,182,235,77.4,59,114,51.8,0,0.2,0.1,-0.2,3,45,0,0,40,24,45.0,17,7,0,9,20,11,25,12,13,30,54,88,0,Matches,584,484,100,22,0,13,2,78,0,0,0,0,448,0,5,5,0,0,20,6,0,2,30,17,0,0,0,55,19,24,44.2,England
Ki Sung-yueng,kr KOR,MF,Swansea City,28,1989,20.8,758,903,83.9,14235,3472,312,344,90.7,321,363,88.4,102,153,66.7,2,1.5,1.9,+0.5,19,52,11,1,64,25,25.0,10,13,2,4,16,12,16,1,15,32,57,23,0,Matches,903,800,100,55,1,18,62,2,42,31,9,0,758,3,11,2,0,0,10,17,1,62,32,18,0,0,0,95,5,21,19.2,England
Kieran Gibbs,eng ENG,DF,West Brom,27,1989,31.4,1000,1391,71.9,15562,6257,533,618,86.2,378,546,69.2,64,165,38.8,1,1.8,2.2,-0.8,22,66,23,16,97,41,53.3,27,10,4,16,30,14,32,12,20,48,89,102,0,Matches,1391,1077,304,7,0,3,74,293,4,4,0,0,1000,10,23,3,0,0,22,11,1,74,48,24,0,0,0,169,41,39,51.3,England
Kieran Trippier,eng ENG,DF,Tottenham,26,1990,21.3,1262,1638,77.0,23952,7379,470,528,89.0,624,760,82.1,150,290,51.7,5,4.2,2.9,+0.8,40,88,44,10,114,52,47.7,29,21,2,21,44,23,31,6,25,20,72,53,1,Matches,1638,1335,292,25,5,8,122,239,28,11,14,1,1262,11,28,1,0,0,18,20,3,122,20,30,0,0,0,147,35,29,54.7,England
Kiko Femenía,es ESP,"DF,FW",Watford,26,1991,19.0,807,1004,80.4,11700,4042,502,558,90.0,237,294,80.6,41,91,45.1,1,1.8,2.1,-0.8,17,43,27,11,72,36,51.9,22,11,3,14,27,13,15,2,13,34,70,31,1,Matches,1004,849,154,4,1,5,60,149,1,0,0,0,807,1,27,2,0,0,7,21,2,60,34,28,0,0,0,108,10,15,40.0,England
Konstantinos Mavropanos,gr GRE,DF,Arsenal,19,1997,2.2,91,103,88.3,1645,602,36,38,94.7,45,48,93.8,8,12,66.7,0,0.0,0.0,0.0,0,6,0,0,5,1,50.0,1,0,0,1,2,1,4,3,1,6,7,11,1,Matches,103,101,2,2,0,2,0,0,0,0,0,0,91,0,2,0,1,0,2,3,0,0,6,1,0,0,0,14,3,6,33.3,England
Kostas Stafylidis,gr GRE,"DF,MF",Stoke City,23,1993,3.7,98,147,66.7,1562,577,43,51,84.3,44,68,64.7,6,15,40.0,0,0.0,0.1,0.0,2,5,1,0,8,12,66.7,6,4,2,6,9,3,7,2,5,5,17,19,0,Matches,147,102,44,2,0,0,10,42,0,0,0,0,98,1,5,0,0,0,4,5,1,10,5,6,0,0,0,15,3,2,60.0,England
Kurt Zouma,fr FRA,DF,Stoke City,22,1994,32.1,869,1154,75.3,17015,7595,339,385,88.1,400,516,77.5,113,207,54.6,0,0.4,0.3,-0.4,6,74,3,0,86,50,75.0,35,13,2,21,28,7,42,23,19,61,111,246,2,Matches,1154,999,149,33,0,24,11,116,0,0,0,0,869,6,13,1,0,0,19,21,1,11,61,38,0,0,0,145,109,31,77.9,England
Kyle Bartley,eng ENG,DF,Swansea City,26,1991,2.6,93,115,80.9,1796,686,32,37,86.5,51,57,89.5,9,18,50.0,0,0.3,0.2,-0.3,2,8,0,0,7,3,100.0,3,0,0,2,2,0,6,6,0,4,7,21,0,Matches,115,112,3,3,0,1,0,0,0,0,0,0,93,0,2,2,0,0,5,1,0,0,4,2,0,0,0,3,14,3,82.4,England
Kyle Naughton,eng ENG,DF,Swansea City,28,1988,33.7,1525,2111,72.2,25319,10879,791,929,85.1,582,804,72.4,123,277,44.4,2,0.5,0.8,+1.5,12,160,17,7,193,92,54.0,49,35,8,54,100,46,60,13,47,60,152,144,4,Matches,2111,1679,427,21,0,16,62,406,0,0,0,0,1525,5,59,1,0,0,31,24,0,62,60,60,0,0,1,198,68,67,50.4,England
Kyle Walker,eng ENG,DF,Manchester City,27,1990,30.9,2307,2682,86.0,37708,9574,1149,1250,91.9,932,1046,89.1,167,273,61.2,6,4.6,5.1,+1.4,29,221,32,4,221,47,58.1,20,21,6,18,31,13,21,2,19,29,76,75,2,Matches,2682,2382,299,36,0,28,56,263,0,0,0,0,2307,1,39,4,2,1,17,19,2,56,29,31,0,0,1,175,69,33,67.6,England
Kyle Walker-Peters,eng ENG,DF,Tottenham,20,1997,2.1,101,131,77.1,1608,479,56,63,88.9,35,50,70.0,9,13,69.2,2,1.2,1.0,+0.8,3,5,4,2,8,5,50.0,4,1,0,2,4,2,2,0,2,3,8,8,0,Matches,131,106,25,0,0,0,9,25,0,0,0,0,101,0,4,0,0,0,1,4,0,9,3,4,0,0,0,9,2,4,33.3,England
Lasse Sørensen,dk DEN,MF,Stoke City,17,1999,0.8,41,56,73.2,711,350,20,26,76.9,16,19,84.2,5,7,71.4,0,0.1,0.1,-0.1,2,6,0,0,2,2,20.0,2,0,0,1,5,4,2,0,2,0,2,3,0,Matches,56,54,1,1,0,0,1,0,0,0,0,0,41,1,3,0,0,0,2,0,0,1,0,2,0,0,0,3,0,1,0.0,England
Laurent Depoitre,be BEL,FW,Huddersfield,28,1988,20.2,275,486,56.6,3620,526,146,247,59.1,85,150,56.7,11,17,64.7,1,1.4,0.4,-0.4,14,20,0,0,21,14,14.3,4,8,2,3,21,18,15,3,12,11,25,36,0,Matches,486,454,31,0,1,0,3,0,0,0,0,0,275,1,12,1,0,0,28,16,6,3,11,8,1,0,0,65,126,142,47.0,England
Laurent Koscielny,fr FRA,DF,Arsenal,31,1985,24.7,1563,1765,88.6,31024,12028,523,574,91.1,841,910,92.4,185,241,76.8,0,0.4,0.7,-0.4,7,137,3,0,124,43,57.6,27,12,4,19,33,14,28,15,13,54,97,138,3,Matches,1765,1705,54,45,2,25,5,9,0,0,0,0,1563,6,7,4,0,0,14,26,2,5,54,21,0,0,0,160,77,59,56.6,England
Lee Chung-yong,kr KOR,"FW,MF",Crystal Palace,29,1988,1.5,58,77,75.3,711,152,37,39,94.9,15,24,62.5,2,6,33.3,0,0.1,0.1,-0.1,2,1,1,0,2,2,,0,1,1,0,0,0,3,0,3,2,4,0,1,Matches,77,73,4,0,0,0,7,3,1,0,1,0,58,0,3,0,0,0,1,2,0,7,2,0,0,0,0,7,2,4,33.3,England
Lee Grant,eng ENG,GK,Stoke City,34,1983,3.0,57,93,61.3,2162,1870,7,7,100.0,18,18,100.0,32,67,47.8,0,0.0,0.0,0.0,0,4,0,0,0,1,100.0,1,0,0,1,1,0,0,0,0,0,1,0,0,Matches,93,54,38,15,0,0,0,0,0,0,0,0,57,1,0,0,0,0,0,0,0,0,0,1,0,0,0,6,0,0,,England
Leighton Baines,eng ENG,DF,Everton,32,1984,21.2,774,1009,76.7,12799,5667,397,438,90.6,298,369,80.8,61,140,43.6,3,1.9,2.3,+1.1,24,71,21,9,84,25,64.3,18,3,4,9,14,5,18,6,12,25,50,56,0,Matches,1009,782,221,26,0,2,75,174,21,14,7,0,774,6,35,1,0,0,7,17,1,75,25,13,0,0,0,87,14,20,41.2,England
Leon Britton,eng ENG,MF,Swansea City,34,1982,3.4,127,138,92.0,2255,403,49,53,92.5,70,74,94.6,7,8,87.5,0,0.0,0.0,0.0,0,6,0,0,11,6,62.5,0,5,1,5,8,3,3,1,2,1,7,1,0,Matches,138,132,6,6,0,0,1,0,0,0,0,0,127,0,0,1,0,0,7,1,0,1,1,5,0,0,0,19,0,4,0.0,England
Leonardo Ulloa,ar ARG,FW,Brighton,31,1986,3.0,86,122,70.5,1027,263,58,76,76.3,20,29,69.0,0,1,0.0,0,0.2,0.3,-0.2,6,9,3,0,15,3,14.3,0,1,2,1,7,6,1,0,1,0,3,3,0,Matches,122,120,1,0,1,0,0,1,0,0,0,0,86,1,2,0,0,0,7,3,4,0,0,1,0,0,0,8,23,40,36.5,England
Leonardo Ulloa,ar ARG,FW,Leicester City,31,1986,0.2,12,14,85.7,179,36,5,5,100.0,4,5,80.0,1,1,100.0,0,0.3,0.0,-0.3,1,1,0,0,2,1,,0,0,1,0,0,0,0,0,0,0,1,1,0,Matches,14,14,0,0,0,0,0,0,0,0,0,0,12,0,1,0,0,0,0,0,0,0,0,0,0,0,0,4,3,6,33.3,England
Leroy Fer,nl NED,MF,Swansea City,27,1990,15.5,515,643,80.1,9132,1993,234,278,84.2,199,235,84.7,65,98,66.3,1,1.0,0.8,0.0,10,52,9,1,66,44,43.3,18,21,5,13,30,17,18,4,14,12,56,24,3,Matches,643,627,15,11,3,10,8,2,0,0,0,0,515,1,9,5,0,0,28,26,1,8,12,32,0,0,0,76,41,22,65.1,England
Leroy Sané,de GER,FW,Manchester City,21,1996,26.9,957,1208,79.2,12637,2561,588,681,86.3,256,317,80.8,36,79,45.6,15,6.8,7.2,+8.2,57,27,41,6,68,27,36.4,14,7,6,8,22,14,22,1,21,13,40,6,0,Matches,1208,1125,80,4,2,2,93,21,55,2,39,0,957,3,30,4,0,0,24,27,7,93,13,21,0,0,0,122,15,13,53.6,England
Levi Lumeka,eng ENG,FW,Crystal Palace,18,1998,0.3,5,11,45.5,41,9,5,6,83.3,0,1,0.0,0,2,0.0,0,0.0,0.0,0.0,0,1,0,0,0,1,,1,0,0,0,0,0,0,0,0,1,2,0,0,Matches,11,11,0,0,0,0,4,0,0,0,0,0,5,0,2,0,0,0,0,0,0,4,1,1,0,0,0,2,0,1,0.0,England
Lewis Cook,eng ENG,MF,Bournemouth,20,1997,24.9,989,1263,78.3,19152,6531,394,486,81.1,428,494,86.6,147,229,64.2,2,1.6,2.2,+0.4,28,176,27,5,173,67,37.7,37,30,0,26,69,43,33,12,21,35,102,25,2,Matches,1263,1221,41,21,5,15,29,5,15,9,1,1,989,1,17,5,0,0,33,20,1,29,35,35,0,0,0,198,14,26,35.0,England
Lewis Dunk,eng ENG,DF,Brighton,25,1991,38.0,1189,1529,77.8,26092,8945,377,423,89.1,545,612,89.1,242,436,55.5,1,1.2,0.4,-0.2,11,65,5,1,54,67,52.1,49,18,0,25,48,23,73,58,15,71,138,230,2,Matches,1529,1466,52,37,3,61,7,15,0,0,0,0,1189,11,13,7,0,0,36,17,0,7,71,33,0,0,4,252,120,73,62.2,England
Liam Rosenior,eng ENG,DF,Brighton,33,1984,1.8,60,89,67.4,1102,631,27,34,79.4,23,31,74.2,9,18,50.0,0,0.0,0.0,0.0,0,4,0,0,5,4,40.0,2,1,1,2,5,3,2,1,1,4,8,7,0,Matches,89,66,22,0,0,0,1,22,0,0,0,0,60,1,3,0,0,0,1,0,0,1,4,3,0,0,0,5,2,1,66.7,England
Loris Karius,de GER,GK,Liverpool,24,1993,19.0,455,630,72.2,11925,9119,68,68,100.0,264,265,99.6,123,293,42.0,0,0.0,0.0,0.0,0,3,0,0,0,0,,0,0,0,0,0,0,0,0,0,1,1,4,0,Matches,630,487,140,37,0,1,0,0,0,0,0,0,455,3,1,1,0,0,2,3,0,0,1,0,0,2,0,35,7,1,87.5,England
Lucas Moura,br BRA,"FW,MF",Tottenham,24,1992,2.3,88,114,77.2,1247,262,56,67,83.6,30,39,76.9,1,2,50.0,1,0.3,0.5,+0.7,6,3,2,0,12,4,33.3,3,0,1,1,3,2,2,0,2,2,6,2,0,Matches,114,114,0,0,0,0,1,0,0,0,0,0,88,0,4,0,0,0,4,7,0,1,2,2,0,0,0,12,4,1,80.0,England
Luciano Narsingh,nl NED,"FW,MF",Swansea City,26,1990,6.9,163,219,74.4,2205,524,113,130,86.9,41,57,71.9,5,11,45.5,0,1.1,0.5,-1.1,11,12,9,4,15,7,28.6,1,5,1,2,7,5,7,0,7,3,10,3,0,Matches,219,216,3,1,0,1,23,2,0,0,0,0,163,0,10,0,0,0,3,11,4,23,3,5,0,0,0,32,2,15,11.8,England
Luka Milivojević,rs SRB,MF,Crystal Palace,26,1991,34.2,1343,1701,79.0,25224,8439,541,626,86.4,593,701,84.6,175,294,59.5,1,1.0,1.5,0.0,21,173,17,2,180,85,36.0,40,37,8,31,86,55,50,12,38,71,156,81,3,Matches,1701,1613,83,54,3,20,39,5,24,12,1,4,1343,5,32,8,0,0,69,33,1,39,71,52,0,0,0,274,48,43,52.7,England
Lukas Nmecha,de GER,FW,Manchester City,18,1998,0.2,5,5,100.0,50,3,2,2,100.0,1,1,100.0,0,0,,0,0.0,0.0,0.0,0,0,0,0,0,0,,0,0,0,0,0,0,0,0,0,0,0,0,0,Matches,5,5,0,0,0,0,0,0,0,0,0,0,5,0,0,0,0,0,0,0,0,0,0,0,0,0,0,0,0,0,,England
Luke Shaw,eng ENG,DF,Manchester Utd,22,1995,8.8,465,585,79.5,6012,2057,278,308,90.3,137,173,79.2,12,38,31.6,0,0.4,0.3,-0.4,9,39,9,0,48,18,61.1,10,7,1,11,18,7,16,2,14,4,22,22,1,Matches,585,495,89,5,0,2,30,77,7,0,6,0,465,1,23,2,0,0,4,8,0,30,4,15,0,0,0,42,17,19,47.2,England
Lys Mousset,fr FRA,"FW,MF",Bournemouth,21,1996,6.6,103,173,59.5,1464,445,64,103,62.1,28,44,63.6,6,10,60.0,0,0.8,0.5,-0.8,4,15,4,0,16,9,0.0,6,3,0,0,8,8,5,2,3,3,12,9,0,Matches,173,166,5,0,0,0,9,1,0,0,0,0,103,2,10,1,0,0,11,10,0,9,3,5,0,0,0,24,8,22,26.7,England
Mamadou Sakho,fr FRA,DF,Crystal Palace,27,1990,17.8,632,744,84.9,10900,4934,271,301,90.0,305,339,90.0,41,75,54.7,2,1.1,0.2,+0.9,2,22,1,0,43,21,56.3,15,5,1,9,16,7,19,11,8,30,51,101,3,Matches,744,720,20,19,1,3,0,1,0,0,0,0,632,4,4,1,0,0,3,9,0,0,30,14,0,0,0,140,39,35,52.7,England
Mame Biram Diouf,sn SEN,"FW,DF",Stoke City,29,1987,28.8,347,630,55.1,4835,1503,213,320,66.6,108,201,53.7,10,38,26.3,2,1.9,0.9,+0.1,20,26,7,2,43,48,38.1,26,15,7,8,21,13,22,0,22,14,62,76,1,Matches,630,584,41,0,0,0,34,33,0,0,0,0,347,5,31,6,0,0,38,39,23,34,14,36,0,0,0,75,142,158,47.3,England
Manolo Gabbiadini,it ITA,FW,Southampton,25,1991,12.0,158,228,69.3,1799,178,106,129,82.2,34,50,68.0,2,10,20.0,0,0.5,0.5,-0.5,7,3,5,0,12,3,6.7,0,2,1,1,15,14,3,0,3,4,7,6,0,Matches,228,206,22,0,1,1,5,0,0,0,0,0,158,0,10,2,0,0,14,7,10,5,4,2,0,0,0,22,14,36,28.0,England
Manuel Lanzini,ar ARG,"MF,FW",West Ham,24,1993,22.7,1085,1309,82.9,16247,4292,608,672,90.5,356,422,84.4,70,137,51.1,6,4.1,3.0,+1.9,40,104,35,3,156,20,5.9,6,11,3,2,34,32,7,1,6,30,50,5,2,Matches,1309,1176,125,48,6,4,83,5,51,32,13,0,1085,8,18,4,0,0,9,35,3,83,30,11,1,0,0,165,3,10,23.1,England
Marc Albrighton,eng ENG,"MF,FW",Leicester City,27,1989,28.2,771,1298,59.4,14418,5905,365,436,83.7,259,408,63.5,122,337,36.2,7,5.7,4.7,+1.3,46,98,36,19,114,52,30.8,16,29,7,16,52,36,32,4,28,27,79,34,0,Matches,1298,1124,162,28,11,20,217,64,65,50,9,0,771,12,64,5,1,0,20,26,2,217,27,33,0,1,0,172,11,15,42.3,England
Marc Pugh,eng ENG,"MF,FW",Bournemouth,30,1987,10.9,388,512,75.8,5977,1689,211,248,85.1,136,182,74.7,26,58,44.8,0,0.5,1.1,-0.5,10,28,15,2,52,7,20.0,2,4,1,2,10,8,6,1,5,13,20,13,2,Matches,512,495,15,1,3,5,32,9,5,1,0,0,388,2,12,2,0,0,7,9,2,32,13,3,0,0,0,48,7,15,31.8,England
Marcos Alonso,es ESP,"DF,MF",Chelsea,26,1990,31.7,1333,1721,77.5,21762,6115,656,751,87.4,555,665,83.5,86,176,48.9,2,2.8,2.2,-0.8,34,55,26,11,103,51,52.3,30,18,3,23,44,21,36,5,31,47,98,76,1,Matches,1721,1424,288,19,0,10,96,269,0,0,0,0,1333,9,72,6,0,0,26,31,8,96,47,33,0,0,0,193,59,52,53.2,England
Marcos Rojo,ar ARG,DF,Manchester Utd,27,1990,7.1,295,362,81.5,5448,2286,121,131,92.4,137,155,88.4,31,64,48.4,0,0.1,0.1,-0.1,2,27,0,0,13,7,12.5,6,0,1,1,8,7,11,6,5,7,14,56,2,Matches,362,352,10,7,0,5,1,3,0,0,0,0,295,0,3,6,0,0,8,4,0,1,7,5,0,1,0,37,16,6,72.7,England
Marcus Rashford,eng ENG,"FW,MF",Manchester Utd,19,1997,20.1,470,674,69.7,6278,1425,281,324,86.7,114,157,72.6,22,81,27.2,5,3.8,3.3,+1.2,22,22,24,4,46,14,33.3,4,5,5,6,18,12,18,0,18,8,22,19,0,Matches,674,599,68,7,8,8,81,10,41,24,10,0,470,7,28,3,0,0,21,17,9,81,8,11,0,0,0,52,18,24,42.9,England
Mario Lemina,ga GAB,MF,Southampton,23,1993,19.1,857,987,86.8,14283,3476,414,457,90.6,335,372,90.1,80,120,66.7,1,0.7,0.7,+0.3,8,68,6,1,86,55,40.0,21,29,5,12,30,18,18,6,12,36,91,36,4,Matches,987,977,7,4,6,9,10,3,0,0,0,0,857,3,5,2,0,0,28,16,2,10,36,40,0,0,0,139,25,12,67.6,England
Mark Noble,eng ENG,MF,West Ham,30,1987,26.7,1127,1367,82.4,21353,6408,456,516,88.4,473,544,86.9,163,236,69.1,0,1.8,2.3,-1.8,20,110,27,4,143,61,21.1,32,22,7,16,76,60,28,10,18,47,108,32,1,Matches,1367,1251,105,66,8,22,23,9,7,1,3,3,1127,11,23,6,0,0,28,46,2,23,47,36,0,0,0,222,10,14,41.7,England
Marko Arnautović,at AUT,"FW,MF",West Ham,28,1989,25.7,505,757,66.7,6653,1499,312,399,78.2,138,220,62.7,18,58,31.0,6,4.3,4.2,+1.7,35,26,17,4,52,21,36.8,9,8,4,7,19,12,20,3,17,13,34,35,0,Matches,757,722,34,11,9,2,61,11,3,1,2,0,505,1,39,5,1,0,35,29,43,61,13,16,0,0,0,103,22,39,36.1,England
Marko Grujić,rs SRB,"MF,DF",Liverpool,21,1996,0.2,11,14,78.6,189,75,4,6,66.7,7,7,100.0,0,1,0.0,0,0.0,0.0,0.0,1,0,0,0,1,2,100.0,0,1,1,2,2,0,0,0,0,0,2,0,0,Matches,14,14,0,0,0,0,0,0,0,0,0,0,11,0,0,0,0,0,0,0,0,0,0,2,0,0,0,2,0,2,0.0,England
Markus Suttner,at AUT,DF,Brighton,30,1987,13.1,435,613,71.0,8260,3590,184,208,88.5,178,238,74.8,64,141,45.4,0,0.3,0.6,-0.3,6,39,7,4,56,25,45.5,18,4,3,10,22,12,16,2,14,12,37,49,1,Matches,613,470,140,9,1,3,45,127,4,4,0,0,435,3,13,0,0,0,5,2,0,45,12,15,0,0,0,59,14,13,51.9,England
Marouane Fellaini,be BEL,MF,Manchester Utd,29,1987,6.9,336,398,84.4,4620,1237,185,212,87.3,101,120,84.2,17,27,63.0,0,0.2,0.2,-0.2,5,25,0,0,19,15,18.2,6,8,1,2,11,9,12,3,9,14,29,19,1,Matches,398,393,4,3,0,1,3,1,0,0,0,0,336,1,1,1,0,0,13,12,3,3,14,8,0,0,0,46,37,25,59.7,England
Martin Cranie,eng ENG,DF,Huddersfield,30,1986,2.0,72,91,79.1,1561,536,16,19,84.2,45,51,88.2,11,20,55.0,0,0.0,0.0,0.0,0,5,0,0,1,3,0.0,2,1,0,0,1,1,3,3,0,1,4,10,0,Matches,91,89,2,1,0,0,0,1,0,0,0,0,72,0,1,0,0,0,0,0,0,0,1,2,0,0,0,9,2,2,50.0,England
Martin Dúbravka,sk SVK,GK,Newcastle Utd,28,1989,12.0,203,348,58.3,6648,5297,24,24,100.0,93,94,98.9,86,230,37.4,0,0.0,0.0,0.0,0,7,0,0,0,0,,0,0,0,0,0,0,0,0,0,0,0,3,2,Matches,348,212,136,43,0,1,0,0,0,0,0,0,203,0,0,0,0,0,0,2,0,0,0,0,0,0,0,11,2,0,100.0,England
Martin Kelly,eng ENG,DF,Crystal Palace,27,1990,13.3,284,394,72.1,5365,2459,124,142,87.3,121,151,80.1,35,87,40.2,0,0.1,0.2,-0.1,2,19,0,0,16,19,53.8,15,4,0,14,26,12,16,11,5,9,28,67,3,Matches,394,344,48,5,0,1,6,43,0,0,0,0,284,2,5,1,0,0,8,4,0,6,9,13,0,0,1,43,27,36,42.9,England
Martin Olsson,se SWE,DF,Swansea City,29,1988,35.0,1100,1596,68.9,17189,6212,624,710,87.9,362,530,68.3,88,264,33.3,1,0.8,1.2,+0.2,13,65,24,18,87,34,41.4,18,10,6,12,29,17,21,4,17,31,65,81,0,Matches,1596,1295,298,12,0,3,163,286,0,0,0,0,1100,3,69,7,0,0,27,25,2,163,31,26,0,2,0,155,46,34,57.5,England
Marvin Zeegelaar,nl NED,DF,Watford,26,1990,11.0,436,584,74.7,6677,3045,259,297,87.2,140,193,72.5,28,55,50.9,1,1.0,0.8,0.0,7,39,10,7,54,23,45.8,15,3,5,11,24,13,5,1,4,20,43,30,0,Matches,584,453,131,6,1,2,38,124,1,0,1,0,436,0,27,4,1,0,17,9,0,38,20,18,0,0,0,63,12,8,60.0,England
Mason Holgate,jm JAM,DF,Everton,20,1996,13.2,361,543,66.5,7516,3316,131,162,80.9,162,214,75.7,65,148,43.9,0,0.6,0.4,-0.6,7,42,5,1,44,23,47.6,15,7,1,10,21,11,12,9,3,23,46,86,2,Matches,543,481,61,6,0,6,12,55,0,0,0,0,361,1,12,3,0,0,12,12,1,12,23,16,0,0,0,57,32,39,45.1,England
Massadio Haïdara,ml MLI,FW,Newcastle Utd,24,1992,0.0,2,2,100.0,17,0,2,2,100.0,0,0,,0,0,,0,0.0,0.0,0.0,0,0,0,0,0,0,,0,0,0,0,0,0,0,0,0,0,0,0,0,Matches,2,2,0,0,0,0,0,0,0,0,0,0,2,0,0,0,0,0,0,0,0,0,0,0,0,0,0,0,0,0,,England
Mathew Ryan,au AUS,GK,Brighton,25,1992,38.0,625,1186,52.7,25837,22013,20,20,100.0,178,179,99.4,427,975,43.8,0,0.0,0.1,0.0,0,24,0,0,0,0,0.0,0,0,0,0,3,3,0,0,0,3,3,10,3,Matches,1186,716,459,107,0,0,0,0,0,0,0,0,625,11,1,0,0,0,0,1,0,0,3,0,0,0,0,24,12,0,100.0,England
Mathias Jørgensen,dk DEN,DF,Huddersfield,27,1990,38.0,1206,1576,76.5,23654,9558,407,472,86.2,607,725,83.7,162,317,51.1,2,0.9,1.1,+1.1,9,95,2,0,120,55,42.2,40,13,2,19,45,26,49,20,29,76,131,249,5,Matches,1576,1507,63,54,2,4,0,9,0,0,0,0,1206,6,18,6,0,0,45,9,2,0,76,36,0,1,0,166,87,82,51.5,England
Matt Phillips,sct SCO,"MF,DF",West Brom,26,1991,23.3,434,704,61.6,7299,2673,245,302,81.1,127,198,64.1,50,134,37.3,2,4.1,4.0,-2.1,33,21,19,14,31,27,34.5,17,5,5,10,29,19,21,1,20,24,51,43,0,Matches,704,601,97,17,0,2,164,37,43,34,5,2,434,6,38,3,0,0,14,13,11,164,24,16,0,0,0,114,35,36,49.3,England
Matt Ritchie,sct SCO,"MF,FW",Newcastle Utd,27,1989,31.2,834,1279,65.2,13965,4500,418,488,85.7,267,399,66.9,108,280,38.6,5,6.0,4.7,-1.0,52,65,28,14,93,46,26.4,22,18,6,14,53,39,37,5,32,35,81,63,1,Matches,1279,1102,171,45,7,10,190,37,89,35,36,6,834,6,44,6,0,0,37,36,3,190,35,32,0,1,0,184,33,81,28.9,England
Matt Targett,eng ENG,DF,Southampton,21,1995,1.8,78,109,71.6,1440,660,40,42,95.2,25,34,73.5,12,28,42.9,0,0.1,0.2,-0.1,2,3,0,0,5,6,33.3,5,0,1,1,3,2,3,2,1,3,9,7,1,Matches,109,79,29,5,1,1,8,20,4,1,2,0,78,1,3,0,0,0,1,3,0,8,3,3,0,0,0,18,1,2,33.3,England
Matteo Darmian,it ITA,DF,Manchester Utd,27,1989,4.9,208,255,81.6,3066,995,107,117,91.5,68,82,82.9,15,28,53.6,0,0.0,0.0,0.0,1,12,0,0,16,16,31.6,7,7,2,6,19,13,5,3,2,7,23,23,0,Matches,255,200,54,1,0,0,6,53,0,0,0,0,208,1,8,0,0,0,5,1,0,6,7,14,0,0,0,17,6,6,50.0,England
Matthew Lowton,eng ENG,DF,Burnley,28,1989,25.5,779,1165,66.9,14940,5994,317,374,84.8,335,467,71.7,113,267,42.3,3,1.6,1.3,+1.4,14,78,20,11,82,55,46.7,26,27,2,28,60,32,35,15,20,39,94,141,2,Matches,1165,883,274,11,1,12,71,263,0,0,0,0,779,8,27,1,0,0,19,18,1,71,39,34,0,0,0,111,31,29,51.7,England
Matty James,eng ENG,MF,Leicester City,26,1991,11.0,363,448,81.0,5314,1297,188,218,86.2,134,160,83.8,17,32,53.1,0,0.1,0.3,-0.1,2,27,2,0,28,19,20.0,7,11,1,2,10,8,14,2,12,17,36,25,0,Matches,448,437,11,1,1,4,2,0,0,0,0,0,363,0,5,2,0,0,21,5,0,2,17,10,0,0,0,56,20,15,57.1,England
Maya Yoshida,jp JPN,DF,Southampton,28,1988,22.8,898,1072,83.8,17334,6704,317,348,91.1,479,525,91.2,95,173,54.9,0,0.4,0.5,-0.4,5,44,2,1,58,27,72.0,22,5,0,18,25,7,32,14,18,41,68,133,2,Matches,1072,1044,24,20,0,5,2,4,0,0,0,0,898,4,7,4,1,1,19,15,0,2,41,20,1,0,0,142,65,38,63.1,England
Mesut Özil,de GER,"MF,FW",Arsenal,28,1988,24.0,1604,1933,83.0,24221,7044,883,973,90.8,548,646,84.8,99,170,58.2,8,8.7,7.7,-0.7,84,183,79,2,277,20,22.7,6,10,4,5,22,17,11,1,10,12,32,9,0,Matches,1933,1794,129,31,18,8,98,16,76,45,16,3,1604,10,43,4,0,0,18,22,12,98,12,13,1,0,0,100,1,12,7.7,England
Michael Carrick,eng ENG,MF,Manchester Utd,36,1981,1.2,84,99,84.8,1602,837,40,41,97.6,29,29,100.0,14,25,56.0,0,0.1,0.2,-0.1,1,17,0,0,15,1,0.0,0,1,0,0,1,1,2,0,2,1,2,3,0,Matches,99,98,1,1,1,2,0,0,0,0,0,0,84,0,2,0,0,0,1,1,0,0,1,1,0,0,0,17,0,2,0.0,England
Michael Hefele,de GER,DF,Huddersfield,26,1990,0.4,8,10,80.0,116,30,6,6,100.0,2,3,66.7,0,0,,0,0.0,0.0,0.0,0,1,0,0,1,0,,0,0,0,0,0,0,0,0,0,1,1,5,0,Matches,10,9,0,0,0,0,0,0,0,0,0,0,8,1,0,1,0,0,2,0,0,0,1,0,0,1,0,1,1,0,100.0,England
Michael Keane,eng ENG,DF,Everton,24,1993,28.4,905,1170,77.4,19215,7605,270,330,81.8,481,552,87.1,149,258,57.8,1,0.5,0.4,+0.5,4,76,4,0,83,33,44.2,26,5,2,19,43,24,39,28,11,53,86,214,0,Matches,1170,1148,18,13,0,17,4,5,0,0,0,0,905,4,17,3,0,0,21,10,4,4,53,25,0,0,0,138,128,85,60.1,England
Michael Obafemi,ie IRL,FW,Southampton,17,2000,0.1,1,1,100.0,8,0,1,1,100.0,0,0,,0,0,,0,0.0,0.0,0.0,0,0,0,0,0,0,,0,0,0,0,0,0,0,0,0,0,0,0,0,Matches,1,1,0,0,0,0,0,0,0,0,0,0,1,0,0,0,0,0,0,0,0,0,0,0,0,0,0,0,0,1,0.0,England
Michail Antonio,jm JAM,"FW,MF",West Ham,27,1990,15.0,296,494,59.9,5256,1567,151,210,71.9,90,147,61.2,42,91,46.2,1,1.0,0.9,0.0,14,20,15,11,29,15,28.6,7,6,2,4,14,10,14,0,14,13,28,16,0,Matches,494,437,49,3,3,8,55,46,0,0,0,0,296,8,25,1,0,0,17,30,7,55,13,9,1,0,0,71,43,53,44.8,England
Michel Vorm,nl NED,GK,Tottenham,33,1983,1.0,23,26,88.5,602,324,1,1,100.0,17,17,100.0,5,8,62.5,0,0.0,0.0,0.0,0,0,0,0,0,0,,0,0,0,0,0,0,0,0,0,0,0,1,0,Matches,26,17,9,0,0,0,0,0,0,0,0,0,23,0,0,0,0,0,0,0,0,0,0,0,0,0,0,2,0,0,,England
Michy Batshuayi,be BEL,FW,Chelsea,23,1993,4.0,67,97,69.1,767,100,41,50,82.0,12,21,57.1,3,5,60.0,1,0.1,0.1,+0.9,1,2,1,0,8,5,33.3,2,3,0,1,3,2,0,0,0,1,6,3,0,Matches,97,87,9,0,0,0,0,0,0,0,0,0,67,1,5,0,0,0,4,3,6,0,1,4,0,0,1,9,7,14,33.3,England
Miguel Britos,uy URU,DF,Watford,32,1985,8.9,318,401,79.3,6586,2637,96,110,87.3,172,195,88.2,49,84,58.3,0,0.4,0.7,-0.4,3,32,4,1,43,15,54.5,10,5,0,6,11,5,9,1,8,12,27,45,1,Matches,401,381,16,12,0,3,5,4,0,0,0,0,318,4,6,3,1,0,8,6,0,5,12,11,0,0,0,45,27,19,58.7,England
Mike van der Hoorn,nl NED,DF,Swansea City,24,1992,21.6,669,882,75.9,13736,5320,215,250,86.0,340,400,85.0,106,210,50.5,0,0.6,0.2,-0.6,5,42,4,3,41,32,66.7,23,8,1,16,24,8,24,14,10,39,71,127,0,Matches,882,846,36,20,0,7,8,16,0,0,0,0,669,0,13,4,0,0,22,18,0,8,39,22,0,1,0,96,55,43,56.1,England
Mikel Merino,es ESP,MF,Newcastle Utd,21,1996,15.0,645,818,78.9,10947,3524,281,342,82.2,268,314,85.4,61,105,58.1,1,0.9,0.7,+0.1,16,84,14,0,108,56,30.4,21,32,3,17,56,39,36,8,28,34,90,25,0,Matches,818,802,14,12,6,8,3,1,1,0,0,0,645,2,13,4,0,0,30,29,0,3,34,40,0,0,0,139,38,39,49.4,England
Mohamed Diamé,sn SEN,MF,Newcastle Utd,30,1987,22.7,666,825,80.7,10938,3060,333,388,85.8,237,282,84.0,60,91,65.9,0,0.7,0.5,-0.7,13,64,7,1,81,89,25.8,33,48,8,16,62,46,44,7,37,48,137,30,2,Matches,825,819,4,3,2,14,6,1,0,0,0,0,666,2,14,3,0,0,44,16,0,6,48,64,0,0,0,141,57,55,50.9,England
Mohamed Elneny,eg EGY,MF,Arsenal,25,1992,9.6,789,852,92.6,12227,3138,430,454,94.7,296,313,94.6,42,53,79.2,1,0.9,1.0,+0.1,10,73,6,0,74,12,60.0,6,3,3,6,10,4,11,0,11,10,22,12,2,Matches,852,833,17,9,2,2,8,5,3,2,0,0,789,2,7,3,1,0,4,6,1,8,10,6,0,0,0,79,6,13,31.6,England
Mohamed Salah,eg EGY,FW,Liverpool,25,1992,32.3,772,1055,73.2,11021,3263,441,541,81.5,234,313,74.8,44,90,48.9,10,7.5,6.1,+2.5,62,42,43,3,97,12,13.0,2,5,5,3,23,20,10,0,10,5,17,5,0,Matches,1055,955,96,12,8,4,86,19,62,43,9,0,772,4,32,1,0,0,16,29,17,86,5,6,1,0,0,122,13,35,27.1,England
Molla Wagué,ml MLI,DF,Watford,26,1991,4.9,109,147,74.1,2278,1029,29,39,74.4,58,69,84.1,19,34,55.9,0,0.0,0.0,0.0,0,3,1,1,6,5,40.0,3,2,0,2,5,3,1,0,1,9,14,30,0,Matches,147,142,4,4,0,0,1,0,0,0,0,0,109,1,1,0,0,0,5,1,0,1,9,3,0,1,0,17,16,6,72.7,England
Morgan Schneiderlin,fr FRA,MF,Everton,27,1989,23.7,951,1143,83.2,15661,4847,482,535,90.1,333,387,86.0,91,151,60.3,0,0.2,0.4,-0.2,7,104,3,1,106,58,34.1,34,21,3,15,44,29,18,7,11,61,119,59,1,Matches,1143,1119,20,14,0,14,8,1,4,0,0,4,951,4,10,6,1,1,39,17,0,8,61,40,0,1,0,170,35,37,48.6,England
Moritz Bauer,at AUT,"DF,MF",Stoke City,25,1992,14.5,293,465,63.0,5276,2454,136,168,81.0,100,158,63.3,47,107,43.9,0,0.9,1.1,-0.9,13,18,10,8,19,24,38.5,17,7,0,10,26,16,9,1,8,12,36,48,0,Matches,465,314,149,11,0,3,39,138,0,0,0,0,293,2,17,4,0,0,19,20,1,39,12,17,0,0,0,54,18,22,45.0,England
Mousa Dembélé,be BEL,MF,Tottenham,30,1987,20.9,1316,1429,92.1,21995,7009,625,668,93.6,592,630,94.0,81,97,83.5,0,0.7,1.1,-0.7,18,177,4,1,211,36,24.3,19,11,6,9,37,28,20,0,20,33,69,15,0,Matches,1429,1383,44,28,1,4,1,4,0,0,0,0,1316,2,12,6,0,0,48,28,0,1,33,24,0,0,0,181,9,14,39.1,England
Moussa Sissoko,fr FRA,"MF,FW",Tottenham,27,1989,15.6,740,900,82.2,11433,2703,410,451,90.9,270,336,80.4,42,61,68.9,1,2.2,2.5,-1.2,27,69,21,3,85,23,75.0,14,5,4,9,12,3,11,1,10,9,32,23,1,Matches,900,879,20,6,3,6,19,11,2,0,0,0,740,1,24,3,0,0,23,8,3,19,9,17,0,0,0,108,15,14,51.7,England
Muhamed Bešić,ba BIH,MF,Everton,24,1992,0.5,27,28,96.4,526,84,12,12,100.0,10,10,100.0,5,6,83.3,0,0.0,0.0,0.0,1,1,1,0,2,1,33.3,1,0,0,1,3,2,2,2,0,0,1,1,0,Matches,28,26,2,2,0,0,0,0,0,0,0,0,27,0,0,0,0,0,1,2,0,0,0,1,0,0,0,3,2,1,66.7,England
N'Golo Kanté,fr FRA,MF,Chelsea,26,1991,33.3,1924,2174,88.5,30572,8032,975,1041,93.7,737,798,92.4,132,187,70.6,1,2.9,3.2,-1.9,40,195,35,2,274,113,35.9,55,52,6,33,92,59,40,4,36,85,198,29,3,Matches,2174,2143,23,20,8,20,13,3,0,0,0,0,1924,8,43,3,0,0,41,15,1,13,85,77,0,0,0,312,16,31,34.0,England
Nacer Chadli,be BEL,"FW,MF",West Brom,27,1989,2.9,54,77,70.1,617,122,32,40,80.0,15,21,71.4,1,5,20.0,0,0.1,0.1,-0.1,2,3,2,0,7,1,25.0,1,0,0,1,4,3,0,0,0,0,1,4,0,Matches,77,70,7,3,0,0,7,1,3,1,1,0,54,0,5,1,0,0,1,0,0,7,0,0,0,0,0,15,1,2,33.3,England
Nacho Monreal,es ESP,DF,Arsenal,31,1986,24.9,1603,1816,88.3,26197,9511,767,838,91.5,724,779,92.9,84,134,62.7,2,2.6,1.6,-0.6,13,117,13,4,138,54,43.8,19,29,6,21,48,27,26,7,19,56,110,83,2,Matches,1816,1716,96,34,0,0,31,62,0,0,0,0,1603,4,24,3,0,0,19,17,2,31,56,32,0,1,0,155,62,62,50.0,England
Nahki Wells,bm BER,"FW,MF",Burnley,27,1990,0.6,16,18,88.9,264,13,6,6,100.0,8,10,80.0,1,1,100.0,0,0.0,0.0,0.0,0,0,0,0,1,4,100.0,0,3,1,1,1,0,2,0,2,0,4,0,0,Matches,18,17,1,0,0,0,2,0,0,0,0,0,16,0,0,0,0,0,4,0,0,2,0,3,0,0,0,5,0,5,0.0,England
Nathan Aké,nl NED,DF,Bournemouth,22,1995,37.3,1344,1609,83.5,26293,11309,437,510,85.7,737,833,88.5,159,240,66.3,3,1.9,1.7,+1.1,9,89,3,0,96,53,55.0,34,16,3,22,40,18,47,24,23,48,101,246,2,Matches,1609,1551,56,43,0,2,5,13,0,0,0,0,1344,2,11,5,0,0,27,19,2,5,48,32,0,0,0,178,104,89,53.9,England
Nathan Dyer,eng ENG,"MF,FW",Swansea City,29,1987,14.5,426,553,77.0,5556,976,273,313,87.2,113,155,72.9,9,24,37.5,0,0.8,1.1,-0.8,10,19,15,1,34,22,25.0,8,9,5,6,24,18,13,0,13,11,33,3,0,Matches,553,542,10,3,2,0,33,7,0,0,0,0,426,1,20,2,0,0,17,20,1,33,11,16,0,0,0,82,5,26,16.1,England
Nathan Redmond,eng ENG,"FW,MF",Southampton,23,1994,21.6,644,888,72.5,10743,2550,343,421,81.5,200,258,77.5,75,138,54.3,3,3.6,3.1,-0.6,42,43,33,4,94,32,38.7,16,14,2,12,31,19,20,0,20,15,47,17,2,Matches,888,826,57,9,5,11,69,15,26,15,5,3,644,5,30,3,0,0,19,18,4,69,15,17,0,0,0,126,4,15,21.1,England
Nathaniel Chalobah,eng ENG,MF,Watford,22,1994,5.0,132,184,71.7,2235,836,61,76,80.3,51,67,76.1,12,28,42.9,0,0.0,0.1,0.0,1,18,1,0,22,9,40.0,2,6,1,2,5,3,6,5,1,6,15,6,0,Matches,184,178,6,5,1,3,2,0,0,0,0,0,132,0,5,1,0,0,3,7,1,2,6,6,0,0,0,36,10,5,66.7,England
Nathaniel Clyne,eng ENG,"DF,FW",Liverpool,26,1991,1.9,108,141,76.6,1751,558,58,65,89.2,37,52,71.2,9,13,69.2,0,0.1,0.1,-0.1,1,7,2,1,5,3,0.0,2,1,0,0,1,1,2,1,1,0,3,3,0,Matches,141,111,30,0,0,0,7,30,0,0,0,0,108,0,5,1,0,0,4,0,0,7,0,1,0,0,0,10,3,3,50.0,England
Nemanja Matić,rs SRB,MF,Manchester Utd,28,1988,34.6,2299,2647,86.9,40993,11705,974,1068,91.2,959,1042,92.0,269,356,75.6,1,1.6,2.2,-0.6,24,220,23,1,237,70,32.4,32,34,4,23,71,48,50,13,37,64,134,62,2,Matches,2647,2526,107,92,4,47,18,14,1,0,0,0,2299,14,41,6,0,0,33,22,2,18,64,42,0,0,0,317,56,27,67.5,England
Nick Pope,eng ENG,GK,Burnley,25,1992,34.6,546,1224,44.6,26090,23787,17,17,100.0,138,144,95.8,391,1055,37.1,0,0.5,0.3,-0.5,4,74,1,0,0,0,0.0,0,0,0,0,1,1,0,0,0,0,0,21,0,Matches,1224,714,503,206,0,0,0,0,0,0,0,0,546,7,1,3,0,0,1,2,0,0,0,0,0,1,0,18,12,1,92.3,England
Nicolás Otamendi,ar ARG,DF,Manchester City,29,1988,33.0,2829,3082,91.8,51762,16561,1081,1132,95.5,1459,1561,93.5,238,312,76.3,0,0.9,1.1,-0.9,12,226,5,0,212,58,43.2,35,22,1,19,44,25,21,10,11,48,106,129,3,Matches,3082,3035,45,41,3,39,2,4,0,0,0,0,2829,2,11,9,0,0,28,22,0,2,48,43,0,1,1,190,76,66,53.5,England
Nikola Vlašić,hr CRO,"MF,FW",Everton,19,1997,6.4,152,211,72.0,1824,477,101,128,78.9,31,43,72.1,4,7,57.1,0,0.8,0.7,-0.8,11,5,7,1,16,9,22.2,3,6,0,2,9,7,14,2,12,9,18,10,0,Matches,211,209,2,0,2,0,8,0,1,1,0,0,152,0,11,0,0,0,7,7,1,8,9,5,0,0,0,39,5,14,26.3,England
Nordin Amrabat,ma MAR,FW,Watford,30,1987,2.2,44,78,56.4,585,190,29,36,80.6,9,21,42.9,4,9,44.4,0,0.1,0.2,-0.1,3,4,3,2,7,6,33.3,1,5,0,1,3,2,1,0,1,0,6,2,0,Matches,78,75,2,0,0,1,9,2,0,0,0,0,44,1,5,0,0,0,6,2,2,9,0,3,0,0,0,8,3,6,33.3,England
Oleksandr Zinchenko,ua UKR,DF,Manchester City,20,1996,5.9,664,729,91.1,9453,2333,391,414,94.4,218,235,92.8,31,46,67.4,0,0.4,0.5,-0.4,8,55,8,0,57,23,53.8,11,9,3,7,13,6,3,0,3,6,29,7,0,Matches,729,678,51,4,0,5,10,47,0,0,0,0,664,0,8,1,0,0,7,1,2,10,6,16,0,0,0,32,16,3,84.2,England
Oliver Burke,sct SCO,"FW,MF",West Brom,20,1997,4.1,114,151,75.5,1509,284,76,91,83.5,28,39,71.8,5,9,55.6,2,0.5,0.4,+1.5,4,4,3,2,6,6,33.3,3,2,1,4,12,8,3,0,3,7,13,3,0,Matches,151,148,2,1,0,2,9,1,0,0,0,0,114,1,5,0,0,0,2,5,0,9,7,4,0,0,0,14,5,7,41.7,England
Oliver McBurnie,sct SCO,"FW,MF",Swansea City,21,1996,3.1,68,103,66.0,777,116,46,62,74.2,11,22,50.0,2,3,66.7,1,0.7,0.5,+0.3,1,3,2,0,9,4,33.3,0,2,2,1,3,2,2,0,2,0,4,3,0,Matches,103,96,6,0,1,0,3,0,0,0,0,0,68,1,4,0,0,0,4,4,0,3,0,3,0,0,0,10,22,20,52.4,England
Olivier Giroud,fr FRA,FW,Arsenal,30,1986,4.3,96,140,68.6,920,160,68,92,73.9,11,17,64.7,1,3,33.3,1,0.9,0.8,+0.1,7,4,4,1,5,5,20.0,1,2,2,1,5,4,1,0,1,1,6,4,0,Matches,140,136,3,0,2,1,3,0,0,0,0,0,96,1,3,0,0,0,7,2,2,3,1,4,0,0,0,8,23,18,56.1,England
Olivier Giroud,fr FRA,FW,Chelsea,30,1986,6.8,155,240,64.6,1625,328,80,121,66.1,28,51,54.9,6,14,42.9,1,2.0,1.3,-1.0,13,8,4,0,21,4,33.3,1,2,1,1,3,2,0,0,0,1,5,5,0,Matches,240,226,14,0,3,0,0,1,0,0,0,0,155,0,3,0,0,0,6,7,3,0,1,3,0,0,0,15,46,24,65.7,England
Orestis Karnezis,gr GRE,GK,Watford,32,1985,14.4,198,404,49.0,8667,7762,5,5,100.0,50,51,98.0,143,348,41.1,0,0.0,0.0,0.0,0,8,0,0,0,0,0.0,0,0,0,0,2,2,0,0,0,1,1,3,3,Matches,404,237,167,86,0,0,0,0,0,0,0,0,198,0,0,0,0,0,0,1,0,0,1,0,0,0,0,15,5,0,100.0,England
Oriol Romeu,es ESP,MF,Southampton,25,1991,32.2,1524,1854,82.2,26097,7844,698,799,87.4,652,772,84.5,137,194,70.6,0,1.4,1.4,-1.4,22,165,12,0,201,93,32.0,41,44,8,32,100,68,59,19,40,69,162,77,2,Matches,1854,1830,21,19,2,17,6,2,0,0,0,0,1524,3,27,11,0,0,53,37,3,6,69,64,0,0,0,255,96,80,54.5,England
Oumar Niasse,sn SEN,FW,Everton,27,1990,12.1,158,259,61.0,1959,407,87,134,64.9,44,66,66.7,5,10,50.0,2,1.4,1.8,+0.6,11,9,8,1,17,10,21.1,2,5,3,4,19,15,3,2,1,2,12,6,0,Matches,259,249,9,0,2,0,7,1,1,0,0,0,158,1,17,2,0,0,31,15,20,7,2,6,1,0,0,27,34,67,33.7,England
Pablo Zabaleta,ar ARG,"DF,MF",West Ham,32,1985,36.5,1152,1612,71.5,19588,8642,538,646,83.3,481,641,75.0,111,241,46.1,1,0.9,1.3,+0.1,17,109,24,12,145,96,49.0,54,28,14,48,98,50,72,13,59,61,157,152,0,Matches,1612,1216,390,8,1,5,71,382,0,0,0,0,1152,6,59,9,0,0,33,34,1,71,61,67,0,2,1,182,57,56,50.4,England
Pape Souaré,sn SEN,DF,Crystal Palace,27,1990,0.1,9,11,81.8,92,11,6,6,100.0,2,4,50.0,0,0,,0,0.0,0.0,0.0,0,1,0,0,0,0,,0,0,0,0,0,0,0,0,0,0,0,0,0,Matches,11,9,2,0,0,0,0,2,0,0,0,0,9,0,0,0,0,0,0,0,0,0,0,0,0,0,0,0,0,0,,England
Pascal Groß,de GER,"FW,MF",Brighton,26,1991,32.5,1001,1470,68.1,16478,5349,516,607,85.0,258,378,68.3,142,307,46.3,8,8.3,6.1,-0.3,82,86,39,16,153,36,14.9,18,16,2,10,67,57,31,5,26,14,50,20,0,Matches,1470,1251,204,69,10,15,234,6,114,67,38,4,1001,15,48,2,0,0,33,20,9,234,14,24,0,0,0,137,12,56,17.6,England
Patrice Evra,fr FRA,"DF,MF",West Ham,36,1981,2.5,84,120,70.0,1311,617,49,57,86.0,27,42,64.3,7,12,58.3,0,0.0,0.0,0.0,0,8,0,0,7,6,75.0,5,1,0,6,8,2,4,1,3,7,13,6,0,Matches,120,97,22,2,1,1,2,20,0,0,0,0,84,1,7,0,0,0,0,2,1,2,7,4,0,0,0,18,7,7,50.0,England
Patrick van Aanholt,nl NED,DF,Crystal Palace,26,1990,24.3,884,1176,75.2,14197,6422,479,532,90.0,311,431,72.2,74,152,48.7,1,2.1,1.8,-1.1,18,63,28,6,92,47,47.1,29,15,3,16,34,18,24,5,19,47,94,64,2,Matches,1176,897,276,30,3,2,56,235,11,3,5,2,884,3,31,7,0,0,18,10,3,56,47,32,0,0,0,162,6,5,54.5,England
Paul Dummett,wls WAL,DF,Newcastle Utd,25,1991,17.8,535,779,68.7,8906,4389,252,304,82.9,223,305,73.1,43,119,36.1,0,0.3,0.6,-0.3,6,50,7,3,57,28,48.1,21,7,0,13,27,14,27,10,17,23,51,107,1,Matches,779,615,160,6,1,2,22,154,0,0,0,0,535,4,23,1,0,0,8,11,0,22,23,19,0,1,0,73,54,34,61.4,England
Paul Pogba,fr FRA,MF,Manchester Utd,24,1993,23.9,1476,1763,83.7,23981,7902,722,788,91.6,475,561,84.7,166,246,67.5,10,4.5,4.6,+5.5,39,181,49,3,250,33,15.2,13,15,5,5,33,28,16,0,16,21,54,26,0,Matches,1763,1727,27,22,15,43,28,5,0,0,0,0,1476,9,19,5,1,0,44,51,3,28,21,23,0,0,0,161,49,29,62.8,England
Paulo Gazzaniga,ar ARG,GK,Tottenham,25,1992,1.0,20,25,80.0,545,379,3,3,100.0,10,10,100.0,7,12,58.3,0,0.0,0.0,0.0,0,0,0,0,0,0,0.0,0,0,0,0,1,1,0,0,0,0,0,0,0,Matches,25,16,9,1,0,0,0,0,0,0,0,0,20,0,0,0,0,0,0,0,0,0,0,0,0,0,0,0,1,0,100.0,England
Pedro,es ESP,"MF,FW",Chelsea,30,1987,16.9,555,705,78.7,7896,1761,340,388,87.6,138,188,73.4,39,59,66.1,2,1.3,1.6,+0.7,26,32,23,5,56,20,27.8,6,8,6,5,18,13,13,1,12,13,33,7,1,Matches,705,691,14,6,3,7,46,5,3,3,0,0,555,0,18,1,0,0,9,18,15,46,13,11,0,0,0,99,0,18,0.0,England
Pedro Obiang,gq EQG,MF,West Ham,25,1992,17.4,614,771,79.6,11054,3243,259,309,83.8,264,310,85.2,71,114,62.3,0,0.4,1.0,-0.4,6,80,5,2,77,53,33.3,20,29,4,17,51,34,37,16,21,24,77,27,1,Matches,771,758,9,7,2,11,8,2,0,0,0,0,614,4,10,3,0,0,27,24,0,8,24,34,0,0,0,124,20,26,43.5,England
Per Mertesacker,de GER,DF,Arsenal,32,1984,4.1,226,247,91.5,4270,1894,72,74,97.3,134,146,91.8,17,22,77.3,0,0.0,0.0,0.0,0,6,0,0,6,2,0.0,0,2,0,0,1,1,4,3,1,6,8,22,2,Matches,247,243,4,4,0,0,0,0,0,0,0,0,226,0,0,0,0,0,2,4,0,0,6,2,0,0,0,32,22,6,78.6,England
Peter Crouch,eng ENG,FW,Stoke City,36,1981,17.4,375,643,58.3,4463,1102,282,447,63.1,68,122,55.7,9,16,56.3,2,2.8,1.9,-0.8,21,40,7,0,41,2,0.0,0,1,1,0,12,12,7,4,3,1,3,31,0,Matches,643,633,6,0,1,0,3,2,0,0,0,0,375,4,13,4,0,0,40,11,14,3,1,0,0,0,0,40,243,122,66.6,England
Petr Čech,cz CZE,GK,Arsenal,35,1982,33.8,749,1039,72.1,22106,16596,74,75,98.7,398,400,99.5,276,556,49.6,0,0.0,0.0,0.0,0,11,1,0,1,1,100.0,1,0,0,1,1,0,0,0,0,0,1,23,7,Matches,1039,735,299,74,0,2,0,0,0,0,0,0,749,5,3,1,0,0,0,4,0,0,0,1,0,0,0,47,14,1,93.3,England
Phil Bardsley,sct SCO,DF,Burnley,32,1985,12.5,394,587,67.1,6906,3437,190,214,88.8,163,245,66.5,37,103,35.9,0,0.3,0.7,-0.3,5,55,13,7,53,17,36.4,9,7,1,4,11,7,22,6,16,22,39,77,0,Matches,587,426,157,10,0,2,19,147,0,0,0,0,394,4,9,5,0,0,22,19,0,19,22,16,0,1,0,61,26,27,49.1,England
Phil Foden,eng ENG,"MF,FW",Manchester City,17,2000,0.5,41,48,85.4,461,52,29,30,96.7,8,11,72.7,0,1,0.0,1,0.3,0.2,+0.7,2,2,0,0,0,1,0.0,0,1,0,0,1,1,0,0,0,0,1,1,0,Matches,48,46,2,0,0,0,4,0,2,0,1,0,41,0,1,0,0,0,1,3,0,4,0,1,0,0,0,0,0,3,0.0,England
Phil Jagielka,eng ENG,DF,Everton,34,1982,22.9,737,983,75.0,16406,5143,219,246,89.0,362,430,84.2,150,285,52.6,0,0.0,0.3,0.0,1,62,6,0,53,33,38.1,24,9,0,8,21,13,30,20,10,39,72,179,1,Matches,983,932,43,38,0,15,4,5,0,0,0,0,737,8,5,2,0,0,8,15,0,4,39,23,0,0,0,123,65,41,61.3,England
Phil Jones,eng ENG,DF,Manchester Utd,25,1992,21.9,991,1090,90.9,18639,5304,313,336,93.2,546,576,94.8,99,135,73.3,0,0.1,0.1,-0.1,2,37,1,0,45,25,45.0,20,5,0,9,20,11,25,17,8,41,66,133,2,Matches,1090,1074,14,11,0,0,2,3,0,0,0,0,991,2,6,2,0,0,10,24,0,2,41,18,0,0,1,134,53,22,70.7,England
Philip Billing,dk DEN,MF,Huddersfield,21,1996,8.5,285,394,72.3,4747,1279,142,168,84.5,107,140,76.4,25,62,40.3,0,0.5,0.4,-0.5,2,22,4,2,26,25,36.4,11,11,3,8,22,14,17,1,16,18,43,19,0,Matches,394,377,17,6,1,2,12,11,0,0,0,0,285,0,8,3,0,0,14,6,1,12,18,16,0,1,0,73,25,12,67.6,England
Philippe Coutinho,br BRA,"MF,FW",Liverpool,25,1992,12.3,566,758,74.7,10208,3685,246,287,85.7,231,288,80.2,73,134,54.5,6,4.7,4.7,+1.3,40,99,44,7,145,17,14.3,4,10,3,3,21,18,10,0,10,10,27,5,1,Matches,758,674,76,19,17,5,58,2,53,21,22,0,566,8,18,0,0,0,5,21,4,58,10,14,0,0,0,60,1,7,12.5,England
Pierre Højbjerg,dk DEN,MF,Southampton,21,1995,18.6,952,1132,84.1,15556,3430,465,530,87.7,361,411,87.8,82,115,71.3,0,0.6,1.0,-0.6,13,68,10,3,90,45,23.2,24,18,3,13,56,43,30,3,27,37,82,26,1,Matches,1132,1094,33,19,5,14,12,7,0,0,0,0,952,5,15,6,0,0,32,29,1,12,37,29,0,0,0,180,28,28,50.0,England
Pierre-Emerick Aubameyang,ga GAB,FW,Arsenal,28,1989,11.7,225,337,66.8,2707,423,157,192,81.8,47,82,57.3,5,20,25.0,4,1.1,1.3,+2.9,13,10,5,2,9,5,14.3,3,2,0,1,7,6,14,1,13,3,8,7,0,Matches,337,312,24,0,1,1,16,3,0,0,0,0,225,1,14,0,0,0,1,8,10,16,3,4,0,0,0,29,8,28,22.2,England
Ragnar Klavan,ee EST,DF,Liverpool,31,1985,16.1,1097,1218,90.1,21335,7588,331,353,93.8,659,697,94.5,95,143,66.4,0,0.2,0.6,-0.2,4,61,6,0,73,14,50.0,6,7,1,6,12,6,11,5,6,15,29,85,1,Matches,1218,1180,35,19,1,5,1,16,0,0,0,0,1097,3,4,0,0,0,7,12,0,1,15,10,0,0,0,96,37,39,48.7,England
Raheem Sterling,eng ENG,FW,Manchester City,22,1994,28.7,998,1221,81.7,11836,2411,644,716,89.9,243,303,80.2,17,34,50.0,11,7.3,5.8,+3.7,55,34,49,3,94,19,9.4,7,7,5,3,32,29,24,0,24,9,28,9,0,Matches,1221,1199,19,1,9,4,39,9,6,2,1,0,998,3,49,5,2,1,39,58,19,39,9,14,6,1,0,109,7,24,22.6,England
Rajiv van La Parra,nl NED,"FW,MF",Huddersfield,26,1991,23.7,517,725,71.3,7433,1525,298,362,82.3,169,232,72.8,24,55,43.6,0,0.9,1.2,-0.9,14,20,15,6,65,41,29.3,18,15,8,12,41,29,27,1,26,21,62,8,1,Matches,725,709,14,2,3,0,84,6,5,5,0,0,517,2,46,3,1,0,29,47,3,84,21,29,0,0,0,152,12,28,30.0,England
Ramadan Sobhi,eg EGY,"MF,FW",Stoke City,20,1997,13.8,340,452,75.2,4533,1308,206,250,82.4,99,130,76.2,11,19,57.9,0,1.0,1.1,-1.0,15,19,15,2,38,32,30.6,17,14,1,11,36,25,14,0,14,14,46,14,0,Matches,452,433,18,2,1,0,16,14,0,0,0,0,340,1,15,2,0,0,14,13,3,16,14,21,0,0,0,90,11,16,40.7,England
Ramiro Funes Mori,ar ARG,DF,Everton,26,1991,1.3,43,55,78.2,807,304,17,19,89.5,19,20,95.0,7,14,50.0,0,0.0,0.0,0.0,0,4,0,0,2,0,,0,0,0,0,0,0,1,1,0,3,3,14,0,Matches,55,53,2,1,0,0,0,1,0,0,0,0,43,0,2,1,0,0,3,2,0,0,3,0,0,0,0,9,7,4,63.6,England
Reece Oxford,eng ENG,MF,West Ham,18,1998,0.1,0,2,0.0,0,0,0,0,,0,0,,0,1,0.0,0,0.0,0.0,0.0,0,0,0,0,0,2,100.0,1,1,0,1,1,0,0,0,0,0,2,0,0,Matches,2,2,0,0,0,0,0,0,0,0,0,0,0,0,0,0,0,0,1,0,0,0,0,1,0,0,0,0,0,0,,England
Reiss Nelson,eng ENG,"FW,MF",Arsenal,17,1999,1.6,73,81,90.1,963,219,45,46,97.8,24,26,92.3,2,3,66.7,0,0.0,0.1,0.0,1,2,4,0,8,4,,1,1,2,0,0,0,4,0,4,3,7,0,0,Matches,81,80,0,0,0,1,1,0,0,0,0,0,73,1,0,0,0,0,0,2,0,1,3,3,0,0,0,10,1,0,100.0,England
Rekeem Harper,eng ENG,MF,West Brom,17,2000,0.2,4,5,80.0,82,30,1,1,100.0,2,3,66.7,1,1,100.0,0,0.1,0.0,-0.1,2,0,0,0,1,1,,0,1,0,0,0,0,0,0,0,0,1,0,0,Matches,5,5,0,0,0,0,0,0,0,0,0,0,4,0,0,0,0,0,0,0,0,0,0,1,0,0,0,2,0,0,,England
Renato Sanches,pt POR,MF,Swansea City,19,1997,7.8,330,420,78.6,5364,1268,162,182,89.0,123,157,78.3,28,55,50.9,0,0.3,0.4,-0.3,6,33,3,1,45,12,33.3,6,6,0,6,18,12,9,1,8,7,19,5,1,Matches,420,383,36,16,1,6,32,8,11,8,3,0,330,1,5,1,0,0,8,20,0,32,7,7,0,0,0,50,2,12,14.3,England
Richarlison,br BRA,"FW,MF",Watford,20,1997,31.4,524,861,60.9,6835,1988,345,462,74.7,135,231,58.4,15,42,35.7,4,3.4,2.2,+0.6,26,40,23,2,73,64,25.6,26,28,10,10,39,29,39,5,34,24,88,32,1,Matches,861,853,6,0,2,3,51,4,1,0,1,0,524,2,67,4,0,0,37,95,21,51,24,44,2,0,0,138,119,158,43.0,England
Riyad Mahrez,dz ALG,"MF,FW",Leicester City,26,1991,32.8,1088,1485,73.3,19045,6041,553,647,85.5,326,436,74.8,150,267,56.2,10,7.2,7.0,+2.8,57,122,50,8,190,39,15.9,16,17,6,10,63,53,32,1,31,18,57,15,0,Matches,1485,1249,224,86,18,28,158,39,93,62,11,0,1088,12,34,2,0,0,23,58,10,158,18,27,0,0,0,174,28,52,35.0,England
Rob Elliot,ie IRL,GK,Newcastle Utd,31,1986,16.0,308,537,57.4,12289,10903,23,23,100.0,102,105,97.1,183,408,44.9,0,0.0,0.1,0.0,0,9,0,0,0,0,0.0,0,0,0,0,1,1,0,0,0,0,0,8,0,Matches,537,303,234,75,0,0,0,0,0,0,0,0,308,0,0,0,0,0,0,2,0,0,0,0,0,0,0,4,5,1,83.3,England
Rob Holding,eng ENG,DF,Arsenal,21,1995,9.1,517,612,84.5,9871,3314,176,204,86.3,271,295,91.9,58,91,63.7,0,0.0,0.1,0.0,2,33,0,0,47,19,33.3,13,5,1,4,12,8,16,10,6,21,40,40,2,Matches,612,593,17,10,1,11,0,7,0,0,0,0,517,2,5,3,0,0,9,5,0,0,21,14,0,0,0,67,27,20,57.4,England
Robbie Brady,ie IRL,MF,Burnley,25,1992,14.2,354,593,59.7,6916,2653,166,206,80.6,109,179,60.9,72,168,42.9,2,2.1,2.6,-0.1,26,39,18,6,54,32,28.6,14,17,1,8,28,20,17,3,14,7,39,29,0,Matches,593,469,114,41,4,7,123,6,67,33,23,8,354,10,22,3,0,0,20,11,3,123,7,21,0,0,0,74,9,12,42.9,England
Roberto Firmino,br BRA,FW,Liverpool,25,1991,30.7,869,1233,70.5,11802,3204,501,658,76.1,272,366,74.3,33,53,62.3,7,6.5,5.6,+0.5,57,68,45,0,136,65,13.8,9,36,20,8,58,50,40,2,38,18,83,10,0,Matches,1233,1180,48,5,17,0,43,16,1,1,0,0,869,5,52,1,0,0,57,18,13,43,18,50,1,0,0,139,46,131,26.0,England
Roberto Pereyra,ar ARG,"MF,FW",Watford,26,1991,18.0,597,735,81.2,9330,2419,340,381,89.2,180,228,78.9,54,78,69.2,2,3.0,3.0,-1.0,23,52,26,8,79,10,15.4,4,5,1,2,13,11,16,0,16,9,19,6,0,Matches,735,689,45,12,1,12,49,9,20,10,4,1,597,1,15,3,0,0,18,27,2,49,9,8,2,0,0,101,3,17,15.0,England
Rolando Aarons,eng ENG,"MF,FW",Newcastle Utd,21,1995,1.5,29,44,65.9,376,77,24,30,80.0,2,5,40.0,2,3,66.7,0,0.0,0.0,0.0,0,2,1,1,3,4,66.7,3,1,0,4,6,2,3,0,3,1,5,0,0,Matches,44,41,2,2,0,1,2,0,0,0,0,0,29,1,3,0,0,0,1,3,1,2,1,4,0,0,0,9,1,3,25.0,England
Romelu Lukaku,be BEL,FW,Manchester Utd,24,1993,31.9,502,763,65.8,6310,1511,282,377,74.8,118,207,57.0,27,44,61.4,7,4.7,3.8,+2.3,33,33,33,5,63,7,0.0,1,3,3,0,13,13,9,2,7,3,10,22,2,Matches,763,732,26,0,11,6,36,1,0,0,0,0,502,5,26,4,0,0,31,16,18,36,3,4,0,0,0,55,108,95,53.2,England
Roque Mesa,es ESP,MF,Swansea City,28,1989,8.4,422,489,86.3,7233,1664,202,220,91.8,168,194,86.6,43,53,81.1,0,0.2,0.3,-0.2,5,21,3,0,36,20,27.0,8,8,4,10,37,27,6,0,6,13,33,8,1,Matches,489,470,18,17,0,4,1,1,0,0,0,0,422,1,8,3,0,0,14,10,0,1,13,13,0,1,0,86,1,3,25.0,England
Ross Barkley,eng ENG,MF,Chelsea,23,1993,1.4,39,53,73.6,560,96,23,28,82.1,9,13,69.2,3,6,50.0,0,0.1,0.0,-0.1,2,0,2,1,4,0,0.0,0,0,0,0,1,1,3,1,2,0,0,2,0,Matches,53,52,0,0,0,0,2,0,0,0,0,0,39,1,1,0,0,0,1,1,0,2,0,0,0,0,0,3,2,2,50.0,England
Ruben Loftus-Cheek,eng ENG,MF,Crystal Palace,21,1996,20.8,603,745,80.9,8326,2630,364,424,85.8,168,199,84.4,31,47,66.0,3,3.2,2.6,-0.2,25,64,25,2,106,21,23.3,7,13,1,7,30,23,19,2,17,22,43,31,0,Matches,745,725,14,2,1,3,12,4,0,0,0,0,603,6,24,1,0,0,17,62,3,12,22,15,1,0,0,130,32,55,36.8,England
Ryan Bertrand,eng ENG,DF,Southampton,27,1989,34.8,1476,1954,75.5,21055,8752,911,1022,89.1,444,594,74.7,71,195,36.4,4,3.1,3.3,+0.9,36,130,42,11,174,48,61.3,27,17,4,19,31,12,28,9,19,44,92,74,0,Matches,1954,1549,395,34,1,3,136,328,33,22,5,2,1476,10,70,2,0,0,32,33,1,136,44,35,0,0,0,146,43,51,45.7,England
Ryan Fraser,sct SCO,"MF,DF",Bournemouth,23,1994,22.3,694,1005,69.1,11573,4056,349,436,80.0,281,393,71.5,54,137,39.4,3,3.3,2.8,-0.3,42,61,35,15,99,11,35.0,7,2,2,7,20,13,20,4,16,17,28,34,0,Matches,1005,866,134,29,3,2,138,46,59,27,22,0,694,5,39,0,0,0,6,45,1,138,17,8,0,0,0,103,8,25,24.2,England
Ryan Shawcross,eng ENG,DF,Stoke City,29,1987,26.3,449,668,67.2,9003,4503,136,181,75.1,233,322,72.4,66,136,48.5,1,0.3,0.2,+0.7,2,39,1,0,46,36,52.0,25,9,2,13,25,12,33,23,10,40,76,224,1,Matches,668,648,18,17,0,3,0,1,0,0,0,0,449,2,5,2,0,0,26,18,4,0,40,20,0,1,1,80,150,75,66.7,England
Sadio Mané,sn SEN,FW,Liverpool,25,1992,24.3,787,1005,78.3,11585,2403,440,528,83.3,276,327,84.4,38,61,62.3,7,5.4,4.9,+1.6,48,55,56,5,120,28,13.0,8,11,9,3,23,20,20,0,20,9,37,8,0,Matches,1005,991,11,2,10,3,32,8,1,0,0,0,787,3,29,3,1,0,24,50,12,32,9,20,0,0,0,111,27,60,31.0,England
Saido Berahino,bi BDI,FW,Stoke City,23,1993,5.5,75,99,75.8,1078,138,42,52,80.8,27,34,79.4,3,5,60.0,1,0.6,0.3,+0.4,3,3,3,1,9,2,0.0,0,1,1,0,1,1,4,1,3,1,3,2,0,Matches,99,87,12,0,1,1,4,0,0,0,0,0,75,0,2,0,0,0,6,4,4,4,1,2,1,0,0,13,4,19,17.4,England
Salomón Rondón,ve VEN,FW,West Brom,27,1989,30.7,564,874,64.5,7392,1287,366,485,75.5,140,228,61.4,21,44,47.7,3,2.8,2.5,+0.2,23,47,14,2,66,14,19.2,0,7,7,5,26,21,27,0,27,14,28,20,0,Matches,874,834,38,3,4,3,35,4,0,0,0,0,564,2,33,4,0,0,42,55,28,35,14,6,0,0,0,135,162,207,43.9,England
Sam Baldock,eng ENG,FW,Brighton,28,1989,0.4,4,7,57.1,41,7,3,5,60.0,1,2,50.0,0,0,,0,0.0,0.0,0.0,0,0,0,0,0,0,,0,0,0,0,0,0,0,0,0,0,0,0,0,Matches,7,6,1,1,0,0,0,0,0,0,0,0,4,0,1,0,0,0,0,0,0,0,0,0,0,0,0,1,0,0,,England
Sam Byram,eng ENG,"DF,MF",West Ham,23,1993,2.8,73,123,59.3,1293,676,29,40,72.5,37,53,69.8,6,25,24.0,0,0.1,0.4,-0.1,2,12,5,3,14,9,44.4,6,3,0,4,9,5,6,2,4,9,18,16,0,Matches,123,93,30,1,0,0,10,29,0,0,0,0,73,0,5,1,0,0,4,1,1,10,9,5,0,0,0,10,13,7,65.0,England
Sam Clucas,eng ENG,MF,Swansea City,26,1990,22.7,689,872,79.0,11783,2786,327,375,87.2,274,333,82.3,68,117,58.1,1,1.3,1.1,-0.3,15,46,3,1,61,34,34.5,21,11,2,10,29,19,31,7,24,29,63,34,1,Matches,872,788,80,26,2,5,55,27,24,16,4,1,689,4,12,2,0,0,10,14,3,55,29,19,0,0,0,110,36,36,50.0,England
Sam Field,eng ENG,MF,West Brom,19,1998,6.0,128,177,72.3,2253,806,65,83,78.3,47,57,82.5,13,25,52.0,0,0.2,0.2,-0.2,4,13,8,1,32,14,30.0,8,4,2,3,10,7,6,1,5,11,25,8,0,Matches,177,169,6,3,0,3,8,1,2,1,1,0,128,2,3,3,0,0,11,7,0,8,11,11,0,0,0,28,8,7,53.3,England
Sam McQueen,eng ENG,"DF,MF",Southampton,22,1995,1.6,54,77,70.1,615,259,40,49,81.6,10,16,62.5,1,6,16.7,0,0.2,0.0,-0.2,3,4,1,0,4,4,50.0,4,0,0,2,4,2,2,1,1,3,7,3,0,Matches,77,66,11,1,0,0,4,10,0,0,0,0,54,0,3,0,0,0,0,0,1,4,3,4,0,0,0,10,0,1,0.0,England
Sam Vokes,wls WAL,FW,Burnley,27,1989,11.1,131,269,48.7,1554,428,88,156,56.4,33,82,40.2,2,5,40.0,1,1.3,0.4,-0.3,8,18,0,0,17,3,0.0,1,2,0,0,3,3,6,2,4,3,6,15,0,Matches,269,262,4,0,0,0,1,0,0,0,0,0,131,3,3,3,0,0,20,15,12,1,3,1,0,0,0,22,121,92,56.8,England
Sandro Ramírez,es ESP,"FW,MF",Everton,22,1995,3.1,66,90,73.3,781,102,42,52,80.8,14,17,82.4,2,4,50.0,0,0.0,0.1,0.0,1,1,1,0,8,2,0.0,0,1,1,0,3,3,1,0,1,1,3,0,0,Matches,90,81,7,0,0,1,6,0,2,0,0,0,66,2,5,0,0,0,1,7,1,6,1,1,0,0,0,8,2,5,28.6,England
Scott Arfield,ca CAN,"MF,FW",Burnley,28,1988,14.8,247,367,67.3,3441,942,150,198,75.8,75,103,72.8,9,25,36.0,1,0.4,0.4,+0.6,7,25,6,1,32,36,43.2,20,13,3,19,44,25,22,1,21,11,47,24,0,Matches,367,357,5,0,1,1,8,1,1,0,1,0,247,5,16,3,0,0,21,14,1,8,11,26,0,0,0,83,11,30,26.8,England
Scott Dann,eng ENG,DF,Crystal Palace,30,1987,15.9,454,574,79.1,9072,3668,154,175,88.0,221,254,87.0,70,127,55.1,0,0.2,0.3,-0.2,5,30,2,0,42,10,41.2,8,2,0,7,17,10,17,14,3,23,33,98,1,Matches,574,546,24,22,1,12,2,2,0,0,0,0,454,4,4,4,0,0,12,3,2,2,23,5,0,1,0,72,48,33,59.3,England
Scott Malone,eng ENG,DF,Huddersfield,26,1991,12.4,492,708,69.5,8982,3413,209,257,81.3,211,284,74.3,60,120,50.0,1,0.5,0.5,+0.5,10,32,10,3,51,39,70.8,27,10,2,17,24,7,12,2,10,26,65,43,2,Matches,708,530,171,9,0,5,46,162,0,0,0,0,492,7,34,3,0,0,19,9,0,46,26,29,0,1,0,89,13,13,50.0,England
Scott McTominay,sct SCO,MF,Manchester Utd,20,1996,7.0,302,347,87.0,4914,1409,140,152,92.1,122,129,94.6,23,36,63.9,0,0.0,0.2,0.0,2,37,4,0,48,11,38.5,4,5,2,5,13,8,3,0,3,13,24,9,0,Matches,347,345,2,2,1,1,4,0,0,0,0,0,302,0,6,2,0,0,7,16,0,4,13,9,0,0,0,44,11,10,52.4,England
Sead Kolašinac,ba BIH,DF,Arsenal,24,1993,23.9,1203,1515,79.4,17835,5821,648,753,86.1,469,576,81.4,40,86,46.5,4,3.5,3.3,+0.5,19,69,19,6,105,49,51.3,28,13,8,20,39,19,15,3,12,26,75,56,0,Matches,1515,1294,219,16,0,4,42,203,0,0,0,0,1203,2,38,3,0,0,32,10,1,42,26,37,0,0,0,134,47,32,59.5,England
Sebastian Prödl,at AUT,DF,Watford,30,1987,17.4,445,573,77.7,8856,3785,164,193,85.0,202,242,83.5,68,118,57.6,0,0.2,0.1,-0.2,2,32,2,0,40,22,53.3,19,3,0,8,15,7,20,9,11,31,53,92,1,Matches,573,552,18,17,0,6,1,1,0,0,0,0,445,3,5,5,0,0,21,9,2,1,31,17,0,0,0,76,42,28,60.0,England
Serge Aurier,ci CIV,DF,Tottenham,24,1992,15.9,779,1035,75.3,12584,4253,398,474,84.0,322,419,76.8,49,98,50.0,2,2.6,1.3,-0.6,14,37,25,6,67,48,35.5,27,13,8,11,31,20,20,1,19,31,79,54,1,Matches,1035,837,194,7,1,2,68,187,0,0,0,0,779,4,35,3,1,1,21,16,2,68,31,27,0,1,0,89,48,29,62.3,England
Sergio Agüero,ar ARG,FW,Manchester City,29,1988,21.8,529,650,81.4,6018,1087,360,405,88.9,107,140,76.4,11,13,84.6,6,5.6,3.8,+0.4,40,25,24,0,49,9,11.8,2,6,1,2,17,15,12,1,11,6,15,3,0,Matches,650,620,27,0,4,0,16,3,1,0,0,0,529,3,20,2,0,0,10,17,16,16,6,6,0,0,0,59,10,19,34.5,England
Sergio Romero,ar ARG,GK,Manchester Utd,30,1987,1.0,17,25,68.0,596,494,3,3,100.0,5,5,100.0,9,17,52.9,0,0.0,0.0,0.0,0,0,0,0,0,0,,0,0,0,0,0,0,0,0,0,0,0,0,0,Matches,25,15,10,3,0,0,0,0,0,0,0,0,17,0,0,0,0,0,0,0,0,0,0,0,0,0,0,0,0,0,,England
Shane Duffy,ie IRL,DF,Brighton,25,1992,36.6,1045,1368,76.4,23174,7843,271,328,82.6,544,624,87.2,213,373,57.1,1,1.1,0.9,-0.1,8,35,3,2,39,31,35.0,22,9,0,7,20,13,66,59,7,50,81,332,5,Matches,1368,1326,39,35,0,28,3,4,0,0,0,0,1045,3,8,8,0,0,33,25,7,3,50,19,1,1,0,162,192,89,68.3,England
Shane Long,ie IRL,FW,Southampton,30,1987,17.6,271,419,64.7,3471,585,173,229,75.5,64,111,57.7,10,21,47.6,1,1.3,1.4,-0.3,20,11,9,3,21,25,33.3,1,19,5,10,30,20,14,2,12,12,37,29,0,Matches,419,404,15,0,1,1,21,3,0,0,0,0,271,0,13,6,0,0,34,40,14,21,12,20,1,0,0,42,76,112,40.4,England
Shinji Okazaki,jp JPN,"FW,MF",Leicester City,31,1986,14.7,283,393,72.0,3477,814,172,226,76.1,64,87,73.6,10,18,55.6,2,2.0,1.1,0.0,15,24,5,0,24,25,14.3,3,18,4,4,28,24,15,1,14,8,33,6,0,Matches,393,366,26,0,2,2,6,0,0,0,0,0,283,1,14,2,0,0,20,28,9,6,8,16,0,0,0,66,30,58,34.1,England
Shkodran Mustafi,de GER,DF,Arsenal,25,1992,25.3,1500,1755,85.5,29511,12068,423,465,91.0,938,1031,91.0,121,219,55.3,1,1.3,1.2,-0.3,7,103,7,3,92,64,51.9,42,18,4,28,54,26,23,15,8,57,121,175,2,Matches,1755,1709,40,37,5,5,12,3,0,0,0,0,1500,6,11,6,0,0,26,12,2,12,57,46,0,0,0,158,121,73,62.4,England
Simon Francis,eng ENG,DF,Bournemouth,32,1985,30.1,1347,1864,72.3,26343,11347,512,612,83.7,632,807,78.3,184,383,48.0,1,1.5,2.4,-0.5,27,109,25,18,119,49,55.8,26,16,7,24,43,19,29,18,11,49,98,194,4,Matches,1864,1617,243,65,1,28,78,176,2,0,1,0,1347,4,36,10,1,1,24,15,1,78,49,34,0,0,0,159,142,73,66.0,England
Simon Mignolet,be BEL,GK,Liverpool,29,1988,19.0,447,601,74.4,11461,8759,79,79,100.0,260,261,99.6,108,258,41.9,0,0.0,0.0,0.0,0,6,0,0,0,2,33.3,2,0,0,1,3,2,0,0,0,0,2,5,3,Matches,601,459,141,40,0,0,0,0,0,0,0,0,447,1,1,3,0,0,2,2,0,0,0,1,0,1,0,47,4,0,100.0,England
Sofiane Boufal,ma MAR,"FW,MF",Southampton,23,1993,13.5,431,580,74.3,6295,1617,250,302,82.8,123,164,75.0,32,60,53.3,2,1.8,1.8,+0.2,21,37,24,3,76,37,34.3,12,14,11,12,35,23,20,1,19,6,43,6,0,Matches,580,553,25,3,6,5,40,6,11,9,1,0,431,2,18,1,0,0,27,28,2,40,6,24,0,0,0,81,6,12,33.3,England
Solly March,eng ENG,"MF,FW",Brighton,23,1994,20.6,516,756,68.3,8609,2396,255,309,82.5,173,241,71.8,59,119,49.6,1,1.4,1.8,-0.4,18,33,19,9,60,54,40.7,34,14,6,22,54,32,27,3,24,13,67,49,0,Matches,756,710,35,4,1,11,102,6,18,6,9,1,516,11,36,3,0,0,29,22,7,102,13,41,1,0,0,135,19,42,31.1,England
Son Heung-min,kr KOR,FW,Tottenham,25,1992,25.6,792,980,80.8,10977,2123,472,549,86.0,260,307,84.7,25,46,54.3,6,6.2,4.3,-0.2,39,52,26,3,92,17,7.1,2,12,3,2,28,26,18,0,18,10,27,12,0,Matches,980,955,20,2,6,2,51,8,4,0,1,0,792,5,35,0,0,0,15,26,25,51,10,10,0,0,0,84,2,13,13.3,England
Stefano Okaka,it ITA,FW,Watford,27,1989,5.0,105,160,65.6,1334,215,67,85,78.8,17,36,47.2,7,8,87.5,1,0.4,0.4,+0.6,5,9,3,0,10,6,50.0,0,6,0,3,6,3,3,0,3,0,6,0,0,Matches,160,154,4,1,2,1,1,3,0,0,0,0,105,2,5,2,0,0,21,9,4,1,0,4,0,0,0,23,22,28,44.0,England
Stephen Ireland,ie IRL,"MF,FW",Stoke City,30,1986,1.5,57,70,81.4,788,200,37,40,92.5,13,14,92.9,3,7,42.9,0,0.0,0.0,0.0,1,5,0,0,7,3,20.0,2,1,0,1,5,4,4,2,2,1,4,1,0,Matches,70,63,5,0,1,1,0,2,0,0,0,0,57,2,1,1,0,0,1,1,0,0,1,1,0,0,0,2,0,2,0.0,England
Stephen Ward,ie IRL,DF,Burnley,31,1985,27.3,865,1293,66.9,15628,6840,396,457,86.7,351,504,69.6,102,260,39.2,1,1.4,1.4,-0.4,16,96,21,15,87,39,47.6,27,8,4,20,42,22,27,12,15,42,81,126,0,Matches,1293,990,292,15,0,3,82,277,0,0,0,0,865,11,42,1,0,0,11,29,3,82,42,31,0,0,0,105,54,28,65.9,England
Steve Cook,eng ENG,DF,Bournemouth,26,1991,30.7,1029,1400,73.5,22531,9824,246,313,78.6,610,742,82.2,163,315,51.7,1,1.0,0.5,0.0,5,65,4,0,83,37,65.5,28,7,2,19,29,10,63,45,18,54,91,232,4,Matches,1400,1296,101,31,0,11,6,70,0,0,0,0,1029,3,14,5,0,0,22,19,1,6,54,19,0,0,1,138,132,68,66.0,England
Steve Mounié,bj BEN,FW,Huddersfield,22,1994,20.6,325,536,60.6,4180,756,205,309,66.3,76,147,51.7,13,18,72.2,1,1.8,0.7,-0.8,17,22,5,0,27,11,0.0,2,4,5,0,19,19,23,3,20,7,18,30,0,Matches,536,512,22,0,2,2,9,2,0,0,0,0,325,2,9,2,0,0,28,16,23,9,7,8,0,0,0,63,143,131,52.2,England
Steven Davis,nir NIR,MF,Southampton,32,1985,16.9,886,1092,81.1,14571,4068,424,472,89.8,349,403,86.6,78,134,58.2,0,1.1,1.9,-1.1,18,101,20,3,129,30,36.7,10,17,3,11,30,19,22,6,16,15,45,24,1,Matches,1092,1037,50,14,7,8,42,1,27,18,3,1,886,5,27,0,0,0,8,8,3,42,15,21,1,0,0,137,14,26,35.0,England
Steven Defour,be BEL,MF,Burnley,29,1988,22.2,865,1062,81.5,15646,4797,365,412,88.6,389,443,87.8,93,161,57.8,1,1.1,1.5,-0.1,19,89,25,10,117,33,21.7,12,18,3,10,46,36,35,7,28,46,79,25,0,Matches,1062,1038,17,11,2,10,35,4,2,1,0,0,865,7,11,6,0,0,13,7,0,35,46,22,0,0,0,156,5,12,29.4,England
Sullay Kaikai,sl SLE,MF,Crystal Palace,21,1995,0.2,4,8,50.0,60,18,3,4,75.0,0,3,0.0,1,1,100.0,0,0.0,0.0,0.0,0,0,0,0,1,1,,0,1,0,0,0,0,1,0,1,0,1,1,0,Matches,8,5,3,1,0,0,2,0,2,0,0,0,4,0,0,0,0,0,0,0,0,2,0,0,0,0,0,2,0,1,0.0,England
Séamus Coleman,ie IRL,DF,Everton,28,1988,11.5,369,516,71.5,5449,2296,217,252,86.1,121,178,68.0,18,55,32.7,1,0.7,0.5,+0.3,7,30,7,1,44,14,54.5,9,3,2,6,11,5,16,12,4,10,24,29,2,Matches,516,384,129,1,0,1,28,128,0,0,0,0,369,3,16,0,0,0,3,13,0,28,10,14,0,0,0,53,14,11,56.0,England
Tammy Abraham,eng ENG,FW,Swansea City,19,1997,19.2,206,314,65.6,2754,557,123,173,71.1,56,89,62.9,10,22,45.5,1,1.6,0.8,-0.6,12,16,6,2,20,10,7.7,1,7,2,1,13,12,8,1,7,1,11,11,0,Matches,314,286,28,0,2,1,13,1,0,0,0,0,206,0,6,0,0,0,15,27,9,13,1,8,0,0,0,41,39,58,40.2,England
Terence Kongolo,nl NED,DF,Huddersfield,23,1994,11.7,263,390,67.4,4459,2277,128,157,81.5,110,154,71.4,17,51,33.3,0,0.1,0.3,-0.1,3,32,3,2,36,33,63.6,19,13,1,14,22,8,12,6,6,32,65,71,0,Matches,390,314,73,7,0,1,10,66,0,0,0,0,263,3,12,0,0,0,5,10,0,10,32,20,0,0,0,50,27,13,67.5,England
Theo Walcott,eng ENG,"FW,MF",Arsenal,28,1989,0.8,15,23,65.2,211,45,11,15,73.3,3,6,50.0,1,1,100.0,0,0.0,0.0,0.0,0,2,0,0,2,1,,1,0,0,0,0,0,0,0,0,1,2,0,0,Matches,23,22,1,0,0,0,3,1,0,0,0,0,15,0,1,0,0,0,1,0,5,3,1,0,0,0,0,1,0,2,0.0,England
Theo Walcott,eng ENG,FW,Everton,28,1989,12.8,246,355,69.3,3593,1094,130,158,82.3,78,122,63.9,20,36,55.6,3,2.4,1.4,+0.6,14,17,17,9,33,27,46.7,12,13,2,7,15,8,9,0,9,8,35,12,0,Matches,355,325,29,1,0,2,45,2,3,0,1,0,246,1,15,2,0,0,6,28,7,45,8,19,0,0,0,75,7,17,29.2,England
Thibaut Courtois,be BEL,GK,Chelsea,25,1992,35.0,903,1202,75.1,25829,17424,105,106,99.1,514,519,99.0,279,564,49.5,0,0.0,0.0,0.0,0,14,0,0,0,0,,0,0,0,0,0,0,0,0,0,0,0,8,1,Matches,1202,897,300,52,0,0,0,0,0,0,0,0,903,5,1,2,0,0,2,3,0,0,0,0,0,2,0,37,2,1,66.7,England
Tiemoué Bakayoko,fr FRA,MF,Chelsea,22,1994,23.6,957,1116,85.8,14377,3737,511,571,89.5,326,377,86.5,58,76,76.3,2,1.2,0.9,+0.8,16,88,9,1,123,64,33.3,25,32,7,16,48,32,23,6,17,37,101,38,4,Matches,1116,1104,9,8,0,13,5,1,0,0,0,0,957,3,9,5,1,1,50,24,2,5,37,41,0,0,0,169,40,34,54.1,England
Timothy Fosu-Mensah,nl NED,DF,Crystal Palace,19,1998,17.7,536,746,71.8,9128,4060,254,294,86.4,220,290,75.9,47,132,35.6,0,0.3,0.4,-0.3,6,53,9,4,56,42,61.8,33,8,1,21,34,13,17,9,8,31,73,74,1,Matches,746,621,122,8,0,4,17,114,0,0,0,0,536,3,13,2,0,0,18,13,0,17,31,33,0,0,0,97,19,22,46.3,England
Toby Alderweireld,be BEL,DF,Tottenham,28,1989,13.1,793,931,85.2,18331,6712,176,188,93.6,459,496,92.5,153,236,64.8,0,0.1,0.4,-0.1,3,102,7,1,109,19,53.3,7,11,1,8,15,7,11,5,6,4,23,55,0,Matches,931,901,30,21,1,31,7,9,0,0,0,0,793,0,4,3,0,0,8,1,0,7,4,13,0,0,0,57,14,29,32.6,England
Tom Carroll,eng ENG,MF,Swansea City,25,1992,28.6,1235,1577,78.3,21581,7289,575,640,89.8,472,566,83.4,147,283,51.9,4,4.1,4.1,-0.1,47,161,31,8,179,53,26.4,22,23,8,14,53,39,37,8,29,29,82,18,1,Matches,1577,1430,144,62,3,10,129,1,70,42,20,1,1235,3,32,3,0,0,23,17,1,129,29,33,0,0,0,139,10,21,32.3,England
Tom Cleverley,eng ENG,MF,Watford,27,1989,21.1,964,1238,77.9,15750,4846,481,542,88.7,346,419,82.6,89,181,49.2,2,1.6,1.8,+0.4,29,132,17,2,136,48,40.4,25,16,7,21,52,31,11,1,10,25,73,21,0,Matches,1238,1092,136,44,2,7,82,9,47,26,12,0,964,10,26,3,1,1,33,26,1,82,25,26,0,0,0,151,24,42,36.4,England
Tom Davies,eng ENG,MF,Everton,19,1998,21.1,547,715,76.5,8064,2003,298,347,85.9,174,223,78.0,33,67,49.3,1,0.6,1.0,+0.4,10,45,13,1,62,30,22.2,14,11,5,12,54,42,19,5,14,24,54,21,0,Matches,715,681,30,8,1,3,17,3,10,4,4,0,547,4,19,7,0,0,38,43,3,17,24,20,0,0,0,110,18,34,34.6,England
Tom Edwards,eng ENG,"DF,MF",Stoke City,18,1999,5.3,151,217,69.6,2619,1196,73,79,92.4,55,71,77.5,17,51,33.3,0,0.4,0.3,-0.4,1,9,3,2,11,15,100.0,10,5,0,8,8,0,5,2,3,5,20,20,0,Matches,217,176,40,1,0,1,15,39,0,0,0,0,151,1,4,0,0,0,3,2,0,15,5,9,0,0,0,29,8,6,57.1,England
Tom Heaton,eng ENG,GK,Burnley,31,1986,3.4,70,120,58.3,2857,2413,3,3,100.0,26,26,100.0,41,87,47.1,0,0.0,0.0,0.0,0,6,0,0,0,0,,0,0,0,0,0,0,0,0,0,0,0,0,0,Matches,120,57,59,27,0,0,0,0,0,0,0,0,70,4,0,0,0,0,0,0,0,0,0,0,0,0,0,3,1,0,100.0,England
Tom Ince,eng ENG,"MF,FW",Huddersfield,25,1992,27.2,572,763,75.0,8640,1728,317,361,87.8,198,235,84.3,34,96,35.4,0,1.4,1.2,-1.4,18,27,14,7,60,35,34.5,14,16,5,10,29,19,20,0,20,12,47,12,0,Matches,763,682,77,4,2,4,59,15,36,26,4,1,572,4,28,0,0,0,22,36,10,59,12,27,0,0,0,136,16,43,27.1,England
Tomer Hemed,il ISR,FW,Brighton,30,1987,9.4,146,237,61.6,1717,278,96,136,70.6,35,65,53.8,2,4,50.0,2,0.1,0.1,+1.9,3,8,1,0,13,7,20.0,3,4,0,2,10,8,10,1,9,2,9,12,0,Matches,237,227,8,0,0,0,1,0,0,0,0,0,146,2,5,0,0,0,10,13,7,1,2,5,0,0,0,22,66,85,43.7,England
Tommy Smith,eng ENG,DF,Huddersfield,25,1992,21.2,773,1118,69.1,12945,4931,374,431,86.8,315,445,70.8,70,189,37.0,1,1.8,1.8,-0.8,15,45,19,12,56,38,63.9,18,14,6,23,36,13,22,6,16,26,64,80,3,Matches,1118,835,280,21,1,1,64,259,0,0,0,0,773,3,29,7,0,0,20,18,3,64,26,27,0,1,0,109,18,15,54.5,England
Trent Alexander-Arnold,eng ENG,DF,Liverpool,18,1998,17.5,963,1309,73.6,17689,5965,408,458,89.1,418,546,76.6,117,243,48.1,1,2.6,1.7,-1.6,25,76,25,6,94,37,61.1,23,9,5,22,36,14,20,5,15,28,65,46,1,Matches,1309,1083,222,15,3,11,102,196,11,7,3,1,963,4,39,3,0,0,12,1,3,102,28,25,0,0,0,133,5,17,22.7,England
Troy Deeney,eng ENG,FW,Watford,29,1988,20.5,309,552,56.0,4094,1303,207,330,62.7,69,127,54.3,15,29,51.7,2,2.8,2.0,-0.8,26,46,21,1,71,15,27.3,3,8,4,3,11,8,14,1,13,5,20,20,0,Matches,552,543,7,1,1,2,7,1,0,0,0,0,309,2,20,1,1,0,24,17,16,7,5,11,0,0,0,52,132,182,42.0,England
Tyrese Campbell,eng ENG,FW,Stoke City,17,1999,0.9,10,20,50.0,129,47,6,12,50.0,4,6,66.7,0,0,,0,0.0,0.0,0.0,0,1,3,0,4,2,100.0,0,2,0,1,1,0,1,1,0,1,3,0,0,Matches,20,19,1,0,0,0,3,0,0,0,0,0,10,0,1,0,0,0,0,0,1,3,1,1,0,0,0,1,2,4,33.3,England
Tyrone Mings,eng ENG,DF,Bournemouth,24,1993,2.2,91,116,78.4,1830,798,29,36,80.6,48,51,94.1,13,26,50.0,0,0.1,0.1,-0.1,1,4,2,1,8,1,,1,0,0,0,0,0,2,2,0,6,7,13,1,Matches,116,111,5,3,0,2,1,2,0,0,0,0,91,0,2,1,0,0,2,1,0,1,6,1,0,0,0,14,2,2,50.0,England
Uwe Hünemeier,de GER,DF,Brighton,31,1986,0.2,1,4,25.0,38,0,0,0,,0,0,,1,3,33.3,0,0.0,0.0,0.0,0,0,0,0,0,0,,0,0,0,0,0,0,0,0,0,0,0,4,0,Matches,4,4,0,0,0,1,0,0,0,0,0,0,1,0,0,0,0,0,0,0,0,0,0,0,0,0,0,0,2,0,100.0,England
Vicente Iborra,es ESP,MF,Leicester City,29,1988,15.7,698,860,81.2,11864,3247,320,393,81.4,271,317,85.5,70,94,74.5,0,0.5,1.1,-0.5,8,54,5,0,79,23,25.0,13,10,0,9,36,27,25,11,14,19,42,49,1,Matches,860,842,17,10,2,8,1,1,0,0,0,0,698,1,10,0,0,0,19,18,2,1,19,18,0,0,0,127,32,34,48.5,England
Victor Lindelöf,se SWE,DF,Manchester Utd,23,1994,14.3,707,780,90.6,11923,4239,310,328,94.5,328,361,90.9,52,66,78.8,0,0.3,0.3,-0.3,2,33,1,0,42,17,64.3,10,6,1,9,14,5,15,11,4,13,30,67,1,Matches,780,738,41,14,0,3,1,27,0,0,0,0,707,1,4,1,0,0,10,9,0,1,13,11,0,0,0,94,21,24,46.7,England
Victor Moses,ng NGA,"DF,MF",Chelsea,26,1990,23.4,815,1122,72.6,13255,3497,429,498,86.1,286,393,72.8,72,136,52.9,3,2.4,2.5,+0.6,20,26,24,10,66,37,58.3,21,13,3,14,24,10,29,4,25,15,52,39,2,Matches,1122,920,197,3,2,5,90,194,0,0,0,0,815,5,46,3,0,0,23,27,9,90,15,29,1,0,0,143,28,41,40.6,England
Victor Wanyama,ke KEN,MF,Tottenham,26,1991,9.4,540,623,86.7,9771,2741,243,266,91.4,227,256,88.7,65,84,77.4,0,0.2,0.4,-0.2,5,64,0,0,65,30,45.2,13,16,1,14,31,17,13,3,10,10,40,20,1,Matches,623,610,11,8,1,5,2,2,0,0,0,0,540,2,7,2,0,0,13,9,0,2,10,20,0,0,0,78,17,15,53.1,England
Vincent Janssen,nl NED,DF,Tottenham,23,1994,0.0,0,0,,0,0,0,0,,0,0,,0,0,,0,0.0,0.0,0.0,0,0,0,0,0,0,,0,0,0,0,0,0,0,0,0,0,0,0,0,Matches,0,0,0,0,0,0,0,0,0,0,0,0,0,0,0,0,0,0,1,0,0,0,0,0,0,0,0,0,0,0,,England
Vincent Kompany,be BEL,DF,Manchester City,31,1986,15.5,1327,1434,92.5,24734,8914,506,534,94.8,671,709,94.6,129,164,78.7,1,0.5,0.6,+0.5,4,94,2,0,85,20,68.4,14,5,1,13,19,6,10,8,2,16,36,73,1,Matches,1434,1416,17,13,1,9,0,4,0,0,0,0,1327,1,1,6,0,0,18,1,0,0,16,11,0,0,0,91,42,12,77.8,England
Virgil van Dijk,nl NED,DF,Liverpool,26,1991,14.0,1023,1140,89.7,20881,7404,295,317,93.1,577,613,94.1,136,191,71.2,0,1.2,0.8,-1.2,5,61,2,0,82,15,80.0,7,7,1,4,5,1,8,2,6,18,33,80,1,Matches,1140,1119,20,18,2,8,0,2,0,0,0,0,1023,1,2,1,0,0,8,11,0,0,18,8,0,1,0,69,77,29,72.6,England
Virgil van Dijk,nl NED,DF,Southampton,26,1991,11.0,544,638,85.3,10773,3485,176,194,90.7,297,321,92.5,64,107,59.8,0,1.0,1.3,-1.0,3,27,2,0,42,10,66.7,6,2,2,2,3,1,14,13,1,29,39,81,1,Matches,638,615,20,19,1,13,1,1,0,0,0,0,544,3,1,0,0,0,6,10,0,1,29,7,0,1,0,71,60,21,74.1,England
Wayne Hennessey,wls WAL,GK,Crystal Palace,30,1987,27.0,409,787,52.0,17667,16033,34,34,100.0,119,122,97.5,256,625,41.0,0,0.5,0.3,-0.5,1,27,1,0,0,0,,0,0,0,0,0,0,1,0,1,2,2,5,1,Matches,787,451,330,103,0,0,0,0,0,0,0,0,409,6,0,1,0,0,0,2,0,0,2,0,0,0,0,21,8,0,100.0,England
Wayne Rooney,eng ENG,"MF,FW",Everton,31,1985,25.2,934,1241,75.3,17847,4680,398,474,84.0,348,410,84.9,150,263,57.0,2,2.2,3.4,-0.2,33,117,26,6,122,28,23.8,11,13,4,10,42,32,25,6,19,16,44,43,2,Matches,1241,1140,94,37,9,23,62,10,30,13,13,3,934,7,27,5,0,0,35,18,8,62,16,19,0,1,0,154,25,32,43.9,England
Wayne Routledge,eng ENG,"MF,FW",Swansea City,32,1985,4.8,115,177,65.0,1676,481,58,71,81.7,46,64,71.9,5,19,26.3,0,0.4,0.7,-0.4,6,8,6,3,17,10,25.0,2,6,2,2,8,6,5,0,5,2,12,5,0,Matches,177,171,5,0,0,0,15,1,3,2,0,0,115,1,9,1,0,0,9,0,0,15,2,5,0,0,0,28,5,8,38.5,England
Wes Morgan,jm JAM,DF,Leicester City,33,1984,31.3,741,918,80.7,13008,5208,317,369,85.9,331,401,82.5,67,110,60.9,0,0.4,0.2,-0.4,5,29,3,0,50,35,66.7,26,8,1,12,18,6,41,27,14,31,66,146,1,Matches,918,901,13,12,0,2,0,1,0,0,0,0,741,4,4,4,0,0,31,12,1,0,31,25,0,0,0,99,91,57,61.5,England
Wesley Hoedt,nl NED,DF,Southampton,23,1994,28.0,1053,1352,77.9,22333,9239,350,394,88.8,515,608,84.7,179,319,56.1,1,0.5,0.3,+0.5,9,118,5,1,143,60,59.0,48,12,0,36,61,25,32,17,15,40,100,177,2,Matches,1352,1282,64,47,1,43,6,17,0,0,0,0,1053,6,11,7,0,0,22,15,0,6,40,51,0,1,0,200,61,50,55.0,England
Wilfred Ndidi,ng NGA,MF,Leicester City,20,1996,32.2,1285,1707,75.3,20760,5599,639,788,81.1,445,574,77.5,126,202,62.4,3,0.6,1.1,+2.4,12,117,10,1,136,138,37.8,68,65,5,45,119,74,67,10,57,51,189,103,2,Matches,1707,1686,11,7,7,11,9,4,0,0,0,0,1285,10,29,10,4,2,60,26,1,9,51,89,1,0,0,296,116,74,61.1,England
Wilfried Bony,ci CIV,FW,Swansea City,28,1988,7.9,131,209,62.7,1637,308,92,124,74.2,31,53,58.5,3,4,75.0,0,0.2,0.2,-0.2,4,13,2,0,11,5,20.0,2,2,1,1,5,4,4,1,3,2,7,15,0,Matches,209,196,12,1,0,0,0,0,0,0,0,0,131,1,12,2,0,0,7,11,2,0,2,4,0,0,0,15,43,58,42.6,England
Wilfried Zaha,ci CIV,"FW,MF",Crystal Palace,24,1992,28.3,497,716,69.4,6815,2094,291,365,79.7,149,208,71.6,24,52,46.2,3,4.7,4.4,-1.7,52,41,49,7,96,30,17.4,9,13,8,4,23,19,24,0,24,7,37,4,0,Matches,716,695,18,1,6,3,76,14,0,0,0,0,497,3,39,5,0,0,45,76,19,76,7,23,4,0,0,124,4,15,21.1,England
Will Hughes,eng ENG,MF,Watford,22,1995,11.0,322,416,77.4,4055,1197,208,241,86.3,78,103,75.7,8,21,38.1,3,1.5,1.8,+1.5,17,35,14,1,60,34,47.4,7,18,9,9,19,10,16,1,15,15,49,6,0,Matches,416,399,14,3,4,0,10,0,6,6,0,0,322,3,12,0,0,0,19,21,1,10,15,18,0,0,0,58,3,14,17.6,England
Willian,br BRA,"MF,FW",Chelsea,28,1988,21.0,768,1038,74.0,12180,2766,393,471,83.4,258,336,76.8,68,125,54.4,7,5.3,4.3,+1.7,61,54,44,4,131,22,0.0,7,12,3,0,16,16,13,1,12,10,32,10,0,Matches,1038,946,84,27,5,18,99,7,49,17,20,0,768,8,30,1,0,0,10,36,5,99,10,17,1,0,0,101,10,15,40.0,England
Willy Caballero,ar ARG,GK,Chelsea,35,1981,3.0,73,100,73.0,1939,1484,17,18,94.4,32,33,97.0,23,46,50.0,0,0.0,0.0,0.0,0,0,0,0,0,0,,0,0,0,0,0,0,0,0,0,0,0,3,0,Matches,100,79,21,6,0,0,0,0,0,0,0,0,73,0,2,0,0,0,0,0,0,0,0,0,0,0,0,9,2,0,100.0,England
Winston Reid,nz NZL,DF,West Ham,29,1988,16.1,539,664,81.2,11983,3790,121,145,83.4,323,347,93.1,92,161,57.1,0,0.3,0.7,-0.3,4,28,2,0,39,11,26.7,7,4,0,4,15,11,27,14,13,22,33,104,0,Matches,664,646,14,14,0,10,1,0,0,0,0,0,539,4,2,5,0,0,14,15,0,1,22,9,0,0,0,80,43,24,64.2,England
Xherdan Shaqiri,ch SUI,"MF,FW",Stoke City,25,1991,33.8,923,1293,71.4,16836,5750,418,472,88.6,314,418,75.1,152,307,49.5,7,7.1,7.4,-0.1,75,94,59,12,161,25,25.6,9,11,5,10,39,29,9,1,8,16,41,6,2,Matches,1293,1043,242,82,15,11,201,29,88,48,32,4,923,8,33,5,0,0,28,50,15,201,16,17,0,0,0,153,5,20,20.0,England
Yannick Bolasie,cd COD,FW,Everton,28,1989,9.5,143,269,53.2,2088,555,84,119,70.6,42,85,49.4,9,34,26.5,0,0.7,0.4,-0.7,4,8,8,5,20,8,28.6,4,1,3,2,7,5,5,0,5,4,12,8,0,Matches,269,258,9,0,0,1,53,4,1,1,0,0,143,2,19,0,0,0,12,11,4,53,4,7,0,0,0,55,11,9,55.0,England
Yaya Touré,ci CIV,MF,Manchester City,34,1983,2.6,390,417,93.5,5702,1707,240,252,95.2,116,123,94.3,23,29,79.3,2,0.9,1.2,+1.1,7,43,7,0,50,2,100.0,1,0,1,1,1,0,3,1,2,5,7,4,0,Matches,417,411,5,5,3,3,0,0,0,0,0,0,390,1,1,1,0,0,5,0,0,0,5,2,0,0,0,9,5,4,55.6,England
Yohan Benalouane,tn TUN,DF,Leicester City,30,1987,1.0,24,38,63.2,478,89,7,10,70.0,12,16,75.0,5,10,50.0,0,0.0,0.0,0.0,0,0,0,0,1,7,66.7,6,1,0,4,6,2,1,1,0,1,8,4,0,Matches,38,28,10,2,0,0,3,8,0,0,0,0,24,0,1,0,0,0,1,1,1,3,1,3,0,0,0,5,2,2,50.0,England
Yohan Cabaye,fr FRA,MF,Crystal Palace,31,1986,26.4,1118,1438,77.7,18909,7090,539,603,89.4,416,493,84.4,117,266,44.0,1,4.1,3.8,-3.1,42,124,18,0,138,70,24.7,39,28,3,24,97,73,47,4,43,79,149,29,4,Matches,1438,1254,180,62,6,9,136,5,104,45,21,35,1118,4,19,7,0,0,35,23,1,136,79,44,0,0,0,183,6,14,30.0,England
Younès Kaboul,fr FRA,DF,Watford,31,1986,1.7,52,76,68.4,1247,528,14,19,73.7,25,31,80.6,13,24,54.2,0,0.0,0.0,0.0,0,9,0,0,7,3,,0,3,0,0,0,0,4,2,2,2,5,15,0,Matches,76,76,0,0,0,1,0,0,0,0,0,0,52,0,2,0,0,0,1,0,0,0,2,2,0,0,0,7,8,3,72.7,England
Zlatan Ibrahimović,se SWE,"MF,FW",Manchester Utd,35,1981,1.2,59,78,75.6,829,217,37,48,77.1,14,20,70.0,4,6,66.7,0,0.1,0.3,-0.1,2,5,3,0,9,2,0.0,1,0,1,0,1,1,0,0,0,0,2,1,0,Matches,78,77,1,0,0,0,2,0,1,0,0,0,59,0,0,0,0,0,1,1,2,2,0,1,0,0,0,8,5,2,71.4,England
Àngel Rangel,es ESP,DF,Swansea City,34,1982,1.7,99,118,83.9,1605,517,51,57,89.5,39,46,84.8,6,10,60.0,0,0.1,0.1,-0.1,1,7,1,1,11,4,33.3,2,2,0,1,3,2,0,0,0,3,7,4,0,Matches,118,99,18,2,0,0,6,16,0,0,0,0,99,1,1,0,0,0,1,0,0,6,3,3,0,0,0,12,1,5,16.7,England
Álvaro Morata,es ESP,FW,Chelsea,24,1992,22.9,423,600,70.5,5650,924,236,300,78.7,95,146,65.1,32,46,69.6,6,3.1,2.4,+2.9,35,30,9,0,46,13,4.8,0,7,6,1,21,20,17,4,13,6,19,20,0,Matches,600,555,40,1,3,6,19,0,0,0,0,0,423,5,21,7,0,0,41,44,29,19,6,8,0,0,0,58,54,58,48.2,England
Érik Lamela,ar ARG,"FW,MF",Tottenham,25,1992,9.4,379,477,79.5,5766,1209,205,234,87.6,137,165,83.0,25,43,58.1,2,2.0,1.6,0.0,16,32,17,0,46,23,15.0,9,7,7,3,20,17,11,1,10,7,30,5,0,Matches,477,443,30,7,5,1,25,2,18,10,6,0,379,4,12,4,0,0,24,16,3,25,7,13,1,0,0,49,6,13,31.6,England
Étienne Capoue,fr FRA,MF,Watford,29,1988,17.1,723,883,81.9,12866,3380,342,390,87.7,271,320,84.7,91,135,67.4,0,0.6,1.2,-0.6,8,75,9,1,74,43,40.4,15,25,3,19,47,28,21,1,20,43,86,38,0,Matches,883,849,31,14,5,28,4,1,2,0,0,0,723,3,11,3,0,0,21,16,1,4,43,26,0,0,0,119,42,23,64.6,England
İlkay Gündoğan,de GER,MF,Manchester City,26,1990,16.9,1291,1414,91.3,18213,4535,754,803,93.9,402,428,93.9,61,82,74.4,1,1.7,2.1,-0.7,20,122,29,0,154,27,24.3,8,14,5,9,37,28,14,1,13,16,43,12,0,Matches,1414,1381,32,17,6,3,8,3,10,0,2,0,1291,1,16,3,0,0,14,19,0,8,16,15,0,0,0,124,3,12,20.0,England
Łukasz Fabiański,pl POL,GK,Swansea City,32,1985,38.0,752,1276,58.9,28523,23783,70,70,100.0,257,262,98.1,423,936,45.2,0,0.0,0.1,0.0,1,16,0,0,0,0,,0,0,0,0,0,0,0,0,0,0,0,10,2,Matches,1276,804,468,110,0,2,0,0,0,0,0,0,752,4,2,0,0,0,1,3,0,0,0,0,0,0,0,38,14,3,82.4,England
