passportArea,weight,firstName,middleName,lastName,currentTeamId,birthDate,height,role,birthArea,player_id,foot,shortName,currentNationalTeamId,player_name,matched_name,Player,Nation,Pos,Squad,Age,Born,90s,Cmp_Total_Passing,Att_Total_Passing,Cmp%_Total,TotDist,PrgDist,Cmp_Short_Passing,Att_Short_Passing,Cmp%_Short,Cmp_Medium_Passing,Att_Medium_Passing,Cmp%_Medium,Cmp_Long_Passing,Att_Long_Passing,Cmp%_Long,Ast,xAG,xA,A-xAG,KP,1/3,PPA,CrsPA,PrgP,Tkl_Tackles,Tkl,TklW_Defense,Def 3rd,Mid 3rd,Att 3rd,Tkl_Challenges,Att_Defense,Tkl%,Lost_Defense,Blocks_Defense,Sh,Pass,Int_Defense,Tkl+Int,Clr,Att_PassingTypes,Live,Dead,FK,TB,Sw,Crs_PassingTypes,TI,CK,In,Out,Str,Cmp_PassingTypes,Off_PassingTypes,Blocks_PassingTypes,CrdY,CrdR,2CrdY,Fls,Fld,Off_Misc,Crs_Misc,Int_Misc,TklW_Misc,PKwon,PKcon,OG,Recov,Won,Lost_Misc,Won%,League
"{'name': 'Belgium', 'id': '56', 'alpha3code': 'BEL', 'alpha2code': 'BE'}",91,Toby,,Alderweireld,1624,1989-03-02,187,"{'code2': 'DF', 'code3': 'DEF', 'name': 'Defender'}","{'name': 'Belgium', 'id': '56', 'alpha3code': 'BEL', 'alpha2code': 'BE'}",36,right,T. Alderweireld,5629,Toby Alderweireld,Toby Alderweireld,Toby Alderweireld,be BEL,DF,Tottenham,28,1989,13.1,793.0,931.0,85.2,18331.0,6712.0,176.0,188.0,93.6,459.0,496.0,92.5,153.0,236.0,64.8,0,0.1,0.4,-0.1,3.0,102.0,7.0,1.0,109.0,19.0,53.3,7.0,11.0,1.0,8.0,15.0,7.0,11.0,5.0,6.0,4.0,23.0,55.0,0.0,Matches,931.0,901.0,30.0,21.0,1.0,31.0,7.0,9.0,0.0,0.0,0.0,0.0,793.0,0.0,4.0,3,0,0.0,8,1.0,0.0,7.0,4.0,13.0,0.0,0.0,0.0,57.0,14.0,29.0,32.6,England
"{'name': 'Belgium', 'id': '56', 'alpha3code': 'BEL', 'alpha2code': 'BE'}",88,Jan,,Vertonghen,1624,1987-04-24,189,"{'code2': 'DF', 'code3': 'DEF', 'name': 'Defender'}","{'name': 'Belgium', 'id': '56', 'alpha3code': 'BEL', 'alpha2code': 'BE'}",48,left,J. Vertonghen,5629,Jan Vertonghen,Jan Vertonghen,Jan Vertonghen,be BEL,DF,Tottenham,30,1987,35.6,2181.0,2542.0,85.8,45152.0,16163.0,618.0,682.0,90.6,1263.0,1380.0,91.5,287.0,439.0,65.4,0,0.8,0.9,-0.8,12.0,215.0,10.0,1.0,243.0,64.0,69.4,40.0,20.0,4.0,25.0,36.0,11.0,29.0,11.0,18.0,60.0,124.0,177.0,0.0,Matches,2542.0,2438.0,100.0,65.0,2.0,25.0,15.0,35.0,0.0,0.0,0.0,0.0,2181.0,4.0,16.0,4,0,0.0,20,25.0,1.0,15.0,60.0,41.0,0.0,1.0,0.0,247.0,116.0,66.0,63.7,England
"{'name': 'Morocco', 'id': '504', 'alpha3code': 'MAR', 'alpha2code': 'MA'}",77,Nordin,,Amrabat,16470,1987-03-31,178,"{'code2': 'FW', 'code3': 'FWD', 'name': 'Forward'}","{'name': 'Netherlands', 'id': '528', 'alpha3code': 'NLD', 'alpha2code': 'NL'}",32968,right,N. Amrabat,16216,Nordin Amrabat,Nordin Amrabat,Nordin Amrabat,ma MAR,FW,Watford,30,1987,2.2,44.0,78.0,56.4,585.0,190.0,29.0,36.0,80.6,9.0,21.0,42.9,4.0,9.0,44.4,0,0.1,0.2,-0.1,3.0,4.0,3.0,2.0,7.0,6.0,33.3,1.0,5.0,0.0,1.0,3.0,2.0,1.0,0.0,1.0,0.0,6.0,2.0,0.0,Matches,78.0,75.0,2.0,0.0,0.0,1.0,9.0,2.0,0.0,0.0,0.0,0.0,44.0,1.0,5.0,0,0,0.0,6,2.0,2.0,9.0,0.0,3.0,0.0,0.0,0.0,8.0,3.0,6.0,33.3,England
"{'name': 'Morocco', 'id': '504', 'alpha3code': 'MAR', 'alpha2code': 'MA'}",80,Nacer,,Chadli,1627,1989-08-02,187,"{'code2': 'MD', 'code3': 'MID', 'name': 'Midfielder'}","{'name': 'Belgium', 'id': '56', 'alpha3code': 'BEL', 'alpha2code': 'BE'}",261,right,N. Chadli,5629,Nacer Chadli,Nacer Chadli,Nacer Chadli,be BEL,"FW,MF",West Brom,27,1989,2.9,54.0,77.0,70.1,617.0,122.0,32.0,40.0,80.0,15.0,21.0,71.4,1.0,5.0,20.0,0,0.1,0.1,-0.1,2.0,3.0,2.0,0.0,7.0,1.0,25.0,1.0,0.0,0.0,1.0,4.0,3.0,0.0,0.0,0.0,0.0,1.0,4.0,0.0,Matches,77.0,70.0,7.0,3.0,0.0,0.0,7.0,1.0,3.0,1.0,1.0,0.0,54.0,0.0,5.0,1,0,0.0,1,0.0,0.0,7.0,0.0,0.0,0.0,0.0,0.0,15.0,1.0,2.0,33.3,England
"{'name': 'Serbia', 'id': '688', 'alpha3code': 'SRB', 'alpha2code': 'RS'}",76,Du\u0161an,,Tadi\u0107,9,1988-11-20,181,"{'code2': 'MD', 'code3': 'MID', 'name': 'Midfielder'}","{'name': 'Serbia', 'id': '688', 'alpha3code': 'SRB', 'alpha2code': 'RS'}",383,left,D. Tadi\u0107,17322,Dušan Tadić,Dušan Tadić,Dušan Tadić,rs SRB,"MF,FW",Southampton,28,1988,31.0,872.0,1255.0,69.5,13009.0,3610.0,479.0,572.0,83.7,274.0,398.0,68.8,64.0,145.0,44.1,3,5.7,4.7,-2.7,59.0,68.0,56.0,14.0,167.0,46.0,31.4,16.0,22.0,8.0,11.0,35.0,24.0,38.0,2.0,36.0,19.0,65.0,29.0,1.0,Matches,1255.0,1170.0,78.0,10.0,14.0,5.0,121.0,16.0,31.0,15.0,13.0,0.0,872.0,7.0,63.0,4,0,0.0,46,52.0,10.0,121.0,19.0,29.0,0.0,0.0,0.0,140.0,6.0,41.0,12.8,England
"{'name': 'England', 'id': '0', 'alpha3code': 'XEN', 'alpha2code': ''}",75,Alex,,Iwobi,1609,1996-05-03,180,"{'code2': 'MD', 'code3': 'MID', 'name': 'Midfielder'}","{'name': 'Nigeria', 'id': '566', 'alpha3code': 'NGA', 'alpha2code': 'NG'}",230020,right,A. Iwobi,16823,Alex Iwobi,Alex Iwobi,Alex Iwobi,ng NGA,"MF,FW",Arsenal,21,1996,20.3,997.0,1171.0,85.1,14645.0,3786.0,587.0,636.0,92.3,321.0,379.0,84.7,53.0,78.0,67.9,5,3.5,3.6,1.5,36.0,93.0,31.0,0.0,138.0,19.0,27.8,8.0,8.0,3.0,5.0,18.0,13.0,19.0,1.0,18.0,7.0,26.0,10.0,1.0,Matches,1171.0,1151.0,17.0,3.0,12.0,5.0,20.0,11.0,1.0,0.0,1.0,0.0,997.0,3.0,27.0,1,0,0.0,11,12.0,1.0,20.0,7.0,15.0,0.0,0.0,0.0,110.0,3.0,14.0,17.6,England
"{'name': 'Japan', 'id': '392', 'alpha3code': 'JPN', 'alpha2code': 'JP'}",78,Maya,,Yoshida,1619,1988-08-24,189,"{'code2': 'DF', 'code3': 'DEF', 'name': 'Defender'}","{'name': 'Japan', 'id': '392', 'alpha3code': 'JPN', 'alpha2code': 'JP'}",703,right,M. Yoshida,12913,Maya Yoshida,Maya Yoshida,Maya Yoshida,jp JPN,DF,Southampton,28,1988,22.8,898.0,1072.0,83.8,17334.0,6704.0,317.0,348.0,91.1,479.0,525.0,91.2,95.0,173.0,54.9,0,0.4,0.5,-0.4,5.0,44.0,2.0,1.0,58.0,27.0,72.0,22.0,5.0,0.0,18.0,25.0,7.0,32.0,14.0,18.0,41.0,68.0,133.0,2.0,Matches,1072.0,1044.0,24.0,20.0,0.0,5.0,2.0,4.0,0.0,0.0,0.0,0.0,898.0,4.0,7.0,4,1,1.0,19,15.0,0.0,2.0,41.0,20.0,1.0,0.0,0.0,142.0,65.0,38.0,63.1,England
"{'name': 'Germany', 'id': '276', 'alpha3code': 'DEU', 'alpha2code': 'DE'}",76,Mesut,,\u00d6zil,1609,1988-10-15,180,"{'code2': 'MD', 'code3': 'MID', 'name': 'Midfielder'}","{'name': 'Germany', 'id': '276', 'alpha3code': 'DEU', 'alpha2code': 'DE'}",3319,left,M. \u00d6zil,3148,Mesut Özil,Mesut Özil,Mesut Özil,de GER,"MF,FW",Arsenal,28,1988,24.0,1604.0,1933.0,83.0,24221.0,7044.0,883.0,973.0,90.8,548.0,646.0,84.8,99.0,170.0,58.2,8,8.7,7.7,-0.7,84.0,183.0,79.0,2.0,277.0,20.0,22.7,6.0,10.0,4.0,5.0,22.0,17.0,11.0,1.0,10.0,12.0,32.0,9.0,0.0,Matches,1933.0,1794.0,129.0,31.0,18.0,8.0,98.0,16.0,76.0,45.0,16.0,3.0,1604.0,10.0,43.0,4,0,0.0,18,22.0,12.0,98.0,12.0,13.0,1.0,0.0,0.0,100.0,1.0,12.0,7.7,England
"{'name': 'England', 'id': '0', 'alpha3code': 'XEN', 'alpha2code': ''}",72,Marcus,,Rashford,1611,1997-10-31,187,"{'code2': 'FW', 'code3': 'FWD', 'name': 'Forward'}","{'name': 'England', 'id': '0', 'alpha3code': 'XEN', 'alpha2code': ''}",397178,right,M. Rashford,2413,Marcus Rashford,Marcus Rashford,Marcus Rashford,eng ENG,"FW,MF",Manchester Utd,19,1997,20.1,470.0,674.0,69.7,6278.0,1425.0,281.0,324.0,86.7,114.0,157.0,72.6,22.0,81.0,27.2,5,3.8,3.3,1.2,22.0,22.0,24.0,4.0,46.0,14.0,33.3,4.0,5.0,5.0,6.0,18.0,12.0,18.0,0.0,18.0,8.0,22.0,19.0,0.0,Matches,674.0,599.0,68.0,7.0,8.0,8.0,81.0,10.0,41.0,24.0,10.0,0.0,470.0,7.0,28.0,3,0,0.0,21,17.0,9.0,81.0,8.0,11.0,0.0,0.0,0.0,52.0,18.0,24.0,42.9,England
"{'name': 'Denmark', 'id': '208', 'alpha3code': 'DNK', 'alpha2code': 'DK'}",78,Andreas,,Christensen,1610,1996-04-10,188,"{'code2': 'DF', 'code3': 'DEF', 'name': 'Defender'}","{'name': 'Denmark', 'id': '208', 'alpha3code': 'DNK', 'alpha2code': 'DK'}",135103,right,A. Christensen,7712,Andreas Christensen,Andreas Christensen,Andreas Christensen,dk DEN,DF,Chelsea,21,1996,23.2,1263.0,1357.0,93.1,24630.0,8441.0,387.0,409.0,94.6,719.0,752.0,95.6,134.0,157.0,85.4,0,0.1,0.9,-0.1,4.0,62.0,2.0,0.0,76.0,26.0,66.7,23.0,3.0,0.0,10.0,15.0,5.0,25.0,17.0,8.0,39.0,65.0,109.0,5.0,Matches,1357.0,1314.0,38.0,35.0,1.0,1.0,0.0,3.0,0.0,0.0,0.0,0.0,1263.0,5.0,6.0,0,0,0.0,8,13.0,1.0,0.0,39.0,13.0,0.0,0.0,0.0,139.0,55.0,26.0,67.9,England
"{'name': 'Slovakia', 'id': '703', 'alpha3code': 'SVK', 'alpha2code': 'SK'}",84,Nemanja,,Mati\u0107,1611,1988-08-01,194,"{'code2': 'MD', 'code3': 'MID', 'name': 'Midfielder'}","{'name': 'Serbia', 'id': '688', 'alpha3code': 'SRB', 'alpha2code': 'RS'}",70122,left,N. Mati\u0107,17322,Nemanja Matić,Nemanja Matić,Nemanja Matić,rs SRB,MF,Manchester Utd,28,1988,34.6,2299.0,2647.0,86.9,40993.0,11705.0,974.0,1068.0,91.2,959.0,1042.0,92.0,269.0,356.0,75.6,1,1.6,2.2,-0.6,24.0,220.0,23.0,1.0,237.0,70.0,32.4,32.0,34.0,4.0,23.0,71.0,48.0,50.0,13.0,37.0,64.0,134.0,62.0,2.0,Matches,2647.0,2526.0,107.0,92.0,4.0,47.0,18.0,14.0,1.0,0.0,0.0,0.0,2299.0,14.0,41.0,6,0,0.0,33,22.0,2.0,18.0,64.0,42.0,0.0,0.0,0.0,317.0,56.0,27.0,67.5,England
"{'name': 'Egypt', 'id': '818', 'alpha3code': 'EGY', 'alpha2code': 'EG'}",72,Ramadan,,Sobhi,1673,1997-01-23,183,"{'code2': 'MD', 'code3': 'MID', 'name': 'Midfielder'}","{'name': 'Egypt', 'id': '818', 'alpha3code': 'EGY', 'alpha2code': 'EG'}",332605,right,Ramadan Sobhi,16129,Ramadan Sobhi,Ramadan Sobhi,Ramadan Sobhi,eg EGY,"MF,FW",Stoke City,20,1997,13.8,340.0,452.0,75.2,4533.0,1308.0,206.0,250.0,82.4,99.0,130.0,76.2,11.0,19.0,57.9,0,1.0,1.1,-1.0,15.0,19.0,15.0,2.0,38.0,32.0,30.6,17.0,14.0,1.0,11.0,36.0,25.0,14.0,0.0,14.0,14.0,46.0,14.0,0.0,Matches,452.0,433.0,18.0,2.0,1.0,0.0,16.0,14.0,0.0,0.0,0.0,0.0,340.0,1.0,15.0,2,0,0.0,14,13.0,3.0,16.0,14.0,21.0,0.0,0.0,0.0,90.0,11.0,16.0,40.7,England
"{'name': 'Belgium', 'id': '56', 'alpha3code': 'BEL', 'alpha2code': 'BE'}",78,Cheikhou,,Kouyat\u00e9,1628,1989-12-21,193,"{'code2': 'MD', 'code3': 'MID', 'name': 'Midfielder'}","{'name': 'Senegal', 'id': '686', 'alpha3code': 'SEN', 'alpha2code': 'SN'}",37725,right,C. Kouyat\u00e9,19314,Cheikhou Kouyaté,Cheikhou Kouyaté,Cheikhou Kouyaté,sn SEN,MF,West Ham,27,1989,31.1,734.0,982.0,74.7,10437.0,2762.0,423.0,521.0,81.2,240.0,315.0,76.2,33.0,66.0,50.0,3,1.1,0.6,1.9,16.0,56.0,7.0,3.0,66.0,71.0,37.1,43.0,26.0,2.0,23.0,62.0,39.0,31.0,11.0,20.0,32.0,103.0,56.0,1.0,Matches,982.0,967.0,12.0,4.0,5.0,1.0,17.0,7.0,0.0,0.0,0.0,0.0,734.0,3.0,25.0,5,0,0.0,45,41.0,6.0,17.0,32.0,49.0,0.0,1.0,0.0,188.0,119.0,108.0,52.4,England
"{'name': 'Belgium', 'id': '56', 'alpha3code': 'BEL', 'alpha2code': 'BE'}",68,Kevin,,De Bruyne,1625,1991-06-28,181,"{'code2': 'MD', 'code3': 'MID', 'name': 'Midfielder'}","{'name': 'Belgium', 'id': '56', 'alpha3code': 'BEL', 'alpha2code': 'BE'}",38021,right,K. De Bruyne,5629,Kevin De Bruyne,Kevin De Bruyne,Kevin De Bruyne,be BEL,MF,Manchester City,26,1991,34.1,2351.0,3008.0,78.2,39772.0,11181.0,1154.0,1322.0,87.3,885.0,1090.0,81.2,221.0,376.0,58.8,16,11.1,11.7,4.9,105.0,258.0,119.0,11.0,388.0,62.0,28.8,23.0,25.0,14.0,23.0,80.0,57.0,45.0,2.0,43.0,25.0,87.0,14.0,2.0,Matches,3008.0,2707.0,279.0,68.0,41.0,44.0,248.0,45.0,151.0,12.0,71.0,2.0,2351.0,22.0,67.0,2,0,0.0,30,33.0,2.0,248.0,25.0,43.0,1.0,0.0,0.0,207.0,14.0,16.0,46.7,England
"{'name': 'Jamaica', 'id': '388', 'alpha3code': 'JAM', 'alpha2code': 'JM'}",83,Ruben,,Loftus-Cheek,1610,1996-01-23,191,"{'code2': 'MD', 'code3': 'MID', 'name': 'Midfielder'}","{'name': 'England', 'id': '0', 'alpha3code': 'XEN', 'alpha2code': ''}",235555,right,R. Loftus-Cheek,2413,Ruben Loftus-Cheek,Ruben Loftus-Cheek,Ruben Loftus-Cheek,eng ENG,MF,Crystal Palace,21,1996,20.8,603.0,745.0,80.9,8326.0,2630.0,364.0,424.0,85.8,168.0,199.0,84.4,31.0,47.0,66.0,3,3.2,2.6,-0.2,25.0,64.0,25.0,2.0,106.0,21.0,23.3,7.0,13.0,1.0,7.0,30.0,23.0,19.0,2.0,17.0,22.0,43.0,31.0,0.0,Matches,745.0,725.0,14.0,2.0,1.0,3.0,12.0,4.0,0.0,0.0,0.0,0.0,603.0,6.0,24.0,1,0,0.0,17,62.0,3.0,12.0,22.0,15.0,1.0,0.0,0.0,130.0,32.0,55.0,36.8,England
"{'name': 'Netherlands', 'id': '528', 'alpha3code': 'NLD', 'alpha2code': 'NL'}",88,Vincent,,Janssen,4487,1994-06-15,183,"{'code2': 'FW', 'code3': 'FWD', 'name': 'Forward'}","{'name': 'Netherlands', 'id': '528', 'alpha3code': 'NLD', 'alpha2code': 'NL'}",269676,left,V. Janssen,null,Vincent Janssen,Vincent Janssen,Vincent Janssen,nl NED,DF,Tottenham,23,1994,0.0,0.0,0.0,,0.0,0.0,0.0,0.0,,0.0,0.0,,0.0,0.0,,0,0.0,0.0,0.0,0.0,0.0,0.0,0.0,0.0,0.0,,0.0,0.0,0.0,0.0,0.0,0.0,0.0,0.0,0.0,0.0,0.0,0.0,0.0,Matches,0.0,0.0,0.0,0.0,0.0,0.0,0.0,0.0,0.0,0.0,0.0,0.0,0.0,0.0,0.0,0,0,0.0,1,0.0,0.0,0.0,0.0,0.0,0.0,0.0,0.0,0.0,0.0,0.0,,England
"{'name': 'Poland', 'id': '616', 'alpha3code': 'POL', 'alpha2code': 'PL'}",83,\u0141ukasz,,Fabia\u0144ski,1633,1985-04-18,190,"{'code2': 'GK', 'code3': 'GKP', 'name': 'Goalkeeper'}","{'name': 'Poland', 'id': '616', 'alpha3code': 'POL', 'alpha2code': 'PL'}",7847,right,\u0141. Fabia\u0144ski,13869,Łukasz Fabiański,Łukasz Fabiański,Łukasz Fabiański,pl POL,GK,Swansea City,32,1985,38.0,752.0,1276.0,58.9,28523.0,23783.0,70.0,70.0,100.0,257.0,262.0,98.1,423.0,936.0,45.2,0,0.0,0.1,0.0,1.0,16.0,0.0,0.0,0.0,0.0,,0.0,0.0,0.0,0.0,0.0,0.0,0.0,0.0,0.0,0.0,0.0,10.0,2.0,Matches,1276.0,804.0,468.0,110.0,0.0,2.0,0.0,0.0,0.0,0.0,0.0,0.0,752.0,4.0,2.0,0,0,0.0,1,3.0,0.0,0.0,0.0,0.0,0.0,0.0,0.0,38.0,14.0,3.0,82.4,England
"{'name': 'Reunion', 'id': '638', 'alpha3code': 'REU', 'alpha2code': 'RE'}",74,Francis,,Coquelin,674,1991-05-13,178,"{'code2': 'MD', 'code3': 'MID', 'name': 'Midfielder'}","{'name': 'France', 'id': '250', 'alpha3code': 'FRA', 'alpha2code': 'FR'}",7864,right,F. Coquelin,null,Francis Coquelin,Francis Coquelin,Francis Coquelin,fr FRA,"MF,DF",Arsenal,26,1991,1.9,79.0,96.0,82.3,1304.0,405.0,41.0,47.0,87.2,24.0,29.0,82.8,11.0,14.0,78.6,0,0.6,0.0,-0.6,1.0,8.0,1.0,0.0,11.0,5.0,33.3,2.0,3.0,0.0,1.0,3.0,2.0,1.0,0.0,1.0,3.0,8.0,2.0,0.0,Matches,96.0,96.0,0.0,0.0,0.0,1.0,0.0,0.0,0.0,0.0,0.0,0.0,79.0,0.0,2.0,0,0,0.0,2,1.0,0.0,0.0,3.0,4.0,0.0,0.0,0.0,11.0,2.0,2.0,50.0,England
"{'name': 'England', 'id': '0', 'alpha3code': 'XEN', 'alpha2code': ''}",86,Gary ,,Cahill,1610,1985-12-19,193,"{'code2': 'DF', 'code3': 'DEF', 'name': 'Defender'}","{'name': 'England', 'id': '0', 'alpha3code': 'XEN', 'alpha2code': ''}",7887,right,G. Cahill,2413,Gary  Cahill,Gary Cahill,Gary Cahill,eng ENG,DF,Chelsea,31,1985,23.2,1194.0,1347.0,88.6,21241.0,8087.0,458.0,492.0,93.1,615.0,673.0,91.4,91.0,133.0,68.4,0,0.1,0.2,-0.1,3.0,71.0,1.0,0.0,69.0,29.0,47.6,15.0,9.0,5.0,10.0,21.0,11.0,21.0,14.0,7.0,27.0,56.0,127.0,1.0,Matches,1347.0,1304.0,36.0,26.0,0.0,12.0,0.0,10.0,0.0,0.0,0.0,0.0,1194.0,7.0,5.0,1,1,0.0,17,17.0,0.0,0.0,27.0,21.0,0.0,0.0,0.0,103.0,91.0,30.0,75.2,England
"{'name': 'Serbia', 'id': '688', 'alpha3code': 'SRB', 'alpha2code': 'RS'}",82,Marko,,Gruji\u0107,1612,1996-04-13,191,"{'code2': 'MD', 'code3': 'MID', 'name': 'Midfielder'}","{'name': 'Serbia', 'id': '688', 'alpha3code': 'SRB', 'alpha2code': 'RS'}",237268,right,M. Gruji\u0107,17322,Marko Grujić,Marko Grujić,Marko Grujić,rs SRB,"MF,DF",Liverpool,21,1996,0.2,11.0,14.0,78.6,189.0,75.0,4.0,6.0,66.7,7.0,7.0,100.0,0.0,1.0,0.0,0,0.0,0.0,0.0,1.0,0.0,0.0,0.0,1.0,2.0,100.0,0.0,1.0,1.0,2.0,2.0,0.0,0.0,0.0,0.0,0.0,2.0,0.0,0.0,Matches,14.0,14.0,0.0,0.0,0.0,0.0,0.0,0.0,0.0,0.0,0.0,0.0,11.0,0.0,0.0,0,0,0.0,0,0.0,0.0,0.0,0.0,2.0,0.0,0.0,0.0,2.0,0.0,2.0,0.0,England
"{'name': 'England', 'id': '0', 'alpha3code': 'XEN', 'alpha2code': ''}",71,Phil,,Jones,1611,1992-02-21,185,"{'code2': 'DF', 'code3': 'DEF', 'name': 'Defender'}","{'name': 'England', 'id': '0', 'alpha3code': 'XEN', 'alpha2code': ''}",7918,right,P. Jones,2413,Phil Jones,Phil Jones,Phil Jones,eng ENG,DF,Manchester Utd,25,1992,21.9,991.0,1090.0,90.9,18639.0,5304.0,313.0,336.0,93.2,546.0,576.0,94.8,99.0,135.0,73.3,0,0.1,0.1,-0.1,2.0,37.0,1.0,0.0,45.0,25.0,45.0,20.0,5.0,0.0,9.0,20.0,11.0,25.0,17.0,8.0,41.0,66.0,133.0,2.0,Matches,1090.0,1074.0,14.0,11.0,0.0,0.0,2.0,3.0,0.0,0.0,0.0,0.0,991.0,2.0,6.0,2,0,0.0,10,24.0,0.0,2.0,41.0,18.0,0.0,0.0,1.0,134.0,53.0,22.0,70.7,England
"{'name': 'England', 'id': '0', 'alpha3code': 'XEN', 'alpha2code': ''}",65,Jesse,,Lingard,1611,1992-12-15,174,"{'code2': 'MD', 'code3': 'MID', 'name': 'Midfielder'}","{'name': 'England', 'id': '0', 'alpha3code': 'XEN', 'alpha2code': ''}",7934,right,J. Lingard,2413,Jesse Lingard,Jesse Lingard,Jesse Lingard,eng ENG,"MF,FW",Manchester Utd,24,1992,20.2,841.0,996.0,84.4,10354.0,2219.0,493.0,546.0,90.3,198.0,234.0,84.6,33.0,61.0,54.1,5,2.8,2.6,2.2,26.0,68.0,19.0,1.0,75.0,30.0,18.5,10.0,13.0,7.0,5.0,27.0,22.0,18.0,3.0,15.0,9.0,39.0,13.0,0.0,Matches,996.0,928.0,66.0,7.0,8.0,1.0,46.0,16.0,24.0,4.0,13.0,0.0,841.0,2.0,21.0,2,0,0.0,34,36.0,4.0,46.0,9.0,21.0,0.0,0.0,0.0,84.0,5.0,25.0,16.7,England
"{'name': 'Guinea', 'id': '324', 'alpha3code': 'GIN', 'alpha2code': 'GN'}",84,Paul,,Pogba,1611,1993-03-15,191,"{'code2': 'MD', 'code3': 'MID', 'name': 'Midfielder'}","{'name': 'France', 'id': '250', 'alpha3code': 'FRA', 'alpha2code': 'FR'}",7936,right,P. Pogba,4418,Paul Pogba,Paul Pogba,Paul Pogba,fr FRA,MF,Manchester Utd,24,1993,23.9,1476.0,1763.0,83.7,23981.0,7902.0,722.0,788.0,91.6,475.0,561.0,84.7,166.0,246.0,67.5,10,4.5,4.6,5.5,39.0,181.0,49.0,3.0,250.0,33.0,15.2,13.0,15.0,5.0,5.0,33.0,28.0,16.0,0.0,16.0,21.0,54.0,26.0,0.0,Matches,1763.0,1727.0,27.0,22.0,15.0,43.0,28.0,5.0,0.0,0.0,0.0,0.0,1476.0,9.0,19.0,5,1,0.0,44,51.0,3.0,28.0,21.0,23.0,0.0,0.0,0.0,161.0,49.0,29.0,62.8,England
"{'name': 'Jamaica', 'id': '388', 'alpha3code': 'JAM', 'alpha2code': 'JM'}",65,Ashley ,,Young,1611,1985-07-09,175,"{'code2': 'DF', 'code3': 'DEF', 'name': 'Defender'}","{'name': 'England', 'id': '0', 'alpha3code': 'XEN', 'alpha2code': ''}",7939,right,A. Young,2413,Ashley  Young,Ashley Young,Ashley Young,eng ENG,DF,Manchester Utd,32,1985,27.1,1285.0,1683.0,76.4,20718.0,7834.0,703.0,772.0,91.1,379.0,494.0,76.7,145.0,293.0,49.5,4,3.6,4.2,0.4,26.0,117.0,36.0,24.0,103.0,53.0,38.3,30.0,17.0,6.0,18.0,47.0,29.0,24.0,5.0,19.0,57.0,110.0,86.0,1.0,Matches,1683.0,1348.0,323.0,34.0,2.0,14.0,121.0,265.0,24.0,18.0,4.0,0.0,1285.0,12.0,42.0,7,0,0.0,29,35.0,1.0,121.0,57.0,32.0,0.0,0.0,0.0,168.0,19.0,21.0,47.5,England
"{'name': 'England', 'id': '0', 'alpha3code': 'XEN', 'alpha2code': ''}",95,Jack,,Butland,1639,1993-03-10,196,"{'code2': 'GK', 'code3': 'GKP', 'name': 'Goalkeeper'}","{'name': 'England', 'id': '0', 'alpha3code': 'XEN', 'alpha2code': ''}",8094,right,J. Butland,2413,Jack Butland,Jack Butland,Jack Butland,eng ENG,GK,Stoke City,24,1993,35.0,643.0,1283.0,50.1,28682.0,25851.0,35.0,36.0,97.2,163.0,173.0,94.2,444.0,1062.0,41.8,0,0.0,0.1,0.0,1.0,54.0,0.0,0.0,0.0,1.0,100.0,1.0,0.0,0.0,1.0,1.0,0.0,1.0,0.0,1.0,1.0,2.0,26.0,1.0,Matches,1283.0,765.0,507.0,169.0,0.0,1.0,0.0,0.0,0.0,0.0,0.0,0.0,643.0,11.0,1.0,0,0,0.0,0,3.0,0.0,0.0,1.0,1.0,0.0,0.0,1.0,55.0,6.0,0.0,100.0,England
"{'name': 'Sweden', 'id': '752', 'alpha3code': 'SWE', 'alpha2code': 'SE'}",81,Martin,,Olsson,10531,1988-05-17,178,"{'code2': 'DF', 'code3': 'DEF', 'name': 'Defender'}","{'name': 'Sweden', 'id': '752', 'alpha3code': 'SWE', 'alpha2code': 'SE'}",8192,left,M. Olsson,7047,Martin Olsson,Martin Olsson,Martin Olsson,se SWE,DF,Swansea City,29,1988,35.0,1100.0,1596.0,68.9,17189.0,6212.0,624.0,710.0,87.9,362.0,530.0,68.3,88.0,264.0,33.3,1,0.8,1.2,0.2,13.0,65.0,24.0,18.0,87.0,34.0,41.4,18.0,10.0,6.0,12.0,29.0,17.0,21.0,4.0,17.0,31.0,65.0,81.0,0.0,Matches,1596.0,1295.0,298.0,12.0,0.0,3.0,163.0,286.0,0.0,0.0,0.0,0.0,1100.0,3.0,69.0,7,0,0.0,27,25.0,2.0,163.0,31.0,26.0,0.0,2.0,0.0,155.0,46.0,34.0,57.5,England
"{'name': 'England', 'id': '0', 'alpha3code': 'XEN', 'alpha2code': ''}",83,Kyle,,Walker,1625,1990-05-28,183,"{'code2': 'DF', 'code3': 'DEF', 'name': 'Defender'}","{'name': 'England', 'id': '0', 'alpha3code': 'XEN', 'alpha2code': ''}",8277,right,K. Walker,2413,Kyle Walker,Kyle Walker,Kyle Walker,eng ENG,DF,Manchester City,27,1990,30.9,2307.0,2682.0,86.0,37708.0,9574.0,1149.0,1250.0,91.9,932.0,1046.0,89.1,167.0,273.0,61.2,6,4.6,5.1,1.4,29.0,221.0,32.0,4.0,221.0,47.0,58.1,20.0,21.0,6.0,18.0,31.0,13.0,21.0,2.0,19.0,29.0,76.0,75.0,2.0,Matches,2682.0,2382.0,299.0,36.0,0.0,28.0,56.0,263.0,0.0,0.0,0.0,0.0,2307.0,1.0,39.0,4,2,1.0,17,19.0,2.0,56.0,29.0,31.0,0.0,0.0,1.0,175.0,69.0,33.0,67.6,England
"{'name': 'Jamaica', 'id': '388', 'alpha3code': 'JAM', 'alpha2code': 'JM'}",76,Danny,,Rose,1624,1990-07-02,174,"{'code2': 'DF', 'code3': 'DEF', 'name': 'Defender'}","{'name': 'England', 'id': '0', 'alpha3code': 'XEN', 'alpha2code': ''}",8292,left,D. Rose,2413,Danny Rose,Danny Rose,Danny Rose,eng ENG,DF,Tottenham,27,1990,8.9,401.0,535.0,75.0,7367.0,3021.0,163.0,196.0,83.2,187.0,237.0,78.9,43.0,80.0,53.8,1,0.6,0.9,0.4,10.0,36.0,17.0,5.0,56.0,15.0,53.3,6.0,7.0,2.0,8.0,15.0,7.0,12.0,6.0,6.0,9.0,24.0,15.0,0.0,Matches,535.0,407.0,127.0,13.0,0.0,3.0,57.0,99.0,15.0,3.0,7.0,0.0,401.0,1.0,18.0,4,0,0.0,12,24.0,0.0,57.0,9.0,11.0,0.0,0.0,0.0,45.0,8.0,5.0,61.5,England
"{'name': 'Congo DR', 'id': '180', 'alpha3code': 'COD', 'alpha2code': 'CD'}",85,Vincent,,Kompany,1625,1986-04-10,193,"{'code2': 'DF', 'code3': 'DEF', 'name': 'Defender'}","{'name': 'Belgium', 'id': '56', 'alpha3code': 'BEL', 'alpha2code': 'BE'}",8307,right,V. Kompany,5629,Vincent Kompany,Vincent Kompany,Vincent Kompany,be BEL,DF,Manchester City,31,1986,15.5,1327.0,1434.0,92.5,24734.0,8914.0,506.0,534.0,94.8,671.0,709.0,94.6,129.0,164.0,78.7,1,0.5,0.6,0.5,4.0,94.0,2.0,0.0,85.0,20.0,68.4,14.0,5.0,1.0,13.0,19.0,6.0,10.0,8.0,2.0,16.0,36.0,73.0,1.0,Matches,1434.0,1416.0,17.0,13.0,1.0,9.0,0.0,4.0,0.0,0.0,0.0,0.0,1327.0,1.0,1.0,6,0,0.0,18,1.0,0.0,0.0,16.0,11.0,0.0,0.0,0.0,91.0,42.0,12.0,77.8,England
"{'name': 'Guyana', 'id': '328', 'alpha3code': 'GUY', 'alpha2code': 'GY'}",60,Fabian,,Delph,1625,1989-11-21,174,"{'code2': 'MD', 'code3': 'MID', 'name': 'Midfielder'}","{'name': 'England', 'id': '0', 'alpha3code': 'XEN', 'alpha2code': ''}",8464,left,F. Delph,2413,Fabian Delph,Fabian Delph,Fabian Delph,eng ENG,DF,Manchester City,27,1989,19.3,1662.0,1801.0,92.3,24788.0,6068.0,977.0,1012.0,96.5,567.0,609.0,93.1,79.0,112.0,70.5,2,1.2,1.4,0.8,11.0,129.0,15.0,3.0,132.0,46.0,48.6,21.0,16.0,9.0,18.0,37.0,19.0,16.0,0.0,16.0,30.0,76.0,42.0,2.0,Matches,1801.0,1607.0,192.0,20.0,0.0,12.0,13.0,172.0,0.0,0.0,0.0,0.0,1662.0,2.0,15.0,2,0,0.0,15,18.0,0.0,13.0,30.0,34.0,0.0,0.0,0.0,149.0,20.0,31.0,39.2,England
"{'name': 'Denmark', 'id': '208', 'alpha3code': 'DNK', 'alpha2code': 'DK'}",76,Kasper,,Schmeichel,1631,1986-11-05,185,"{'code2': 'GK', 'code3': 'GKP', 'name': 'Goalkeeper'}","{'name': 'Denmark', 'id': '208', 'alpha3code': 'DNK', 'alpha2code': 'DK'}",8480,right,K. Schmeichel,7712,Kasper Schmeichel,Kasper Schmeichel,Kasper Schmeichel,dk DEN,GK,Leicester City,30,1986,32.9,614.0,1142.0,53.8,24575.0,19644.0,33.0,36.0,91.7,175.0,186.0,94.1,405.0,915.0,44.3,0,0.1,0.1,-0.1,1.0,22.0,1.0,0.0,6.0,1.0,33.3,1.0,0.0,0.0,1.0,3.0,2.0,1.0,0.0,1.0,0.0,1.0,18.0,5.0,Matches,1142.0,715.0,424.0,151.0,0.0,18.0,0.0,0.0,0.0,0.0,0.0,0.0,614.0,3.0,1.0,3,0,0.0,0,6.0,0.0,0.0,0.0,0.0,0.0,0.0,1.0,42.0,11.0,0.0,100.0,England
"{'name': 'Belgium', 'id': '56', 'alpha3code': 'BEL', 'alpha2code': 'BE'}",87,Simon,,Mignolet,1612,1988-03-06,193,"{'code2': 'GK', 'code3': 'GKP', 'name': 'Goalkeeper'}","{'name': 'Belgium', 'id': '56', 'alpha3code': 'BEL', 'alpha2code': 'BE'}",8514,right,S. Mignolet,5629,Simon Mignolet,Simon Mignolet,Simon Mignolet,be BEL,GK,Liverpool,29,1988,19.0,447.0,601.0,74.4,11461.0,8759.0,79.0,79.0,100.0,260.0,261.0,99.6,108.0,258.0,41.9,0,0.0,0.0,0.0,0.0,6.0,0.0,0.0,0.0,2.0,33.3,2.0,0.0,0.0,1.0,3.0,2.0,0.0,0.0,0.0,0.0,2.0,5.0,3.0,Matches,601.0,459.0,141.0,40.0,0.0,0.0,0.0,0.0,0.0,0.0,0.0,0.0,447.0,1.0,1.0,3,0,0.0,2,2.0,0.0,0.0,0.0,1.0,0.0,1.0,0.0,47.0,4.0,0.0,100.0,England
"{'name': 'England', 'id': '0', 'alpha3code': 'XEN', 'alpha2code': ''}",75,Victor,,Moses,1610,1990-12-12,177,"{'code2': 'MD', 'code3': 'MID', 'name': 'Midfielder'}","{'name': 'Nigeria', 'id': '566', 'alpha3code': 'NGA', 'alpha2code': 'NG'}",8625,right,V. Moses,16823,Victor Moses,Victor Moses,Victor Moses,ng NGA,"DF,MF",Chelsea,26,1990,23.4,815.0,1122.0,72.6,13255.0,3497.0,429.0,498.0,86.1,286.0,393.0,72.8,72.0,136.0,52.9,3,2.4,2.5,0.6,20.0,26.0,24.0,10.0,66.0,37.0,58.3,21.0,13.0,3.0,14.0,24.0,10.0,29.0,4.0,25.0,15.0,52.0,39.0,2.0,Matches,1122.0,920.0,197.0,3.0,2.0,5.0,90.0,194.0,0.0,0.0,0.0,0.0,815.0,5.0,46.0,3,0,0.0,23,27.0,9.0,90.0,15.0,29.0,1.0,0.0,0.0,143.0,28.0,41.0,40.6,England
"{'name': 'England', 'id': '0', 'alpha3code': 'XEN', 'alpha2code': ''}",79,Harry ,,Maguire,1631,1993-03-05,188,"{'code2': 'DF', 'code3': 'DEF', 'name': 'Defender'}","{'name': 'England', 'id': '0', 'alpha3code': 'XEN', 'alpha2code': ''}",8653,right,H. Maguire,2413,Harry  Maguire,Harry Maguire,Harry Maguire,eng ENG,DF,Leicester City,24,1993,38.0,1379.0,1781.0,77.4,28888.0,11021.0,448.0,539.0,83.1,660.0,769.0,85.8,240.0,407.0,59.0,4,4.1,2.2,-0.1,18.0,128.0,8.0,1.0,178.0,63.0,60.5,47.0,15.0,1.0,26.0,43.0,17.0,35.0,28.0,7.0,48.0,111.0,181.0,1.0,Matches,1781.0,1711.0,59.0,44.0,2.0,29.0,15.0,15.0,0.0,0.0,0.0,0.0,1379.0,11.0,14.0,7,0,0.0,34,30.0,4.0,15.0,48.0,46.0,0.0,2.0,0.0,269.0,119.0,61.0,66.1,England
"{'name': 'Ireland Republic', 'id': '372', 'alpha3code': 'IRL', 'alpha2code': 'IE'}",86,Harry,,Kane,1624,1993-07-28,188,"{'code2': 'FW', 'code3': 'FWD', 'name': 'Forward'}","{'name': 'England', 'id': '0', 'alpha3code': 'XEN', 'alpha2code': ''}",8717,right,H. Kane,2413,Harry Kane,Harry Kane,Harry Kane,eng ENG,FW,Tottenham,24,1993,34.2,477.0,696.0,68.5,8715.0,2185.0,231.0,301.0,76.7,153.0,216.0,70.8,71.0,109.0,65.1,2,2.7,2.4,-0.7,32.0,53.0,24.0,2.0,94.0,17.0,26.7,2.0,8.0,7.0,4.0,15.0,11.0,15.0,4.0,11.0,5.0,22.0,19.0,0.0,Matches,696.0,658.0,28.0,4.0,13.0,26.0,20.0,9.0,1.0,0.0,0.0,0.0,477.0,10.0,30.0,5,0,0.0,34,40.0,42.0,20.0,5.0,12.0,1.0,0.0,0.0,72.0,58.0,78.0,42.6,England
"{'name': 'England', 'id': '0', 'alpha3code': 'XEN', 'alpha2code': ''}",72,Kieran,,Trippier,1624,1990-09-19,178,"{'code2': 'DF', 'code3': 'DEF', 'name': 'Defender'}","{'name': 'England', 'id': '0', 'alpha3code': 'XEN', 'alpha2code': ''}",8945,right,K. Trippier,2413,Kieran Trippier,Kieran Trippier,Kieran Trippier,eng ENG,DF,Tottenham,26,1990,21.3,1262.0,1638.0,77.0,23952.0,7379.0,470.0,528.0,89.0,624.0,760.0,82.1,150.0,290.0,51.7,5,4.2,2.9,0.8,40.0,88.0,44.0,10.0,114.0,52.0,47.7,29.0,21.0,2.0,21.0,44.0,23.0,31.0,6.0,25.0,20.0,72.0,53.0,1.0,Matches,1638.0,1335.0,292.0,25.0,5.0,8.0,122.0,239.0,28.0,11.0,14.0,1.0,1262.0,11.0,28.0,1,0,0.0,18,20.0,3.0,122.0,20.0,30.0,0.0,0.0,0.0,147.0,35.0,29.0,54.7,England
"{'name': 'England', 'id': '0', 'alpha3code': 'XEN', 'alpha2code': ''}",75,John,,Stones,1625,1994-05-28,188,"{'code2': 'DF', 'code3': 'DEF', 'name': 'Defender'}","{'name': 'England', 'id': '0', 'alpha3code': 'XEN', 'alpha2code': ''}",9380,right,J. Stones,2413,John Stones,John Stones,John Stones,eng ENG,DF,Manchester City,23,1994,14.5,1197.0,1250.0,95.8,21826.0,8273.0,479.0,496.0,96.6,578.0,590.0,98.0,114.0,135.0,84.4,0,0.0,0.2,0.0,0.0,51.0,1.0,0.0,71.0,15.0,36.4,11.0,4.0,0.0,4.0,11.0,7.0,8.0,5.0,3.0,19.0,34.0,44.0,0.0,Matches,1250.0,1224.0,26.0,23.0,0.0,10.0,1.0,3.0,0.0,0.0,0.0,0.0,1197.0,0.0,2.0,0,0,0.0,6,2.0,0.0,1.0,19.0,11.0,0.0,0.0,0.0,67.0,33.0,10.0,76.7,England
"{'name': 'England', 'id': '0', 'alpha3code': 'XEN', 'alpha2code': ''}",67,Rolando,,Aarons,3194,1995-11-16,175,"{'code2': 'MD', 'code3': 'MID', 'name': 'Midfielder'}","{'name': 'Jamaica', 'id': '388', 'alpha3code': 'JAM', 'alpha2code': 'JM'}",337225,left,R. Aarons,null,Rolando Aarons,Rolando Aarons,Rolando Aarons,eng ENG,"MF,FW",Newcastle Utd,21,1995,1.5,29.0,44.0,65.9,376.0,77.0,24.0,30.0,80.0,2.0,5.0,40.0,2.0,3.0,66.7,0,0.0,0.0,0.0,0.0,2.0,1.0,1.0,3.0,4.0,66.7,3.0,1.0,0.0,4.0,6.0,2.0,3.0,0.0,3.0,1.0,5.0,0.0,0.0,Matches,44.0,41.0,2.0,2.0,0.0,1.0,2.0,0.0,0.0,0.0,0.0,0.0,29.0,1.0,3.0,0,0,0.0,1,3.0,1.0,2.0,1.0,4.0,0.0,0.0,0.0,9.0,1.0,3.0,25.0,England
"{'name': 'England', 'id': '0', 'alpha3code': 'XEN', 'alpha2code': ''}",77,Jordan,,Pickford,1623,1994-03-07,185,"{'code2': 'GK', 'code3': 'GKP', 'name': 'Goalkeeper'}","{'name': 'England', 'id': '0', 'alpha3code': 'XEN', 'alpha2code': ''}",10131,left,J. Pickford,2413,Jordan Pickford,Jordan Pickford,Jordan Pickford,eng ENG,GK,Everton,23,1994,38.0,675.0,1332.0,50.7,28089.0,24029.0,54.0,55.0,98.2,232.0,239.0,97.1,389.0,1029.0,37.8,0,0.1,0.1,-0.1,3.0,54.0,2.0,0.0,0.0,0.0,0.0,0.0,0.0,0.0,0.0,2.0,2.0,0.0,0.0,0.0,2.0,2.0,26.0,5.0,Matches,1332.0,846.0,478.0,138.0,0.0,2.0,0.0,0.0,0.0,0.0,0.0,0.0,675.0,8.0,0.0,0,0,0.0,1,6.0,0.0,0.0,2.0,0.0,0.0,1.0,0.0,47.0,16.0,1.0,94.1,England
"{'name': 'Poland', 'id': '616', 'alpha3code': 'POL', 'alpha2code': 'PL'}",77,Jan,,Bednarek,1619,1996-04-12,189,"{'code2': 'DF', 'code3': 'DEF', 'name': 'Defender'}","{'name': 'Poland', 'id': '616', 'alpha3code': 'POL', 'alpha2code': 'PL'}",240032,right,J. Bednarek,13869,Jan Bednarek,Jan Bednarek,Jan Bednarek,pl POL,DF,Southampton,21,1996,4.7,139.0,193.0,72.0,2611.0,1037.0,51.0,53.0,96.2,72.0,95.0,75.8,16.0,42.0,38.1,0,0.0,0.0,0.0,0.0,11.0,0.0,0.0,14.0,6.0,50.0,6.0,0.0,0.0,3.0,6.0,3.0,2.0,1.0,1.0,5.0,11.0,27.0,0.0,Matches,193.0,174.0,19.0,7.0,0.0,0.0,0.0,12.0,0.0,0.0,0.0,0.0,139.0,0.0,3.0,1,0,0.0,3,1.0,0.0,0.0,5.0,3.0,0.0,0.0,0.0,28.0,7.0,17.0,29.2,England
"{'name': 'Serbia', 'id': '688', 'alpha3code': 'SRB', 'alpha2code': 'RS'}",80,Luka,,Milivojevi\u0107,1628,1991-04-07,186,"{'code2': 'MD', 'code3': 'MID', 'name': 'Midfielder'}","{'name': 'Serbia', 'id': '688', 'alpha3code': 'SRB', 'alpha2code': 'RS'}",127537,right,L. Milivojevi\u0107,17322,Luka Milivojević,Luka Milivojević,Luka Milivojević,rs SRB,MF,Crystal Palace,26,1991,34.2,1343.0,1701.0,79.0,25224.0,8439.0,541.0,626.0,86.4,593.0,701.0,84.6,175.0,294.0,59.5,1,1.0,1.5,0.0,21.0,173.0,17.0,2.0,180.0,85.0,36.0,40.0,37.0,8.0,31.0,86.0,55.0,50.0,12.0,38.0,71.0,156.0,81.0,3.0,Matches,1701.0,1613.0,83.0,54.0,3.0,20.0,39.0,5.0,24.0,12.0,1.0,4.0,1343.0,5.0,32.0,8,0,0.0,69,33.0,1.0,39.0,71.0,52.0,0.0,0.0,0.0,274.0,48.0,43.0,52.7,England
"{'name': 'Iceland', 'id': '352', 'alpha3code': 'ISL', 'alpha2code': 'IS'}",77,Gylfi \u00de\u00f3r,,Sigur\u00f0sson,1623,1989-09-08,186,"{'code2': 'MD', 'code3': 'MID', 'name': 'Midfielder'}","{'name': 'Iceland', 'id': '352', 'alpha3code': 'ISL', 'alpha2code': 'IS'}",77558,right,G. Sigur\u00f0sson,7839,Gylfi Þór Sigurðsson,Gylfi Sigurðsson,Gylfi Sigurðsson,is ISL,"MF,FW",Everton,27,1989,25.1,562.0,861.0,65.3,8212.0,2826.0,297.0,360.0,82.5,176.0,234.0,75.2,45.0,171.0,26.3,3,3.9,4.6,-0.9,38.0,58.0,10.0,1.0,77.0,38.0,28.1,15.0,14.0,9.0,16.0,57.0,41.0,37.0,7.0,30.0,34.0,72.0,36.0,0.0,Matches,861.0,703.0,152.0,63.0,6.0,0.0,150.0,5.0,75.0,36.0,37.0,0.0,562.0,6.0,40.0,2,0,0.0,19,16.0,1.0,150.0,34.0,26.0,0.0,0.0,0.0,120.0,19.0,39.0,32.8,England
"{'name': 'England', 'id': '0', 'alpha3code': 'XEN', 'alpha2code': ''}",76,Nick,,Pope,1646,1992-04-19,192,"{'code2': 'GK', 'code3': 'GKP', 'name': 'Goalkeeper'}","{'name': 'England', 'id': '0', 'alpha3code': 'XEN', 'alpha2code': ''}",12242,right,N. Pope,2413,Nick Pope,Nick Pope,Nick Pope,eng ENG,GK,Burnley,25,1992,34.6,546.0,1224.0,44.6,26090.0,23787.0,17.0,17.0,100.0,138.0,144.0,95.8,391.0,1055.0,37.1,0,0.5,0.3,-0.5,4.0,74.0,1.0,0.0,0.0,0.0,0.0,0.0,0.0,0.0,0.0,1.0,1.0,0.0,0.0,0.0,0.0,0.0,21.0,0.0,Matches,1224.0,714.0,503.0,206.0,0.0,0.0,0.0,0.0,0.0,0.0,0.0,0.0,546.0,7.0,1.0,3,0,0.0,1,2.0,0.0,0.0,0.0,0.0,0.0,1.0,0.0,18.0,12.0,1.0,92.3,England
"{'name': 'Jamaica', 'id': '388', 'alpha3code': 'JAM', 'alpha2code': 'JM'}",78,Reece,,Oxford,2454,1998-12-16,191,"{'code2': 'DF', 'code3': 'DEF', 'name': 'Defender'}","{'name': 'England', 'id': '0', 'alpha3code': 'XEN', 'alpha2code': ''}",340476,right,R. Oxford,2421,Reece Oxford,Reece Oxford,Reece Oxford,eng ENG,MF,West Ham,18,1998,0.1,0.0,2.0,0.0,0.0,0.0,0.0,0.0,,0.0,0.0,,0.0,1.0,0.0,0,0.0,0.0,0.0,0.0,0.0,0.0,0.0,0.0,2.0,100.0,1.0,1.0,0.0,1.0,1.0,0.0,0.0,0.0,0.0,0.0,2.0,0.0,0.0,Matches,2.0,2.0,0.0,0.0,0.0,0.0,0.0,0.0,0.0,0.0,0.0,0.0,0.0,0.0,0.0,0,0,0.0,1,0.0,0.0,0.0,0.0,1.0,0.0,0.0,0.0,0.0,0.0,0.0,,England
"{'name': 'England', 'id': '0', 'alpha3code': 'XEN', 'alpha2code': ''}",76,Jamie,,Vardy,1631,1987-01-11,178,"{'code2': 'FW', 'code3': 'FWD', 'name': 'Forward'}","{'name': 'England', 'id': '0', 'alpha3code': 'XEN', 'alpha2code': ''}",12829,right,J. Vardy,2413,Jamie Vardy,Jamie Vardy,Jamie Vardy,eng ENG,FW,Leicester City,30,1987,36.1,290.0,507.0,57.2,4471.0,789.0,147.0,223.0,65.9,90.0,166.0,54.2,27.0,46.0,58.7,1,3.0,3.3,-2.0,32.0,14.0,14.0,4.0,31.0,15.0,12.5,3.0,7.0,5.0,1.0,8.0,7.0,21.0,1.0,20.0,2.0,17.0,17.0,0.0,Matches,507.0,495.0,8.0,0.0,1.0,6.0,39.0,1.0,1.0,0.0,0.0,0.0,290.0,4.0,17.0,3,0,0.0,29,27.0,44.0,39.0,2.0,9.0,3.0,0.0,0.0,73.0,75.0,123.0,37.9,England
"{'name': 'Portugal', 'id': '620', 'alpha3code': 'PRT', 'alpha2code': 'PT'}",90,Eric ,,Dier,1624,1994-01-15,188,"{'code2': 'MD', 'code3': 'MID', 'name': 'Midfielder'}","{'name': 'England', 'id': '0', 'alpha3code': 'XEN', 'alpha2code': ''}",210044,right,E. Dier,2413,Eric  Dier,Eric Dier,Eric Dier,eng ENG,"MF,DF",Tottenham,23,1994,31.4,1949.0,2285.0,85.3,38485.0,13081.0,670.0,747.0,89.7,1003.0,1107.0,90.6,251.0,358.0,70.1,2,1.7,2.7,0.3,15.0,221.0,25.0,4.0,213.0,61.0,40.5,15.0,39.0,7.0,17.0,42.0,25.0,32.0,11.0,21.0,48.0,109.0,93.0,7.0,Matches,2285.0,2222.0,58.0,52.0,2.0,19.0,26.0,6.0,0.0,0.0,0.0,0.0,1949.0,5.0,29.0,4,0,0.0,23,8.0,1.0,26.0,48.0,43.0,0.0,0.0,0.0,170.0,81.0,61.0,57.0,England
"{'name': 'Nigeria', 'id': '566', 'alpha3code': 'NGA', 'alpha2code': 'NG'}",78,Ademola,,Lookman,2975,1998-07-18,174,"{'code2': 'MD', 'code3': 'MID', 'name': 'Midfielder'}","{'name': 'England', 'id': '0', 'alpha3code': 'XEN', 'alpha2code': ''}",406682,right,A. Lookman,null,Ademola Lookman,Ademola Lookman,Ademola Lookman,ng NGA,"FW,MF",Everton,19,1997,1.8,38.0,47.0,80.9,514.0,127.0,19.0,23.0,82.6,13.0,14.0,92.9,2.0,3.0,66.7,0,0.5,0.0,-0.5,2.0,2.0,0.0,0.0,6.0,1.0,0.0,0.0,1.0,0.0,0.0,2.0,2.0,2.0,0.0,2.0,1.0,2.0,3.0,0.0,Matches,47.0,47.0,0.0,0.0,0.0,0.0,2.0,0.0,0.0,0.0,0.0,0.0,38.0,0.0,2.0,0,0,0.0,5,3.0,0.0,2.0,1.0,1.0,0.0,0.0,0.0,10.0,1.0,2.0,33.3,England
"{'name': 'Sierra Leone', 'id': '694', 'alpha3code': 'SLE', 'alpha2code': 'SL'}",85,Antonio,,R\u00fcdiger,1610,1993-03-03,191,"{'code2': 'DF', 'code3': 'DEF', 'name': 'Defender'}","{'name': 'Germany', 'id': '276', 'alpha3code': 'DEU', 'alpha2code': 'DE'}",14748,right,A. R\u00fcdiger,3148,Antonio Rüdiger,Antonio Rüdiger,Antonio Rüdiger,de GER,DF,Chelsea,24,1993,26.0,1540.0,1735.0,88.8,28423.0,9100.0,618.0,649.0,95.2,734.0,801.0,91.6,151.0,226.0,66.8,1,0.4,0.7,0.6,3.0,114.0,2.0,0.0,121.0,31.0,48.4,20.0,10.0,1.0,15.0,31.0,16.0,29.0,15.0,14.0,24.0,55.0,115.0,1.0,Matches,1735.0,1695.0,35.0,24.0,3.0,35.0,10.0,11.0,0.0,0.0,0.0,0.0,1540.0,5.0,7.0,4,0,0.0,26,14.0,2.0,10.0,24.0,21.0,0.0,0.0,0.0,175.0,58.0,38.0,60.4,England
"{'name': 'Japan', 'id': '392', 'alpha3code': 'JPN', 'alpha2code': 'JP'}",70,Shinji,,Okazaki,1631,1986-04-16,174,"{'code2': 'FW', 'code3': 'FWD', 'name': 'Forward'}","{'name': 'Japan', 'id': '392', 'alpha3code': 'JPN', 'alpha2code': 'JP'}",14763,right,S. Okazaki,12913,Shinji Okazaki,Shinji Okazaki,Shinji Okazaki,jp JPN,"FW,MF",Leicester City,31,1986,14.7,283.0,393.0,72.0,3477.0,814.0,172.0,226.0,76.1,64.0,87.0,73.6,10.0,18.0,55.6,2,2.0,1.1,0.0,15.0,24.0,5.0,0.0,24.0,25.0,14.3,3.0,18.0,4.0,4.0,28.0,24.0,15.0,1.0,14.0,8.0,33.0,6.0,0.0,Matches,393.0,366.0,26.0,0.0,2.0,2.0,6.0,0.0,0.0,0.0,0.0,0.0,283.0,1.0,14.0,2,0,0.0,20,28.0,9.0,6.0,8.0,16.0,0.0,0.0,0.0,66.0,30.0,58.0,34.1,England
"{'name': 'Germany', 'id': '276', 'alpha3code': 'DEU', 'alpha2code': 'DE'}",80,\u0130lkay,,G\u00fcndo\u011fan,1625,1990-10-24,180,"{'code2': 'MD', 'code3': 'MID', 'name': 'Midfielder'}","{'name': 'Germany', 'id': '276', 'alpha3code': 'DEU', 'alpha2code': 'DE'}",14808,right,\u0130. G\u00fcndo\u011fan,3148,İlkay Gündoğan,İlkay Gündoğan,İlkay Gündoğan,de GER,MF,Manchester City,26,1990,16.9,1291.0,1414.0,91.3,18213.0,4535.0,754.0,803.0,93.9,402.0,428.0,93.9,61.0,82.0,74.4,1,1.7,2.1,-0.7,20.0,122.0,29.0,0.0,154.0,27.0,24.3,8.0,14.0,5.0,9.0,37.0,28.0,14.0,1.0,13.0,16.0,43.0,12.0,0.0,Matches,1414.0,1381.0,32.0,17.0,6.0,3.0,8.0,3.0,10.0,0.0,2.0,0.0,1291.0,1.0,16.0,3,0,0.0,14,19.0,0.0,8.0,16.0,15.0,0.0,0.0,0.0,124.0,3.0,12.0,20.0,England
"{'name': 'Korea Republic', 'id': '410', 'alpha3code': 'KOR', 'alpha2code': 'KR'}",77,Heung-Min,,Son,1624,1992-07-08,183,"{'code2': 'FW', 'code3': 'FWD', 'name': 'Forward'}","{'name': 'Korea Republic', 'id': '410', 'alpha3code': 'KOR', 'alpha2code': 'KR'}",14911,right,Son Heung-Min,14855,Heung-Min Son,Son Heung-min,Son Heung-min,kr KOR,FW,Tottenham,25,1992,25.6,792.0,980.0,80.8,10977.0,2123.0,472.0,549.0,86.0,260.0,307.0,84.7,25.0,46.0,54.3,6,6.2,4.3,-0.2,39.0,52.0,26.0,3.0,92.0,17.0,7.1,2.0,12.0,3.0,2.0,28.0,26.0,18.0,0.0,18.0,10.0,27.0,12.0,0.0,Matches,980.0,955.0,20.0,2.0,6.0,2.0,51.0,8.0,4.0,0.0,1.0,0.0,792.0,5.0,35.0,0,0,0.0,15,26.0,25.0,51.0,10.0,10.0,0.0,0.0,0.0,84.0,2.0,13.0,13.3,England
"{'name': 'Senegal', 'id': '686', 'alpha3code': 'SEN', 'alpha2code': 'SN'}",79,Mame Biram,,Diouf,1639,1987-12-16,185,"{'code2': 'FW', 'code3': 'FWD', 'name': 'Forward'}","{'name': 'Senegal', 'id': '686', 'alpha3code': 'SEN', 'alpha2code': 'SN'}",15054,right,M. Diouf,19314,Mame Biram Diouf,Mame Biram Diouf,Mame Biram Diouf,sn SEN,"FW,DF",Stoke City,29,1987,28.8,347.0,630.0,55.1,4835.0,1503.0,213.0,320.0,66.6,108.0,201.0,53.7,10.0,38.0,26.3,2,1.9,0.9,0.1,20.0,26.0,7.0,2.0,43.0,48.0,38.1,26.0,15.0,7.0,8.0,21.0,13.0,22.0,0.0,22.0,14.0,62.0,76.0,1.0,Matches,630.0,584.0,41.0,0.0,0.0,0.0,34.0,33.0,0.0,0.0,0.0,0.0,347.0,5.0,31.0,6,0,0.0,38,39.0,23.0,34.0,14.0,36.0,0.0,0.0,0.0,75.0,142.0,158.0,47.3,England
"{'name': 'Switzerland', 'id': '756', 'alpha3code': 'CHE', 'alpha2code': 'CH'}",72,Xherdan,,Shaqiri,1612,1991-10-10,169,"{'code2': 'MD', 'code3': 'MID', 'name': 'Midfielder'}","{'name': 'Kosovo', 'id': '0', 'alpha3code': 'XKS', 'alpha2code': ''}",49872,left,X. Shaqiri,6697,Xherdan Shaqiri,Xherdan Shaqiri,Xherdan Shaqiri,ch SUI,"MF,FW",Stoke City,25,1991,33.8,923.0,1293.0,71.4,16836.0,5750.0,418.0,472.0,88.6,314.0,418.0,75.1,152.0,307.0,49.5,7,7.1,7.4,-0.1,75.0,94.0,59.0,12.0,161.0,25.0,25.6,9.0,11.0,5.0,10.0,39.0,29.0,9.0,1.0,8.0,16.0,41.0,6.0,2.0,Matches,1293.0,1043.0,242.0,82.0,15.0,11.0,201.0,29.0,88.0,48.0,32.0,4.0,923.0,8.0,33.0,5,0,0.0,28,50.0,15.0,201.0,16.0,17.0,0.0,0.0,0.0,153.0,5.0,20.0,20.0,England
"{'name': 'Albania', 'id': '8', 'alpha3code': 'ALB', 'alpha2code': 'AL'}",82,Granit,,Xhaka,1609,1992-09-27,185,"{'code2': 'MD', 'code3': 'MID', 'name': 'Midfielder'}","{'name': 'Switzerland', 'id': '756', 'alpha3code': 'CHE', 'alpha2code': 'CH'}",49876,left,G. Xhaka,6697,Granit Xhaka,Granit Xhaka,Granit Xhaka,ch SUI,MF,Arsenal,24,1992,36.2,2755.0,3248.0,84.8,49833.0,14812.0,1175.0,1279.0,91.9,1200.0,1368.0,87.7,315.0,473.0,66.6,7,3.4,5.0,3.6,39.0,358.0,44.0,1.0,424.0,78.0,37.7,35.0,40.0,3.0,26.0,69.0,43.0,30.0,9.0,21.0,37.0,115.0,68.0,4.0,Matches,3248.0,3056.0,180.0,73.0,11.0,37.0,102.0,18.0,89.0,48.0,26.0,1.0,2755.0,12.0,29.0,10,0,0.0,57,42.0,0.0,102.0,37.0,57.0,0.0,0.0,0.0,261.0,46.0,50.0,47.9,England
"{'name': 'England', 'id': '0', 'alpha3code': 'XEN', 'alpha2code': ''}",69,Trent,,Alexander-Arnold,1612,1998-10-07,175,"{'code2': 'DF', 'code3': 'DEF', 'name': 'Defender'}","{'name': 'England', 'id': '0', 'alpha3code': 'XEN', 'alpha2code': ''}",346101,right,T. Alexander-Arnold,2413,Trent Alexander-Arnold,Trent Alexander-Arnold,Trent Alexander-Arnold,eng ENG,DF,Liverpool,18,1998,17.5,963.0,1309.0,73.6,17689.0,5965.0,408.0,458.0,89.1,418.0,546.0,76.6,117.0,243.0,48.1,1,2.6,1.7,-1.6,25.0,76.0,25.0,6.0,94.0,37.0,61.1,23.0,9.0,5.0,22.0,36.0,14.0,20.0,5.0,15.0,28.0,65.0,46.0,1.0,Matches,1309.0,1083.0,222.0,15.0,3.0,11.0,102.0,196.0,11.0,7.0,3.0,1.0,963.0,4.0,39.0,3,0,0.0,12,1.0,3.0,102.0,28.0,25.0,0.0,0.0,0.0,133.0,5.0,17.0,22.7,England
"{'name': 'Belgium', 'id': '56', 'alpha3code': 'BEL', 'alpha2code': 'BE'}",94,Thibaut,,Courtois,675,1992-05-11,199,"{'code2': 'GK', 'code3': 'GKP', 'name': 'Goalkeeper'}","{'name': 'Belgium', 'id': '56', 'alpha3code': 'BEL', 'alpha2code': 'BE'}",3429,left,T. Courtois,5629,Thibaut Courtois,Thibaut Courtois,Thibaut Courtois,be BEL,GK,Chelsea,25,1992,35.0,903.0,1202.0,75.1,25829.0,17424.0,105.0,106.0,99.1,514.0,519.0,99.0,279.0,564.0,49.5,0,0.0,0.0,0.0,0.0,14.0,0.0,0.0,0.0,0.0,,0.0,0.0,0.0,0.0,0.0,0.0,0.0,0.0,0.0,0.0,0.0,8.0,1.0,Matches,1202.0,897.0,300.0,52.0,0.0,0.0,0.0,0.0,0.0,0.0,0.0,0.0,903.0,5.0,1.0,2,0,0.0,2,3.0,0.0,0.0,0.0,0.0,0.0,2.0,0.0,37.0,2.0,1.0,66.7,England
"{'name': 'Tunisia', 'id': '788', 'alpha3code': 'TUN', 'alpha2code': 'TN'}",79,Yohan,,Benalouane,1631,1987-03-28,185,"{'code2': 'DF', 'code3': 'DEF', 'name': 'Defender'}","{'name': 'France', 'id': '250', 'alpha3code': 'FRA', 'alpha2code': 'FR'}",21333,right,Y. Benalouane,16276,Yohan Benalouane,Yohan Benalouane,Yohan Benalouane,tn TUN,DF,Leicester City,30,1987,1.0,24.0,38.0,63.2,478.0,89.0,7.0,10.0,70.0,12.0,16.0,75.0,5.0,10.0,50.0,0,0.0,0.0,0.0,0.0,0.0,0.0,0.0,1.0,7.0,66.7,6.0,1.0,0.0,4.0,6.0,2.0,1.0,1.0,0.0,1.0,8.0,4.0,0.0,Matches,38.0,28.0,10.0,2.0,0.0,0.0,3.0,8.0,0.0,0.0,0.0,0.0,24.0,0.0,1.0,0,0,0.0,1,1.0,1.0,3.0,1.0,3.0,0.0,0.0,0.0,5.0,2.0,2.0,50.0,England
"{'name': 'Egypt', 'id': '818', 'alpha3code': 'EGY', 'alpha2code': 'EG'}",83,Ahmed,,Hegazy,1627,1991-01-25,193,"{'code2': 'DF', 'code3': 'DEF', 'name': 'Defender'}","{'name': 'Egypt', 'id': '818', 'alpha3code': 'EGY', 'alpha2code': 'EG'}",119951,right,Ahmed Hegazy,16129,Ahmed Hegazy,Ahmed Hegazi,Ahmed Hegazi,eg EGY,DF,West Brom,26,1991,37.6,872.0,1205.0,72.4,19108.0,9451.0,252.0,307.0,82.1,423.0,530.0,79.8,180.0,326.0,55.2,0,0.6,1.4,-0.6,7.0,56.0,8.0,3.0,65.0,58.0,52.0,46.0,12.0,0.0,26.0,50.0,24.0,55.0,37.0,18.0,60.0,118.0,278.0,2.0,Matches,1205.0,1161.0,37.0,33.0,1.0,10.0,10.0,2.0,0.0,0.0,0.0,0.0,872.0,7.0,10.0,4,0,0.0,24,12.0,2.0,10.0,60.0,38.0,0.0,0.0,0.0,183.0,100.0,82.0,54.9,England
"{'name': 'Denmark', 'id': '208', 'alpha3code': 'DNK', 'alpha2code': 'DK'}",88,Jonas,,L\u00f6ssl,1673,1989-02-01,195,"{'code2': 'GK', 'code3': 'GKP', 'name': 'Goalkeeper'}","{'name': 'Denmark', 'id': '208', 'alpha3code': 'DNK', 'alpha2code': 'DK'}",56038,right,J. L\u00f6ssl,7712,Jonas Lössl,Jonas Lössl,Jonas Lössl,dk DEN,GK,Huddersfield,28,1989,38.0,825.0,1390.0,59.4,32620.0,27387.0,40.0,40.0,100.0,285.0,288.0,99.0,500.0,1058.0,47.3,1,0.6,0.1,0.4,3.0,50.0,2.0,0.0,2.0,1.0,20.0,1.0,0.0,0.0,1.0,5.0,4.0,0.0,0.0,0.0,4.0,5.0,13.0,6.0,Matches,1390.0,912.0,475.0,171.0,0.0,2.0,0.0,0.0,0.0,0.0,0.0,0.0,825.0,3.0,1.0,1,0,0.0,0,6.0,0.0,0.0,4.0,0.0,0.0,0.0,1.0,72.0,14.0,4.0,77.8,England
"{'name': 'Senegal', 'id': '686', 'alpha3code': 'SEN', 'alpha2code': 'SN'}",75,Sadio,,Man\u00e9,1612,1992-04-10,175,"{'code2': 'FW', 'code3': 'FWD', 'name': 'Forward'}","{'name': 'Senegal', 'id': '686', 'alpha3code': 'SEN', 'alpha2code': 'SN'}",25747,right,S. Man\u00e9,19314,Sadio Mané,Sadio Mané,Sadio Mané,sn SEN,FW,Liverpool,25,1992,24.3,787.0,1005.0,78.3,11585.0,2403.0,440.0,528.0,83.3,276.0,327.0,84.4,38.0,61.0,62.3,7,5.4,4.9,1.6,48.0,55.0,56.0,5.0,120.0,28.0,13.0,8.0,11.0,9.0,3.0,23.0,20.0,20.0,0.0,20.0,9.0,37.0,8.0,0.0,Matches,1005.0,991.0,11.0,2.0,10.0,3.0,32.0,8.0,1.0,0.0,0.0,0.0,787.0,3.0,29.0,3,1,0.0,24,50.0,12.0,32.0,9.0,20.0,0.0,0.0,0.0,111.0,27.0,60.0,31.0,England
"{'name': 'France', 'id': '250', 'alpha3code': 'FRA', 'alpha2code': 'FR'}",82,Hugo,,Lloris,1624,1986-12-26,188,"{'code2': 'GK', 'code3': 'GKP', 'name': 'Goalkeeper'}","{'name': 'France', 'id': '250', 'alpha3code': 'FRA', 'alpha2code': 'FR'}",25381,left,H. Lloris,4418,Hugo Lloris,Hugo Lloris,Hugo Lloris,fr FRA,GK,Tottenham,30,1986,36.0,916.0,1167.0,78.5,26371.0,18330.0,75.0,76.0,98.7,526.0,528.0,99.6,315.0,561.0,56.1,0,0.0,0.0,0.0,0.0,9.0,1.0,0.0,0.0,1.0,25.0,1.0,0.0,0.0,1.0,4.0,3.0,0.0,0.0,0.0,2.0,3.0,34.0,8.0,Matches,1167.0,883.0,282.0,55.0,0.0,6.0,0.0,0.0,0.0,0.0,0.0,0.0,916.0,2.0,1.0,1,0,0.0,1,2.0,0.0,0.0,2.0,1.0,0.0,1.0,0.0,53.0,8.0,2.0,80.0,England
"{'name': 'Croatia', 'id': '191', 'alpha3code': 'HRV', 'alpha2code': 'HR'}",84,Dejan,,Lovren,1612,1989-07-05,188,"{'code2': 'DF', 'code3': 'DEF', 'name': 'Defender'}","{'name': 'Croatia', 'id': '191', 'alpha3code': 'HRV', 'alpha2code': 'HR'}",25393,right,D. Lovren,9598,Dejan Lovren,Dejan Lovren,Dejan Lovren,hr CRO,DF,Liverpool,28,1989,23.6,1602.0,1814.0,88.3,31489.0,11482.0,468.0,497.0,94.2,969.0,1053.0,92.0,154.0,242.0,63.6,1,1.3,0.5,-0.3,6.0,97.0,9.0,2.0,98.0,26.0,54.5,14.0,11.0,1.0,12.0,22.0,10.0,26.0,15.0,11.0,38.0,64.0,146.0,2.0,Matches,1814.0,1769.0,43.0,38.0,0.0,9.0,4.0,5.0,0.0,0.0,0.0,0.0,1602.0,2.0,5.0,4,0,0.0,15,6.0,1.0,4.0,38.0,17.0,0.0,1.0,0.0,107.0,104.0,60.0,63.4,England
"{'name': 'France', 'id': '250', 'alpha3code': 'FRA', 'alpha2code': 'FR'}",73,Henri,,Saivet,4513,1990-10-26,175,"{'code2': 'MD', 'code3': 'MID', 'name': 'Midfielder'}","{'name': 'Senegal', 'id': '686', 'alpha3code': 'SEN', 'alpha2code': 'SN'}",25604,right,H. Saivet,null,Henri Saivet,Henri Saivet,Henri Saivet,sn SEN,MF,Newcastle Utd,26,1990,0.9,15.0,26.0,57.7,215.0,29.0,9.0,10.0,90.0,4.0,9.0,44.4,1.0,5.0,20.0,0,0.0,0.0,0.0,0.0,1.0,0.0,0.0,1.0,5.0,40.0,4.0,1.0,0.0,2.0,5.0,3.0,0.0,0.0,0.0,4.0,9.0,8.0,1.0,Matches,26.0,24.0,2.0,0.0,0.0,0.0,2.0,0.0,2.0,2.0,0.0,0.0,15.0,0.0,1.0,0,0,0.0,0,0.0,0.0,2.0,4.0,3.0,0.0,0.0,0.0,4.0,2.0,1.0,66.7,England
"{'name': 'Senegal', 'id': '686', 'alpha3code': 'SEN', 'alpha2code': 'SN'}",85,Benjamin,,Mendy,1625,1994-07-17,185,"{'code2': 'DF', 'code3': 'DEF', 'name': 'Defender'}","{'name': 'France', 'id': '250', 'alpha3code': 'FRA', 'alpha2code': 'FR'}",26136,left,B. Mendy,4418,Benjamin Mendy,Benjamin Mendy,Benjamin Mendy,fr FRA,"DF,FW",Manchester City,23,1994,4.0,209.0,272.0,76.8,3437.0,932.0,110.0,126.0,87.3,76.0,100.0,76.0,18.0,27.0,66.7,1,0.8,0.6,0.2,9.0,20.0,11.0,5.0,27.0,5.0,71.4,2.0,0.0,3.0,5.0,7.0,2.0,5.0,0.0,5.0,8.0,13.0,9.0,0.0,Matches,272.0,223.0,48.0,4.0,0.0,1.0,39.0,44.0,0.0,0.0,0.0,0.0,209.0,1.0,10.0,2,0,0.0,6,1.0,0.0,39.0,8.0,4.0,0.0,0.0,0.0,21.0,5.0,4.0,55.6,England
"{'name': 'France', 'id': '250', 'alpha3code': 'FRA', 'alpha2code': 'FR'}",88,Olivier,,Giroud,1610,1986-09-30,192,"{'code2': 'FW', 'code3': 'FWD', 'name': 'Forward'}","{'name': 'France', 'id': '250', 'alpha3code': 'FRA', 'alpha2code': 'FR'}",26010,left,O. Giroud,4418,Olivier Giroud,Olivier Giroud,Olivier Giroud,fr FRA,FW,Arsenal,30,1986,4.3,96.0,140.0,68.6,920.0,160.0,68.0,92.0,73.9,11.0,17.0,64.7,1.0,3.0,33.3,1,0.9,0.8,0.1,7.0,4.0,4.0,1.0,5.0,5.0,20.0,1.0,2.0,2.0,1.0,5.0,4.0,1.0,0.0,1.0,1.0,6.0,4.0,0.0,Matches,140.0,136.0,3.0,0.0,2.0,1.0,3.0,0.0,0.0,0.0,0.0,0.0,96.0,1.0,3.0,0,0,0.0,7,2.0,2.0,3.0,1.0,4.0,0.0,0.0,0.0,8.0,23.0,18.0,56.1,England
"{'name': 'France', 'id': '250', 'alpha3code': 'FRA', 'alpha2code': 'FR'}",88,Olivier,,Giroud,1610,1986-09-30,192,"{'code2': 'FW', 'code3': 'FWD', 'name': 'Forward'}","{'name': 'France', 'id': '250', 'alpha3code': 'FRA', 'alpha2code': 'FR'}",26010,left,O. Giroud,4418,Olivier Giroud,Olivier Giroud,Olivier Giroud,fr FRA,FW,Chelsea,30,1986,6.8,155.0,240.0,64.6,1625.0,328.0,80.0,121.0,66.1,28.0,51.0,54.9,6.0,14.0,42.9,1,2.0,1.3,-1.0,13.0,8.0,4.0,0.0,21.0,4.0,33.3,1.0,2.0,1.0,1.0,3.0,2.0,0.0,0.0,0.0,1.0,5.0,5.0,0.0,Matches,240.0,226.0,14.0,0.0,3.0,0.0,0.0,1.0,0.0,0.0,0.0,0.0,155.0,0.0,3.0,0,0,0.0,6,7.0,3.0,0.0,1.0,3.0,0.0,0.0,0.0,15.0,46.0,24.0,65.7,England
"{'name': 'France', 'id': '250', 'alpha3code': 'FRA', 'alpha2code': 'FR'}",79,Diafra,,Sakho,3774,1989-12-24,184,"{'code2': 'FW', 'code3': 'FWD', 'name': 'Forward'}","{'name': 'Senegal', 'id': '686', 'alpha3code': 'SEN', 'alpha2code': 'SN'}",26610,right,D. Sakho,19314,Diafra Sakho,Diafra Sakho,Diafra Sakho,sn SEN,FW,West Ham,27,1989,3.4,44.0,73.0,60.3,632.0,121.0,30.0,36.0,83.3,9.0,18.0,50.0,5.0,9.0,55.6,0,0.1,0.1,-0.1,1.0,3.0,2.0,0.0,6.0,5.0,0.0,1.0,4.0,0.0,0.0,3.0,3.0,3.0,0.0,3.0,1.0,6.0,2.0,0.0,Matches,73.0,61.0,10.0,0.0,0.0,0.0,3.0,4.0,1.0,0.0,0.0,0.0,44.0,2.0,3.0,2,0,0.0,4,6.0,5.0,3.0,1.0,2.0,1.0,0.0,0.0,8.0,16.0,26.0,38.1,England
"{'name': 'Spain', 'id': '724', 'alpha3code': 'ESP', 'alpha2code': 'ES'}",70,Kevin,,Mirallas,12509,1987-10-05,182,"{'code2': 'MD', 'code3': 'MID', 'name': 'Midfielder'}","{'name': 'Belgium', 'id': '56', 'alpha3code': 'BEL', 'alpha2code': 'BE'}",92922,right,K. Mirallas,null,Kevin Mirallas,Kevin Mirallas,Kevin Mirallas,be BEL,"FW,MF",Everton,29,1987,1.5,44.0,59.0,74.6,734.0,119.0,17.0,20.0,85.0,22.0,28.0,78.6,3.0,5.0,60.0,0,0.1,0.0,-0.1,1.0,3.0,0.0,0.0,3.0,4.0,0.0,1.0,2.0,1.0,0.0,1.0,1.0,0.0,0.0,0.0,0.0,4.0,3.0,0.0,Matches,59.0,53.0,5.0,1.0,0.0,0.0,4.0,0.0,1.0,1.0,0.0,0.0,44.0,1.0,3.0,1,0,0.0,1,2.0,0.0,4.0,0.0,3.0,0.0,0.0,0.0,6.0,2.0,2.0,50.0,England
"{'name': 'Belgium', 'id': 56, 'alpha3code': 'BEL', 'alpha2code': 'BE'}",84,Christian,,Kabasele,1644,1991-02-24,187,"{'code2': 'DF', 'code3': 'DEF', 'name': 'Defender'}","{'name': 'Congo DR', 'id': 180, 'alpha3code': 'COD', 'alpha2code': 'CD'}",68085,right,C. Kabasele,5629,Christian Kabasele,Christian Kabasele,Christian Kabasele,be BEL,DF,Watford,26,1991,25.9,677.0,910.0,74.4,13472.0,6282.0,227.0,278.0,81.7,352.0,425.0,82.8,88.0,180.0,48.9,0,0.1,0.3,-0.1,3.0,46.0,5.0,0.0,74.0,42.0,58.3,28.0,14.0,0.0,21.0,36.0,15.0,37.0,23.0,14.0,34.0,76.0,185.0,0.0,Matches,910.0,876.0,30.0,28.0,0.0,10.0,1.0,2.0,0.0,0.0,0.0,0.0,677.0,4.0,7.0,5,0,0.0,31,16.0,0.0,1.0,34.0,25.0,0.0,1.0,1.0,98.0,103.0,45.0,69.6,England
"{'name': 'Portugal', 'id': 620, 'alpha3code': 'PRT', 'alpha2code': 'PT'}",70,Edimilson,,Fernandes,3176,1996-04-15,190,"{'code2': 'MD', 'code3': 'MID', 'name': 'Midfielder'}","{'name': 'Switzerland', 'id': 756, 'alpha3code': 'CHE', 'alpha2code': 'CH'}",265318,right,E. Fernandes,6697,Edimilson Fernandes,Edimilson Fernandes,Edimilson Fernandes,ch SUI,"MF,DF",West Ham,21,1996,9.4,222.0,288.0,77.1,3671.0,867.0,96.0,119.0,80.7,82.0,99.0,82.8,23.0,35.0,65.7,1,0.3,0.3,0.7,7.0,17.0,6.0,1.0,20.0,17.0,42.9,10.0,7.0,0.0,9.0,21.0,12.0,13.0,1.0,12.0,16.0,33.0,8.0,0.0,Matches,288.0,275.0,11.0,0.0,0.0,8.0,7.0,11.0,0.0,0.0,0.0,0.0,222.0,2.0,9.0,1,0,0.0,5,11.0,0.0,7.0,16.0,9.0,0.0,0.0,0.0,49.0,10.0,16.0,38.5,England
"{'name': 'Wales', 'id': 0, 'alpha3code': 'XWA', 'alpha2code': ''}",76,Ben,,Davies,1624,1993-04-24,182,"{'code2': 'DF', 'code3': 'DEF', 'name': 'Defender'}","{'name': 'Wales', 'id': 0, 'alpha3code': 'XWA', 'alpha2code': ''}",136441,left,B. Davies,10682,Ben Davies,Ben Davies,Ben Davies,wls WAL,DF,Tottenham,24,1993,25.8,1305.0,1735.0,75.2,22704.0,8393.0,612.0,701.0,87.3,560.0,706.0,79.3,116.0,247.0,47.0,6,3.2,3.8,2.8,46.0,125.0,37.0,14.0,165.0,47.0,52.1,13.0,21.0,13.0,25.0,48.0,23.0,24.0,5.0,19.0,28.0,75.0,70.0,1.0,Matches,1735.0,1385.0,345.0,19.0,0.0,5.0,149.0,277.0,49.0,23.0,13.0,0.0,1305.0,5.0,69.0,3,0,0.0,24,25.0,0.0,149.0,28.0,33.0,0.0,0.0,0.0,110.0,45.0,50.0,47.4,England
"{'name': 'Slovakia', 'id': 703, 'alpha3code': 'SVK', 'alpha2code': 'SK'}",85,Martin,,D\u00fabravka,1613,1989-01-15,191,"{'code2': 'GK', 'code3': 'GKP', 'name': 'Goalkeeper'}","{'name': 'Slovakia', 'id': 703, 'alpha3code': 'SVK', 'alpha2code': 'SK'}",104851,right,M. D\u00fabravka,14496,Martin Dúbravka,Martin Dúbravka,Martin Dúbravka,sk SVK,GK,Newcastle Utd,28,1989,12.0,203.0,348.0,58.3,6648.0,5297.0,24.0,24.0,100.0,93.0,94.0,98.9,86.0,230.0,37.4,0,0.0,0.0,0.0,0.0,7.0,0.0,0.0,0.0,0.0,,0.0,0.0,0.0,0.0,0.0,0.0,0.0,0.0,0.0,0.0,0.0,3.0,2.0,Matches,348.0,212.0,136.0,43.0,0.0,1.0,0.0,0.0,0.0,0.0,0.0,0.0,203.0,0.0,0.0,0,0,0.0,0,2.0,0.0,0.0,0.0,0.0,0.0,0.0,0.0,11.0,2.0,0.0,100.0,England
"{'name': 'Germany', 'id': 276, 'alpha3code': 'DEU', 'alpha2code': 'DE'}",90,Per,,Mertesacker,null,1984-09-29,198,"{'code2': 'DF', 'code3': 'DEF', 'name': 'Defender'}","{'name': 'Germany', 'id': 276, 'alpha3code': 'DEU', 'alpha2code': 'DE'}",7856,right,P. Mertesacker,null,Per Mertesacker,Per Mertesacker,Per Mertesacker,de GER,DF,Arsenal,32,1984,4.1,226.0,247.0,91.5,4270.0,1894.0,72.0,74.0,97.3,134.0,146.0,91.8,17.0,22.0,77.3,0,0.0,0.0,0.0,0.0,6.0,0.0,0.0,6.0,2.0,0.0,0.0,2.0,0.0,0.0,1.0,1.0,4.0,3.0,1.0,6.0,8.0,22.0,2.0,Matches,247.0,243.0,4.0,4.0,0.0,0.0,0.0,0.0,0.0,0.0,0.0,0.0,226.0,0.0,0.0,0,0,0.0,2,4.0,0.0,0.0,6.0,2.0,0.0,0.0,0.0,32.0,22.0,6.0,78.6,England
"{'name': 'Wales', 'id': 0, 'alpha3code': 'XWA', 'alpha2code': ''}",76,Aaron,,Ramsey,1609,1990-12-26,183,"{'code2': 'MD', 'code3': 'MID', 'name': 'Midfielder'}","{'name': 'Wales', 'id': 0, 'alpha3code': 'XWA', 'alpha2code': ''}",7870,right,A. Ramsey,10682,Aaron Ramsey,Aaron Ramsey,Aaron Ramsey,wls WAL,MF,Arsenal,26,1990,20.5,1065.0,1277.0,83.4,16341.0,4329.0,556.0,627.0,88.7,390.0,457.0,85.3,69.0,97.0,71.1,8,5.4,5.3,2.6,28.0,102.0,36.0,3.0,134.0,35.0,18.2,18.0,17.0,0.0,8.0,44.0,36.0,14.0,3.0,11.0,24.0,59.0,6.0,1.0,Matches,1277.0,1236.0,32.0,20.0,10.0,12.0,17.0,12.0,0.0,0.0,0.0,0.0,1065.0,9.0,24.0,0,0,0.0,28,33.0,0.0,17.0,24.0,27.0,2.0,0.0,0.0,128.0,10.0,15.0,40.0,England
"{'name': 'Northern Ireland', 'id': 0, 'alpha3code': 'XNI', 'alpha2code': ''}",77,Jonny,,Evans,1631,1988-01-02,188,"{'code2': 'DF', 'code3': 'DEF', 'name': 'Defender'}","{'name': 'Northern Ireland', 'id': 0, 'alpha3code': 'XNI', 'alpha2code': ''}",7914,right,J. Evans,10962,Jonny Evans,Jonny Evans,Jonny Evans,nir NIR,DF,West Brom,29,1988,25.2,785.0,983.0,79.9,15261.0,6008.0,293.0,334.0,87.7,366.0,430.0,85.1,114.0,193.0,59.1,2,0.9,0.4,1.1,8.0,58.0,5.0,2.0,56.0,29.0,42.4,19.0,8.0,2.0,14.0,33.0,19.0,22.0,13.0,9.0,48.0,77.0,131.0,1.0,Matches,983.0,922.0,58.0,43.0,0.0,2.0,4.0,15.0,0.0,0.0,0.0,0.0,785.0,3.0,4.0,7,0,0.0,26,27.0,0.0,4.0,48.0,22.0,0.0,0.0,1.0,142.0,54.0,34.0,61.4,England
"{'name': 'France', 'id': 250, 'alpha3code': 'FRA', 'alpha2code': 'FR'}",75,Patrice,,Evra,null,1981-05-15,174,"{'code2': 'DF', 'code3': 'DEF', 'name': 'Defender'}","{'name': 'Senegal', 'id': 686, 'alpha3code': 'SEN', 'alpha2code': 'SN'}",7915,left,P. Evra,null,Patrice Evra,Patrice Evra,Patrice Evra,fr FRA,"DF,MF",West Ham,36,1981,2.5,84.0,120.0,70.0,1311.0,617.0,49.0,57.0,86.0,27.0,42.0,64.3,7.0,12.0,58.3,0,0.0,0.0,0.0,0.0,8.0,0.0,0.0,7.0,6.0,75.0,5.0,1.0,0.0,6.0,8.0,2.0,4.0,1.0,3.0,7.0,13.0,6.0,0.0,Matches,120.0,97.0,22.0,2.0,1.0,1.0,2.0,20.0,0.0,0.0,0.0,0.0,84.0,1.0,7.0,0,0,0.0,0,2.0,1.0,2.0,7.0,4.0,0.0,0.0,0.0,18.0,7.0,7.0,50.0,England
"{'name': 'England', 'id': 0, 'alpha3code': 'XEN', 'alpha2code': ''}",74,Michael,,Carrick,null,1981-07-28,188,"{'code2': 'MD', 'code3': 'MID', 'name': 'Midfielder'}","{'name': 'England', 'id': 0, 'alpha3code': 'XEN', 'alpha2code': ''}",7928,right,M. Carrick,null,Michael Carrick,Michael Carrick,Michael Carrick,eng ENG,MF,Manchester Utd,36,1981,1.2,84.0,99.0,84.8,1602.0,837.0,40.0,41.0,97.6,29.0,29.0,100.0,14.0,25.0,56.0,0,0.1,0.2,-0.1,1.0,17.0,0.0,0.0,15.0,1.0,0.0,0.0,1.0,0.0,0.0,1.0,1.0,2.0,0.0,2.0,1.0,2.0,3.0,0.0,Matches,99.0,98.0,1.0,1.0,1.0,2.0,0.0,0.0,0.0,0.0,0.0,0.0,84.0,0.0,2.0,0,0,0.0,1,1.0,0.0,0.0,1.0,1.0,0.0,0.0,0.0,17.0,0.0,2.0,0.0,England
"{'name': 'England', 'id': 0, 'alpha3code': 'XEN', 'alpha2code': ''}",70,Glen,,Johnson,null,1984-08-23,182,"{'code2': 'DF', 'code3': 'DEF', 'name': 'Defender'}","{'name': 'England', 'id': 0, 'alpha3code': 'XEN', 'alpha2code': ''}",7957,right,G. Johnson,null,Glen Johnson,Glen Johnson,Glen Johnson,eng ENG,DF,Stoke City,32,1984,6.1,159.0,242.0,65.7,3160.0,1662.0,67.0,77.0,87.0,63.0,91.0,69.2,25.0,59.0,42.4,0,0.2,0.5,-0.2,4.0,18.0,9.0,2.0,23.0,7.0,25.0,5.0,2.0,0.0,3.0,12.0,9.0,7.0,2.0,5.0,10.0,17.0,23.0,0.0,Matches,242.0,187.0,54.0,9.0,0.0,1.0,8.0,45.0,0.0,0.0,0.0,0.0,159.0,1.0,5.0,3,0,0.0,6,5.0,0.0,8.0,10.0,5.0,0.0,0.0,0.0,29.0,6.0,1.0,85.7,England
"{'name': 'Ireland Republic', 'id': 372, 'alpha3code': 'IRL', 'alpha2code': 'IE'}",93,Rob,,Elliot,1613,1986-04-30,188,"{'code2': 'GK', 'code3': 'GKP', 'name': 'Goalkeeper'}","{'name': 'England', 'id': 0, 'alpha3code': 'XEN', 'alpha2code': ''}",7974,left,R. Elliot,8274,Rob Elliot,Rob Elliot,Rob Elliot,ie IRL,GK,Newcastle Utd,31,1986,16.0,308.0,537.0,57.4,12289.0,10903.0,23.0,23.0,100.0,102.0,105.0,97.1,183.0,408.0,44.9,0,0.0,0.1,0.0,0.0,9.0,0.0,0.0,0.0,0.0,0.0,0.0,0.0,0.0,0.0,1.0,1.0,0.0,0.0,0.0,0.0,0.0,8.0,0.0,Matches,537.0,303.0,234.0,75.0,0.0,0.0,0.0,0.0,0.0,0.0,0.0,0.0,308.0,0.0,0.0,0,0,0.0,0,2.0,0.0,0.0,0.0,0.0,0.0,0.0,0.0,4.0,5.0,1.0,83.3,England
"{'name': 'Ireland Republic', 'id': 372, 'alpha3code': 'IRL', 'alpha2code': 'IE'}",76,Ciaran,,Clark,1613,1989-09-26,188,"{'code2': 'DF', 'code3': 'DEF', 'name': 'Defender'}","{'name': 'England', 'id': 0, 'alpha3code': 'XEN', 'alpha2code': ''}",8004,left,C. Clark,8274,Ciaran Clark,Ciaran Clark,Ciaran Clark,ie IRL,DF,Newcastle Utd,27,1989,19.4,511.0,715.0,71.5,10211.0,4380.0,171.0,199.0,85.9,251.0,308.0,81.5,71.0,176.0,40.3,1,0.7,0.4,0.3,4.0,43.0,3.0,0.0,29.0,25.0,52.4,17.0,8.0,0.0,11.0,21.0,10.0,15.0,10.0,5.0,17.0,42.0,144.0,1.0,Matches,715.0,680.0,31.0,21.0,1.0,3.0,2.0,10.0,0.0,0.0,0.0,0.0,511.0,4.0,8.0,3,0,0.0,17,13.0,0.0,2.0,17.0,17.0,0.0,2.0,0.0,95.0,38.0,37.0,50.7,England
"{'name': 'England', 'id': 0, 'alpha3code': 'XEN', 'alpha2code': ''}",76,Ross,,Barkley,1610,1993-12-05,189,"{'code2': 'MD', 'code3': 'MID', 'name': 'Midfielder'}","{'name': 'England', 'id': 0, 'alpha3code': 'XEN', 'alpha2code': ''}",8246,right,R. Barkley,2413,Ross Barkley,Ross Barkley,Ross Barkley,eng ENG,MF,Chelsea,23,1993,1.4,39.0,53.0,73.6,560.0,96.0,23.0,28.0,82.1,9.0,13.0,69.2,3.0,6.0,50.0,0,0.1,0.0,-0.1,2.0,0.0,2.0,1.0,4.0,0.0,0.0,0.0,0.0,0.0,0.0,1.0,1.0,3.0,1.0,2.0,0.0,0.0,2.0,0.0,Matches,53.0,52.0,0.0,0.0,0.0,0.0,2.0,0.0,0.0,0.0,0.0,0.0,39.0,1.0,1.0,0,0,0.0,1,1.0,0.0,2.0,0.0,0.0,0.0,0.0,0.0,3.0,2.0,2.0,50.0,England
"{'name': 'Northern Ireland', 'id': 0, 'alpha3code': 'XNI', 'alpha2code': ''}",89,Gareth,,McAuley,8509,1979-12-05,195,"{'code2': 'DF', 'code3': 'DEF', 'name': 'Defender'}","{'name': 'Northern Ireland', 'id': 0, 'alpha3code': 'XNI', 'alpha2code': ''}",8362,right,G. McAuley,10962,Gareth McAuley,Gareth McAuley,Gareth McAuley,nir NIR,DF,West Brom,37,1979,5.1,85.0,130.0,65.4,1995.0,1107.0,24.0,31.0,77.4,36.0,47.0,76.6,24.0,44.0,54.5,0,0.0,0.0,0.0,0.0,16.0,2.0,0.0,10.0,8.0,42.9,6.0,2.0,0.0,3.0,7.0,4.0,7.0,4.0,3.0,11.0,19.0,16.0,0.0,Matches,130.0,120.0,9.0,6.0,0.0,2.0,1.0,3.0,0.0,0.0,0.0,0.0,85.0,1.0,5.0,0,0,0.0,2,2.0,0.0,1.0,11.0,7.0,0.0,0.0,0.0,26.0,15.0,10.0,60.0,England
"{'name': 'Ireland Republic', 'id': 372, 'alpha3code': 'IRL', 'alpha2code': 'IE'}",70,Shane ,,Long,1619,1987-01-22,178,"{'code2': 'FW', 'code3': 'FWD', 'name': 'Forward'}","{'name': 'Ireland Republic', 'id': 372, 'alpha3code': 'IRL', 'alpha2code': 'IE'}",8384,right,S. Long,8274,Shane  Long,Shane Long,Shane Long,ie IRL,FW,Southampton,30,1987,17.6,271.0,419.0,64.7,3471.0,585.0,173.0,229.0,75.5,64.0,111.0,57.7,10.0,21.0,47.6,1,1.3,1.4,-0.3,20.0,11.0,9.0,3.0,21.0,25.0,33.3,1.0,19.0,5.0,10.0,30.0,20.0,14.0,2.0,12.0,12.0,37.0,29.0,0.0,Matches,419.0,404.0,15.0,0.0,1.0,1.0,21.0,3.0,0.0,0.0,0.0,0.0,271.0,0.0,13.0,6,0,0.0,34,40.0,14.0,21.0,12.0,20.0,1.0,0.0,0.0,42.0,76.0,112.0,40.4,England
"{'name': 'Wales', 'id': 0, 'alpha3code': 'XWA', 'alpha2code': ''}",90,Wayne ,,Hennessey,1628,1987-01-24,198,"{'code2': 'GK', 'code3': 'GKP', 'name': 'Goalkeeper'}","{'name': 'Wales', 'id': 0, 'alpha3code': 'XWA', 'alpha2code': ''}",8425,right,W. Hennessey,10682,Wayne  Hennessey,Wayne Hennessey,Wayne Hennessey,wls WAL,GK,Crystal Palace,30,1987,27.0,409.0,787.0,52.0,17667.0,16033.0,34.0,34.0,100.0,119.0,122.0,97.5,256.0,625.0,41.0,0,0.5,0.3,-0.5,1.0,27.0,1.0,0.0,0.0,0.0,,0.0,0.0,0.0,0.0,0.0,0.0,1.0,0.0,1.0,2.0,2.0,5.0,1.0,Matches,787.0,451.0,330.0,103.0,0.0,0.0,0.0,0.0,0.0,0.0,0.0,0.0,409.0,6.0,0.0,1,0,0.0,0,2.0,0.0,0.0,2.0,0.0,0.0,0.0,0.0,21.0,8.0,0.0,100.0,England
"{'name': 'Ireland Republic', 'id': 372, 'alpha3code': 'IRL', 'alpha2code': 'IE'}",82,Stephen,,Ward,1646,1985-08-20,184,"{'code2': 'DF', 'code3': 'DEF', 'name': 'Defender'}","{'name': 'Ireland Republic', 'id': 372, 'alpha3code': 'IRL', 'alpha2code': 'IE'}",8433,left,S. Ward,8274,Stephen Ward,Stephen Ward,Stephen Ward,ie IRL,DF,Burnley,31,1985,27.3,865.0,1293.0,66.9,15628.0,6840.0,396.0,457.0,86.7,351.0,504.0,69.6,102.0,260.0,39.2,1,1.4,1.4,-0.4,16.0,96.0,21.0,15.0,87.0,39.0,47.6,27.0,8.0,4.0,20.0,42.0,22.0,27.0,12.0,15.0,42.0,81.0,126.0,0.0,Matches,1293.0,990.0,292.0,15.0,0.0,3.0,82.0,277.0,0.0,0.0,0.0,0.0,865.0,11.0,42.0,1,0,0.0,11,29.0,3.0,82.0,42.0,31.0,0.0,0.0,0.0,105.0,54.0,28.0,65.9,England
"{'name': 'Wales', 'id': 0, 'alpha3code': 'XWA', 'alpha2code': ''}",79,Andy,,King,1631,1988-10-29,184,"{'code2': 'MD', 'code3': 'MID', 'name': 'Midfielder'}","{'name': 'England', 'id': 0, 'alpha3code': 'XEN', 'alpha2code': ''}",8498,right,A. King,10682,Andy King,Andy King,Andy King,wls WAL,MF,Leicester City,28,1988,6.0,167.0,221.0,75.6,2628.0,676.0,76.0,93.0,81.7,66.0,81.0,81.5,12.0,25.0,48.0,0,0.1,0.1,-0.1,2.0,17.0,0.0,0.0,13.0,8.0,0.0,0.0,5.0,3.0,0.0,3.0,3.0,4.0,2.0,2.0,5.0,13.0,13.0,0.0,Matches,221.0,212.0,5.0,2.0,1.0,0.0,5.0,2.0,0.0,0.0,0.0,0.0,167.0,4.0,1.0,1,0,0.0,5,5.0,1.0,5.0,5.0,5.0,1.0,0.0,0.0,34.0,10.0,8.0,55.6,England
"{'name': 'Wales', 'id': 0, 'alpha3code': 'XWA', 'alpha2code': ''}",79,Andy,,King,1631,1988-10-29,184,"{'code2': 'MD', 'code3': 'MID', 'name': 'Midfielder'}","{'name': 'England', 'id': 0, 'alpha3code': 'XEN', 'alpha2code': ''}",8498,right,A. King,10682,Andy King,Andy King,Andy King,wls WAL,MF,Swansea City,28,1988,7.9,296.0,359.0,82.5,5218.0,1314.0,132.0,145.0,91.0,125.0,148.0,84.5,28.0,50.0,56.0,1,0.2,0.5,0.8,4.0,35.0,5.0,2.0,38.0,18.0,35.7,10.0,8.0,0.0,5.0,14.0,9.0,7.0,0.0,7.0,6.0,24.0,14.0,1.0,Matches,359.0,348.0,11.0,10.0,0.0,3.0,8.0,1.0,0.0,0.0,0.0,0.0,296.0,0.0,3.0,1,0,0.0,4,6.0,0.0,8.0,6.0,11.0,0.0,0.0,0.0,41.0,5.0,6.0,45.5,England
"{'name': 'Ireland Republic', 'id': 372, 'alpha3code': 'IRL', 'alpha2code': 'IE'}",70,James,,McClean,1639,1989-04-22,180,"{'code2': 'MD', 'code3': 'MID', 'name': 'Midfielder'}","{'name': 'Northern Ireland', 'id': 0, 'alpha3code': 'XNI', 'alpha2code': ''}",8530,left,J. McClean,8274,James McClean,James McClean,James McClean,ie IRL,"MF,FW",West Brom,28,1989,15.6,288.0,462.0,62.3,4418.0,1011.0,163.0,201.0,81.1,87.0,131.0,66.4,25.0,76.0,32.9,0,0.8,1.4,-0.8,18.0,12.0,21.0,18.0,12.0,40.0,18.2,23.0,14.0,3.0,10.0,55.0,45.0,18.0,4.0,14.0,20.0,60.0,22.0,0.0,Matches,462.0,432.0,27.0,2.0,0.0,2.0,88.0,13.0,12.0,11.0,0.0,0.0,288.0,3.0,40.0,7,0,0.0,35,12.0,5.0,88.0,20.0,28.0,0.0,0.0,1.0,91.0,15.0,22.0,40.5,England
"{'name': 'England', 'id': 0, 'alpha3code': 'XEN', 'alpha2code': ''}",79,Alex,,McCarthy,1619,1989-12-03,193,"{'code2': 'GK', 'code3': 'GKP', 'name': 'Goalkeeper'}","{'name': 'England', 'id': 0, 'alpha3code': 'XEN', 'alpha2code': ''}",8580,right,A. McCarthy,2413,Alex McCarthy,Alex McCarthy,Alex McCarthy,eng ENG,GK,Southampton,27,1989,18.0,212.0,462.0,45.9,8168.0,7016.0,24.0,25.0,96.0,69.0,69.0,100.0,119.0,368.0,32.3,0,0.0,0.0,0.0,0.0,5.0,0.0,0.0,0.0,0.0,,0.0,0.0,0.0,0.0,0.0,0.0,0.0,0.0,0.0,1.0,1.0,8.0,0.0,Matches,462.0,246.0,216.0,58.0,0.0,1.0,0.0,0.0,0.0,0.0,0.0,0.0,212.0,0.0,0.0,2,0,0.0,0,1.0,0.0,0.0,1.0,0.0,0.0,0.0,0.0,15.0,10.0,0.0,100.0,England
"{'name': 'England', 'id': 0, 'alpha3code': 'XEN', 'alpha2code': ''}",77,Dean,,Whitehead,null,1982-01-12,183,"{'code2': 'MD', 'code3': 'MID', 'name': 'Midfielder'}","{'name': 'England', 'id': 0, 'alpha3code': 'XEN', 'alpha2code': ''}",8745,right,D. Whitehead,null,Dean Whitehead,Dean Whitehead,Dean Whitehead,eng ENG,MF,Huddersfield,35,1982,0.8,43.0,51.0,84.3,808.0,221.0,15.0,17.0,88.2,25.0,30.0,83.3,3.0,4.0,75.0,0,0.0,0.0,0.0,0.0,3.0,0.0,0.0,1.0,0.0,0.0,0.0,0.0,0.0,0.0,1.0,1.0,1.0,0.0,1.0,2.0,2.0,0.0,0.0,Matches,51.0,49.0,2.0,1.0,0.0,0.0,0.0,1.0,0.0,0.0,0.0,0.0,43.0,0.0,0.0,0,0,0.0,0,0.0,0.0,0.0,2.0,0.0,0.0,0.0,0.0,5.0,1.0,0.0,100.0,England
"{'name': 'Ireland Republic', 'id': 372, 'alpha3code': 'IRL', 'alpha2code': 'IE'}",79,Jeff,,Hendrick,1646,1992-01-31,185,"{'code2': 'MD', 'code3': 'MID', 'name': 'Midfielder'}","{'name': 'Ireland Republic', 'id': 372, 'alpha3code': 'IRL', 'alpha2code': 'IE'}",8980,right,J. Hendrick,8274,Jeff Hendrick,Jeff Hendrick,Jeff Hendrick,ie IRL,"FW,MF",Burnley,25,1992,25.9,656.0,827.0,79.3,10332.0,2034.0,314.0,378.0,83.1,273.0,319.0,85.6,33.0,60.0,55.0,2,2.7,1.6,-0.7,26.0,62.0,16.0,4.0,80.0,16.0,17.6,4.0,10.0,2.0,3.0,17.0,14.0,11.0,2.0,9.0,8.0,24.0,21.0,1.0,Matches,827.0,782.0,45.0,1.0,5.0,3.0,23.0,2.0,0.0,0.0,0.0,0.0,656.0,0.0,22.0,1,0,0.0,19,18.0,16.0,23.0,8.0,10.0,0.0,0.0,0.0,113.0,15.0,58.0,20.5,England
"{'name': 'England', 'id': 0, 'alpha3code': 'XEN', 'alpha2code': ''}",88,Lewis,,Dunk,1651,1991-11-21,192,"{'code2': 'DF', 'code3': 'DEF', 'name': 'Defender'}","{'name': 'England', 'id': 0, 'alpha3code': 'XEN', 'alpha2code': ''}",9097,right,L. Dunk,2413,Lewis Dunk,Lewis Dunk,Lewis Dunk,eng ENG,DF,Brighton,25,1991,38.0,1189.0,1529.0,77.8,26092.0,8945.0,377.0,423.0,89.1,545.0,612.0,89.1,242.0,436.0,55.5,1,1.2,0.4,-0.2,11.0,65.0,5.0,1.0,54.0,67.0,52.1,49.0,18.0,0.0,25.0,48.0,23.0,73.0,58.0,15.0,71.0,138.0,230.0,2.0,Matches,1529.0,1466.0,52.0,37.0,3.0,61.0,7.0,15.0,0.0,0.0,0.0,0.0,1189.0,11.0,13.0,7,0,0.0,36,17.0,0.0,7.0,71.0,33.0,0.0,0.0,4.0,252.0,120.0,73.0,62.2,England
"{'name': 'Wales', 'id': 0, 'alpha3code': 'XWA', 'alpha2code': ''}",90,Sam,,Vokes,1646,1989-10-21,188,"{'code2': 'FW', 'code3': 'FWD', 'name': 'Forward'}","{'name': 'England', 'id': 0, 'alpha3code': 'XEN', 'alpha2code': ''}",9127,right,S. Vokes,10682,Sam Vokes,Sam Vokes,Sam Vokes,wls WAL,FW,Burnley,27,1989,11.1,131.0,269.0,48.7,1554.0,428.0,88.0,156.0,56.4,33.0,82.0,40.2,2.0,5.0,40.0,1,1.3,0.4,-0.3,8.0,18.0,0.0,0.0,17.0,3.0,0.0,1.0,2.0,0.0,0.0,3.0,3.0,6.0,2.0,4.0,3.0,6.0,15.0,0.0,Matches,269.0,262.0,4.0,0.0,0.0,0.0,1.0,0.0,0.0,0.0,0.0,0.0,131.0,3.0,3.0,3,0,0.0,20,15.0,12.0,1.0,3.0,1.0,0.0,0.0,0.0,22.0,121.0,92.0,56.8,England
"{'name': 'Ireland Republic', 'id': 372, 'alpha3code': 'IRL', 'alpha2code': 'IE'}",70,Harry,,Arter,10529,1989-12-28,178,"{'code2': 'MD', 'code3': 'MID', 'name': 'Midfielder'}","{'name': 'England', 'id': 0, 'alpha3code': 'XEN', 'alpha2code': ''}",9283,right,H. Arter,8274,Harry Arter,Harry Arter,Harry Arter,ie IRL,MF,Bournemouth,27,1989,10.7,513.0,592.0,86.7,9905.0,2945.0,175.0,194.0,90.2,275.0,300.0,91.7,58.0,88.0,65.9,0,0.2,0.4,-0.2,3.0,69.0,6.0,0.0,68.0,19.0,26.1,10.0,7.0,2.0,6.0,23.0,17.0,18.0,5.0,13.0,9.0,28.0,6.0,0.0,Matches,592.0,563.0,29.0,27.0,1.0,6.0,5.0,1.0,1.0,1.0,0.0,0.0,513.0,0.0,6.0,4,0,0.0,9,15.0,0.0,5.0,9.0,16.0,0.0,0.0,0.0,66.0,6.0,2.0,75.0,England
"{'name': 'Sierra Leone', 'id': 694, 'alpha3code': 'SLE', 'alpha2code': 'SL'}",77,Liam,,Rosenior,null,1984-07-09,178,"{'code2': 'DF', 'code3': 'DEF', 'name': 'Defender'}","{'name': 'England', 'id': 0, 'alpha3code': 'XEN', 'alpha2code': ''}",9622,right,L. Rosenior,null,Liam Rosenior,Liam Rosenior,Liam Rosenior,eng ENG,DF,Brighton,33,1984,1.8,60.0,89.0,67.4,1102.0,631.0,27.0,34.0,79.4,23.0,31.0,74.2,9.0,18.0,50.0,0,0.0,0.0,0.0,0.0,4.0,0.0,0.0,5.0,4.0,40.0,2.0,1.0,1.0,2.0,5.0,3.0,2.0,1.0,1.0,4.0,8.0,7.0,0.0,Matches,89.0,66.0,22.0,0.0,0.0,0.0,1.0,22.0,0.0,0.0,0.0,0.0,60.0,1.0,3.0,0,0,0.0,1,0.0,0.0,1.0,4.0,3.0,0.0,0.0,0.0,5.0,2.0,1.0,66.7,England
"{'name': 'Ireland Republic', 'id': 372, 'alpha3code': 'IRL', 'alpha2code': 'IE'}",82,Kevin,,Long,1646,1990-08-18,187,"{'code2': 'DF', 'code3': 'DEF', 'name': 'Defender'}","{'name': 'Ireland Republic', 'id': 372, 'alpha3code': 'IRL', 'alpha2code': 'IE'}",10108,right,K. Long,8274,Kevin Long,Kevin Long,Kevin Long,ie IRL,DF,Burnley,26,1990,16.0,389.0,546.0,71.2,8719.0,3177.0,99.0,134.0,73.9,195.0,245.0,79.6,88.0,149.0,59.1,2,1.3,1.2,0.7,6.0,23.0,0.0,0.0,28.0,32.0,61.5,28.0,4.0,0.0,16.0,26.0,10.0,25.0,14.0,11.0,19.0,51.0,129.0,1.0,Matches,546.0,535.0,9.0,8.0,0.0,7.0,2.0,1.0,0.0,0.0,0.0,0.0,389.0,2.0,5.0,1,0,0.0,15,21.0,1.0,2.0,19.0,23.0,0.0,1.0,1.0,68.0,78.0,57.0,57.8,England
"{'name': 'England', 'id': 0, 'alpha3code': 'XEN', 'alpha2code': ''}",74,Harry,,Winks,1624,1996-02-02,176,"{'code2': 'MD', 'code3': 'MID', 'name': 'Midfielder'}","{'name': 'England', 'id': 0, 'alpha3code': 'XEN', 'alpha2code': ''}",240070,right,H. Winks,2413,Harry Winks,Harry Winks,Harry Winks,eng ENG,MF,Tottenham,21,1996,8.6,581.0,655.0,88.7,10538.0,2401.0,251.0,271.0,92.6,273.0,302.0,90.4,53.0,66.0,80.3,1,0.5,0.5,0.5,10.0,76.0,5.0,2.0,69.0,15.0,50.0,8.0,5.0,2.0,8.0,16.0,8.0,12.0,2.0,10.0,11.0,26.0,10.0,1.0,Matches,655.0,641.0,12.0,7.0,4.0,3.0,10.0,1.0,0.0,0.0,0.0,0.0,581.0,2.0,6.0,0,0,0.0,8,7.0,0.0,10.0,11.0,12.0,0.0,0.0,0.0,53.0,4.0,6.0,40.0,England
"{'name': 'Wales', 'id': 0, 'alpha3code': 'XWA', 'alpha2code': ''}",91,Ashley,,Williams,1639,1984-08-23,182,"{'code2': 'DF', 'code3': 'DEF', 'name': 'Defender'}","{'name': 'England', 'id': 0, 'alpha3code': 'XEN', 'alpha2code': ''}",77546,right,A. Williams,10682,Ashley Williams,Ashley Williams,Ashley Williams,wls WAL,DF,Everton,32,1984,20.4,591.0,736.0,80.3,12552.0,4237.0,167.0,184.0,90.8,322.0,364.0,88.5,91.0,158.0,57.6,0,0.3,0.2,-0.3,3.0,31.0,2.0,0.0,39.0,23.0,50.0,17.0,6.0,0.0,9.0,18.0,9.0,31.0,23.0,8.0,36.0,59.0,173.0,3.0,Matches,736.0,712.0,21.0,21.0,0.0,6.0,1.0,0.0,0.0,0.0,0.0,0.0,591.0,3.0,11.0,3,1,0.0,25,4.0,3.0,1.0,36.0,13.0,0.0,2.0,0.0,96.0,52.0,40.0,56.5,England
"{'name': 'Wales', 'id': 0, 'alpha3code': 'XWA', 'alpha2code': ''}",62,Joe,,Allen,1639,1990-03-14,168,"{'code2': 'MD', 'code3': 'MID', 'name': 'Midfielder'}","{'name': 'Wales', 'id': 0, 'alpha3code': 'XWA', 'alpha2code': ''}",77548,right,J. Allen,10682,Joe Allen,Joe Allen,Joe Allen,wls WAL,MF,Stoke City,27,1990,34.9,1114.0,1403.0,79.4,17666.0,5350.0,547.0,620.0,88.2,437.0,531.0,82.3,75.0,128.0,58.6,6,2.8,2.6,3.2,31.0,116.0,26.0,4.0,165.0,96.0,31.0,41.0,43.0,12.0,27.0,87.0,60.0,43.0,9.0,34.0,58.0,154.0,68.0,1.0,Matches,1403.0,1360.0,37.0,17.0,3.0,3.0,37.0,2.0,9.0,3.0,1.0,4.0,1114.0,6.0,39.0,8,0,0.0,49,49.0,0.0,37.0,58.0,62.0,0.0,0.0,0.0,244.0,36.0,59.0,37.9,England
"{'name': 'England', 'id': 0, 'alpha3code': 'XEN', 'alpha2code': ''}",65,Leon,,Britton,null,1982-09-16,167,"{'code2': 'MD', 'code3': 'MID', 'name': 'Midfielder'}","{'name': 'England', 'id': 0, 'alpha3code': 'XEN', 'alpha2code': ''}",77550,right,L. Britton,null,Leon Britton,Leon Britton,Leon Britton,eng ENG,MF,Swansea City,34,1982,3.4,127.0,138.0,92.0,2255.0,403.0,49.0,53.0,92.5,70.0,74.0,94.6,7.0,8.0,87.5,0,0.0,0.0,0.0,0.0,6.0,0.0,0.0,11.0,6.0,62.5,0.0,5.0,1.0,5.0,8.0,3.0,3.0,1.0,2.0,1.0,7.0,1.0,0.0,Matches,138.0,132.0,6.0,6.0,0.0,0.0,1.0,0.0,0.0,0.0,0.0,0.0,127.0,0.0,0.0,1,0,0.0,7,1.0,0.0,1.0,1.0,5.0,0.0,0.0,0.0,19.0,0.0,4.0,0.0,England
"{'name': 'Ukraine', 'id': 804, 'alpha3code': 'UKR', 'alpha2code': 'UA'}",64,Oleksandr,,Zinchenko,1625,1996-12-15,175,"{'code2': 'MD', 'code3': 'MID', 'name': 'Midfielder'}","{'name': 'Ukraine', 'id': 804, 'alpha3code': 'UKR', 'alpha2code': 'UA'}",241564,left,O. Zinchenko,14622,Oleksandr Zinchenko,Oleksandr Zinchenko,Oleksandr Zinchenko,ua UKR,DF,Manchester City,20,1996,5.9,664.0,729.0,91.1,9453.0,2333.0,391.0,414.0,94.4,218.0,235.0,92.8,31.0,46.0,67.4,0,0.4,0.5,-0.4,8.0,55.0,8.0,0.0,57.0,23.0,53.8,11.0,9.0,3.0,7.0,13.0,6.0,3.0,0.0,3.0,6.0,29.0,7.0,0.0,Matches,729.0,678.0,51.0,4.0,0.0,5.0,10.0,47.0,0.0,0.0,0.0,0.0,664.0,0.0,8.0,1,0,0.0,7,1.0,2.0,10.0,6.0,16.0,0.0,0.0,0.0,32.0,16.0,3.0,84.2,England
"{'name': 'England', 'id': 0, 'alpha3code': 'XEN', 'alpha2code': ''}",80,Nathaniel,,Chalobah,1644,1994-12-12,185,"{'code2': 'MD', 'code3': 'MID', 'name': 'Midfielder'}","{'name': 'Sierra Leone', 'id': 694, 'alpha3code': 'SLE', 'alpha2code': 'SL'}",7888,right,N. Chalobah,2413,Nathaniel Chalobah,Nathaniel Chalobah,Nathaniel Chalobah,eng ENG,MF,Watford,22,1994,5.0,132.0,184.0,71.7,2235.0,836.0,61.0,76.0,80.3,51.0,67.0,76.1,12.0,28.0,42.9,0,0.0,0.1,0.0,1.0,18.0,1.0,0.0,22.0,9.0,40.0,2.0,6.0,1.0,2.0,5.0,3.0,6.0,5.0,1.0,6.0,15.0,6.0,0.0,Matches,184.0,178.0,6.0,5.0,1.0,3.0,2.0,0.0,0.0,0.0,0.0,0.0,132.0,0.0,5.0,1,0,0.0,3,7.0,1.0,2.0,6.0,6.0,0.0,0.0,0.0,36.0,10.0,5.0,66.7,England
"{'name': 'Austria', 'id': 40, 'alpha3code': 'AUT', 'alpha2code': 'AT'}",97,Sebastian,,Pr\u00f6dl,1644,1987-06-21,196,"{'code2': 'DF', 'code3': 'DEF', 'name': 'Defender'}","{'name': 'Austria', 'id': 40, 'alpha3code': 'AUT', 'alpha2code': 'AT'}",14688,right,S. Pr\u00f6dl,9109,Sebastian Prödl,Sebastian Prödl,Sebastian Prödl,at AUT,DF,Watford,30,1987,17.4,445.0,573.0,77.7,8856.0,3785.0,164.0,193.0,85.0,202.0,242.0,83.5,68.0,118.0,57.6,0,0.2,0.1,-0.2,2.0,32.0,2.0,0.0,40.0,22.0,53.3,19.0,3.0,0.0,8.0,15.0,7.0,20.0,9.0,11.0,31.0,53.0,92.0,1.0,Matches,573.0,552.0,18.0,17.0,0.0,6.0,1.0,1.0,0.0,0.0,0.0,0.0,445.0,3.0,5.0,5,0,0.0,21,9.0,2.0,1.0,31.0,17.0,0.0,0.0,0.0,76.0,42.0,28.0,60.0,England
"{'name': 'Serbia', 'id': 688, 'alpha3code': 'SRB', 'alpha2code': 'RS'}",83,Marko,,Arnautovi\u0107,1633,1989-04-19,192,"{'code2': 'FW', 'code3': 'FWD', 'name': 'Forward'}","{'name': 'Austria', 'id': 40, 'alpha3code': 'AUT', 'alpha2code': 'AT'}",14703,right,M. Arnautovi\u0107,9109,Marko Arnautović,Marko Arnautović,Marko Arnautović,at AUT,"FW,MF",West Ham,28,1989,25.7,505.0,757.0,66.7,6653.0,1499.0,312.0,399.0,78.2,138.0,220.0,62.7,18.0,58.0,31.0,6,4.3,4.2,1.7,35.0,26.0,17.0,4.0,52.0,21.0,36.8,9.0,8.0,4.0,7.0,19.0,12.0,20.0,3.0,17.0,13.0,34.0,35.0,0.0,Matches,757.0,722.0,34.0,11.0,9.0,2.0,61.0,11.0,3.0,1.0,2.0,0.0,505.0,1.0,39.0,5,1,0.0,35,29.0,43.0,61.0,13.0,16.0,0.0,0.0,0.0,103.0,22.0,39.0,36.1,England
"{'name': 'France', 'id': 250, 'alpha3code': 'FRA', 'alpha2code': 'FR'}",76,Leroy,,San\u00e9,1625,1996-01-11,184,"{'code2': 'MD', 'code3': 'MID', 'name': 'Midfielder'}","{'name': 'Germany', 'id': 276, 'alpha3code': 'DEU', 'alpha2code': 'DE'}",245364,left,L. San\u00e9,3148,Leroy Sané,Leroy Sané,Leroy Sané,de GER,FW,Manchester City,21,1996,26.9,957.0,1208.0,79.2,12637.0,2561.0,588.0,681.0,86.3,256.0,317.0,80.8,36.0,79.0,45.6,15,6.8,7.2,8.2,57.0,27.0,41.0,6.0,68.0,27.0,36.4,14.0,7.0,6.0,8.0,22.0,14.0,22.0,1.0,21.0,13.0,40.0,6.0,0.0,Matches,1208.0,1125.0,80.0,4.0,2.0,2.0,93.0,21.0,55.0,2.0,39.0,0.0,957.0,3.0,30.0,4,0,0.0,24,27.0,7.0,93.0,13.0,21.0,0.0,0.0,0.0,122.0,15.0,13.0,53.6,England
"{'name': 'Serbia', 'id': 688, 'alpha3code': 'SRB', 'alpha2code': 'RS'}",76,Aleksandar,,Dragovi\u0107,2446,1991-03-06,184,"{'code2': 'DF', 'code3': 'DEF', 'name': 'Defender'}","{'name': 'Austria', 'id': 40, 'alpha3code': 'AUT', 'alpha2code': 'AT'}",49859,right,A. Dragovi\u0107,9109,Aleksandar Dragović,Aleksandar Dragović,Aleksandar Dragović,at AUT,DF,Leicester City,26,1991,8.5,301.0,361.0,83.4,6498.0,2286.0,81.0,95.0,85.3,160.0,184.0,87.0,54.0,72.0,75.0,0,0.0,0.0,0.0,0.0,18.0,0.0,0.0,27.0,13.0,53.8,13.0,0.0,0.0,7.0,13.0,6.0,16.0,8.0,8.0,16.0,29.0,46.0,0.0,Matches,361.0,331.0,29.0,7.0,0.0,4.0,1.0,22.0,0.0,0.0,0.0,0.0,301.0,1.0,1.0,2,0,0.0,7,3.0,0.0,1.0,16.0,10.0,0.0,0.0,0.0,50.0,13.0,9.0,59.1,England
"{'name': 'Austria', 'id': 40, 'alpha3code': 'AUT', 'alpha2code': 'AT'}",73,Moritz,,Bauer,1639,1992-01-25,181,"{'code2': 'DF', 'code3': 'DEF', 'name': 'Defender'}","{'name': 'Switzerland', 'id': 756, 'alpha3code': 'CHE', 'alpha2code': 'CH'}",49971,right,M. Bauer,9109,Moritz Bauer,Moritz Bauer,Moritz Bauer,at AUT,"DF,MF",Stoke City,25,1992,14.5,293.0,465.0,63.0,5276.0,2454.0,136.0,168.0,81.0,100.0,158.0,63.3,47.0,107.0,43.9,0,0.9,1.1,-0.9,13.0,18.0,10.0,8.0,19.0,24.0,38.5,17.0,7.0,0.0,10.0,26.0,16.0,9.0,1.0,8.0,12.0,36.0,48.0,0.0,Matches,465.0,314.0,149.0,11.0,0.0,3.0,39.0,138.0,0.0,0.0,0.0,0.0,293.0,2.0,17.0,4,0,0.0,19,20.0,1.0,39.0,12.0,17.0,0.0,0.0,0.0,54.0,18.0,22.0,45.0,England
"{'name': 'Northern Ireland', 'id': 0, 'alpha3code': 'XNI', 'alpha2code': ''}",85,Chris,,Brunt,1627,1984-12-14,187,"{'code2': 'MD', 'code3': 'MID', 'name': 'Midfielder'}","{'name': 'Northern Ireland', 'id': 0, 'alpha3code': 'XNI', 'alpha2code': ''}",8370,left,C. Brunt,10962,Chris Brunt,Chris Brunt,Chris Brunt,nir NIR,"MF,DF",West Brom,32,1984,21.3,733.0,1082.0,67.7,15546.0,6796.0,284.0,328.0,86.6,274.0,370.0,74.1,160.0,339.0,47.2,7,4.3,4.5,2.7,37.0,98.0,24.0,10.0,100.0,41.0,35.5,19.0,21.0,1.0,11.0,31.0,20.0,28.0,4.0,24.0,22.0,63.0,45.0,1.0,Matches,1082.0,879.0,194.0,57.0,6.0,8.0,139.0,52.0,85.0,54.0,19.0,9.0,733.0,9.0,12.0,5,0,0.0,15,6.0,0.0,139.0,22.0,24.0,0.0,0.0,0.0,148.0,15.0,14.0,51.7,England
"{'name': 'Ireland Republic', 'id': 372, 'alpha3code': 'IRL', 'alpha2code': 'IE'}",76,Shane,,Duffy,1651,1992-01-01,193,"{'code2': 'DF', 'code3': 'DEF', 'name': 'Defender'}","{'name': 'Northern Ireland', 'id': 0, 'alpha3code': 'XNI', 'alpha2code': ''}",8242,right,S. Duffy,8274,Shane Duffy,Shane Duffy,Shane Duffy,ie IRL,DF,Brighton,25,1992,36.6,1045.0,1368.0,76.4,23174.0,7843.0,271.0,328.0,82.6,544.0,624.0,87.2,213.0,373.0,57.1,1,1.1,0.9,-0.1,8.0,35.0,3.0,2.0,39.0,31.0,35.0,22.0,9.0,0.0,7.0,20.0,13.0,66.0,59.0,7.0,50.0,81.0,332.0,5.0,Matches,1368.0,1326.0,39.0,35.0,0.0,28.0,3.0,4.0,0.0,0.0,0.0,0.0,1045.0,3.0,8.0,8,0,0.0,33,25.0,7.0,3.0,50.0,19.0,1.0,1.0,0.0,162.0,192.0,89.0,68.3,England
"{'name': 'Turkey', 'id': 792, 'alpha3code': 'TUR', 'alpha2code': 'TR'}",82,Emre,,Can,3159,1994-01-12,184,"{'code2': 'MD', 'code3': 'MID', 'name': 'Midfielder'}","{'name': 'Germany', 'id': 276, 'alpha3code': 'DEU', 'alpha2code': 'DE'}",18550,right,E. Can,3148,Emre Can,Emre Can,Emre Can,de GER,MF,Liverpool,23,1994,23.2,1338.0,1571.0,85.2,23098.0,5472.0,600.0,662.0,90.6,591.0,668.0,88.5,117.0,179.0,65.4,4,3.0,2.4,1.0,25.0,136.0,23.0,2.0,137.0,67.0,41.9,32.0,29.0,6.0,18.0,43.0,25.0,32.0,4.0,28.0,28.0,95.0,37.0,1.0,Matches,1571.0,1542.0,26.0,10.0,11.0,14.0,11.0,14.0,0.0,0.0,0.0,0.0,1338.0,3.0,19.0,8,0,0.0,27,27.0,0.0,11.0,28.0,54.0,1.0,0.0,0.0,196.0,45.0,49.0,47.9,England
"{'name': 'England', 'id': 0, 'alpha3code': 'XEN', 'alpha2code': ''}",77,Ben,,Chilwell,1631,1996-12-21,178,"{'code2': 'DF', 'code3': 'DEF', 'name': 'Defender'}","{'name': 'England', 'id': 0, 'alpha3code': 'XEN', 'alpha2code': ''}",350976,left,B. Chilwell,2413,Ben Chilwell,Ben Chilwell,Ben Chilwell,eng ENG,DF,Leicester City,20,1996,20.6,852.0,1199.0,71.1,13076.0,4494.0,446.0,533.0,83.7,306.0,429.0,71.3,60.0,136.0,44.1,2,2.4,2.4,-0.4,21.0,59.0,26.0,16.0,78.0,36.0,46.9,21.0,10.0,5.0,15.0,32.0,17.0,31.0,4.0,27.0,28.0,64.0,71.0,3.0,Matches,1199.0,974.0,219.0,10.0,0.0,2.0,84.0,208.0,1.0,1.0,0.0,0.0,852.0,6.0,50.0,3,1,1.0,13,23.0,4.0,84.0,28.0,26.0,0.0,0.0,0.0,129.0,66.0,61.0,52.0,England
"{'name': 'Wales', 'id': 0, 'alpha3code': 'XWA', 'alpha2code': ''}",72,Ben,,Woodburn,1636,1999-10-15,174,"{'code2': 'FW', 'code3': 'FWD', 'name': 'Forward'}","{'name': 'England', 'id': 0, 'alpha3code': 'XEN', 'alpha2code': ''}",351808,right,B. Woodburn,10682,Ben Woodburn,Ben Woodburn,Ben Woodburn,wls WAL,FW,Liverpool,17,1999,0.1,7.0,8.0,87.5,92.0,11.0,4.0,4.0,100.0,1.0,1.0,100.0,1.0,1.0,100.0,0,0.0,0.0,0.0,0.0,0.0,0.0,0.0,0.0,0.0,,0.0,0.0,0.0,0.0,0.0,0.0,0.0,0.0,0.0,0.0,0.0,0.0,0.0,Matches,8.0,8.0,0.0,0.0,0.0,0.0,0.0,0.0,0.0,0.0,0.0,0.0,7.0,0.0,1.0,0,0,0.0,0,0.0,0.0,0.0,0.0,0.0,0.0,0.0,0.0,0.0,0.0,0.0,,England
"{'name': 'Kosovo', 'id': 0, 'alpha3code': 'XKS', 'alpha2code': ''}",73,Florent,,Hadergjonaj,1673,1994-07-31,182,"{'code2': 'DF', 'code3': 'DEF', 'name': 'Defender'}","{'name': 'Switzerland', 'id': 756, 'alpha3code': 'CHE', 'alpha2code': 'CH'}",282550,right,F. Hadergjonaj,6697,Florent Hadergjonaj,Florent Hadergjonaj,Florent Hadergjonaj,xk KVX,"DF,MF",Huddersfield,23,1994,18.6,595.0,927.0,64.2,10632.0,4759.0,283.0,335.0,84.5,224.0,352.0,63.6,75.0,191.0,39.3,1,1.5,1.4,-0.5,26.0,41.0,28.0,20.0,62.0,21.0,40.0,7.0,10.0,4.0,12.0,30.0,18.0,22.0,10.0,12.0,17.0,38.0,45.0,0.0,Matches,927.0,701.0,219.0,11.0,2.0,5.0,98.0,204.0,4.0,0.0,4.0,0.0,595.0,7.0,24.0,3,0,0.0,17,11.0,4.0,98.0,17.0,16.0,0.0,0.0,0.0,94.0,13.0,22.0,37.1,England
"{'name': 'Senegal', 'id': 686, 'alpha3code': 'SEN', 'alpha2code': 'SN'}",83,Mamadou,,Sakho,1628,1990-02-13,187,"{'code2': 'DF', 'code3': 'DEF', 'name': 'Defender'}","{'name': 'France', 'id': 250, 'alpha3code': 'FRA', 'alpha2code': 'FR'}",25430,left,M. Sakho,4418,Mamadou Sakho,Mamadou Sakho,Mamadou Sakho,fr FRA,DF,Crystal Palace,27,1990,17.8,632.0,744.0,84.9,10900.0,4934.0,271.0,301.0,90.0,305.0,339.0,90.0,41.0,75.0,54.7,2,1.1,0.2,0.9,2.0,22.0,1.0,0.0,43.0,21.0,56.3,15.0,5.0,1.0,9.0,16.0,7.0,19.0,11.0,8.0,30.0,51.0,101.0,3.0,Matches,744.0,720.0,20.0,19.0,1.0,3.0,0.0,1.0,0.0,0.0,0.0,0.0,632.0,4.0,4.0,1,0,0.0,3,9.0,0.0,0.0,30.0,14.0,0.0,0.0,0.0,140.0,39.0,35.0,52.7,England
"{'name': 'Senegal', 'id': 686, 'alpha3code': 'SEN', 'alpha2code': 'SN'}",72,Idrissa Gana,,Gueye,1623,1989-09-26,174,"{'code2': 'MD', 'code3': 'MID', 'name': 'Midfielder'}","{'name': 'Senegal', 'id': 686, 'alpha3code': 'SEN', 'alpha2code': 'SN'}",25706,right,I. Gueye,19314,Idrissa Gana Gueye,Idrissa Gana Gueye,Idrissa Gana Gueye,sn SEN,MF,Everton,27,1989,30.6,1338.0,1593.0,84.0,21000.0,5702.0,706.0,793.0,89.0,479.0,558.0,85.8,93.0,132.0,70.5,1,0.8,1.0,0.2,16.0,152.0,12.0,3.0,128.0,117.0,40.7,65.0,41.0,11.0,35.0,86.0,51.0,59.0,9.0,50.0,62.0,179.0,48.0,1.0,Matches,1593.0,1556.0,29.0,18.0,1.0,9.0,11.0,8.0,0.0,0.0,0.0,0.0,1338.0,8.0,24.0,8,2,1.0,50,52.0,1.0,11.0,62.0,93.0,0.0,0.0,0.0,287.0,33.0,32.0,50.8,England
"{'name': 'Belgium', 'id': 56, 'alpha3code': 'BEL', 'alpha2code': 'BE'}",74,Eden,,Hazard,1610,1991-01-07,173,"{'code2': 'FW', 'code3': 'FWD', 'name': 'Forward'}","{'name': 'Belgium', 'id': 56, 'alpha3code': 'BEL', 'alpha2code': 'BE'}",25707,right,E. Hazard,5629,Eden Hazard,Eden Hazard,Eden Hazard,be BEL,"FW,MF",Chelsea,26,1991,26.9,1168.0,1440.0,81.1,18699.0,5183.0,631.0,748.0,84.4,312.0,371.0,84.1,148.0,171.0,86.5,4,6.4,7.4,-2.4,83.0,122.0,79.0,4.0,218.0,6.0,14.3,2.0,3.0,1.0,3.0,21.0,18.0,11.0,0.0,11.0,3.0,9.0,0.0,0.0,Matches,1440.0,1348.0,83.0,36.0,4.0,30.0,51.0,11.0,25.0,7.0,3.0,1.0,1168.0,9.0,32.0,2,0,0.0,13,82.0,16.0,51.0,3.0,3.0,1.0,0.0,0.0,102.0,8.0,19.0,29.6,England
"{'name': 'Wales', 'id': 0, 'alpha3code': 'XWA', 'alpha2code': ''}",71,Connor,,Roberts,10531,1995-09-23,175,"{'code2': 'DF', 'code3': 'DEF', 'name': 'Defender'}","{'name': 'Wales', 'id': 0, 'alpha3code': 'XWA', 'alpha2code': ''}",386197,right,C. Roberts,10682,Connor Roberts,Connor Roberts,Connor Roberts,wls WAL,DF,Swansea City,21,1995,3.0,131.0,181.0,72.4,2076.0,533.0,70.0,80.0,87.5,45.0,61.0,73.8,11.0,25.0,44.0,0,0.0,0.1,0.0,0.0,6.0,2.0,0.0,11.0,6.0,100.0,5.0,1.0,0.0,3.0,3.0,0.0,2.0,0.0,2.0,3.0,9.0,6.0,0.0,Matches,181.0,147.0,33.0,1.0,0.0,0.0,13.0,32.0,0.0,0.0,0.0,0.0,131.0,1.0,10.0,0,0,0.0,0,7.0,0.0,13.0,3.0,4.0,0.0,0.0,0.0,17.0,3.0,6.0,33.3,England
"{'name': 'Gambia', 'id': 270, 'alpha3code': 'GMB', 'alpha2code': 'GM'}",77,Joe,,Gomez,1612,1997-05-23,188,"{'code2': 'DF', 'code3': 'DEF', 'name': 'Defender'}","{'name': 'England', 'id': 0, 'alpha3code': 'XEN', 'alpha2code': ''}",257899,right,J. Gomez,2413,Joe Gomez,Joe Gomez,Joe Gomez,eng ENG,DF,Liverpool,20,1997,21.1,1315.0,1625.0,80.9,23165.0,8373.0,542.0,605.0,89.6,648.0,774.0,83.7,107.0,205.0,52.2,2,1.5,1.4,0.5,17.0,137.0,16.0,8.0,154.0,58.0,52.5,32.0,23.0,3.0,21.0,40.0,19.0,19.0,8.0,11.0,34.0,92.0,57.0,1.0,Matches,1625.0,1368.0,255.0,14.0,0.0,6.0,45.0,241.0,0.0,0.0,0.0,0.0,1315.0,2.0,19.0,3,0,0.0,15,10.0,1.0,45.0,34.0,45.0,0.0,0.0,0.0,144.0,33.0,30.0,52.4,England
"{'name': 'England', 'id': 0, 'alpha3code': 'XEN', 'alpha2code': ''}",82,Mathew,,Ryan,1651,1992-04-08,184,"{'code2': 'GK', 'code3': 'GKP', 'name': 'Goalkeeper'}","{'name': 'Australia', 'id': 36, 'alpha3code': 'AUS', 'alpha2code': 'AU'}",61390,right,M. Ryan,8493,Mathew Ryan,Mathew Ryan,Mathew Ryan,au AUS,GK,Brighton,25,1992,38.0,625.0,1186.0,52.7,25837.0,22013.0,20.0,20.0,100.0,178.0,179.0,99.4,427.0,975.0,43.8,0,0.0,0.1,0.0,0.0,24.0,0.0,0.0,0.0,0.0,0.0,0.0,0.0,0.0,0.0,3.0,3.0,0.0,0.0,0.0,3.0,3.0,10.0,3.0,Matches,1186.0,716.0,459.0,107.0,0.0,0.0,0.0,0.0,0.0,0.0,0.0,0.0,625.0,11.0,1.0,0,0,0.0,0,1.0,0.0,0.0,3.0,0.0,0.0,0.0,0.0,24.0,12.0,0.0,100.0,England
"{'name': 'Korea Republic', 'id': 410, 'alpha3code': 'KOR', 'alpha2code': 'KR'}",75,Sung-Yeung,,Ki,1613,1989-01-24,186,"{'code2': 'MD', 'code3': 'MID', 'name': 'Midfielder'}","{'name': 'Korea Republic', 'id': 410, 'alpha3code': 'KOR', 'alpha2code': 'KR'}",61962,right,Sung-Yeung Ki,14855,Sung-Yeung Ki,Ki Sung-yueng,Ki Sung-yueng,kr KOR,MF,Swansea City,28,1989,20.8,758.0,903.0,83.9,14235.0,3472.0,312.0,344.0,90.7,321.0,363.0,88.4,102.0,153.0,66.7,2,1.5,1.9,0.5,19.0,52.0,11.0,1.0,64.0,25.0,25.0,10.0,13.0,2.0,4.0,16.0,12.0,16.0,1.0,15.0,32.0,57.0,23.0,0.0,Matches,903.0,800.0,100.0,55.0,1.0,18.0,62.0,2.0,42.0,31.0,9.0,0.0,758.0,3.0,11.0,2,0,0.0,10,17.0,1.0,62.0,32.0,18.0,0.0,0.0,0.0,95.0,5.0,21.0,19.2,England
"{'name': 'Northern Ireland', 'id': 0, 'alpha3code': 'XNI', 'alpha2code': ''}",72,Steven,,Davis,1619,1985-01-01,173,"{'code2': 'MD', 'code3': 'MID', 'name': 'Midfielder'}","{'name': 'Northern Ireland', 'id': 0, 'alpha3code': 'XNI', 'alpha2code': ''}",61988,right,S. Davis,10962,Steven Davis,Steven Davis,Steven Davis,nir NIR,MF,Southampton,32,1985,16.9,886.0,1092.0,81.1,14571.0,4068.0,424.0,472.0,89.8,349.0,403.0,86.6,78.0,134.0,58.2,0,1.1,1.9,-1.1,18.0,101.0,20.0,3.0,129.0,30.0,36.7,10.0,17.0,3.0,11.0,30.0,19.0,22.0,6.0,16.0,15.0,45.0,24.0,1.0,Matches,1092.0,1037.0,50.0,14.0,7.0,8.0,42.0,1.0,27.0,18.0,3.0,1.0,886.0,5.0,27.0,0,0,0.0,8,8.0,3.0,42.0,15.0,21.0,1.0,0.0,0.0,137.0,14.0,26.0,35.0,England
"{'name': 'Netherlands', 'id': 528, 'alpha3code': 'NLD', 'alpha2code': 'NL'}",68,Aaron,,Mooy,1673,1990-09-15,174,"{'code2': 'MD', 'code3': 'MID', 'name': 'Midfielder'}","{'name': 'Australia', 'id': 36, 'alpha3code': 'AUS', 'alpha2code': 'AU'}",62389,right,A. Mooy,8493,Aaron Mooy,Aaron Mooy,Aaron Mooy,au AUS,MF,Huddersfield,26,1990,34.1,1553.0,2098.0,74.0,25274.0,7426.0,788.0,921.0,85.6,509.0,657.0,77.5,162.0,337.0,48.1,3,4.0,4.0,-1.0,50.0,203.0,28.0,9.0,239.0,102.0,41.8,39.0,51.0,12.0,23.0,55.0,32.0,39.0,5.0,34.0,38.0,140.0,52.0,0.0,Matches,2098.0,1927.0,163.0,82.0,4.0,29.0,185.0,3.0,78.0,43.0,18.0,1.0,1553.0,8.0,60.0,4,0,0.0,26,16.0,2.0,185.0,38.0,60.0,0.0,0.0,0.0,266.0,32.0,38.0,45.7,England
"{'name': 'Serbia', 'id': 688, 'alpha3code': 'SRB', 'alpha2code': 'RS'}",82,Aleksandar,,Mitrovi\u0107,1616,1994-09-16,189,"{'code2': 'FW', 'code3': 'FWD', 'name': 'Forward'}","{'name': 'Serbia', 'id': 688, 'alpha3code': 'SRB', 'alpha2code': 'RS'}",128214,right,A. Mitrovi\u0107,17322,Aleksandar Mitrović,Aleksandar Mitrović,Aleksandar Mitrović,rs SRB,FW,Newcastle Utd,22,1994,1.1,40.0,55.0,72.7,496.0,72.0,24.0,30.0,80.0,13.0,18.0,72.2,0.0,0.0,,0,0.2,0.3,-0.2,3.0,1.0,0.0,0.0,3.0,1.0,0.0,0.0,1.0,0.0,0.0,1.0,1.0,1.0,0.0,1.0,0.0,1.0,2.0,0.0,Matches,55.0,54.0,1.0,0.0,0.0,0.0,0.0,1.0,0.0,0.0,0.0,0.0,40.0,0.0,2.0,0,0,0.0,3,5.0,1.0,0.0,0.0,1.0,0.0,0.0,0.0,4.0,6.0,9.0,40.0,England
"{'name': 'Mali', 'id': 466, 'alpha3code': 'MLI', 'alpha2code': 'ML'}",68,N'Golo,,Kant\u00e9,1610,1991-03-29,168,"{'code2': 'MD', 'code3': 'MID', 'name': 'Midfielder'}","{'name': 'France', 'id': 250, 'alpha3code': 'FRA', 'alpha2code': 'FR'}",31528,right,N. Kant\u00e9,4418,N'Golo Kanté,N'Golo Kanté,N'Golo Kanté,fr FRA,MF,Chelsea,26,1991,33.3,1924.0,2174.0,88.5,30572.0,8032.0,975.0,1041.0,93.7,737.0,798.0,92.4,132.0,187.0,70.6,1,2.9,3.2,-1.9,40.0,195.0,35.0,2.0,274.0,113.0,35.9,55.0,52.0,6.0,33.0,92.0,59.0,40.0,4.0,36.0,85.0,198.0,29.0,3.0,Matches,2174.0,2143.0,23.0,20.0,8.0,20.0,13.0,3.0,0.0,0.0,0.0,0.0,1924.0,8.0,43.0,3,0,0.0,41,15.0,1.0,13.0,85.0,77.0,0.0,0.0,0.0,312.0,16.0,31.0,34.0,England
"{'name': 'Turkey', 'id': 792, 'alpha3code': 'TUR', 'alpha2code': 'TR'}",78,Cenk,,Tosun,1623,1991-06-07,183,"{'code2': 'FW', 'code3': 'FWD', 'name': 'Forward'}","{'name': 'Germany', 'id': 276, 'alpha3code': 'DEU', 'alpha2code': 'DE'}",32636,right,C. Tosun,4687,Cenk Tosun,Cenk Tosun,Cenk Tosun,tr TUR,FW,Everton,26,1991,11.0,187.0,272.0,68.8,2224.0,358.0,114.0,149.0,76.5,32.0,50.0,64.0,10.0,17.0,58.8,0,1.4,0.7,-1.4,15.0,7.0,4.0,1.0,9.0,6.0,9.1,2.0,2.0,2.0,1.0,11.0,10.0,9.0,4.0,5.0,1.0,7.0,13.0,0.0,Matches,272.0,265.0,5.0,2.0,2.0,1.0,7.0,0.0,1.0,0.0,0.0,0.0,187.0,2.0,9.0,0,0,0.0,25,11.0,9.0,7.0,1.0,3.0,0.0,0.0,0.0,30.0,31.0,66.0,32.0,England
"{'name': 'Northern Ireland', 'id': 0, 'alpha3code': 'XNI', 'alpha2code': ''}",73,Craig,,Cathcart,1644,1989-02-06,188,"{'code2': 'DF', 'code3': 'DEF', 'name': 'Defender'}","{'name': 'Northern Ireland', 'id': 0, 'alpha3code': 'XNI', 'alpha2code': ''}",9403,right,C. Cathcart,10962,Craig Cathcart,Craig Cathcart,Craig Cathcart,nir NIR,DF,Watford,28,1989,5.8,143.0,186.0,76.9,3103.0,1225.0,43.0,48.0,89.6,75.0,88.0,85.2,24.0,45.0,53.3,0,0.0,0.0,0.0,0.0,8.0,1.0,0.0,11.0,8.0,80.0,5.0,3.0,0.0,4.0,5.0,1.0,8.0,6.0,2.0,3.0,11.0,38.0,0.0,Matches,186.0,181.0,4.0,4.0,0.0,5.0,0.0,0.0,0.0,0.0,0.0,0.0,143.0,1.0,1.0,1,0,0.0,2,1.0,0.0,0.0,3.0,5.0,0.0,0.0,0.0,32.0,10.0,6.0,62.5,England
"{'name': 'Austria', 'id': 40, 'alpha3code': 'AUT', 'alpha2code': 'AT'}",85,Kevin,,Wimmer,2455,1992-11-15,187,"{'code2': 'DF', 'code3': 'DEF', 'name': 'Defender'}","{'name': 'Austria', 'id': 40, 'alpha3code': 'AUT', 'alpha2code': 'AT'}",65254,left,K. Wimmer,9109,Kevin Wimmer,Kevin Wimmer,Kevin Wimmer,at AUT,DF,Stoke City,24,1992,14.7,448.0,584.0,76.7,8481.0,3862.0,198.0,217.0,91.2,182.0,235.0,77.4,59.0,114.0,51.8,0,0.2,0.1,-0.2,3.0,45.0,0.0,0.0,40.0,24.0,45.0,17.0,7.0,0.0,9.0,20.0,11.0,25.0,12.0,13.0,30.0,54.0,88.0,0.0,Matches,584.0,484.0,100.0,22.0,0.0,13.0,2.0,78.0,0.0,0.0,0.0,0.0,448.0,0.0,5.0,5,0,0.0,20,6.0,0.0,2.0,30.0,17.0,0.0,0.0,0.0,55.0,19.0,24.0,44.2,England
"{'name': 'Mali', 'id': 466, 'alpha3code': 'MLI', 'alpha2code': 'ML'}",87,Molla,,Wagu\u00e9,3163,1991-02-21,191,"{'code2': 'DF', 'code3': 'DEF', 'name': 'Defender'}","{'name': 'France', 'id': 250, 'alpha3code': 'FRA', 'alpha2code': 'FR'}",25885,right,M. Wagu\u00e9,19001,Molla Wagué,Molla Wagué,Molla Wagué,ml MLI,DF,Watford,26,1991,4.9,109.0,147.0,74.1,2278.0,1029.0,29.0,39.0,74.4,58.0,69.0,84.1,19.0,34.0,55.9,0,0.0,0.0,0.0,0.0,3.0,1.0,1.0,6.0,5.0,40.0,3.0,2.0,0.0,2.0,5.0,3.0,1.0,0.0,1.0,9.0,14.0,30.0,0.0,Matches,147.0,142.0,4.0,4.0,0.0,0.0,1.0,0.0,0.0,0.0,0.0,0.0,109.0,1.0,1.0,0,0,0.0,5,1.0,0.0,1.0,9.0,3.0,0.0,1.0,0.0,17.0,16.0,6.0,72.7,England
"{'name': 'Italy', 'id': 380, 'alpha3code': 'ITA', 'alpha2code': 'IT'}",80,Luca,,Mora,3205,1988-05-10,183,"{'code2': 'MD', 'code3': 'MID', 'name': 'Midfielder'}","{'name': 'Italy', 'id': 380, 'alpha3code': 'ITA', 'alpha2code': 'IT'}",22864,left,L. Mora,null,Luca Mora,Lucas Moura,Lucas Moura,br BRA,"FW,MF",Tottenham,24,1992,2.3,88.0,114.0,77.2,1247.0,262.0,56.0,67.0,83.6,30.0,39.0,76.9,1.0,2.0,50.0,1,0.3,0.5,0.7,6.0,3.0,2.0,0.0,12.0,4.0,33.3,3.0,0.0,1.0,1.0,3.0,2.0,2.0,0.0,2.0,2.0,6.0,2.0,0.0,Matches,114.0,114.0,0.0,0.0,0.0,0.0,1.0,0.0,0.0,0.0,0.0,0.0,88.0,0.0,4.0,0,0,0.0,4,7.0,0.0,1.0,2.0,2.0,0.0,0.0,0.0,12.0,4.0,1.0,80.0,England
"{'name': 'Italy', 'id': 380, 'alpha3code': 'ITA', 'alpha2code': 'IT'}",70,Davide,,Zappacosta,1610,1992-06-11,182,"{'code2': 'DF', 'code3': 'DEF', 'name': 'Defender'}","{'name': 'Italy', 'id': 380, 'alpha3code': 'ITA', 'alpha2code': 'IT'}",22889,right,D. Zappacosta,null,Davide Zappacosta,Davide Zappacosta,Davide Zappacosta,it ITA,"DF,MF",Chelsea,25,1992,12.2,514.0,660.0,77.9,7506.0,1763.0,297.0,322.0,92.2,164.0,215.0,76.3,28.0,49.0,57.1,1,1.3,1.6,-0.3,13.0,11.0,14.0,13.0,22.0,26.0,44.0,14.0,9.0,3.0,11.0,25.0,14.0,11.0,2.0,9.0,6.0,32.0,26.0,0.0,Matches,660.0,526.0,131.0,2.0,0.0,0.0,84.0,128.0,1.0,0.0,0.0,0.0,514.0,3.0,33.0,0,0,0.0,7,10.0,5.0,84.0,6.0,11.0,0.0,0.0,0.0,67.0,14.0,6.0,70.0,England
"{'name': 'Netherlands', 'id': 528, 'alpha3code': 'NLD', 'alpha2code': 'NL'}",82,Wesley,,Hoedt,1619,1994-03-06,192,"{'code2': 'DF', 'code3': 'DEF', 'name': 'Defender'}","{'name': 'Netherlands', 'id': 528, 'alpha3code': 'NLD', 'alpha2code': 'NL'}",268776,left,W. Hoedt,null,Wesley Hoedt,Wesley Hoedt,Wesley Hoedt,nl NED,DF,Southampton,23,1994,28.0,1053.0,1352.0,77.9,22333.0,9239.0,350.0,394.0,88.8,515.0,608.0,84.7,179.0,319.0,56.1,1,0.5,0.3,0.5,9.0,118.0,5.0,1.0,143.0,60.0,59.0,48.0,12.0,0.0,36.0,61.0,25.0,32.0,17.0,15.0,40.0,100.0,177.0,2.0,Matches,1352.0,1282.0,64.0,47.0,1.0,43.0,6.0,17.0,0.0,0.0,0.0,0.0,1053.0,6.0,11.0,7,0,0.0,22,15.0,0.0,6.0,40.0,51.0,0.0,1.0,0.0,200.0,61.0,50.0,55.0,England
"{'name': 'England', 'id': 0, 'alpha3code': 'XEN', 'alpha2code': ''}",83,Joe,,Hart,1646,1987-04-19,194,"{'code2': 'GK', 'code3': 'GKP', 'name': 'Goalkeeper'}","{'name': 'England', 'id': 0, 'alpha3code': 'XEN', 'alpha2code': ''}",8301,right,J. Hart,null,Joe Hart,Joe Hart,Joe Hart,eng ENG,GK,West Ham,30,1987,19.0,293.0,600.0,48.8,13288.0,11839.0,16.0,16.0,100.0,67.0,70.0,95.7,210.0,509.0,41.3,1,0.7,0.1,0.3,2.0,24.0,1.0,0.0,0.0,1.0,50.0,1.0,0.0,0.0,1.0,2.0,1.0,1.0,0.0,1.0,0.0,1.0,2.0,4.0,Matches,600.0,350.0,246.0,91.0,0.0,1.0,0.0,0.0,0.0,0.0,0.0,0.0,293.0,4.0,0.0,0,0,0.0,1,1.0,0.0,0.0,0.0,1.0,0.0,1.0,0.0,16.0,4.0,0.0,100.0,England
"{'name': 'Greece', 'id': 300, 'alpha3code': 'GRC', 'alpha2code': 'GR'}",84,Orestis,,Karnezis,3187,1985-07-11,190,"{'code2': 'GK', 'code3': 'GKP', 'name': 'Goalkeeper'}","{'name': 'Greece', 'id': 300, 'alpha3code': 'GRC', 'alpha2code': 'GR'}",92864,right,O. Karnezis,12678,Orestis Karnezis,Orestis Karnezis,Orestis Karnezis,gr GRE,GK,Watford,32,1985,14.4,198.0,404.0,49.0,8667.0,7762.0,5.0,5.0,100.0,50.0,51.0,98.0,143.0,348.0,41.1,0,0.0,0.0,0.0,0.0,8.0,0.0,0.0,0.0,0.0,0.0,0.0,0.0,0.0,0.0,2.0,2.0,0.0,0.0,0.0,1.0,1.0,3.0,3.0,Matches,404.0,237.0,167.0,86.0,0.0,0.0,0.0,0.0,0.0,0.0,0.0,0.0,198.0,0.0,0.0,0,0,0.0,0,1.0,0.0,0.0,1.0,0.0,0.0,0.0,0.0,15.0,5.0,0.0,100.0,England
"{'name': 'Italy', 'id': 380, 'alpha3code': 'ITA', 'alpha2code': 'IT'}",81,Manolo,,Gabbiadini,1619,1991-11-26,186,"{'code2': 'FW', 'code3': 'FWD', 'name': 'Forward'}","{'name': 'Italy', 'id': 380, 'alpha3code': 'ITA', 'alpha2code': 'IT'}",20857,left,M. Gabbiadini,null,Manolo Gabbiadini,Manolo Gabbiadini,Manolo Gabbiadini,it ITA,FW,Southampton,25,1991,12.0,158.0,228.0,69.3,1799.0,178.0,106.0,129.0,82.2,34.0,50.0,68.0,2.0,10.0,20.0,0,0.5,0.5,-0.5,7.0,3.0,5.0,0.0,12.0,3.0,6.7,0.0,2.0,1.0,1.0,15.0,14.0,3.0,0.0,3.0,4.0,7.0,6.0,0.0,Matches,228.0,206.0,22.0,0.0,1.0,1.0,5.0,0.0,0.0,0.0,0.0,0.0,158.0,0.0,10.0,2,0,0.0,14,7.0,10.0,5.0,4.0,2.0,0.0,0.0,0.0,22.0,14.0,36.0,28.0,England
"{'name': 'France', 'id': 250, 'alpha3code': 'FRA', 'alpha2code': 'FR'}",76,Mario,,Lemina,1619,1993-09-01,184,"{'code2': 'MD', 'code3': 'MID', 'name': 'Midfielder'}","{'name': 'Gabon', 'id': 266, 'alpha3code': 'GAB', 'alpha2code': 'GA'}",29640,right,M. Lemina,19062,Mario Lemina,Mario Lemina,Mario Lemina,ga GAB,MF,Southampton,23,1993,19.1,857.0,987.0,86.8,14283.0,3476.0,414.0,457.0,90.6,335.0,372.0,90.1,80.0,120.0,66.7,1,0.7,0.7,0.3,8.0,68.0,6.0,1.0,86.0,55.0,40.0,21.0,29.0,5.0,12.0,30.0,18.0,18.0,6.0,12.0,36.0,91.0,36.0,4.0,Matches,987.0,977.0,7.0,4.0,6.0,9.0,10.0,3.0,0.0,0.0,0.0,0.0,857.0,3.0,5.0,2,0,0.0,28,16.0,2.0,10.0,36.0,40.0,0.0,0.0,0.0,139.0,25.0,12.0,67.6,England
"{'name': 'Greece', 'id': 300, 'alpha3code': 'GRC', 'alpha2code': 'GR'}",81,Jos\u00e9,,Holebas,1644,1984-06-27,185,"{'code2': 'DF', 'code3': 'DEF', 'name': 'Defender'}","{'name': 'Germany', 'id': 276, 'alpha3code': 'DEU', 'alpha2code': 'DE'}",92899,left,J. Holebas,null,José Holebas,José Holebas,José Holebas,gr GRE,DF,Watford,33,1984,26.5,901.0,1521.0,59.2,16066.0,8079.0,422.0,516.0,81.8,329.0,548.0,60.0,128.0,362.0,35.4,4,3.2,3.7,0.8,39.0,61.0,18.0,13.0,98.0,51.0,40.9,34.0,14.0,3.0,18.0,44.0,26.0,24.0,8.0,16.0,29.0,80.0,95.0,2.0,Matches,1521.0,1012.0,500.0,64.0,0.0,6.0,210.0,344.0,92.0,44.0,41.0,0.0,901.0,9.0,55.0,7,0,0.0,37,18.0,1.0,210.0,29.0,31.0,0.0,2.0,0.0,160.0,44.0,34.0,56.4,England
"{'name': 'Italy', 'id': 380, 'alpha3code': 'ITA', 'alpha2code': 'IT'}",70,Matteo,,Darmian,1611,1989-12-02,182,"{'code2': 'DF', 'code3': 'DEF', 'name': 'Defender'}","{'name': 'Italy', 'id': 380, 'alpha3code': 'ITA', 'alpha2code': 'IT'}",21095,right,M. Darmian,null,Matteo Darmian,Matteo Darmian,Matteo Darmian,it ITA,DF,Manchester Utd,27,1989,4.9,208.0,255.0,81.6,3066.0,995.0,107.0,117.0,91.5,68.0,82.0,82.9,15.0,28.0,53.6,0,0.0,0.0,0.0,1.0,12.0,0.0,0.0,16.0,16.0,31.6,7.0,7.0,2.0,6.0,19.0,13.0,5.0,3.0,2.0,7.0,23.0,23.0,0.0,Matches,255.0,200.0,54.0,1.0,0.0,0.0,6.0,53.0,0.0,0.0,0.0,0.0,208.0,1.0,8.0,0,0,0.0,5,1.0,0.0,6.0,7.0,14.0,0.0,0.0,0.0,17.0,6.0,6.0,50.0,England
"{'name': 'Bosnia-Herzegovina', 'id': 70, 'alpha3code': 'BIH', 'alpha2code': 'BA'}",95,Zlatan,,Ibrahimovi\u0107,7847,1981-10-03,195,"{'code2': 'FW', 'code3': 'FWD', 'name': 'Forward'}","{'name': 'Sweden', 'id': 752, 'alpha3code': 'SWE', 'alpha2code': 'SE'}",20420,right,Z. Ibrahimovi\u0107,null,Zlatan Ibrahimović,Zlatan Ibrahimović,Zlatan Ibrahimović,se SWE,"MF,FW",Manchester Utd,35,1981,1.2,59.0,78.0,75.6,829.0,217.0,37.0,48.0,77.1,14.0,20.0,70.0,4.0,6.0,66.7,0,0.1,0.3,-0.1,2.0,5.0,3.0,0.0,9.0,2.0,0.0,1.0,0.0,1.0,0.0,1.0,1.0,0.0,0.0,0.0,0.0,2.0,1.0,0.0,Matches,78.0,77.0,1.0,0.0,0.0,0.0,2.0,0.0,1.0,0.0,0.0,0.0,59.0,0.0,0.0,0,0,0.0,1,1.0,2.0,2.0,0.0,1.0,0.0,0.0,0.0,8.0,5.0,2.0,71.4,England
"{'name': 'Ireland Republic', 'id': 372, 'alpha3code': 'IRL', 'alpha2code': 'IE'}",63,Aaron ,,Lennon,1646,1987-04-16,165,"{'code2': 'MD', 'code3': 'MID', 'name': 'Midfielder'}","{'name': 'England', 'id': 0, 'alpha3code': 'XEN', 'alpha2code': ''}",8284,right,A. Lennon,null,Aaron  Lennon,Aaron Lennon,Aaron Lennon,eng ENG,MF,Burnley,30,1987,12.4,202.0,305.0,66.2,2883.0,729.0,121.0,153.0,79.1,62.0,89.0,69.7,10.0,21.0,47.6,2,0.8,1.3,1.2,7.0,14.0,13.0,5.0,28.0,20.0,10.0,5.0,14.0,1.0,2.0,20.0,18.0,20.0,5.0,15.0,8.0,28.0,18.0,0.0,Matches,305.0,301.0,3.0,1.0,0.0,0.0,28.0,2.0,0.0,0.0,0.0,0.0,202.0,1.0,20.0,2,0,0.0,10,12.0,1.0,28.0,8.0,14.0,0.0,0.0,0.0,57.0,4.0,12.0,25.0,England
"{'name': 'Ireland Republic', 'id': 372, 'alpha3code': 'IRL', 'alpha2code': 'IE'}",63,Aaron ,,Lennon,1646,1987-04-16,165,"{'code2': 'MD', 'code3': 'MID', 'name': 'Midfielder'}","{'name': 'England', 'id': 0, 'alpha3code': 'XEN', 'alpha2code': ''}",8284,right,A. Lennon,null,Aaron  Lennon,Aaron Lennon,Aaron Lennon,eng ENG,"FW,MF",Everton,30,1987,8.8,146.0,219.0,66.7,2086.0,558.0,92.0,122.0,75.4,45.0,60.0,75.0,6.0,11.0,54.5,0,0.2,0.3,-0.2,4.0,6.0,3.0,0.0,19.0,17.0,23.8,10.0,5.0,2.0,5.0,21.0,16.0,13.0,1.0,12.0,11.0,28.0,9.0,0.0,Matches,219.0,203.0,15.0,0.0,0.0,0.0,10.0,14.0,0.0,0.0,0.0,0.0,146.0,1.0,18.0,0,0,0.0,11,8.0,0.0,10.0,11.0,10.0,2.0,0.0,0.0,25.0,5.0,7.0,41.7,England
"{'name': 'Ireland Republic', 'id': 372, 'alpha3code': 'IRL', 'alpha2code': 'IE'}",84,Peter,,Crouch,1639,1981-01-30,201,"{'code2': 'FW', 'code3': 'FWD', 'name': 'Forward'}","{'name': 'England', 'id': 0, 'alpha3code': 'XEN', 'alpha2code': ''}",8747,right,P. Crouch,null,Peter Crouch,Peter Crouch,Peter Crouch,eng ENG,FW,Stoke City,36,1981,17.4,375.0,643.0,58.3,4463.0,1102.0,282.0,447.0,63.1,68.0,122.0,55.7,9.0,16.0,56.3,2,2.8,1.9,-0.8,21.0,40.0,7.0,0.0,41.0,2.0,0.0,0.0,1.0,1.0,0.0,12.0,12.0,7.0,4.0,3.0,1.0,3.0,31.0,0.0,Matches,643.0,633.0,6.0,0.0,1.0,0.0,3.0,2.0,0.0,0.0,0.0,0.0,375.0,4.0,13.0,4,0,0.0,40,11.0,14.0,3.0,1.0,0.0,0.0,0.0,0.0,40.0,243.0,122.0,66.6,England
"{'name': 'England', 'id': 0, 'alpha3code': 'XEN', 'alpha2code': ''}",83,Wayne,,Rooney,7852,1985-10-24,176,"{'code2': 'FW', 'code3': 'FWD', 'name': 'Forward'}","{'name': 'England', 'id': 0, 'alpha3code': 'XEN', 'alpha2code': ''}",7944,right,W. Rooney,null,Wayne Rooney,Wayne Rooney,Wayne Rooney,eng ENG,"MF,FW",Everton,31,1985,25.2,934.0,1241.0,75.3,17847.0,4680.0,398.0,474.0,84.0,348.0,410.0,84.9,150.0,263.0,57.0,2,2.2,3.4,-0.2,33.0,117.0,26.0,6.0,122.0,28.0,23.8,11.0,13.0,4.0,10.0,42.0,32.0,25.0,6.0,19.0,16.0,44.0,43.0,2.0,Matches,1241.0,1140.0,94.0,37.0,9.0,23.0,62.0,10.0,30.0,13.0,13.0,3.0,934.0,7.0,27.0,5,0,0.0,35,18.0,8.0,62.0,16.0,19.0,0.0,1.0,0.0,154.0,25.0,32.0,43.9,England
"{'name': 'England', 'id': 0, 'alpha3code': 'XEN', 'alpha2code': ''}",68,Theo ,,Walcott,1623,1989-03-16,176,"{'code2': 'FW', 'code3': 'FWD', 'name': 'Forward'}","{'name': 'England', 'id': 0, 'alpha3code': 'XEN', 'alpha2code': ''}",7879,right,T. Walcott,null,Theo  Walcott,Theo Walcott,Theo Walcott,eng ENG,"FW,MF",Arsenal,28,1989,0.8,15.0,23.0,65.2,211.0,45.0,11.0,15.0,73.3,3.0,6.0,50.0,1.0,1.0,100.0,0,0.0,0.0,0.0,0.0,2.0,0.0,0.0,2.0,1.0,,1.0,0.0,0.0,0.0,0.0,0.0,0.0,0.0,0.0,1.0,2.0,0.0,0.0,Matches,23.0,22.0,1.0,0.0,0.0,0.0,3.0,1.0,0.0,0.0,0.0,0.0,15.0,0.0,1.0,0,0,0.0,1,0.0,5.0,3.0,1.0,0.0,0.0,0.0,0.0,1.0,0.0,2.0,0.0,England
"{'name': 'England', 'id': 0, 'alpha3code': 'XEN', 'alpha2code': ''}",68,Theo ,,Walcott,1623,1989-03-16,176,"{'code2': 'FW', 'code3': 'FWD', 'name': 'Forward'}","{'name': 'England', 'id': 0, 'alpha3code': 'XEN', 'alpha2code': ''}",7879,right,T. Walcott,null,Theo  Walcott,Theo Walcott,Theo Walcott,eng ENG,FW,Everton,28,1989,12.8,246.0,355.0,69.3,3593.0,1094.0,130.0,158.0,82.3,78.0,122.0,63.9,20.0,36.0,55.6,3,2.4,1.4,0.6,14.0,17.0,17.0,9.0,33.0,27.0,46.7,12.0,13.0,2.0,7.0,15.0,8.0,9.0,0.0,9.0,8.0,35.0,12.0,0.0,Matches,355.0,325.0,29.0,1.0,0.0,2.0,45.0,2.0,3.0,0.0,1.0,0.0,246.0,1.0,15.0,2,0,0.0,6,28.0,7.0,45.0,8.0,19.0,0.0,0.0,0.0,75.0,7.0,17.0,29.2,England
"{'name': 'Czech Republic', 'id': 203, 'alpha3code': 'CZE', 'alpha2code': 'CZ'}",90,Petr,,\u010cech,1609,1982-05-20,196,"{'code2': 'GK', 'code3': 'GKP', 'name': 'Goalkeeper'}","{'name': 'Czech Republic', 'id': 203, 'alpha3code': 'CZE', 'alpha2code': 'CZ'}",7882,left,P. \u010cech,null,Petr Čech,Petr Čech,Petr Čech,cz CZE,GK,Arsenal,35,1982,33.8,749.0,1039.0,72.1,22106.0,16596.0,74.0,75.0,98.7,398.0,400.0,99.5,276.0,556.0,49.6,0,0.0,0.0,0.0,0.0,11.0,1.0,0.0,1.0,1.0,100.0,1.0,0.0,0.0,1.0,1.0,0.0,0.0,0.0,0.0,0.0,1.0,23.0,7.0,Matches,1039.0,735.0,299.0,74.0,0.0,2.0,0.0,0.0,0.0,0.0,0.0,0.0,749.0,5.0,3.0,1,0,0.0,0,4.0,0.0,0.0,0.0,1.0,0.0,0.0,0.0,47.0,14.0,1.0,93.3,England
"{'name': 'Scotland', 'id': 0, 'alpha3code': 'XSC', 'alpha2code': ''}",82,Charlie,,Adam,1639,1985-12-10,185,"{'code2': 'MD', 'code3': 'MID', 'name': 'Midfielder'}","{'name': 'Scotland', 'id': 0, 'alpha3code': 'XSC', 'alpha2code': ''}",7961,left,C. Adam,null,Charlie Adam,Charlie Adam,Charlie Adam,sct SCO,MF,Stoke City,31,1985,4.6,168.0,285.0,58.9,3889.0,1505.0,51.0,66.0,77.3,72.0,96.0,75.0,45.0,107.0,42.1,0,1.2,1.4,-1.2,6.0,28.0,7.0,4.0,30.0,9.0,29.4,2.0,5.0,2.0,5.0,17.0,12.0,2.0,0.0,2.0,9.0,18.0,11.0,2.0,Matches,285.0,252.0,28.0,14.0,3.0,4.0,30.0,4.0,10.0,3.0,4.0,3.0,168.0,5.0,9.0,2,1,0.0,8,8.0,0.0,30.0,9.0,5.0,0.0,0.0,0.0,40.0,7.0,4.0,63.6,England
"{'name': 'Morocco', 'id': 504, 'alpha3code': 'MAR', 'alpha2code': 'MA'}",87,Younes,,Kaboul,1644,1986-01-04,191,"{'code2': 'DF', 'code3': 'DEF', 'name': 'Defender'}","{'name': 'France', 'id': 250, 'alpha3code': 'FRA', 'alpha2code': 'FR'}",8272,right,Y. Kaboul,null,Younes Kaboul,Younès Kaboul,Younès Kaboul,fr FRA,DF,Watford,31,1986,1.7,52.0,76.0,68.4,1247.0,528.0,14.0,19.0,73.7,25.0,31.0,80.6,13.0,24.0,54.2,0,0.0,0.0,0.0,0.0,9.0,0.0,0.0,7.0,3.0,,0.0,3.0,0.0,0.0,0.0,0.0,4.0,2.0,2.0,2.0,5.0,15.0,0.0,Matches,76.0,76.0,0.0,0.0,0.0,1.0,0.0,0.0,0.0,0.0,0.0,0.0,52.0,0.0,2.0,0,0,0.0,1,0.0,0.0,0.0,2.0,2.0,0.0,0.0,0.0,7.0,8.0,3.0,72.7,England
"{'name': 'Germany', 'id': 276, 'alpha3code': 'DEU', 'alpha2code': 'DE'}",84,Uwe,,H\u00fcnemeier,2491,1986-01-09,189,"{'code2': 'DF', 'code3': 'DEF', 'name': 'Defender'}","{'name': 'Germany', 'id': 276, 'alpha3code': 'DEU', 'alpha2code': 'DE'}",15301,right,U. H\u00fcnemeier,null,Uwe Hünemeier,Uwe Hünemeier,Uwe Hünemeier,de GER,DF,Brighton,31,1986,0.2,1.0,4.0,25.0,38.0,0.0,0.0,0.0,,0.0,0.0,,1.0,3.0,33.3,0,0.0,0.0,0.0,0.0,0.0,0.0,0.0,0.0,0.0,,0.0,0.0,0.0,0.0,0.0,0.0,0.0,0.0,0.0,0.0,0.0,4.0,0.0,Matches,4.0,4.0,0.0,0.0,0.0,1.0,0.0,0.0,0.0,0.0,0.0,0.0,1.0,0.0,0.0,0,0,0.0,0,0.0,0.0,0.0,0.0,0.0,0.0,0.0,0.0,0.0,2.0,0.0,100.0,England
"{'name': 'France', 'id': 250, 'alpha3code': 'FRA', 'alpha2code': 'FR'}",71,Yohan,,Cabaye,16928,1986-01-14,174,"{'code2': 'MD', 'code3': 'MID', 'name': 'Midfielder'}","{'name': 'France', 'id': 250, 'alpha3code': 'FRA', 'alpha2code': 'FR'}",7988,right,Y. Cabaye,null,Yohan Cabaye,Yohan Cabaye,Yohan Cabaye,fr FRA,MF,Crystal Palace,31,1986,26.4,1118.0,1438.0,77.7,18909.0,7090.0,539.0,603.0,89.4,416.0,493.0,84.4,117.0,266.0,44.0,1,4.1,3.8,-3.1,42.0,124.0,18.0,0.0,138.0,70.0,24.7,39.0,28.0,3.0,24.0,97.0,73.0,47.0,4.0,43.0,79.0,149.0,29.0,4.0,Matches,1438.0,1254.0,180.0,62.0,6.0,9.0,136.0,5.0,104.0,45.0,21.0,35.0,1118.0,4.0,19.0,7,0,0.0,35,23.0,1.0,136.0,79.0,44.0,0.0,0.0,0.0,183.0,6.0,14.0,30.0,England
"{'name': 'Estonia', 'id': 233, 'alpha3code': 'EST', 'alpha2code': 'EE'}",78,Ragnar,,Klavan,3173,1985-10-30,187,"{'code2': 'DF', 'code3': 'DEF', 'name': 'Defender'}","{'name': 'Estonia', 'id': 233, 'alpha3code': 'EST', 'alpha2code': 'EE'}",74,left,R. Klavan,null,Ragnar Klavan,Ragnar Klavan,Ragnar Klavan,ee EST,DF,Liverpool,31,1985,16.1,1097.0,1218.0,90.1,21335.0,7588.0,331.0,353.0,93.8,659.0,697.0,94.5,95.0,143.0,66.4,0,0.2,0.6,-0.2,4.0,61.0,6.0,0.0,73.0,14.0,50.0,6.0,7.0,1.0,6.0,12.0,6.0,11.0,5.0,6.0,15.0,29.0,85.0,1.0,Matches,1218.0,1180.0,35.0,19.0,1.0,5.0,1.0,16.0,0.0,0.0,0.0,0.0,1097.0,3.0,4.0,0,0,0.0,7,12.0,0.0,1.0,15.0,10.0,0.0,0.0,0.0,96.0,37.0,39.0,48.7,England
"{'name': 'Morocco', 'id': 504, 'alpha3code': 'MAR', 'alpha2code': 'MA'}",76,Ibrahim,,Afellay,1639,1986-04-02,180,"{'code2': 'MD', 'code3': 'MID', 'name': 'Midfielder'}","{'name': 'Netherlands', 'id': 528, 'alpha3code': 'NLD', 'alpha2code': 'NL'}",3343,right,I. Afellay,null,Ibrahim Afellay,Ibrahim Afellay,Ibrahim Afellay,nl NED,MF,Stoke City,31,1986,1.8,72.0,82.0,87.8,1326.0,256.0,29.0,32.0,90.6,35.0,39.0,89.7,6.0,8.0,75.0,0,0.0,0.0,0.0,0.0,6.0,0.0,0.0,4.0,3.0,50.0,0.0,3.0,0.0,1.0,2.0,1.0,1.0,0.0,1.0,1.0,4.0,1.0,0.0,Matches,82.0,81.0,1.0,0.0,0.0,0.0,0.0,1.0,0.0,0.0,0.0,0.0,72.0,0.0,0.0,1,0,0.0,1,0.0,0.0,0.0,1.0,3.0,0.0,0.0,0.0,15.0,0.0,0.0,,England
"{'name': 'Suriname', 'id': 740, 'alpha3code': 'SUR', 'alpha2code': 'SR'}",84,Michel,,Vorm,1624,1983-10-20,184,"{'code2': 'GK', 'code3': 'GKP', 'name': 'Goalkeeper'}","{'name': 'Netherlands', 'id': 528, 'alpha3code': 'NLD', 'alpha2code': 'NL'}",77536,right,M. Vorm,null,Michel Vorm,Michel Vorm,Michel Vorm,nl NED,GK,Tottenham,33,1983,1.0,23.0,26.0,88.5,602.0,324.0,1.0,1.0,100.0,17.0,17.0,100.0,5.0,8.0,62.5,0,0.0,0.0,0.0,0.0,0.0,0.0,0.0,0.0,0.0,,0.0,0.0,0.0,0.0,0.0,0.0,0.0,0.0,0.0,0.0,0.0,1.0,0.0,Matches,26.0,17.0,9.0,0.0,0.0,0.0,0.0,0.0,0.0,0.0,0.0,0.0,23.0,0.0,0.0,0,0,0.0,0,0.0,0.0,0.0,0.0,0.0,0.0,0.0,0.0,2.0,0.0,0.0,,England
"{'name': 'Netherlands', 'id': 528, 'alpha3code': 'NLD', 'alpha2code': 'NL'}",86,Erik,,Pieters,1639,1988-08-07,182,"{'code2': 'DF', 'code3': 'DEF', 'name': 'Defender'}","{'name': 'Netherlands', 'id': 528, 'alpha3code': 'NLD', 'alpha2code': 'NL'}",107,left,E. Pieters,null,Erik Pieters,Erik Pieters,Erik Pieters,nl NED,DF,Stoke City,28,1988,30.2,916.0,1310.0,69.9,15616.0,6670.0,440.0,529.0,83.2,371.0,516.0,71.9,88.0,186.0,47.3,1,1.5,1.5,-0.5,13.0,94.0,22.0,12.0,113.0,71.0,47.1,43.0,26.0,2.0,24.0,51.0,27.0,70.0,25.0,45.0,61.0,132.0,127.0,5.0,Matches,1310.0,1054.0,248.0,10.0,0.0,4.0,64.0,238.0,0.0,0.0,0.0,0.0,916.0,8.0,39.0,5,0,0.0,58,29.0,2.0,64.0,61.0,47.0,0.0,1.0,0.0,154.0,50.0,45.0,52.6,England
"{'name': 'England', 'id': 0, 'alpha3code': 'XEN', 'alpha2code': ''}",90,Ben,,Foster,1644,1983-04-03,193,"{'code2': 'GK', 'code3': 'GKP', 'name': 'Goalkeeper'}","{'name': 'England', 'id': 0, 'alpha3code': 'XEN', 'alpha2code': ''}",8358,left,B. Foster,null,Ben Foster,Ben Foster,Ben Foster,eng ENG,GK,West Brom,34,1983,37.0,565.0,1155.0,48.9,25634.0,23629.0,39.0,41.0,95.1,135.0,140.0,96.4,390.0,966.0,40.4,0,0.1,0.1,-0.1,2.0,45.0,1.0,0.0,1.0,1.0,0.0,1.0,0.0,0.0,0.0,7.0,7.0,0.0,0.0,0.0,1.0,2.0,12.0,1.0,Matches,1155.0,657.0,492.0,154.0,0.0,1.0,0.0,0.0,0.0,0.0,0.0,0.0,565.0,6.0,0.0,2,0,0.0,1,3.0,0.0,0.0,1.0,0.0,0.0,0.0,0.0,55.0,4.0,0.0,100.0,England
"{'name': 'Jamaica', 'id': 388, 'alpha3code': 'JAM', 'alpha2code': 'JM'}",81,Adrian,,Mariappa,1644,1986-10-03,178,"{'code2': 'DF', 'code3': 'DEF', 'name': 'Defender'}","{'name': 'England', 'id': 0, 'alpha3code': 'XEN', 'alpha2code': ''}",8889,right,A. Mariappa,null,Adrian Mariappa,Adrian Mariappa,Adrian Mariappa,jm JAM,DF,Watford,30,1986,24.6,774.0,1028.0,75.3,13905.0,6028.0,342.0,395.0,86.6,343.0,432.0,79.4,77.0,161.0,47.8,0,0.2,0.3,-0.2,4.0,50.0,3.0,0.0,60.0,45.0,41.2,33.0,12.0,0.0,14.0,34.0,20.0,25.0,16.0,9.0,45.0,90.0,133.0,4.0,Matches,1028.0,955.0,70.0,10.0,0.0,8.0,4.0,60.0,0.0,0.0,0.0,0.0,774.0,3.0,13.0,4,0,0.0,32,16.0,0.0,4.0,45.0,26.0,0.0,0.0,0.0,111.0,86.0,72.0,54.4,England
"{'name': 'Poland', 'id': 616, 'alpha3code': 'POL', 'alpha2code': 'PL'}",83,Phil,,Jagielka,1623,1982-08-17,183,"{'code2': 'DF', 'code3': 'DEF', 'name': 'Defender'}","{'name': 'England', 'id': 0, 'alpha3code': 'XEN', 'alpha2code': ''}",8245,right,P. Jagielka,null,Phil Jagielka,Phil Jagielka,Phil Jagielka,eng ENG,DF,Everton,34,1982,22.9,737.0,983.0,75.0,16406.0,5143.0,219.0,246.0,89.0,362.0,430.0,84.2,150.0,285.0,52.6,0,0.0,0.3,0.0,1.0,62.0,6.0,0.0,53.0,33.0,38.1,24.0,9.0,0.0,8.0,21.0,13.0,30.0,20.0,10.0,39.0,72.0,179.0,1.0,Matches,983.0,932.0,43.0,38.0,0.0,15.0,4.0,5.0,0.0,0.0,0.0,0.0,737.0,8.0,5.0,2,0,0.0,8,15.0,0.0,4.0,39.0,23.0,0.0,0.0,0.0,123.0,65.0,41.0,61.3,England
"{'name': 'England', 'id': 0, 'alpha3code': 'XEN', 'alpha2code': ''}",70,Leighton,,Baines,1623,1984-12-11,170,"{'code2': 'DF', 'code3': 'DEF', 'name': 'Defender'}","{'name': 'England', 'id': 0, 'alpha3code': 'XEN', 'alpha2code': ''}",8239,left,L. Baines,null,Leighton Baines,Leighton Baines,Leighton Baines,eng ENG,DF,Everton,32,1984,21.2,774.0,1009.0,76.7,12799.0,5667.0,397.0,438.0,90.6,298.0,369.0,80.8,61.0,140.0,43.6,3,1.9,2.3,1.1,24.0,71.0,21.0,9.0,84.0,25.0,64.3,18.0,3.0,4.0,9.0,14.0,5.0,18.0,6.0,12.0,25.0,50.0,56.0,0.0,Matches,1009.0,782.0,221.0,26.0,0.0,2.0,75.0,174.0,21.0,14.0,7.0,0.0,774.0,6.0,35.0,1,0,0.0,7,17.0,1.0,75.0,25.0,13.0,0.0,0.0,0.0,87.0,14.0,20.0,41.2,England
"{'name': 'England', 'id': 0, 'alpha3code': 'XEN', 'alpha2code': ''}",79,Gareth,,Barry,1627,1981-02-23,185,"{'code2': 'MD', 'code3': 'MID', 'name': 'Midfielder'}","{'name': 'England', 'id': 0, 'alpha3code': 'XEN', 'alpha2code': ''}",8314,left,G. Barry,null,Gareth Barry,Gareth Barry,Gareth Barry,eng ENG,MF,West Brom,36,1981,21.4,721.0,963.0,74.9,13209.0,4410.0,323.0,374.0,86.4,282.0,357.0,79.0,100.0,193.0,51.8,1,1.4,1.3,-0.4,17.0,113.0,15.0,3.0,126.0,35.0,33.3,17.0,14.0,4.0,15.0,45.0,30.0,19.0,11.0,8.0,14.0,49.0,34.0,0.0,Matches,963.0,920.0,38.0,22.0,3.0,11.0,28.0,3.0,12.0,9.0,2.0,0.0,721.0,5.0,11.0,4,0,0.0,28,29.0,1.0,28.0,14.0,19.0,0.0,0.0,0.0,148.0,32.0,36.0,47.1,England
"{'name': 'Scotland', 'id': 0, 'alpha3code': 'XSC', 'alpha2code': ''}",75,James ,,Morrison,1627,1986-05-25,180,"{'code2': 'MD', 'code3': 'MID', 'name': 'Midfielder'}","{'name': 'England', 'id': 0, 'alpha3code': 'XEN', 'alpha2code': ''}",8374,right,J. Morrison,null,James  Morrison,James Morrison,James Morrison,sct SCO,MF,West Brom,31,1986,2.3,77.0,91.0,84.6,1111.0,258.0,44.0,50.0,88.0,23.0,26.0,88.5,5.0,6.0,83.3,0,0.1,0.1,-0.1,3.0,5.0,1.0,0.0,11.0,2.0,25.0,0.0,2.0,0.0,1.0,4.0,3.0,1.0,1.0,0.0,1.0,3.0,1.0,0.0,Matches,91.0,90.0,0.0,0.0,0.0,1.0,2.0,0.0,0.0,0.0,0.0,0.0,77.0,1.0,1.0,0,0,0.0,0,1.0,0.0,2.0,1.0,1.0,0.0,0.0,0.0,11.0,0.0,2.0,0.0,England
"{'name': 'Ireland Republic', 'id': 372, 'alpha3code': 'IRL', 'alpha2code': 'IE'}",66,Stephen ,,Ireland,1615,1986-08-22,173,"{'code2': 'MD', 'code3': 'MID', 'name': 'Midfielder'}","{'name': 'Ireland Republic', 'id': 372, 'alpha3code': 'IRL', 'alpha2code': 'IE'}",8017,right,S. Ireland,null,Stephen  Ireland,Stephen Ireland,Stephen Ireland,ie IRL,"MF,FW",Stoke City,30,1986,1.5,57.0,70.0,81.4,788.0,200.0,37.0,40.0,92.5,13.0,14.0,92.9,3.0,7.0,42.9,0,0.0,0.0,0.0,1.0,5.0,0.0,0.0,7.0,3.0,20.0,2.0,1.0,0.0,1.0,5.0,4.0,4.0,2.0,2.0,1.0,4.0,1.0,0.0,Matches,70.0,63.0,5.0,0.0,1.0,1.0,0.0,2.0,0.0,0.0,0.0,0.0,57.0,2.0,1.0,1,0,0.0,1,1.0,0.0,0.0,1.0,1.0,0.0,0.0,0.0,2.0,0.0,2.0,0.0,England
"{'name': 'England', 'id': 0, 'alpha3code': 'XEN', 'alpha2code': ''}",70,James,,Milner,1612,1986-01-04,176,"{'code2': 'MD', 'code3': 'MID', 'name': 'Midfielder'}","{'name': 'England', 'id': 0, 'alpha3code': 'XEN', 'alpha2code': ''}",8319,right,J. Milner,null,James Milner,James Milner,James Milner,eng ENG,MF,Liverpool,31,1986,19.7,1335.0,1636.0,81.6,23331.0,7605.0,622.0,685.0,90.8,548.0,627.0,87.4,136.0,248.0,54.8,3,3.2,3.6,-0.2,34.0,208.0,37.0,6.0,219.0,58.0,38.5,18.0,32.0,8.0,15.0,39.0,24.0,33.0,5.0,28.0,21.0,79.0,23.0,0.0,Matches,1636.0,1492.0,138.0,37.0,7.0,16.0,123.0,27.0,60.0,26.0,21.0,0.0,1335.0,6.0,35.0,3,0,0.0,29,22.0,0.0,123.0,21.0,45.0,0.0,0.0,0.0,125.0,23.0,18.0,56.1,England
"{'name': 'England', 'id': 0, 'alpha3code': 'XEN', 'alpha2code': ''}",86,Tom,,Heaton,1646,1986-04-15,188,"{'code2': 'GK', 'code3': 'GKP', 'name': 'Goalkeeper'}","{'name': 'England', 'id': 0, 'alpha3code': 'XEN', 'alpha2code': ''}",77502,right,T. Heaton,null,Tom Heaton,Tom Heaton,Tom Heaton,eng ENG,GK,Burnley,31,1986,3.4,70.0,120.0,58.3,2857.0,2413.0,3.0,3.0,100.0,26.0,26.0,100.0,41.0,87.0,47.1,0,0.0,0.0,0.0,0.0,6.0,0.0,0.0,0.0,0.0,,0.0,0.0,0.0,0.0,0.0,0.0,0.0,0.0,0.0,0.0,0.0,0.0,0.0,Matches,120.0,57.0,59.0,27.0,0.0,0.0,0.0,0.0,0.0,0.0,0.0,0.0,70.0,4.0,0.0,0,0,0.0,0,0.0,0.0,0.0,0.0,0.0,0.0,0.0,0.0,3.0,1.0,0.0,100.0,England
"{'name': 'Scotland', 'id': 0, 'alpha3code': 'XSC', 'alpha2code': ''}",74,Darren ,,Fletcher,1639,1984-02-01,184,"{'code2': 'MD', 'code3': 'MID', 'name': 'Midfielder'}","{'name': 'Scotland', 'id': 0, 'alpha3code': 'XSC', 'alpha2code': ''}",7932,right,D. Fletcher,null,Darren  Fletcher,Darren Fletcher,Darren Fletcher,sct SCO,MF,Stoke City,33,1984,24.7,843.0,1105.0,76.3,16453.0,5280.0,309.0,374.0,82.6,362.0,420.0,86.2,138.0,241.0,57.3,1,1.6,1.9,-0.6,23.0,77.0,18.0,3.0,100.0,47.0,27.3,23.0,20.0,4.0,15.0,55.0,40.0,13.0,3.0,10.0,26.0,73.0,33.0,3.0,Matches,1105.0,1042.0,59.0,23.0,6.0,19.0,49.0,4.0,26.0,18.0,8.0,0.0,843.0,4.0,20.0,0,0,0.0,14,25.0,0.0,49.0,26.0,26.0,0.0,0.0,0.0,133.0,21.0,21.0,50.0,England
"{'name': 'Jamaica', 'id': 388, 'alpha3code': 'JAM', 'alpha2code': 'JM'}",77,Wayne,,Routledge,10531,1985-01-07,170,"{'code2': 'MD', 'code3': 'MID', 'name': 'Midfielder'}","{'name': 'England', 'id': 0, 'alpha3code': 'XEN', 'alpha2code': ''}",77557,right,W. Routledge,null,Wayne Routledge,Wayne Routledge,Wayne Routledge,eng ENG,"MF,FW",Swansea City,32,1985,4.8,115.0,177.0,65.0,1676.0,481.0,58.0,71.0,81.7,46.0,64.0,71.9,5.0,19.0,26.3,0,0.4,0.7,-0.4,6.0,8.0,6.0,3.0,17.0,10.0,25.0,2.0,6.0,2.0,2.0,8.0,6.0,5.0,0.0,5.0,2.0,12.0,5.0,0.0,Matches,177.0,171.0,5.0,0.0,0.0,0.0,15.0,1.0,3.0,2.0,0.0,0.0,115.0,1.0,9.0,1,0,0.0,9,0.0,0.0,15.0,2.0,5.0,0.0,0.0,0.0,28.0,5.0,8.0,38.5,England
"{'name': 'St. Lucia', 'id': 662, 'alpha3code': 'LCA', 'alpha2code': 'LC'}",65,Jermain ,,Defoe,1659,1982-10-07,171,"{'code2': 'FW', 'code3': 'FWD', 'name': 'Forward'}","{'name': 'England', 'id': 0, 'alpha3code': 'XEN', 'alpha2code': ''}",8296,right,J. Defoe,null,Jermain  Defoe,Jermain Defoe,Jermain Defoe,eng ENG,FW,Bournemouth,34,1982,12.1,98.0,138.0,71.0,1340.0,208.0,65.0,87.0,74.7,25.0,34.0,73.5,6.0,6.0,100.0,1,1.1,1.0,-0.1,13.0,3.0,4.0,0.0,10.0,12.0,20.0,2.0,6.0,4.0,2.0,10.0,8.0,10.0,0.0,10.0,4.0,16.0,1.0,0.0,Matches,138.0,117.0,20.0,0.0,1.0,0.0,5.0,1.0,0.0,0.0,0.0,0.0,98.0,1.0,5.0,1,0,0.0,12,8.0,9.0,5.0,4.0,9.0,0.0,0.0,0.0,21.0,2.0,17.0,10.5,England
"{'name': 'Scotland', 'id': 0, 'alpha3code': 'XSC', 'alpha2code': ''}",74,Phil,,Bardsley,1646,1985-06-28,180,"{'code2': 'DF', 'code3': 'DEF', 'name': 'Defender'}","{'name': 'England', 'id': 0, 'alpha3code': 'XEN', 'alpha2code': ''}",8516,right,P. Bardsley,null,Phil Bardsley,Phil Bardsley,Phil Bardsley,sct SCO,DF,Burnley,32,1985,12.5,394.0,587.0,67.1,6906.0,3437.0,190.0,214.0,88.8,163.0,245.0,66.5,37.0,103.0,35.9,0,0.3,0.7,-0.3,5.0,55.0,13.0,7.0,53.0,17.0,36.4,9.0,7.0,1.0,4.0,11.0,7.0,22.0,6.0,16.0,22.0,39.0,77.0,0.0,Matches,587.0,426.0,157.0,10.0,0.0,2.0,19.0,147.0,0.0,0.0,0.0,0.0,394.0,4.0,9.0,5,0,0.0,22,19.0,0.0,19.0,22.0,16.0,0.0,1.0,0.0,61.0,26.0,27.0,49.1,England
"{'name': 'Jamaica', 'id': 388, 'alpha3code': 'JAM', 'alpha2code': 'JM'}",76,Daniel,,Sturridge,1612,1989-09-01,180,"{'code2': 'FW', 'code3': 'FWD', 'name': 'Forward'}","{'name': 'England', 'id': 0, 'alpha3code': 'XEN', 'alpha2code': ''}",7907,left,D. Sturridge,null,Daniel Sturridge,Daniel Sturridge,Daniel Sturridge,eng ENG,FW,Liverpool,27,1989,4.8,103.0,130.0,79.2,1506.0,360.0,60.0,71.0,84.5,37.0,45.0,82.2,3.0,3.0,100.0,1,0.8,0.5,0.2,13.0,10.0,8.0,0.0,16.0,0.0,0.0,0.0,0.0,0.0,0.0,1.0,1.0,1.0,0.0,1.0,0.0,0.0,1.0,0.0,Matches,130.0,123.0,6.0,1.0,0.0,1.0,2.0,0.0,0.0,0.0,0.0,0.0,103.0,1.0,3.0,0,0,0.0,1,9.0,2.0,2.0,0.0,0.0,0.0,0.0,0.0,10.0,2.0,3.0,40.0,England
"{'name': 'Jamaica', 'id': 388, 'alpha3code': 'JAM', 'alpha2code': 'JM'}",76,Daniel,,Sturridge,1612,1989-09-01,180,"{'code2': 'FW', 'code3': 'FWD', 'name': 'Forward'}","{'name': 'England', 'id': 0, 'alpha3code': 'XEN', 'alpha2code': ''}",7907,left,D. Sturridge,null,Daniel Sturridge,Daniel Sturridge,Daniel Sturridge,eng ENG,FW,West Brom,27,1989,1.3,23.0,33.0,69.7,388.0,148.0,13.0,18.0,72.2,7.0,9.0,77.8,3.0,5.0,60.0,0,0.2,0.0,-0.2,3.0,4.0,2.0,0.0,6.0,0.0,,0.0,0.0,0.0,0.0,0.0,0.0,0.0,0.0,0.0,0.0,0.0,0.0,0.0,Matches,33.0,30.0,3.0,0.0,1.0,0.0,2.0,0.0,0.0,0.0,0.0,0.0,23.0,0.0,0.0,0,0,0.0,0,1.0,1.0,2.0,0.0,0.0,0.0,0.0,0.0,4.0,1.0,3.0,25.0,England
"{'name': 'England', 'id': 0, 'alpha3code': 'XEN', 'alpha2code': ''}",93,Fraser,,Forster,1619,1988-03-17,201,"{'code2': 'GK', 'code3': 'GKP', 'name': 'Goalkeeper'}","{'name': 'England', 'id': 0, 'alpha3code': 'XEN', 'alpha2code': ''}",61941,right,F. Forster,null,Fraser Forster,Fraser Forster,Fraser Forster,eng ENG,GK,Southampton,29,1988,20.0,253.0,510.0,49.6,9072.0,7775.0,28.0,28.0,100.0,106.0,107.0,99.1,119.0,370.0,32.2,0,0.0,0.0,0.0,0.0,8.0,0.0,0.0,0.0,0.0,,0.0,0.0,0.0,0.0,0.0,0.0,0.0,0.0,0.0,0.0,0.0,7.0,4.0,Matches,510.0,313.0,193.0,47.0,0.0,0.0,0.0,0.0,0.0,0.0,0.0,0.0,253.0,4.0,1.0,0,0,0.0,0,1.0,0.0,0.0,0.0,0.0,0.0,0.0,0.0,13.0,0.0,0.0,,England
"{'name': 'England', 'id': 0, 'alpha3code': 'XEN', 'alpha2code': ''}",79,Andy,,Carroll,1633,1989-01-06,193,"{'code2': 'FW', 'code3': 'FWD', 'name': 'Forward'}","{'name': 'England', 'id': 0, 'alpha3code': 'XEN', 'alpha2code': ''}",7970,left,A. Carroll,null,Andy Carroll,Andy Carroll,Andy Carroll,eng ENG,FW,West Ham,28,1989,8.3,158.0,262.0,60.3,2741.0,519.0,74.0,114.0,64.9,64.0,100.0,64.0,14.0,29.0,48.3,0,0.5,0.3,-0.5,7.0,13.0,6.0,3.0,11.0,3.0,0.0,2.0,0.0,1.0,0.0,1.0,1.0,3.0,2.0,1.0,2.0,5.0,15.0,0.0,Matches,262.0,248.0,13.0,1.0,0.0,2.0,10.0,3.0,0.0,0.0,0.0,0.0,158.0,1.0,3.0,7,1,1.0,28,14.0,6.0,10.0,2.0,3.0,0.0,0.0,0.0,24.0,74.0,48.0,60.7,England
"{'name': 'Ireland Republic', 'id': 372, 'alpha3code': 'IRL', 'alpha2code': 'IE'}",70,Mark,,Noble,1633,1987-05-08,180,"{'code2': 'MD', 'code3': 'MID', 'name': 'Midfielder'}","{'name': 'England', 'id': 0, 'alpha3code': 'XEN', 'alpha2code': ''}",8561,right,M. Noble,null,Mark Noble,Mark Noble,Mark Noble,eng ENG,MF,West Ham,30,1987,26.7,1127.0,1367.0,82.4,21353.0,6408.0,456.0,516.0,88.4,473.0,544.0,86.9,163.0,236.0,69.1,0,1.8,2.3,-1.8,20.0,110.0,27.0,4.0,143.0,61.0,21.1,32.0,22.0,7.0,16.0,76.0,60.0,28.0,10.0,18.0,47.0,108.0,32.0,1.0,Matches,1367.0,1251.0,105.0,66.0,8.0,22.0,23.0,9.0,7.0,1.0,3.0,3.0,1127.0,11.0,23.0,6,0,0.0,28,46.0,2.0,23.0,47.0,36.0,0.0,0.0,0.0,222.0,10.0,14.0,41.7,England
"{'name': 'Switzerland', 'id': 756, 'alpha3code': 'CHE', 'alpha2code': 'CH'}",85,Eldin,,Jakupovic,1631,1984-10-02,191,"{'code2': 'GK', 'code3': 'GKP', 'name': 'Goalkeeper'}","{'name': 'Bosnia-Herzegovina', 'id': 70, 'alpha3code': 'BIH', 'alpha2code': 'BA'}",93084,right,E. Jakupovic,null,Eldin Jakupovic,Eldin Jakupović,Eldin Jakupović,ch SUI,GK,Leicester City,32,1984,2.0,35.0,56.0,62.5,1424.0,1247.0,0.0,0.0,,13.0,13.0,100.0,22.0,42.0,52.4,0,0.0,0.0,0.0,0.0,1.0,0.0,0.0,0.0,0.0,,0.0,0.0,0.0,0.0,0.0,0.0,0.0,0.0,0.0,0.0,0.0,4.0,0.0,Matches,56.0,36.0,19.0,5.0,0.0,0.0,0.0,0.0,0.0,0.0,0.0,0.0,35.0,1.0,0.0,0,0,0.0,0,1.0,0.0,0.0,0.0,0.0,0.0,0.0,0.0,4.0,1.0,0.0,100.0,England
"{'name': 'Ireland Republic', 'id': 372, 'alpha3code': 'IRL', 'alpha2code': 'IE'}",77,S\u00e9amus,,Coleman,1623,1988-10-11,177,"{'code2': 'DF', 'code3': 'DEF', 'name': 'Defender'}","{'name': 'Ireland Republic', 'id': 372, 'alpha3code': 'IRL', 'alpha2code': 'IE'}",8240,right,S. Coleman,8274,Séamus Coleman,Séamus Coleman,Séamus Coleman,ie IRL,DF,Everton,28,1988,11.5,369.0,516.0,71.5,5449.0,2296.0,217.0,252.0,86.1,121.0,178.0,68.0,18.0,55.0,32.7,1,0.7,0.5,0.3,7.0,30.0,7.0,1.0,44.0,14.0,54.5,9.0,3.0,2.0,6.0,11.0,5.0,16.0,12.0,4.0,10.0,24.0,29.0,2.0,Matches,516.0,384.0,129.0,1.0,0.0,1.0,28.0,128.0,0.0,0.0,0.0,0.0,369.0,3.0,16.0,0,0,0.0,3,13.0,0.0,28.0,10.0,14.0,0.0,0.0,0.0,53.0,14.0,11.0,56.0,England
"{'name': 'Suriname', 'id': 740, 'alpha3code': 'SUR', 'alpha2code': 'SR'}",74,Georginio,,Wijnaldum,1612,1990-11-11,175,"{'code2': 'MD', 'code3': 'MID', 'name': 'Midfielder'}","{'name': 'Netherlands', 'id': 528, 'alpha3code': 'NLD', 'alpha2code': 'NL'}",116,right,G. Wijnaldum,664,Georginio Wijnaldum,Georginio Wijnaldum,Georginio Wijnaldum,nl NED,MF,Liverpool,26,1990,26.5,1145.0,1283.0,89.2,18447.0,3622.0,542.0,594.0,91.2,489.0,533.0,91.7,71.0,90.0,78.9,2,1.2,1.6,0.8,22.0,94.0,10.0,1.0,116.0,34.0,47.8,13.0,16.0,5.0,11.0,23.0,12.0,20.0,2.0,18.0,25.0,59.0,20.0,0.0,Matches,1283.0,1245.0,29.0,8.0,2.0,8.0,2.0,6.0,1.0,0.0,0.0,0.0,1145.0,9.0,9.0,1,0,0.0,13,17.0,4.0,2.0,25.0,23.0,0.0,0.0,0.0,173.0,15.0,29.0,34.1,England
"{'name': 'Austria', 'id': 40, 'alpha3code': 'AUT', 'alpha2code': 'AT'}",89,Christian,,Fuchs,1631,1986-04-07,187,"{'code2': 'DF', 'code3': 'DEF', 'name': 'Defender'}","{'name': 'Austria', 'id': 40, 'alpha3code': 'AUT', 'alpha2code': 'AT'}",14853,left,C. Fuchs,null,Christian Fuchs,Christian Fuchs,Christian Fuchs,at AUT,DF,Leicester City,31,1986,21.3,842.0,1226.0,68.7,14611.0,6387.0,406.0,480.0,84.6,313.0,429.0,73.0,103.0,248.0,41.5,1,1.2,0.9,-0.2,18.0,77.0,15.0,9.0,85.0,41.0,35.0,25.0,12.0,4.0,14.0,40.0,26.0,23.0,3.0,20.0,58.0,99.0,86.0,0.0,Matches,1226.0,939.0,279.0,14.0,1.0,8.0,71.0,251.0,13.0,1.0,6.0,0.0,842.0,8.0,36.0,1,0,0.0,12,4.0,0.0,71.0,58.0,27.0,0.0,0.0,1.0,132.0,61.0,37.0,62.2,England
"{'name': 'Denmark', 'id': 208, 'alpha3code': 'DNK', 'alpha2code': 'DK'}",87,Winston ,,Reid,1633,1988-07-03,190,"{'code2': 'DF', 'code3': 'DEF', 'name': 'Defender'}","{'name': 'New Zealand', 'id': 554, 'alpha3code': 'NZL', 'alpha2code': 'NZ'}",8553,right,W. Reid,10522,Winston  Reid,Winston Reid,Winston Reid,nz NZL,DF,West Ham,29,1988,16.1,539.0,664.0,81.2,11983.0,3790.0,121.0,145.0,83.4,323.0,347.0,93.1,92.0,161.0,57.1,0,0.3,0.7,-0.3,4.0,28.0,2.0,0.0,39.0,11.0,26.7,7.0,4.0,0.0,4.0,15.0,11.0,27.0,14.0,13.0,22.0,33.0,104.0,0.0,Matches,664.0,646.0,14.0,14.0,0.0,10.0,1.0,0.0,0.0,0.0,0.0,0.0,539.0,4.0,2.0,5,0,0.0,14,15.0,0.0,1.0,22.0,9.0,0.0,0.0,0.0,80.0,43.0,24.0,64.2,England
"{'name': 'Scotland', 'id': 0, 'alpha3code': 'XSC', 'alpha2code': ''}",64,Jamie,,Murphy,8509,1989-08-28,175,"{'code2': 'MD', 'code3': 'MID', 'name': 'Midfielder'}","{'name': 'Scotland', 'id': 0, 'alpha3code': 'XSC', 'alpha2code': ''}",62091,right,J. Murphy,null,Jamie Murphy,Jamie Murphy,Jamie Murphy,sct SCO,MF,Brighton,27,1989,1.9,37.0,45.0,82.2,633.0,80.0,15.0,18.0,83.3,19.0,20.0,95.0,2.0,2.0,100.0,0,0.0,0.0,0.0,1.0,3.0,0.0,0.0,4.0,2.0,50.0,2.0,0.0,0.0,2.0,4.0,2.0,0.0,0.0,0.0,1.0,3.0,3.0,0.0,Matches,45.0,44.0,1.0,1.0,0.0,1.0,2.0,0.0,0.0,0.0,0.0,0.0,37.0,0.0,4.0,0,0,0.0,1,5.0,1.0,2.0,1.0,2.0,0.0,0.0,0.0,6.0,0.0,2.0,0.0,England
"{'name': 'Belgium', 'id': 56, 'alpha3code': 'BEL', 'alpha2code': 'BE'}",72,Steven,,Defour,1646,1988-04-15,175,"{'code2': 'MD', 'code3': 'MID', 'name': 'Midfielder'}","{'name': 'Belgium', 'id': 56, 'alpha3code': 'BEL', 'alpha2code': 'BE'}",70092,right,S. Defour,null,Steven Defour,Steven Defour,Steven Defour,be BEL,MF,Burnley,29,1988,22.2,865.0,1062.0,81.5,15646.0,4797.0,365.0,412.0,88.6,389.0,443.0,87.8,93.0,161.0,57.8,1,1.1,1.5,-0.1,19.0,89.0,25.0,10.0,117.0,33.0,21.7,12.0,18.0,3.0,10.0,46.0,36.0,35.0,7.0,28.0,46.0,79.0,25.0,0.0,Matches,1062.0,1038.0,17.0,11.0,2.0,10.0,35.0,4.0,2.0,1.0,0.0,0.0,865.0,7.0,11.0,6,0,0.0,13,7.0,0.0,35.0,46.0,22.0,0.0,0.0,0.0,156.0,5.0,12.0,29.4,England
"{'name': 'France', 'id': 250, 'alpha3code': 'FRA', 'alpha2code': 'FR'}",91,Moussa,,Sissoko,1624,1989-08-16,187,"{'code2': 'MD', 'code3': 'MID', 'name': 'Midfielder'}","{'name': 'France', 'id': 250, 'alpha3code': 'FRA', 'alpha2code': 'FR'}",25804,right,M. Sissoko,4418,Moussa Sissoko,Moussa Sissoko,Moussa Sissoko,fr FRA,"MF,FW",Tottenham,27,1989,15.6,740.0,900.0,82.2,11433.0,2703.0,410.0,451.0,90.9,270.0,336.0,80.4,42.0,61.0,68.9,1,2.2,2.5,-1.2,27.0,69.0,21.0,3.0,85.0,23.0,75.0,14.0,5.0,4.0,9.0,12.0,3.0,11.0,1.0,10.0,9.0,32.0,23.0,1.0,Matches,900.0,879.0,20.0,6.0,3.0,6.0,19.0,11.0,2.0,0.0,0.0,0.0,740.0,1.0,24.0,3,0,0.0,23,8.0,3.0,19.0,9.0,17.0,0.0,0.0,0.0,108.0,15.0,14.0,51.7,England
"{'name': 'England', 'id': 0, 'alpha3code': 'XEN', 'alpha2code': ''}",73,Andrew,,Surman,1659,1986-08-20,178,"{'code2': 'MD', 'code3': 'MID', 'name': 'Midfielder'}","{'name': 'South Africa', 'id': 710, 'alpha3code': 'ZAF', 'alpha2code': 'ZA'}",8351,left,A. Surman,null,Andrew Surman,Andrew Surman,Andrew Surman,eng ENG,MF,Bournemouth,30,1986,20.6,997.0,1199.0,83.2,18377.0,5842.0,396.0,464.0,85.3,476.0,536.0,88.8,108.0,165.0,65.5,5,1.0,1.5,4.0,16.0,122.0,16.0,0.0,134.0,16.0,26.1,5.0,8.0,3.0,6.0,23.0,17.0,33.0,12.0,21.0,16.0,32.0,52.0,2.0,Matches,1199.0,1139.0,59.0,39.0,2.0,10.0,21.0,0.0,18.0,13.0,0.0,0.0,997.0,1.0,13.0,2,0,0.0,9,14.0,1.0,21.0,16.0,12.0,0.0,0.0,0.0,123.0,32.0,44.0,42.1,England
"{'name': 'Jamaica', 'id': 388, 'alpha3code': 'JAM', 'alpha2code': 'JM'}",62,Nathan,,Dyer,10531,1987-11-29,167,"{'code2': 'MD', 'code3': 'MID', 'name': 'Midfielder'}","{'name': 'England', 'id': 0, 'alpha3code': 'XEN', 'alpha2code': ''}",77552,right,N. Dyer,null,Nathan Dyer,Nathan Dyer,Nathan Dyer,eng ENG,"MF,FW",Swansea City,29,1987,14.5,426.0,553.0,77.0,5556.0,976.0,273.0,313.0,87.2,113.0,155.0,72.9,9.0,24.0,37.5,0,0.8,1.1,-0.8,10.0,19.0,15.0,1.0,34.0,22.0,25.0,8.0,9.0,5.0,6.0,24.0,18.0,13.0,0.0,13.0,11.0,33.0,3.0,0.0,Matches,553.0,542.0,10.0,3.0,2.0,0.0,33.0,7.0,0.0,0.0,0.0,0.0,426.0,1.0,20.0,2,0,0.0,17,20.0,1.0,33.0,11.0,16.0,0.0,0.0,0.0,82.0,5.0,26.0,16.1,England
"{'name': 'England', 'id': 0, 'alpha3code': 'XEN', 'alpha2code': ''}",73,Adam,,Lallana,1612,1988-05-10,172,"{'code2': 'MD', 'code3': 'MID', 'name': 'Midfielder'}","{'name': 'England', 'id': 0, 'alpha3code': 'XEN', 'alpha2code': ''}",8140,right,A. Lallana,null,Adam Lallana,Adam Lallana,Adam Lallana,eng ENG,"MF,FW",Liverpool,29,1988,2.7,192.0,229.0,83.8,2309.0,705.0,126.0,136.0,92.6,46.0,54.0,85.2,3.0,11.0,27.3,0,0.4,0.6,-0.4,7.0,18.0,11.0,2.0,33.0,3.0,20.0,3.0,0.0,0.0,2.0,10.0,8.0,3.0,0.0,3.0,1.0,4.0,1.0,0.0,Matches,229.0,226.0,3.0,1.0,0.0,0.0,8.0,1.0,1.0,1.0,0.0,0.0,192.0,0.0,3.0,1,0,0.0,4,5.0,1.0,8.0,1.0,1.0,0.0,0.0,0.0,15.0,3.0,4.0,42.9,England
"{'name': 'England', 'id': 0, 'alpha3code': 'XEN', 'alpha2code': ''}",83,Lee,,Grant,1611,1983-01-27,193,"{'code2': 'GK', 'code3': 'GKP', 'name': 'Goalkeeper'}","{'name': 'England', 'id': 0, 'alpha3code': 'XEN', 'alpha2code': ''}",8935,right,L. Grant,null,Lee Grant,Lee Grant,Lee Grant,eng ENG,GK,Stoke City,34,1983,3.0,57.0,93.0,61.3,2162.0,1870.0,7.0,7.0,100.0,18.0,18.0,100.0,32.0,67.0,47.8,0,0.0,0.0,0.0,0.0,4.0,0.0,0.0,0.0,1.0,100.0,1.0,0.0,0.0,1.0,1.0,0.0,0.0,0.0,0.0,0.0,1.0,0.0,0.0,Matches,93.0,54.0,38.0,15.0,0.0,0.0,0.0,0.0,0.0,0.0,0.0,0.0,57.0,1.0,0.0,0,0,0.0,0,0.0,0.0,0.0,0.0,1.0,0.0,0.0,0.0,6.0,0.0,0.0,,England
"{'name': 'England', 'id': 0, 'alpha3code': 'XEN', 'alpha2code': ''}",79,Dan,,Gosling,1659,1990-02-02,183,"{'code2': 'MD', 'code3': 'MID', 'name': 'Midfielder'}","{'name': 'England', 'id': 0, 'alpha3code': 'XEN', 'alpha2code': ''}",7989,right,D. Gosling,null,Dan Gosling,Dan Gosling,Dan Gosling,eng ENG,MF,Bournemouth,27,1990,21.6,825.0,1074.0,76.8,14011.0,4628.0,387.0,476.0,81.3,345.0,427.0,80.8,75.0,120.0,62.5,1,0.9,1.6,0.1,17.0,104.0,14.0,1.0,134.0,50.0,27.9,19.0,26.0,5.0,19.0,68.0,49.0,36.0,8.0,28.0,25.0,75.0,35.0,0.0,Matches,1074.0,1040.0,31.0,17.0,1.0,6.0,6.0,3.0,1.0,0.0,0.0,0.0,825.0,3.0,31.0,8,0,0.0,38,25.0,2.0,6.0,25.0,25.0,0.0,1.0,0.0,151.0,54.0,55.0,49.5,England
"{'name': 'Ireland Republic', 'id': 372, 'alpha3code': 'IRL', 'alpha2code': 'IE'}",79,Jonathan ,,Walters,1634,1983-09-20,183,"{'code2': 'FW', 'code3': 'FWD', 'name': 'Forward'}","{'name': 'England', 'id': 0, 'alpha3code': 'XEN', 'alpha2code': ''}",8752,right,J. Walters,null,Jonathan  Walters,Jonathan Walters,Jonathan Walters,ie IRL,FW,Burnley,33,1983,0.4,4.0,11.0,36.4,66.0,13.0,2.0,7.0,28.6,2.0,3.0,66.7,0.0,0.0,,0,0.0,0.0,0.0,0.0,0.0,0.0,0.0,1.0,0.0,,0.0,0.0,0.0,0.0,0.0,0.0,0.0,0.0,0.0,0.0,0.0,1.0,0.0,Matches,11.0,10.0,0.0,0.0,0.0,0.0,1.0,0.0,0.0,0.0,0.0,0.0,4.0,1.0,1.0,0,0,0.0,0,1.0,0.0,1.0,0.0,0.0,0.0,0.0,0.0,1.0,2.0,1.0,66.7,England
"{'name': 'Ireland Republic', 'id': 372, 'alpha3code': 'IRL', 'alpha2code': 'IE'}",89,Damien,,Delaney,8153,1981-07-20,191,"{'code2': 'DF', 'code3': 'DEF', 'name': 'Defender'}","{'name': 'Ireland Republic', 'id': 372, 'alpha3code': 'IRL', 'alpha2code': 'IE'}",8583,left,D. Delaney,null,Damien Delaney,Damien Delaney,Damien Delaney,ie IRL,DF,Crystal Palace,36,1981,1.1,30.0,38.0,78.9,517.0,401.0,15.0,15.0,100.0,10.0,13.0,76.9,3.0,7.0,42.9,0,0.0,0.0,0.0,0.0,1.0,0.0,0.0,0.0,2.0,100.0,2.0,0.0,0.0,1.0,1.0,0.0,5.0,4.0,1.0,3.0,5.0,7.0,0.0,Matches,38.0,37.0,1.0,1.0,0.0,0.0,0.0,0.0,0.0,0.0,0.0,0.0,30.0,0.0,1.0,0,0,0.0,0,0.0,0.0,0.0,3.0,1.0,0.0,0.0,0.0,6.0,0.0,4.0,0.0,England
"{'name': 'Italy', 'id': 380, 'alpha3code': 'ITA', 'alpha2code': 'IT'}",87,Juli\u00e1n,,Speroni,1628,1979-05-18,186,"{'code2': 'GK', 'code3': 'GKP', 'name': 'Goalkeeper'}","{'name': 'Argentina', 'id': 32, 'alpha3code': 'ARG', 'alpha2code': 'AR'}",8391,right,J. Speroni,null,Julián Speroni,Julián Speroni,Julián Speroni,ar ARG,GK,Crystal Palace,38,1979,11.0,148.0,312.0,47.4,6170.0,5618.0,16.0,16.0,100.0,35.0,37.0,94.6,97.0,259.0,37.5,0,0.0,0.0,0.0,0.0,12.0,0.0,0.0,0.0,0.0,,0.0,0.0,0.0,0.0,0.0,0.0,0.0,0.0,0.0,1.0,1.0,4.0,0.0,Matches,312.0,180.0,132.0,43.0,0.0,1.0,0.0,0.0,0.0,0.0,0.0,0.0,148.0,0.0,0.0,0,0,0.0,0,0.0,0.0,0.0,1.0,0.0,0.0,0.0,0.0,14.0,2.0,0.0,100.0,England
"{'name': 'England', 'id': 0, 'alpha3code': 'XEN', 'alpha2code': ''}",69,Ben,,Watson,1642,1985-07-09,178,"{'code2': 'MD', 'code3': 'MID', 'name': 'Midfielder'}","{'name': 'England', 'id': 0, 'alpha3code': 'XEN', 'alpha2code': ''}",8627,right,B. Watson,null,Ben Watson,Ben Watson,Ben Watson,eng ENG,MF,Watford,32,1985,5.1,195.0,241.0,80.9,3217.0,1304.0,99.0,111.0,89.2,67.0,79.0,84.8,19.0,31.0,61.3,0,0.2,0.3,-0.2,3.0,12.0,1.0,0.0,24.0,19.0,32.3,9.0,9.0,1.0,10.0,31.0,21.0,6.0,1.0,5.0,7.0,26.0,10.0,0.0,Matches,241.0,226.0,14.0,10.0,0.0,3.0,4.0,0.0,2.0,2.0,0.0,0.0,195.0,1.0,6.0,1,0,0.0,11,5.0,0.0,4.0,7.0,9.0,0.0,0.0,0.0,37.0,10.0,6.0,62.5,England
"{'name': 'Spain', 'id': 724, 'alpha3code': 'ESP', 'alpha2code': 'ES'}",80,Jay,,Rodriguez,1627,1989-07-29,185,"{'code2': 'FW', 'code3': 'FWD', 'name': 'Forward'}","{'name': 'England', 'id': 0, 'alpha3code': 'XEN', 'alpha2code': ''}",8958,right,J. Rodriguez,null,Jay Rodriguez,Jay Rodriguez,Jay Rodriguez,eng ENG,"FW,MF",West Brom,28,1989,31.2,517.0,740.0,69.9,7189.0,1909.0,311.0,379.0,82.1,129.0,197.0,65.5,30.0,71.0,42.3,1,1.6,2.3,-0.6,21.0,51.0,14.0,2.0,52.0,31.0,18.0,12.0,11.0,8.0,9.0,50.0,41.0,32.0,2.0,30.0,19.0,50.0,41.0,0.0,Matches,740.0,691.0,47.0,2.0,4.0,6.0,30.0,4.0,3.0,2.0,0.0,0.0,517.0,2.0,26.0,2,0,0.0,43,29.0,18.0,30.0,19.0,21.0,0.0,0.0,0.0,121.0,72.0,81.0,47.1,England
"{'name': 'Scotland', 'id': 0, 'alpha3code': 'XSC', 'alpha2code': ''}",78,Martin,,Cranie,1636,1986-09-26,183,"{'code2': 'DF', 'code3': 'DEF', 'name': 'Defender'}","{'name': 'England', 'id': 0, 'alpha3code': 'XEN', 'alpha2code': ''}",8761,right,M. Cranie,null,Martin Cranie,Martin Cranie,Martin Cranie,eng ENG,DF,Huddersfield,30,1986,2.0,72.0,91.0,79.1,1561.0,536.0,16.0,19.0,84.2,45.0,51.0,88.2,11.0,20.0,55.0,0,0.0,0.0,0.0,0.0,5.0,0.0,0.0,1.0,3.0,0.0,2.0,1.0,0.0,0.0,1.0,1.0,3.0,3.0,0.0,1.0,4.0,10.0,0.0,Matches,91.0,89.0,2.0,1.0,0.0,0.0,0.0,1.0,0.0,0.0,0.0,0.0,72.0,0.0,1.0,0,0,0.0,0,0.0,0.0,0.0,1.0,2.0,0.0,0.0,0.0,9.0,2.0,2.0,50.0,England
"{'name': 'Cameroon', 'id': 120, 'alpha3code': 'CMR', 'alpha2code': 'CM'}",91,Jean-Eric Maxim,,Choupo-Moting,3767,1989-03-23,191,"{'code2': 'FW', 'code3': 'FWD', 'name': 'Forward'}","{'name': 'Germany', 'id': 276, 'alpha3code': 'DEU', 'alpha2code': 'DE'}",15198,both,E. Choupo-Moting,null,Jean-Eric Maxim Choupo-Moting,Eric Maxim Choupo-Moting,Eric Maxim Choupo-Moting,cm CMR,"FW,MF",Stoke City,28,1989,25.7,477.0,688.0,69.3,6566.0,1710.0,272.0,346.0,78.6,140.0,191.0,73.3,26.0,51.0,51.0,5,3.1,2.5,1.9,20.0,28.0,18.0,4.0,56.0,42.0,28.1,21.0,16.0,5.0,9.0,32.0,23.0,31.0,3.0,28.0,23.0,65.0,29.0,1.0,Matches,688.0,670.0,11.0,3.0,1.0,5.0,35.0,5.0,0.0,0.0,0.0,0.0,477.0,7.0,29.0,3,0,0.0,21,24.0,14.0,35.0,23.0,30.0,0.0,0.0,0.0,133.0,60.0,73.0,45.1,England
"{'name': 'Wales', 'id': 0, 'alpha3code': 'XWA', 'alpha2code': ''}",76,Ryan,,Shawcross,1639,1987-10-04,191,"{'code2': 'DF', 'code3': 'DEF', 'name': 'Defender'}","{'name': 'England', 'id': 0, 'alpha3code': 'XEN', 'alpha2code': ''}",8731,right,R. Shawcross,null,Ryan Shawcross,Ryan Shawcross,Ryan Shawcross,eng ENG,DF,Stoke City,29,1987,26.3,449.0,668.0,67.2,9003.0,4503.0,136.0,181.0,75.1,233.0,322.0,72.4,66.0,136.0,48.5,1,0.3,0.2,0.7,2.0,39.0,1.0,0.0,46.0,36.0,52.0,25.0,9.0,2.0,13.0,25.0,12.0,33.0,23.0,10.0,40.0,76.0,224.0,1.0,Matches,668.0,648.0,18.0,17.0,0.0,3.0,0.0,1.0,0.0,0.0,0.0,0.0,449.0,2.0,5.0,2,0,0.0,26,18.0,4.0,0.0,40.0,20.0,0.0,1.0,1.0,80.0,150.0,75.0,66.7,England
"{'name': 'Canada', 'id': 124, 'alpha3code': 'CAN', 'alpha2code': 'CA'}",70,Scott,,Arfield,8509,1988-11-01,178,"{'code2': 'MD', 'code3': 'MID', 'name': 'Midfielder'}","{'name': 'Scotland', 'id': 0, 'alpha3code': 'XSC', 'alpha2code': ''}",11294,right,S. Arfield,null,Scott Arfield,Scott Arfield,Scott Arfield,ca CAN,"MF,FW",Burnley,28,1988,14.8,247.0,367.0,67.3,3441.0,942.0,150.0,198.0,75.8,75.0,103.0,72.8,9.0,25.0,36.0,1,0.4,0.4,0.6,7.0,25.0,6.0,1.0,32.0,36.0,43.2,20.0,13.0,3.0,19.0,44.0,25.0,22.0,1.0,21.0,11.0,47.0,24.0,0.0,Matches,367.0,357.0,5.0,0.0,1.0,1.0,8.0,1.0,1.0,0.0,1.0,0.0,247.0,5.0,16.0,3,0,0.0,21,14.0,1.0,8.0,11.0,26.0,0.0,0.0,0.0,83.0,11.0,30.0,26.8,England
"{'name': 'Jamaica', 'id': 388, 'alpha3code': 'JAM', 'alpha2code': 'JM'}",80,Danny,,Simpson,1631,1987-01-04,176,"{'code2': 'DF', 'code3': 'DEF', 'name': 'Defender'}","{'name': 'England', 'id': 0, 'alpha3code': 'XEN', 'alpha2code': ''}",149019,right,D. Simpson,null,Danny Simpson,Danny Simpson,Danny Simpson,eng ENG,DF,Leicester City,30,1987,25.6,898.0,1195.0,75.1,14466.0,5625.0,456.0,521.0,87.5,332.0,440.0,75.5,75.0,160.0,46.9,0,0.1,0.3,-0.1,4.0,57.0,7.0,5.0,54.0,38.0,48.9,31.0,6.0,1.0,22.0,45.0,23.0,31.0,19.0,12.0,34.0,72.0,132.0,1.0,Matches,1195.0,905.0,288.0,22.0,2.0,6.0,23.0,266.0,0.0,0.0,0.0,0.0,898.0,2.0,26.0,4,0,0.0,21,10.0,0.0,23.0,34.0,22.0,0.0,1.0,0.0,130.0,39.0,45.0,46.4,England
"{'name': 'England', 'id': 0, 'alpha3code': 'XEN', 'alpha2code': ''}",69,Jack,,Cork,1646,1989-06-25,185,"{'code2': 'MD', 'code3': 'MID', 'name': 'Midfielder'}","{'name': 'England', 'id': 0, 'alpha3code': 'XEN', 'alpha2code': ''}",8125,right,J. Cork,null,Jack Cork,Jack Cork,Jack Cork,eng ENG,MF,Burnley,28,1989,38.0,1281.0,1608.0,79.7,21883.0,5582.0,583.0,680.0,85.7,499.0,597.0,83.6,136.0,208.0,65.4,1,1.1,1.0,-0.1,19.0,127.0,11.0,1.0,165.0,60.0,32.3,25.0,27.0,8.0,20.0,62.0,42.0,36.0,15.0,21.0,41.0,101.0,86.0,1.0,Matches,1608.0,1581.0,22.0,8.0,0.0,10.0,19.0,0.0,2.0,2.0,0.0,0.0,1281.0,5.0,37.0,7,0,0.0,23,54.0,1.0,19.0,41.0,44.0,0.0,0.0,0.0,244.0,51.0,78.0,39.5,England
"{'name': 'England', 'id': 0, 'alpha3code': 'XEN', 'alpha2code': ''}",85,Ryan,,Bertrand,1619,1989-08-05,179,"{'code2': 'DF', 'code3': 'DEF', 'name': 'Defender'}","{'name': 'England', 'id': 0, 'alpha3code': 'XEN', 'alpha2code': ''}",7885,left,R. Bertrand,null,Ryan Bertrand,Ryan Bertrand,Ryan Bertrand,eng ENG,DF,Southampton,27,1989,34.8,1476.0,1954.0,75.5,21055.0,8752.0,911.0,1022.0,89.1,444.0,594.0,74.7,71.0,195.0,36.4,4,3.1,3.3,0.9,36.0,130.0,42.0,11.0,174.0,48.0,61.3,27.0,17.0,4.0,19.0,31.0,12.0,28.0,9.0,19.0,44.0,92.0,74.0,0.0,Matches,1954.0,1549.0,395.0,34.0,1.0,3.0,136.0,328.0,33.0,22.0,5.0,2.0,1476.0,10.0,70.0,2,0,0.0,32,33.0,1.0,136.0,44.0,35.0,0.0,0.0,0.0,146.0,43.0,51.0,45.7,England
"{'name': 'Ireland Republic', 'id': 372, 'alpha3code': 'IRL', 'alpha2code': 'IE'}",73,Kyle,,Naughton,10531,1988-11-11,180,"{'code2': 'DF', 'code3': 'DEF', 'name': 'Defender'}","{'name': 'England', 'id': 0, 'alpha3code': 'XEN', 'alpha2code': ''}",8336,right,K. Naughton,null,Kyle Naughton,Kyle Naughton,Kyle Naughton,eng ENG,DF,Swansea City,28,1988,33.7,1525.0,2111.0,72.2,25319.0,10879.0,791.0,929.0,85.1,582.0,804.0,72.4,123.0,277.0,44.4,2,0.5,0.8,1.5,12.0,160.0,17.0,7.0,193.0,92.0,54.0,49.0,35.0,8.0,54.0,100.0,46.0,60.0,13.0,47.0,60.0,152.0,144.0,4.0,Matches,2111.0,1679.0,427.0,21.0,0.0,16.0,62.0,406.0,0.0,0.0,0.0,0.0,1525.0,5.0,59.0,1,0,0.0,31,24.0,0.0,62.0,60.0,60.0,0.0,0.0,1.0,198.0,68.0,67.0,50.4,England
"{'name': 'England', 'id': 0, 'alpha3code': 'XEN', 'alpha2code': ''}",74,James,,Tomkins,1628,1989-03-29,192,"{'code2': 'DF', 'code3': 'DEF', 'name': 'Defender'}","{'name': 'England', 'id': 0, 'alpha3code': 'XEN', 'alpha2code': ''}",8554,right,J. Tomkins,null,James Tomkins,James Tomkins,James Tomkins,eng ENG,DF,Crystal Palace,28,1989,26.5,727.0,892.0,81.5,14749.0,5898.0,240.0,264.0,90.9,368.0,427.0,86.2,111.0,183.0,60.7,0,0.1,0.7,-0.1,1.0,39.0,1.0,0.0,45.0,47.0,51.6,36.0,10.0,1.0,16.0,31.0,15.0,24.0,12.0,12.0,63.0,110.0,216.0,1.0,Matches,892.0,859.0,31.0,29.0,0.0,3.0,1.0,2.0,0.0,0.0,0.0,0.0,727.0,2.0,2.0,8,0,0.0,20,14.0,1.0,1.0,63.0,26.0,0.0,1.0,0.0,124.0,115.0,66.0,63.5,England
"{'name': 'Cura\\u00e7ao', 'id': 531, 'alpha3code': 'CUW', 'alpha2code': 'CW'}",79,Leroy,,Fer,10531,1990-01-05,188,"{'code2': 'MD', 'code3': 'MID', 'name': 'Midfielder'}","{'name': 'Netherlands', 'id': 528, 'alpha3code': 'NLD', 'alpha2code': 'NL'}",262,right,L. Fer,null,Leroy Fer,Leroy Fer,Leroy Fer,nl NED,MF,Swansea City,27,1990,15.5,515.0,643.0,80.1,9132.0,1993.0,234.0,278.0,84.2,199.0,235.0,84.7,65.0,98.0,66.3,1,1.0,0.8,0.0,10.0,52.0,9.0,1.0,66.0,44.0,43.3,18.0,21.0,5.0,13.0,30.0,17.0,18.0,4.0,14.0,12.0,56.0,24.0,3.0,Matches,643.0,627.0,15.0,11.0,3.0,10.0,8.0,2.0,0.0,0.0,0.0,0.0,515.0,1.0,9.0,5,0,0.0,28,26.0,1.0,8.0,12.0,32.0,0.0,0.0,0.0,76.0,41.0,22.0,65.1,England
"{'name': 'England', 'id': 0, 'alpha3code': 'XEN', 'alpha2code': ''}",78,Scott,,Dann,1628,1987-02-14,195,"{'code2': 'DF', 'code3': 'DEF', 'name': 'Defender'}","{'name': 'England', 'id': 0, 'alpha3code': 'XEN', 'alpha2code': ''}",8186,right,S. Dann,null,Scott Dann,Scott Dann,Scott Dann,eng ENG,DF,Crystal Palace,30,1987,15.9,454.0,574.0,79.1,9072.0,3668.0,154.0,175.0,88.0,221.0,254.0,87.0,70.0,127.0,55.1,0,0.2,0.3,-0.2,5.0,30.0,2.0,0.0,42.0,10.0,41.2,8.0,2.0,0.0,7.0,17.0,10.0,17.0,14.0,3.0,23.0,33.0,98.0,1.0,Matches,574.0,546.0,24.0,22.0,1.0,12.0,2.0,2.0,0.0,0.0,0.0,0.0,454.0,4.0,4.0,4,0,0.0,12,3.0,2.0,2.0,23.0,5.0,0.0,1.0,0.0,72.0,48.0,33.0,59.3,England
"{'name': 'England', 'id': 0, 'alpha3code': 'XEN', 'alpha2code': ''}",70,Kieran ,,Gibbs,1627,1989-09-26,181,"{'code2': 'DF', 'code3': 'DEF', 'name': 'Defender'}","{'name': 'England', 'id': 0, 'alpha3code': 'XEN', 'alpha2code': ''}",7853,left,K. Gibbs,null,Kieran  Gibbs,Kieran Gibbs,Kieran Gibbs,eng ENG,DF,West Brom,27,1989,31.4,1000.0,1391.0,71.9,15562.0,6257.0,533.0,618.0,86.2,378.0,546.0,69.2,64.0,165.0,38.8,1,1.8,2.2,-0.8,22.0,66.0,23.0,16.0,97.0,41.0,53.3,27.0,10.0,4.0,16.0,30.0,14.0,32.0,12.0,20.0,48.0,89.0,102.0,0.0,Matches,1391.0,1077.0,304.0,7.0,0.0,3.0,74.0,293.0,4.0,4.0,0.0,0.0,1000.0,10.0,23.0,3,0,0.0,22,11.0,1.0,74.0,48.0,24.0,0.0,0.0,0.0,169.0,41.0,39.0,51.3,England
"{'name': 'Korea Republic', 'id': 410, 'alpha3code': 'KOR', 'alpha2code': 'KR'}",69,Chung-Yong,,Lee,2448,1988-07-02,180,"{'code2': 'MD', 'code3': 'MID', 'name': 'Midfielder'}","{'name': 'Korea Republic', 'id': 410, 'alpha3code': 'KOR', 'alpha2code': 'KR'}",8049,right,Lee Chung-Yong,null,Chung-Yong Lee,Lee Chung-yong,Lee Chung-yong,kr KOR,"FW,MF",Crystal Palace,29,1988,1.5,58.0,77.0,75.3,711.0,152.0,37.0,39.0,94.9,15.0,24.0,62.5,2.0,6.0,33.3,0,0.1,0.1,-0.1,2.0,1.0,1.0,0.0,2.0,2.0,,0.0,1.0,1.0,0.0,0.0,0.0,3.0,0.0,3.0,2.0,4.0,0.0,1.0,Matches,77.0,73.0,4.0,0.0,0.0,0.0,7.0,3.0,1.0,0.0,1.0,0.0,58.0,0.0,3.0,0,0,0.0,1,2.0,0.0,7.0,2.0,0.0,0.0,0.0,0.0,7.0,2.0,4.0,33.3,England
"{'name': 'United States', 'id': 840, 'alpha3code': 'USA', 'alpha2code': 'US'}",84,Geoff,,Cameron,1650,1985-07-11,191,"{'code2': 'DF', 'code3': 'DEF', 'name': 'Defender'}","{'name': 'United States', 'id': 840, 'alpha3code': 'USA', 'alpha2code': 'US'}",58978,right,G. Cameron,null,Geoff Cameron,Geoff Cameron,Geoff Cameron,us USA,"DF,MF",Stoke City,32,1985,16.9,404.0,581.0,69.5,7362.0,3256.0,166.0,191.0,86.9,187.0,244.0,76.6,44.0,120.0,36.7,0,0.1,0.3,-0.1,6.0,39.0,3.0,0.0,48.0,34.0,40.7,20.0,12.0,2.0,11.0,27.0,16.0,28.0,8.0,20.0,36.0,70.0,68.0,0.0,Matches,581.0,508.0,68.0,7.0,0.0,5.0,9.0,61.0,0.0,0.0,0.0,0.0,404.0,5.0,10.0,2,0,0.0,16,7.0,0.0,9.0,36.0,21.0,0.0,1.0,0.0,89.0,39.0,31.0,55.7,England
"{'name': 'Canada', 'id': 124, 'alpha3code': 'CAN', 'alpha2code': 'CA'}",101,Asmir,,Begovi\u0107,1659,1987-06-20,199,"{'code2': 'GK', 'code3': 'GKP', 'name': 'Goalkeeper'}","{'name': 'Bosnia-Herzegovina', 'id': 70, 'alpha3code': 'BIH', 'alpha2code': 'BA'}",8726,right,A. Begovi\u0107,10001,Asmir Begović,Asmir Begović,Asmir Begović,ba BIH,GK,Bournemouth,30,1987,38.0,693.0,1162.0,59.6,23636.0,18869.0,55.0,55.0,100.0,300.0,304.0,98.7,337.0,798.0,42.2,0,0.0,0.0,0.0,1.0,7.0,0.0,0.0,0.0,0.0,0.0,0.0,0.0,0.0,0.0,2.0,2.0,0.0,0.0,0.0,2.0,2.0,16.0,7.0,Matches,1162.0,696.0,464.0,136.0,0.0,1.0,0.0,0.0,0.0,0.0,0.0,0.0,693.0,2.0,1.0,2,0,0.0,2,7.0,0.0,0.0,2.0,0.0,0.0,1.0,0.0,23.0,8.0,2.0,80.0,England
"{'name': 'France', 'id': 250, 'alpha3code': 'FRA', 'alpha2code': 'FR'}",75,Morgan,,Schneiderlin,1623,1989-11-08,185,"{'code2': 'MD', 'code3': 'MID', 'name': 'Midfielder'}","{'name': 'France', 'id': 250, 'alpha3code': 'FRA', 'alpha2code': 'FR'}",8143,right,M. Schneiderlin,null,Morgan Schneiderlin,Morgan Schneiderlin,Morgan Schneiderlin,fr FRA,MF,Everton,27,1989,23.7,951.0,1143.0,83.2,15661.0,4847.0,482.0,535.0,90.1,333.0,387.0,86.0,91.0,151.0,60.3,0,0.2,0.4,-0.2,7.0,104.0,3.0,1.0,106.0,58.0,34.1,34.0,21.0,3.0,15.0,44.0,29.0,18.0,7.0,11.0,61.0,119.0,59.0,1.0,Matches,1143.0,1119.0,20.0,14.0,0.0,14.0,8.0,1.0,4.0,0.0,0.0,4.0,951.0,4.0,10.0,6,1,1.0,39,17.0,0.0,8.0,61.0,40.0,0.0,1.0,0.0,170.0,35.0,37.0,48.6,England
"{'name': 'Austria', 'id': 40, 'alpha3code': 'AUT', 'alpha2code': 'AT'}",73,Markus,,Suttner,1651,1987-04-16,179,"{'code2': 'DF', 'code3': 'DEF', 'name': 'Defender'}","{'name': 'Austria', 'id': 40, 'alpha3code': 'AUT', 'alpha2code': 'AT'}",64966,left,M. Suttner,null,Markus Suttner,Markus Suttner,Markus Suttner,at AUT,DF,Brighton,30,1987,13.1,435.0,613.0,71.0,8260.0,3590.0,184.0,208.0,88.5,178.0,238.0,74.8,64.0,141.0,45.4,0,0.3,0.6,-0.3,6.0,39.0,7.0,4.0,56.0,25.0,45.5,18.0,4.0,3.0,10.0,22.0,12.0,16.0,2.0,14.0,12.0,37.0,49.0,1.0,Matches,613.0,470.0,140.0,9.0,1.0,3.0,45.0,127.0,4.0,4.0,0.0,0.0,435.0,3.0,13.0,0,0,0.0,5,2.0,0.0,45.0,12.0,15.0,0.0,0.0,0.0,59.0,14.0,13.0,51.9,England
"{'name': 'England', 'id': 0, 'alpha3code': 'XEN', 'alpha2code': ''}",76,Ashley,,Barnes,1646,1989-10-30,186,"{'code2': 'FW', 'code3': 'FWD', 'name': 'Forward'}","{'name': 'England', 'id': 0, 'alpha3code': 'XEN', 'alpha2code': ''}",9123,right,A. Barnes,null,Ashley Barnes,Ashley Barnes,Ashley Barnes,eng ENG,FW,Burnley,27,1989,24.1,316.0,531.0,59.5,4207.0,996.0,193.0,282.0,68.4,101.0,161.0,62.7,6.0,33.0,18.2,0,1.6,1.8,-1.6,17.0,22.0,11.0,4.0,34.0,21.0,17.2,1.0,14.0,6.0,5.0,29.0,24.0,26.0,5.0,21.0,2.0,23.0,19.0,0.0,Matches,531.0,515.0,13.0,0.0,3.0,0.0,16.0,2.0,0.0,0.0,0.0,0.0,316.0,3.0,17.0,10,0,0.0,53,71.0,26.0,16.0,2.0,14.0,0.0,0.0,0.0,87.0,81.0,218.0,27.1,England
"{'name': 'Mali', 'id': 466, 'alpha3code': 'MLI', 'alpha2code': 'ML'}",90,Bakary,,Sako,1627,1988-04-26,184,"{'code2': 'MD', 'code3': 'MID', 'name': 'Midfielder'}","{'name': 'France', 'id': 250, 'alpha3code': 'FRA', 'alpha2code': 'FR'}",25865,left,B. Sako,null,Bakary Sako,Bakary Sako,Bakary Sako,ml MLI,"FW,MF",Crystal Palace,29,1988,5.3,94.0,159.0,59.1,1412.0,353.0,59.0,75.0,78.7,18.0,41.0,43.9,10.0,22.0,45.5,0,1.1,0.6,-1.1,6.0,6.0,4.0,3.0,8.0,7.0,22.2,5.0,0.0,2.0,2.0,9.0,7.0,2.0,0.0,2.0,1.0,8.0,2.0,0.0,Matches,159.0,150.0,9.0,3.0,0.0,2.0,27.0,1.0,4.0,0.0,2.0,1.0,94.0,0.0,9.0,0,0,0.0,8,7.0,4.0,27.0,1.0,6.0,0.0,0.0,0.0,27.0,11.0,16.0,40.7,England
"{'name': 'Gabon', 'id': 266, 'alpha3code': 'GAB', 'alpha2code': 'GA'}",80,Pierre-Emerick,,Aubameyang,1609,1989-06-18,187,"{'code2': 'FW', 'code3': 'FWD', 'name': 'Forward'}","{'name': 'France', 'id': 250, 'alpha3code': 'FRA', 'alpha2code': 'FR'}",25867,right,P. Aubameyang,19062,Pierre-Emerick Aubameyang,Pierre-Emerick Aubameyang,Pierre-Emerick Aubameyang,ga GAB,FW,Arsenal,28,1989,11.7,225.0,337.0,66.8,2707.0,423.0,157.0,192.0,81.8,47.0,82.0,57.3,5.0,20.0,25.0,4,1.1,1.3,2.9,13.0,10.0,5.0,2.0,9.0,5.0,14.3,3.0,2.0,0.0,1.0,7.0,6.0,14.0,1.0,13.0,3.0,8.0,7.0,0.0,Matches,337.0,312.0,24.0,0.0,1.0,1.0,16.0,3.0,0.0,0.0,0.0,0.0,225.0,1.0,14.0,0,0,0.0,1,8.0,10.0,16.0,3.0,4.0,0.0,0.0,0.0,29.0,8.0,28.0,22.2,England
"{'name': 'Poland', 'id': 616, 'alpha3code': 'POL', 'alpha2code': 'PL'}",75,Laurent,,Koscielny,1609,1985-09-10,186,"{'code2': 'DF', 'code3': 'DEF', 'name': 'Defender'}","{'name': 'France', 'id': 250, 'alpha3code': 'FRA', 'alpha2code': 'FR'}",7855,right,L. Koscielny,null,Laurent Koscielny,Laurent Koscielny,Laurent Koscielny,fr FRA,DF,Arsenal,31,1985,24.7,1563.0,1765.0,88.6,31024.0,12028.0,523.0,574.0,91.1,841.0,910.0,92.4,185.0,241.0,76.8,0,0.4,0.7,-0.4,7.0,137.0,3.0,0.0,124.0,43.0,57.6,27.0,12.0,4.0,19.0,33.0,14.0,28.0,15.0,13.0,54.0,97.0,138.0,3.0,Matches,1765.0,1705.0,54.0,45.0,2.0,25.0,5.0,9.0,0.0,0.0,0.0,0.0,1563.0,6.0,7.0,4,0,0.0,14,26.0,2.0,5.0,54.0,21.0,0.0,0.0,0.0,160.0,77.0,59.0,56.6,England
"{'name': 'Guadeloupe', 'id': 312, 'alpha3code': 'GLP', 'alpha2code': 'GP'}",87,Etienne,,Capoue,1644,1988-07-11,190,"{'code2': 'MD', 'code3': 'MID', 'name': 'Midfielder'}","{'name': 'France', 'id': 250, 'alpha3code': 'FRA', 'alpha2code': 'FR'}",25798,right,E. Capoue,null,Etienne Capoue,Étienne Capoue,Étienne Capoue,fr FRA,MF,Watford,29,1988,17.1,723.0,883.0,81.9,12866.0,3380.0,342.0,390.0,87.7,271.0,320.0,84.7,91.0,135.0,67.4,0,0.6,1.2,-0.6,8.0,75.0,9.0,1.0,74.0,43.0,40.4,15.0,25.0,3.0,19.0,47.0,28.0,21.0,1.0,20.0,43.0,86.0,38.0,0.0,Matches,883.0,849.0,31.0,14.0,5.0,28.0,4.0,1.0,2.0,0.0,0.0,0.0,723.0,3.0,11.0,3,0,0.0,21,16.0,1.0,4.0,43.0,26.0,0.0,0.0,0.0,119.0,42.0,23.0,64.6,England
"{'name': 'Suriname', 'id': 740, 'alpha3code': 'SUR', 'alpha2code': 'SR'}",72,Rajiv,,van La Parra,1673,1991-06-04,181,"{'code2': 'MD', 'code3': 'MID', 'name': 'Midfielder'}","{'name': 'Netherlands', 'id': 528, 'alpha3code': 'NLD', 'alpha2code': 'NL'}",173,right,R. van La Parra,null,Rajiv van La Parra,Rajiv van La Parra,Rajiv van La Parra,nl NED,"FW,MF",Huddersfield,26,1991,23.7,517.0,725.0,71.3,7433.0,1525.0,298.0,362.0,82.3,169.0,232.0,72.8,24.0,55.0,43.6,0,0.9,1.2,-0.9,14.0,20.0,15.0,6.0,65.0,41.0,29.3,18.0,15.0,8.0,12.0,41.0,29.0,27.0,1.0,26.0,21.0,62.0,8.0,1.0,Matches,725.0,709.0,14.0,2.0,3.0,0.0,84.0,6.0,5.0,5.0,0.0,0.0,517.0,2.0,46.0,3,1,0.0,29,47.0,3.0,84.0,21.0,29.0,0.0,0.0,0.0,152.0,12.0,28.0,30.0,England
"{'name': 'Armenia', 'id': 51, 'alpha3code': 'ARM', 'alpha2code': 'AM'}",75,Henrikh,,Mkhitaryan,1609,1989-01-21,177,"{'code2': 'MD', 'code3': 'MID', 'name': 'Midfielder'}","{'name': 'Armenia', 'id': 51, 'alpha3code': 'ARM', 'alpha2code': 'AM'}",105338,right,H. Mkhitaryan,14947,Henrikh Mkhitaryan,Henrikh Mkhitaryan,Henrikh Mkhitaryan,am ARM,"FW,MF",Arsenal,28,1989,8.8,358.0,485.0,73.8,5057.0,1238.0,222.0,266.0,83.5,109.0,134.0,81.3,14.0,44.0,31.8,4,2.8,2.3,1.2,16.0,31.0,14.0,2.0,55.0,18.0,23.8,9.0,7.0,2.0,5.0,21.0,16.0,16.0,2.0,14.0,8.0,26.0,7.0,0.0,Matches,485.0,460.0,24.0,3.0,7.0,2.0,32.0,3.0,18.0,12.0,3.0,0.0,358.0,1.0,16.0,0,0,0.0,12,17.0,2.0,32.0,8.0,13.0,1.0,1.0,0.0,47.0,9.0,14.0,39.1,England
"{'name': 'Armenia', 'id': 51, 'alpha3code': 'ARM', 'alpha2code': 'AM'}",75,Henrikh,,Mkhitaryan,1609,1989-01-21,177,"{'code2': 'MD', 'code3': 'MID', 'name': 'Midfielder'}","{'name': 'Armenia', 'id': 51, 'alpha3code': 'ARM', 'alpha2code': 'AM'}",105338,right,H. Mkhitaryan,14947,Henrikh Mkhitaryan,Henrikh Mkhitaryan,Henrikh Mkhitaryan,am ARM,"MF,FW",Manchester Utd,28,1989,10.2,453.0,589.0,76.9,6294.0,1637.0,242.0,276.0,87.7,140.0,175.0,80.0,26.0,62.0,41.9,5,3.0,2.1,2.0,28.0,39.0,18.0,2.0,61.0,15.0,20.0,4.0,7.0,4.0,5.0,25.0,20.0,8.0,0.0,8.0,7.0,22.0,3.0,0.0,Matches,589.0,543.0,44.0,9.0,8.0,6.0,52.0,4.0,29.0,13.0,5.0,0.0,453.0,2.0,21.0,2,0,0.0,11,12.0,2.0,52.0,7.0,11.0,0.0,0.0,0.0,57.0,8.0,8.0,50.0,England
"{'name': 'France', 'id': 250, 'alpha3code': 'FRA', 'alpha2code': 'FR'}",69,J\u00e9r\u00e9my,,Pied,3776,1989-02-23,173,"{'code2': 'DF', 'code3': 'DEF', 'name': 'Defender'}","{'name': 'France', 'id': 250, 'alpha3code': 'FRA', 'alpha2code': 'FR'}",25415,right,J. Pied,null,Jérémy Pied,Jérémy Pied,Jérémy Pied,fr FRA,DF,Southampton,28,1989,2.0,93.0,123.0,75.6,1433.0,643.0,46.0,54.0,85.2,36.0,43.0,83.7,7.0,17.0,41.2,1,0.2,0.4,0.8,2.0,12.0,5.0,1.0,13.0,9.0,66.7,8.0,1.0,0.0,6.0,9.0,3.0,3.0,2.0,1.0,8.0,17.0,4.0,0.0,Matches,123.0,103.0,20.0,0.0,0.0,0.0,7.0,20.0,0.0,0.0,0.0,0.0,93.0,0.0,7.0,0,0,0.0,1,2.0,0.0,7.0,8.0,6.0,0.0,0.0,0.0,15.0,1.0,0.0,100.0,England
"{'name': 'Jamaica', 'id': 388, 'alpha3code': 'JAM', 'alpha2code': 'JM'}",71,Jason,,Puncheon,1628,1986-06-26,173,"{'code2': 'MD', 'code3': 'MID', 'name': 'Midfielder'}","{'name': 'England', 'id': 0, 'alpha3code': 'XEN', 'alpha2code': ''}",8142,left,J. Puncheon,null,Jason Puncheon,Jason Puncheon,Jason Puncheon,eng ENG,MF,Crystal Palace,31,1986,6.3,207.0,261.0,79.3,3199.0,955.0,114.0,129.0,88.4,68.0,79.0,86.1,14.0,35.0,40.0,0,0.5,0.4,-0.5,5.0,18.0,8.0,1.0,31.0,13.0,20.0,3.0,7.0,3.0,1.0,5.0,4.0,3.0,0.0,3.0,5.0,18.0,4.0,0.0,Matches,261.0,234.0,26.0,6.0,0.0,1.0,20.0,2.0,15.0,2.0,2.0,10.0,207.0,1.0,2.0,5,0,0.0,14,3.0,0.0,20.0,5.0,4.0,0.0,0.0,0.0,27.0,4.0,8.0,33.3,England
"{'name': 'Wales', 'id': 0, 'alpha3code': 'XWA', 'alpha2code': ''}",83,Hal,,Robson-Kanu,1627,1989-05-21,183,"{'code2': 'FW', 'code3': 'FWD', 'name': 'Forward'}","{'name': 'England', 'id': 0, 'alpha3code': 'XEN', 'alpha2code': ''}",8686,left,H. Robson-Kanu,null,Hal Robson-Kanu,Hal Robson-Kanu,Hal Robson-Kanu,wls WAL,"FW,MF",West Brom,28,1989,9.2,127.0,208.0,61.1,1671.0,458.0,76.0,104.0,73.1,33.0,52.0,63.5,7.0,21.0,33.3,0,0.4,0.5,-0.4,8.0,15.0,5.0,2.0,24.0,5.0,0.0,1.0,2.0,2.0,0.0,13.0,13.0,9.0,3.0,6.0,4.0,9.0,9.0,0.0,Matches,208.0,198.0,8.0,0.0,1.0,0.0,19.0,3.0,0.0,0.0,0.0,0.0,127.0,2.0,15.0,2,1,0.0,20,25.0,6.0,19.0,4.0,4.0,0.0,0.0,0.0,35.0,24.0,43.0,35.8,England
"{'name': 'Scotland', 'id': 0, 'alpha3code': 'XSC', 'alpha2code': ''}",64,James,,McArthur,1628,1987-10-07,178,"{'code2': 'MD', 'code3': 'MID', 'name': 'Midfielder'}","{'name': 'Scotland', 'id': 0, 'alpha3code': 'XSC', 'alpha2code': ''}",8623,right,J. McArthur,null,James McArthur,James McArthur,James McArthur,sct SCO,MF,Crystal Palace,29,1987,27.0,854.0,1093.0,78.1,13032.0,3373.0,445.0,523.0,85.1,323.0,391.0,82.6,48.0,98.0,49.0,1,2.2,1.6,-1.2,21.0,90.0,13.0,1.0,107.0,58.0,37.7,28.0,27.0,3.0,23.0,61.0,38.0,39.0,2.0,37.0,36.0,94.0,44.0,2.0,Matches,1093.0,1067.0,21.0,6.0,3.0,8.0,11.0,7.0,0.0,0.0,0.0,0.0,854.0,5.0,22.0,5,0,0.0,45,28.0,0.0,11.0,36.0,44.0,0.0,0.0,0.0,177.0,38.0,50.0,43.2,England
"{'name': 'Ireland Republic', 'id': 372, 'alpha3code': 'IRL', 'alpha2code': 'IE'}",72,James,,McCarthy,1623,1990-11-12,180,"{'code2': 'MD', 'code3': 'MID', 'name': 'Midfielder'}","{'name': 'Scotland', 'id': 0, 'alpha3code': 'XSC', 'alpha2code': ''}",8624,right,J. McCarthy,null,James McCarthy,James McCarthy,James McCarthy,ie IRL,MF,Everton,26,1990,2.3,73.0,101.0,72.3,1160.0,247.0,37.0,49.0,75.5,29.0,34.0,85.3,4.0,12.0,33.3,0,0.0,0.0,0.0,1.0,7.0,1.0,0.0,12.0,9.0,20.0,3.0,4.0,2.0,1.0,5.0,4.0,9.0,2.0,7.0,5.0,14.0,3.0,1.0,Matches,101.0,98.0,2.0,1.0,0.0,0.0,2.0,1.0,0.0,0.0,0.0,0.0,73.0,1.0,3.0,0,0,0.0,3,2.0,0.0,2.0,5.0,9.0,0.0,0.0,0.0,20.0,4.0,4.0,50.0,England
"{'name': 'Jamaica', 'id': 388, 'alpha3code': 'JAM', 'alpha2code': 'JM'}",101,Wes,,Morgan,1631,1984-01-21,186,"{'code2': 'DF', 'code3': 'DEF', 'name': 'Defender'}","{'name': 'England', 'id': 0, 'alpha3code': 'XEN', 'alpha2code': ''}",8488,right,W. Morgan,null,Wes Morgan,Wes Morgan,Wes Morgan,jm JAM,DF,Leicester City,33,1984,31.3,741.0,918.0,80.7,13008.0,5208.0,317.0,369.0,85.9,331.0,401.0,82.5,67.0,110.0,60.9,0,0.4,0.2,-0.4,5.0,29.0,3.0,0.0,50.0,35.0,66.7,26.0,8.0,1.0,12.0,18.0,6.0,41.0,27.0,14.0,31.0,66.0,146.0,1.0,Matches,918.0,901.0,13.0,12.0,0.0,2.0,0.0,1.0,0.0,0.0,0.0,0.0,741.0,4.0,4.0,4,0,0.0,31,12.0,1.0,0.0,31.0,25.0,0.0,0.0,0.0,99.0,91.0,57.0,61.5,England
"{'name': 'England', 'id': 0, 'alpha3code': 'XEN', 'alpha2code': ''}",78,Ben,,Hamer,1673,1987-11-20,193,"{'code2': 'GK', 'code3': 'GKP', 'name': 'Goalkeeper'}","{'name': 'England', 'id': 0, 'alpha3code': 'XEN', 'alpha2code': ''}",8066,right,B. Hamer,null,Ben Hamer,Ben Hamer,Ben Hamer,eng ENG,GK,Leicester City,29,1987,3.1,55.0,86.0,64.0,1849.0,1564.0,4.0,4.0,100.0,26.0,26.0,100.0,24.0,55.0,43.6,0,0.0,0.0,0.0,0.0,4.0,0.0,0.0,0.0,0.0,0.0,0.0,0.0,0.0,0.0,1.0,1.0,0.0,0.0,0.0,0.0,0.0,3.0,1.0,Matches,86.0,60.0,26.0,6.0,0.0,0.0,0.0,0.0,0.0,0.0,0.0,0.0,55.0,0.0,0.0,0,0,0.0,0,0.0,0.0,0.0,0.0,0.0,0.0,0.0,0.0,5.0,2.0,0.0,100.0,England
"{'name': 'England', 'id': 0, 'alpha3code': 'XEN', 'alpha2code': ''}",72,Marc,,Pugh,1659,1987-04-02,180,"{'code2': 'MD', 'code3': 'MID', 'name': 'Midfielder'}","{'name': 'England', 'id': 0, 'alpha3code': 'XEN', 'alpha2code': ''}",9293,right,M. Pugh,null,Marc Pugh,Marc Pugh,Marc Pugh,eng ENG,"MF,FW",Bournemouth,30,1987,10.9,388.0,512.0,75.8,5977.0,1689.0,211.0,248.0,85.1,136.0,182.0,74.7,26.0,58.0,44.8,0,0.5,1.1,-0.5,10.0,28.0,15.0,2.0,52.0,7.0,20.0,2.0,4.0,1.0,2.0,10.0,8.0,6.0,1.0,5.0,13.0,20.0,13.0,2.0,Matches,512.0,495.0,15.0,1.0,3.0,5.0,32.0,9.0,5.0,1.0,0.0,0.0,388.0,2.0,12.0,2,0,0.0,7,9.0,2.0,32.0,13.0,3.0,0.0,0.0,0.0,48.0,7.0,15.0,31.8,England
"{'name': 'Scotland', 'id': 0, 'alpha3code': 'XSC', 'alpha2code': ''}",75,Matt,,Phillips,1627,1991-03-13,185,"{'code2': 'MD', 'code3': 'MID', 'name': 'Midfielder'}","{'name': 'England', 'id': 0, 'alpha3code': 'XEN', 'alpha2code': ''}",9414,right,M. Phillips,8664,Matt Phillips,Matt Phillips,Matt Phillips,sct SCO,"MF,DF",West Brom,26,1991,23.3,434.0,704.0,61.6,7299.0,2673.0,245.0,302.0,81.1,127.0,198.0,64.1,50.0,134.0,37.3,2,4.1,4.0,-2.1,33.0,21.0,19.0,14.0,31.0,27.0,34.5,17.0,5.0,5.0,10.0,29.0,19.0,21.0,1.0,20.0,24.0,51.0,43.0,0.0,Matches,704.0,601.0,97.0,17.0,0.0,2.0,164.0,37.0,43.0,34.0,5.0,2.0,434.0,6.0,38.0,3,0,0.0,14,13.0,11.0,164.0,24.0,16.0,0.0,0.0,0.0,114.0,35.0,36.0,49.3,England
"{'name': 'England', 'id': 0, 'alpha3code': 'XEN', 'alpha2code': ''}",84,Glenn,,Murray,1651,1983-09-25,185,"{'code2': 'FW', 'code3': 'FWD', 'name': 'Forward'}","{'name': 'England', 'id': 0, 'alpha3code': 'XEN', 'alpha2code': ''}",8416,right,G. Murray,null,Glenn Murray,Glenn Murray,Glenn Murray,eng ENG,FW,Brighton,33,1983,24.4,366.0,678.0,54.0,4451.0,813.0,212.0,364.0,58.2,105.0,181.0,58.0,7.0,26.0,26.9,0,1.6,1.2,-1.6,17.0,23.0,6.0,0.0,38.0,18.0,11.1,4.0,11.0,3.0,2.0,18.0,16.0,16.0,4.0,12.0,5.0,23.0,27.0,0.0,Matches,678.0,656.0,17.0,1.0,4.0,0.0,9.0,0.0,0.0,0.0,0.0,0.0,366.0,5.0,28.0,9,0,0.0,60,50.0,35.0,9.0,5.0,12.0,3.0,0.0,0.0,69.0,115.0,143.0,44.6,England
"{'name': 'England', 'id': 0, 'alpha3code': 'XEN', 'alpha2code': ''}",76,Jake,,Livermore,1627,1989-11-14,181,"{'code2': 'MD', 'code3': 'MID', 'name': 'Midfielder'}","{'name': 'England', 'id': 0, 'alpha3code': 'XEN', 'alpha2code': ''}",8285,right,J. Livermore,null,Jake Livermore,Jake Livermore,Jake Livermore,eng ENG,MF,West Brom,27,1989,29.7,878.0,1133.0,77.5,15708.0,4533.0,374.0,443.0,84.4,372.0,449.0,82.9,106.0,169.0,62.7,2,1.9,1.8,0.1,20.0,108.0,8.0,3.0,133.0,72.0,37.5,27.0,35.0,10.0,24.0,64.0,40.0,44.0,9.0,35.0,26.0,98.0,36.0,2.0,Matches,1133.0,1106.0,21.0,5.0,8.0,16.0,16.0,8.0,1.0,1.0,0.0,0.0,878.0,6.0,22.0,5,0,0.0,42,14.0,1.0,16.0,26.0,41.0,0.0,0.0,0.0,173.0,23.0,37.0,38.3,England
"{'name': 'England', 'id': 0, 'alpha3code': 'XEN', 'alpha2code': ''}",67,Sam,,Baldock,1637,1989-03-15,170,"{'code2': 'FW', 'code3': 'FWD', 'name': 'Forward'}","{'name': 'England', 'id': 0, 'alpha3code': 'XEN', 'alpha2code': ''}",8566,right,S. Baldock,null,Sam Baldock,Sam Baldock,Sam Baldock,eng ENG,FW,Brighton,28,1989,0.4,4.0,7.0,57.1,41.0,7.0,3.0,5.0,60.0,1.0,2.0,50.0,0.0,0.0,,0,0.0,0.0,0.0,0.0,0.0,0.0,0.0,0.0,0.0,,0.0,0.0,0.0,0.0,0.0,0.0,0.0,0.0,0.0,0.0,0.0,0.0,0.0,Matches,7.0,6.0,1.0,1.0,0.0,0.0,0.0,0.0,0.0,0.0,0.0,0.0,4.0,0.0,1.0,0,0,0.0,0,0.0,0.0,0.0,0.0,0.0,0.0,0.0,0.0,1.0,0.0,0.0,,England
"{'name': 'England', 'id': 0, 'alpha3code': 'XEN', 'alpha2code': ''}",71,Dale,,Stephens,1651,1989-12-12,185,"{'code2': 'MD', 'code3': 'MID', 'name': 'Midfielder'}","{'name': 'England', 'id': 0, 'alpha3code': 'XEN', 'alpha2code': ''}",8086,right,D. Stephens,null,Dale Stephens,Dale Stephens,Dale Stephens,eng ENG,MF,Brighton,28,1989,36.0,1472.0,1763.0,83.5,29027.0,8748.0,517.0,594.0,87.0,685.0,785.0,87.3,232.0,314.0,73.9,3,2.3,1.5,0.7,17.0,164.0,13.0,0.0,191.0,104.0,28.1,63.0,39.0,2.0,32.0,114.0,82.0,53.0,16.0,37.0,63.0,167.0,69.0,1.0,Matches,1763.0,1726.0,31.0,9.0,3.0,27.0,0.0,0.0,0.0,0.0,0.0,0.0,1472.0,6.0,13.0,6,0,0.0,50,17.0,0.0,0.0,63.0,62.0,0.0,1.0,0.0,293.0,28.0,30.0,48.3,England
"{'name': 'England', 'id': 0, 'alpha3code': 'XEN', 'alpha2code': ''}",90,Simon,,Francis,1659,1985-02-16,191,"{'code2': 'DF', 'code3': 'DEF', 'name': 'Defender'}","{'name': 'England', 'id': 0, 'alpha3code': 'XEN', 'alpha2code': ''}",9279,right,S. Francis,null,Simon Francis,Simon Francis,Simon Francis,eng ENG,DF,Bournemouth,32,1985,30.1,1347.0,1864.0,72.3,26343.0,11347.0,512.0,612.0,83.7,632.0,807.0,78.3,184.0,383.0,48.0,1,1.5,2.4,-0.5,27.0,109.0,25.0,18.0,119.0,49.0,55.8,26.0,16.0,7.0,24.0,43.0,19.0,29.0,18.0,11.0,49.0,98.0,194.0,4.0,Matches,1864.0,1617.0,243.0,65.0,1.0,28.0,78.0,176.0,2.0,0.0,1.0,0.0,1347.0,4.0,36.0,10,1,1.0,24,15.0,1.0,78.0,49.0,34.0,0.0,0.0,0.0,159.0,142.0,73.0,66.0,England
"{'name': 'England', 'id': 0, 'alpha3code': 'XEN', 'alpha2code': ''}",66,Aaron,,Cresswell,1633,1989-12-15,170,"{'code2': 'DF', 'code3': 'DEF', 'name': 'Defender'}","{'name': 'England', 'id': 0, 'alpha3code': 'XEN', 'alpha2code': ''}",8582,left,A. Cresswell,null,Aaron Cresswell,Aaron Cresswell,Aaron Cresswell,eng ENG,DF,West Ham,27,1989,34.1,1204.0,1723.0,69.9,22518.0,9345.0,531.0,593.0,89.5,488.0,642.0,76.0,163.0,408.0,40.0,3,3.2,2.4,-0.2,34.0,135.0,21.0,10.0,128.0,34.0,63.3,12.0,20.0,2.0,19.0,30.0,11.0,42.0,17.0,25.0,44.0,78.0,117.0,1.0,Matches,1723.0,1346.0,361.0,82.0,3.0,23.0,196.0,212.0,67.0,43.0,14.0,2.0,1204.0,16.0,51.0,7,0,0.0,20,15.0,3.0,196.0,44.0,21.0,0.0,0.0,0.0,149.0,57.0,47.0,54.8,England
"{'name': 'Jamaica', 'id': 388, 'alpha3code': 'JAM', 'alpha2code': 'JM'}",90,Troy,,Deeney,1644,1988-06-29,183,"{'code2': 'FW', 'code3': 'FWD', 'name': 'Forward'}","{'name': 'England', 'id': 0, 'alpha3code': 'XEN', 'alpha2code': ''}",8903,right,T. Deeney,null,Troy Deeney,Troy Deeney,Troy Deeney,eng ENG,FW,Watford,29,1988,20.5,309.0,552.0,56.0,4094.0,1303.0,207.0,330.0,62.7,69.0,127.0,54.3,15.0,29.0,51.7,2,2.8,2.0,-0.8,26.0,46.0,21.0,1.0,71.0,15.0,27.3,3.0,8.0,4.0,3.0,11.0,8.0,14.0,1.0,13.0,5.0,20.0,20.0,0.0,Matches,552.0,543.0,7.0,1.0,1.0,2.0,7.0,1.0,0.0,0.0,0.0,0.0,309.0,2.0,20.0,1,1,0.0,24,17.0,16.0,7.0,5.0,11.0,0.0,0.0,0.0,52.0,132.0,182.0,42.0,England
"{'name': 'England', 'id': 0, 'alpha3code': 'XEN', 'alpha2code': ''}",83,Jonjo,,Shelvey,1613,1992-02-27,184,"{'code2': 'MD', 'code3': 'MID', 'name': 'Midfielder'}","{'name': 'England', 'id': 0, 'alpha3code': 'XEN', 'alpha2code': ''}",7967,right,J. Shelvey,null,Jonjo Shelvey,Jonjo Shelvey,Jonjo Shelvey,eng ENG,MF,Newcastle Utd,25,1992,25.2,1031.0,1480.0,69.7,21940.0,8867.0,378.0,436.0,86.7,421.0,541.0,77.8,213.0,442.0,48.2,3,2.5,3.7,0.5,40.0,159.0,32.0,8.0,183.0,39.0,30.8,17.0,21.0,1.0,8.0,26.0,18.0,26.0,5.0,21.0,28.0,67.0,33.0,0.0,Matches,1480.0,1302.0,165.0,107.0,21.0,23.0,79.0,6.0,45.0,24.0,13.0,1.0,1031.0,13.0,21.0,4,3,1.0,23,8.0,0.0,79.0,28.0,24.0,0.0,0.0,0.0,199.0,20.0,13.0,60.6,England
"{'name': 'Kenya', 'id': 404, 'alpha3code': 'KEN', 'alpha2code': 'KE'}",87,Victor,,Wanyama,1624,1991-06-25,184,"{'code2': 'MD', 'code3': 'MID', 'name': 'Midfielder'}","{'name': 'Kenya', 'id': 404, 'alpha3code': 'KEN', 'alpha2code': 'KE'}",61967,right,V. Wanyama,18402,Victor Wanyama,Victor Wanyama,Victor Wanyama,ke KEN,MF,Tottenham,26,1991,9.4,540.0,623.0,86.7,9771.0,2741.0,243.0,266.0,91.4,227.0,256.0,88.7,65.0,84.0,77.4,0,0.2,0.4,-0.2,5.0,64.0,0.0,0.0,65.0,30.0,45.2,13.0,16.0,1.0,14.0,31.0,17.0,13.0,3.0,10.0,10.0,40.0,20.0,1.0,Matches,623.0,610.0,11.0,8.0,1.0,5.0,2.0,2.0,0.0,0.0,0.0,0.0,540.0,2.0,7.0,2,0,0.0,13,9.0,0.0,2.0,10.0,20.0,0.0,0.0,0.0,78.0,17.0,15.0,53.1,England
"{'name': 'England', 'id': 0, 'alpha3code': 'XEN', 'alpha2code': ''}",86,Matty,,James,1631,1991-07-22,181,"{'code2': 'MD', 'code3': 'MID', 'name': 'Midfielder'}","{'name': 'England', 'id': 0, 'alpha3code': 'XEN', 'alpha2code': ''}",192748,right,M. James,null,Matty James,Matty James,Matty James,eng ENG,MF,Leicester City,26,1991,11.0,363.0,448.0,81.0,5314.0,1297.0,188.0,218.0,86.2,134.0,160.0,83.8,17.0,32.0,53.1,0,0.1,0.3,-0.1,2.0,27.0,2.0,0.0,28.0,19.0,20.0,7.0,11.0,1.0,2.0,10.0,8.0,14.0,2.0,12.0,17.0,36.0,25.0,0.0,Matches,448.0,437.0,11.0,1.0,1.0,4.0,2.0,0.0,0.0,0.0,0.0,0.0,363.0,0.0,5.0,2,0,0.0,21,5.0,0.0,2.0,17.0,10.0,0.0,0.0,0.0,56.0,20.0,15.0,57.1,England
"{'name': 'Germany', 'id': 276, 'alpha3code': 'DEU', 'alpha2code': 'DE'}",63,Chris,,L\u00f6we,1673,1989-04-16,173,"{'code2': 'DF', 'code3': 'DEF', 'name': 'Defender'}","{'name': 'Germany', 'id': 276, 'alpha3code': 'DEU', 'alpha2code': 'DE'}",14796,left,C. L\u00f6we,null,Chris Löwe,Chris Löwe,Chris Löwe,de GER,DF,Huddersfield,28,1989,17.6,601.0,868.0,69.2,10650.0,4207.0,274.0,316.0,86.7,249.0,341.0,73.0,67.0,161.0,41.6,0,0.4,0.5,-0.4,5.0,46.0,8.0,5.0,55.0,43.0,45.5,26.0,15.0,2.0,20.0,44.0,24.0,21.0,8.0,13.0,34.0,77.0,65.0,3.0,Matches,868.0,661.0,202.0,16.0,0.0,4.0,73.0,171.0,15.0,14.0,1.0,0.0,601.0,5.0,30.0,1,0,0.0,13,8.0,0.0,73.0,34.0,29.0,0.0,1.0,0.0,74.0,12.0,12.0,50.0,England
"{'name': 'Poland', 'id': 616, 'alpha3code': 'POL', 'alpha2code': 'PL'}",80,Tomer,,Hemed,1650,1987-05-02,186,"{'code2': 'FW', 'code3': 'FWD', 'name': 'Forward'}","{'name': 'Israel', 'id': 376, 'alpha3code': 'ISR', 'alpha2code': 'IL'}",3657,right,T. Hemed,13382,Tomer Hemed,Tomer Hemed,Tomer Hemed,il ISR,FW,Brighton,30,1987,9.4,146.0,237.0,61.6,1717.0,278.0,96.0,136.0,70.6,35.0,65.0,53.8,2.0,4.0,50.0,2,0.1,0.1,1.9,3.0,8.0,1.0,0.0,13.0,7.0,20.0,3.0,4.0,0.0,2.0,10.0,8.0,10.0,1.0,9.0,2.0,9.0,12.0,0.0,Matches,237.0,227.0,8.0,0.0,0.0,0.0,1.0,0.0,0.0,0.0,0.0,0.0,146.0,2.0,5.0,0,0,0.0,10,13.0,7.0,1.0,2.0,5.0,0.0,0.0,0.0,22.0,66.0,85.0,43.7,England
"{'name': 'Senegal', 'id': 686, 'alpha3code': 'SEN', 'alpha2code': 'SN'}",80,Mohamed,,Diam\u00e9,1613,1987-06-14,185,"{'code2': 'MD', 'code3': 'MID', 'name': 'Midfielder'}","{'name': 'France', 'id': 250, 'alpha3code': 'FRA', 'alpha2code': 'FR'}",8620,right,M. Diam\u00e9,null,Mohamed Diamé,Mohamed Diamé,Mohamed Diamé,sn SEN,MF,Newcastle Utd,30,1987,22.7,666.0,825.0,80.7,10938.0,3060.0,333.0,388.0,85.8,237.0,282.0,84.0,60.0,91.0,65.9,0,0.7,0.5,-0.7,13.0,64.0,7.0,1.0,81.0,89.0,25.8,33.0,48.0,8.0,16.0,62.0,46.0,44.0,7.0,37.0,48.0,137.0,30.0,2.0,Matches,825.0,819.0,4.0,3.0,2.0,14.0,6.0,1.0,0.0,0.0,0.0,0.0,666.0,2.0,14.0,3,0,0.0,44,16.0,0.0,6.0,48.0,64.0,0.0,0.0,0.0,141.0,57.0,55.0,50.9,England
"{'name': 'Netherlands', 'id': 528, 'alpha3code': 'NLD', 'alpha2code': 'NL'}",80,Daryl,,Janmaat,1644,1989-07-22,185,"{'code2': 'DF', 'code3': 'DEF', 'name': 'Defender'}","{'name': 'Netherlands', 'id': 528, 'alpha3code': 'NLD', 'alpha2code': 'NL'}",160,right,D. Janmaat,null,Daryl Janmaat,Daryl Janmaat,Daryl Janmaat,nl NED,DF,Watford,28,1989,20.2,750.0,1041.0,72.0,12214.0,5462.0,416.0,470.0,88.5,237.0,355.0,66.8,79.0,173.0,45.7,0,1.0,1.3,-1.0,12.0,83.0,29.0,15.0,107.0,46.0,42.3,29.0,10.0,7.0,22.0,52.0,30.0,16.0,5.0,11.0,33.0,79.0,61.0,0.0,Matches,1041.0,834.0,202.0,2.0,0.0,7.0,68.0,200.0,0.0,0.0,0.0,0.0,750.0,5.0,17.0,3,0,0.0,14,4.0,1.0,68.0,33.0,31.0,0.0,0.0,0.0,114.0,26.0,17.0,60.5,England
"{'name': 'England', 'id': 0, 'alpha3code': 'XEN', 'alpha2code': ''}",75,Charlie,,Daniels,1659,1986-09-07,178,"{'code2': 'DF', 'code3': 'DEF', 'name': 'Defender'}","{'name': 'England', 'id': 0, 'alpha3code': 'XEN', 'alpha2code': ''}",9285,left,C. Daniels,null,Charlie Daniels,Charlie Daniels,Charlie Daniels,eng ENG,"DF,MF",Bournemouth,30,1986,33.4,1510.0,2024.0,74.6,25113.0,9646.0,778.0,915.0,85.0,604.0,780.0,77.4,109.0,253.0,43.1,3,2.2,1.7,0.8,30.0,124.0,30.0,7.0,155.0,48.0,53.7,32.0,12.0,4.0,22.0,41.0,19.0,34.0,7.0,27.0,31.0,79.0,114.0,0.0,Matches,2024.0,1603.0,409.0,57.0,2.0,9.0,106.0,338.0,14.0,5.0,2.0,0.0,1510.0,12.0,59.0,0,0,0.0,7,18.0,0.0,106.0,31.0,34.0,0.0,1.0,0.0,214.0,43.0,44.0,49.4,England
"{'name': 'Israel', 'id': 376, 'alpha3code': 'ISR', 'alpha2code': 'IL'}",74,Beram,,Kayal,1651,1988-05-02,178,"{'code2': 'MD', 'code3': 'MID', 'name': 'Midfielder'}","{'name': 'Israel', 'id': 376, 'alpha3code': 'ISR', 'alpha2code': 'IL'}",61961,right,B. Kayal,13382,Beram Kayal,Beram Kayal,Beram Kayal,il ISR,MF,Brighton,29,1988,8.3,182.0,235.0,77.4,2904.0,800.0,89.0,103.0,86.4,72.0,88.0,81.8,13.0,26.0,50.0,0,0.5,0.6,-0.5,11.0,16.0,4.0,2.0,27.0,18.0,23.1,10.0,7.0,1.0,6.0,26.0,20.0,11.0,4.0,7.0,12.0,30.0,9.0,0.0,Matches,235.0,224.0,9.0,0.0,0.0,2.0,5.0,1.0,0.0,0.0,0.0,0.0,182.0,2.0,5.0,2,0,0.0,15,15.0,1.0,5.0,12.0,11.0,0.0,0.0,0.0,54.0,8.0,8.0,50.0,England
"{'name': 'England', 'id': 0, 'alpha3code': 'XEN', 'alpha2code': ''}",68,Jack,,Wilshere,1633,1992-01-01,172,"{'code2': 'MD', 'code3': 'MID', 'name': 'Midfielder'}","{'name': 'England', 'id': 0, 'alpha3code': 'XEN', 'alpha2code': ''}",7873,left,J. Wilshere,null,Jack Wilshere,Jack Wilshere,Jack Wilshere,eng ENG,MF,Arsenal,25,1992,13.3,701.0,819.0,85.6,10179.0,2912.0,388.0,427.0,90.9,230.0,261.0,88.1,43.0,69.0,62.3,3,2.6,2.3,0.4,15.0,64.0,16.0,1.0,108.0,15.0,20.0,3.0,7.0,5.0,4.0,20.0,16.0,10.0,2.0,8.0,8.0,23.0,5.0,0.0,Matches,819.0,794.0,19.0,16.0,9.0,3.0,3.0,2.0,1.0,0.0,0.0,0.0,701.0,6.0,6.0,6,0,0.0,15,37.0,1.0,3.0,8.0,10.0,0.0,0.0,0.0,101.0,7.0,7.0,50.0,England
"{'name': 'England', 'id': 0, 'alpha3code': 'XEN', 'alpha2code': ''}",77,Martin,,Kelly,1628,1990-04-27,191,"{'code2': 'DF', 'code3': 'DEF', 'name': 'Defender'}","{'name': 'England', 'id': 0, 'alpha3code': 'XEN', 'alpha2code': ''}",7958,right,M. Kelly,null,Martin Kelly,Martin Kelly,Martin Kelly,eng ENG,DF,Crystal Palace,27,1990,13.3,284.0,394.0,72.1,5365.0,2459.0,124.0,142.0,87.3,121.0,151.0,80.1,35.0,87.0,40.2,0,0.1,0.2,-0.1,2.0,19.0,0.0,0.0,16.0,19.0,53.8,15.0,4.0,0.0,14.0,26.0,12.0,16.0,11.0,5.0,9.0,28.0,67.0,3.0,Matches,394.0,344.0,48.0,5.0,0.0,1.0,6.0,43.0,0.0,0.0,0.0,0.0,284.0,2.0,5.0,1,0,0.0,8,4.0,0.0,6.0,9.0,13.0,0.0,0.0,1.0,43.0,27.0,36.0,42.9,England
"{'name': 'Italy', 'id': 380, 'alpha3code': 'ITA', 'alpha2code': 'IT'}",83,Federico,,Fern\u00e1ndez,1613,1989-02-21,190,"{'code2': 'DF', 'code3': 'DEF', 'name': 'Defender'}","{'name': 'Argentina', 'id': 32, 'alpha3code': 'ARG', 'alpha2code': 'AR'}",21164,right,F. Fern\u00e1ndez,null,Federico Fernández,Federico Fernández,Federico Fernández,ar ARG,DF,Swansea City,28,1989,29.7,1001.0,1218.0,82.2,21296.0,9597.0,272.0,293.0,92.8,557.0,646.0,86.2,165.0,254.0,65.0,1,0.7,1.0,0.3,6.0,60.0,4.0,1.0,72.0,40.0,66.7,30.0,6.0,4.0,20.0,30.0,10.0,35.0,27.0,8.0,38.0,78.0,201.0,1.0,Matches,1218.0,1174.0,44.0,40.0,0.0,10.0,4.0,4.0,0.0,0.0,0.0,0.0,1001.0,0.0,8.0,5,0,0.0,29,21.0,2.0,4.0,38.0,29.0,0.0,2.0,1.0,129.0,72.0,60.0,54.5,England
"{'name': 'Scotland', 'id': 0, 'alpha3code': 'XSC', 'alpha2code': ''}",71,Matt,,Ritchie,1613,1989-09-10,173,"{'code2': 'MD', 'code3': 'MID', 'name': 'Midfielder'}","{'name': 'England', 'id': 0, 'alpha3code': 'XEN', 'alpha2code': ''}",9227,left,M. Ritchie,null,Matt Ritchie,Matt Ritchie,Matt Ritchie,sct SCO,"MF,FW",Newcastle Utd,27,1989,31.2,834.0,1279.0,65.2,13965.0,4500.0,418.0,488.0,85.7,267.0,399.0,66.9,108.0,280.0,38.6,5,6.0,4.7,-1.0,52.0,65.0,28.0,14.0,93.0,46.0,26.4,22.0,18.0,6.0,14.0,53.0,39.0,37.0,5.0,32.0,35.0,81.0,63.0,1.0,Matches,1279.0,1102.0,171.0,45.0,7.0,10.0,190.0,37.0,89.0,35.0,36.0,6.0,834.0,6.0,44.0,6,0,0.0,37,36.0,3.0,190.0,35.0,32.0,0.0,1.0,0.0,184.0,33.0,81.0,28.9,England
"{'name': 'England', 'id': 0, 'alpha3code': 'XEN', 'alpha2code': ''}",83,Joel,,Ward,1628,1989-10-29,188,"{'code2': 'DF', 'code3': 'DEF', 'name': 'Defender'}","{'name': 'England', 'id': 0, 'alpha3code': 'XEN', 'alpha2code': ''}",8221,right,J. Ward,null,Joel Ward,Joel Ward,Joel Ward,eng ENG,DF,Crystal Palace,27,1989,17.9,671.0,928.0,72.3,10593.0,4484.0,374.0,429.0,87.2,221.0,293.0,75.4,58.0,156.0,37.2,1,0.9,0.8,0.1,8.0,58.0,17.0,10.0,79.0,35.0,57.1,23.0,12.0,0.0,16.0,28.0,12.0,27.0,11.0,16.0,28.0,63.0,76.0,0.0,Matches,928.0,718.0,208.0,9.0,0.0,3.0,46.0,199.0,0.0,0.0,0.0,0.0,671.0,2.0,30.0,4,0,0.0,25,29.0,1.0,46.0,28.0,30.0,0.0,0.0,1.0,100.0,33.0,25.0,56.9,England
"{'name': 'Grenada', 'id': 308, 'alpha3code': 'GRD', 'alpha2code': 'GD'}",67,Nathaniel,,Clyne,1612,1991-04-05,175,"{'code2': 'DF', 'code3': 'DEF', 'name': 'Defender'}","{'name': 'England', 'id': 0, 'alpha3code': 'XEN', 'alpha2code': ''}",8392,right,N. Clyne,null,Nathaniel Clyne,Nathaniel Clyne,Nathaniel Clyne,eng ENG,"DF,FW",Liverpool,26,1991,1.9,108.0,141.0,76.6,1751.0,558.0,58.0,65.0,89.2,37.0,52.0,71.2,9.0,13.0,69.2,0,0.1,0.1,-0.1,1.0,7.0,2.0,1.0,5.0,3.0,0.0,2.0,1.0,0.0,0.0,1.0,1.0,2.0,1.0,1.0,0.0,3.0,3.0,0.0,Matches,141.0,111.0,30.0,0.0,0.0,0.0,7.0,30.0,0.0,0.0,0.0,0.0,108.0,0.0,5.0,1,0,0.0,4,0.0,0.0,7.0,0.0,1.0,0.0,0.0,0.0,10.0,3.0,3.0,50.0,England
"{'name': 'Suriname', 'id': 740, 'alpha3code': 'SUR', 'alpha2code': 'SR'}",75,Luciano,,Narsingh,10531,1990-09-13,175,"{'code2': 'MD', 'code3': 'MID', 'name': 'Midfielder'}","{'name': 'Netherlands', 'id': 528, 'alpha3code': 'NLD', 'alpha2code': 'NL'}",179,right,L. Narsingh,null,Luciano Narsingh,Luciano Narsingh,Luciano Narsingh,nl NED,"FW,MF",Swansea City,26,1990,6.9,163.0,219.0,74.4,2205.0,524.0,113.0,130.0,86.9,41.0,57.0,71.9,5.0,11.0,45.5,0,1.1,0.5,-1.1,11.0,12.0,9.0,4.0,15.0,7.0,28.6,1.0,5.0,1.0,2.0,7.0,5.0,7.0,0.0,7.0,3.0,10.0,3.0,0.0,Matches,219.0,216.0,3.0,1.0,0.0,1.0,23.0,2.0,0.0,0.0,0.0,0.0,163.0,0.0,10.0,0,0,0.0,3,11.0,4.0,23.0,3.0,5.0,0.0,0.0,0.0,32.0,2.0,15.0,11.8,England
"{'name': 'England', 'id': 0, 'alpha3code': 'XEN', 'alpha2code': ''}",67,Ashley,,Westwood,1646,1990-04-01,170,"{'code2': 'MD', 'code3': 'MID', 'name': 'Midfielder'}","{'name': 'England', 'id': 0, 'alpha3code': 'XEN', 'alpha2code': ''}",8925,right,A. Westwood,null,Ashley Westwood,Ashley Westwood,Ashley Westwood,eng ENG,MF,Burnley,27,1990,12.3,492.0,615.0,80.0,9936.0,2893.0,172.0,198.0,86.9,221.0,255.0,86.7,85.0,139.0,61.2,1,1.0,0.7,0.0,8.0,52.0,7.0,2.0,69.0,13.0,12.5,10.0,3.0,0.0,2.0,16.0,14.0,17.0,9.0,8.0,19.0,32.0,16.0,0.0,Matches,615.0,600.0,12.0,10.0,0.0,8.0,13.0,0.0,2.0,0.0,0.0,0.0,492.0,3.0,3.0,2,0,0.0,13,10.0,0.0,13.0,19.0,10.0,0.0,0.0,0.0,84.0,9.0,5.0,64.3,England
"{'name': 'Belgium', 'id': 56, 'alpha3code': 'BEL', 'alpha2code': 'BE'}",84,Eliaquim,,Mangala,1625,1991-02-13,188,"{'code2': 'DF', 'code3': 'DEF', 'name': 'Defender'}","{'name': 'France', 'id': 250, 'alpha3code': 'FRA', 'alpha2code': 'FR'}",70085,left,E. Mangala,null,Eliaquim Mangala,Eliaquim Mangala,Eliaquim Mangala,fr FRA,DF,Everton,26,1991,1.5,60.0,72.0,83.3,1299.0,433.0,11.0,14.0,78.6,43.0,47.0,91.5,6.0,9.0,66.7,0,0.0,0.0,0.0,0.0,4.0,0.0,0.0,7.0,2.0,,1.0,1.0,0.0,0.0,0.0,0.0,0.0,0.0,0.0,1.0,3.0,4.0,1.0,Matches,72.0,68.0,3.0,1.0,0.0,1.0,0.0,2.0,0.0,0.0,0.0,0.0,60.0,1.0,1.0,0,0,0.0,1,0.0,0.0,0.0,1.0,1.0,0.0,0.0,0.0,11.0,2.0,4.0,33.3,England
"{'name': 'Belgium', 'id': 56, 'alpha3code': 'BEL', 'alpha2code': 'BE'}",84,Eliaquim,,Mangala,1625,1991-02-13,188,"{'code2': 'DF', 'code3': 'DEF', 'name': 'Defender'}","{'name': 'France', 'id': 250, 'alpha3code': 'FRA', 'alpha2code': 'FR'}",70085,left,E. Mangala,null,Eliaquim Mangala,Eliaquim Mangala,Eliaquim Mangala,fr FRA,DF,Manchester City,26,1991,5.4,316.0,346.0,91.3,5253.0,1824.0,138.0,143.0,96.5,166.0,173.0,96.0,9.0,21.0,42.9,0,0.0,0.0,0.0,1.0,10.0,0.0,0.0,15.0,5.0,33.3,5.0,0.0,0.0,1.0,3.0,2.0,4.0,3.0,1.0,2.0,7.0,24.0,0.0,Matches,346.0,335.0,10.0,9.0,1.0,0.0,0.0,1.0,0.0,0.0,0.0,0.0,316.0,1.0,4.0,0,0,0.0,2,0.0,0.0,0.0,2.0,3.0,0.0,0.0,0.0,33.0,12.0,10.0,54.5,England
"{'name': 'Suriname', 'id': 740, 'alpha3code': 'SUR', 'alpha2code': 'SR'}",81,Marvin ,,Zeegelaar,1644,1990-08-12,186,"{'code2': 'DF', 'code3': 'DEF', 'name': 'Defender'}","{'name': 'Netherlands', 'id': 528, 'alpha3code': 'NLD', 'alpha2code': 'NL'}",189821,left,M. Zeegelaar,null,Marvin  Zeegelaar,Marvin Zeegelaar,Marvin Zeegelaar,nl NED,DF,Watford,26,1990,11.0,436.0,584.0,74.7,6677.0,3045.0,259.0,297.0,87.2,140.0,193.0,72.5,28.0,55.0,50.9,1,1.0,0.8,0.0,7.0,39.0,10.0,7.0,54.0,23.0,45.8,15.0,3.0,5.0,11.0,24.0,13.0,5.0,1.0,4.0,20.0,43.0,30.0,0.0,Matches,584.0,453.0,131.0,6.0,1.0,2.0,38.0,124.0,1.0,0.0,1.0,0.0,436.0,0.0,27.0,4,1,0.0,17,9.0,0.0,38.0,20.0,18.0,0.0,0.0,0.0,63.0,12.0,8.0,60.0,England
"{'name': 'St. Lucia', 'id': 662, 'alpha3code': 'LCA', 'alpha2code': 'LC'}",76,Junior,,Stanislas,1659,1989-11-26,183,"{'code2': 'MD', 'code3': 'MID', 'name': 'Midfielder'}","{'name': 'England', 'id': 0, 'alpha3code': 'XEN', 'alpha2code': ''}",8959,right,J. Stanislas,null,Junior Stanislas,Junior Stanislas,Junior Stanislas,eng ENG,"MF,FW",Bournemouth,27,1989,14.3,398.0,571.0,69.7,6282.0,2111.0,207.0,268.0,77.2,151.0,205.0,73.7,24.0,54.0,44.4,2,1.9,1.8,0.1,24.0,40.0,21.0,2.0,63.0,16.0,46.7,8.0,4.0,4.0,7.0,15.0,8.0,21.0,6.0,15.0,6.0,22.0,15.0,0.0,Matches,571.0,509.0,57.0,12.0,4.0,2.0,71.0,6.0,38.0,23.0,13.0,0.0,398.0,5.0,33.0,1,0,0.0,6,2.0,1.0,71.0,6.0,8.0,0.0,0.0,0.0,74.0,10.0,25.0,28.6,England
"{'name': 'Netherlands', 'id': 528, 'alpha3code': 'NLD', 'alpha2code': 'NL'}",72,Daley,,Blind,9,1990-03-09,180,"{'code2': 'DF', 'code3': 'DEF', 'name': 'Defender'}","{'name': 'Netherlands', 'id': 528, 'alpha3code': 'NLD', 'alpha2code': 'NL'}",38,left,D. Blind,664,Daley Blind,Daley Blind,Daley Blind,nl NED,"DF,MF",Manchester Utd,27,1990,4.0,220.0,274.0,80.3,3520.0,1332.0,120.0,132.0,90.9,74.0,92.0,80.4,22.0,43.0,51.2,0,0.2,0.6,-0.2,4.0,18.0,7.0,3.0,23.0,6.0,28.6,3.0,2.0,1.0,2.0,7.0,5.0,3.0,0.0,3.0,7.0,13.0,14.0,0.0,Matches,274.0,234.0,40.0,1.0,0.0,0.0,26.0,24.0,15.0,1.0,12.0,0.0,220.0,0.0,3.0,0,0,0.0,4,4.0,0.0,26.0,7.0,4.0,0.0,0.0,0.0,23.0,8.0,6.0,57.1,England
"{'name': 'England', 'id': 0, 'alpha3code': 'XEN', 'alpha2code': ''}",67,Tom,,Cleverley,1644,1989-08-12,175,"{'code2': 'MD', 'code3': 'MID', 'name': 'Midfielder'}","{'name': 'England', 'id': 0, 'alpha3code': 'XEN', 'alpha2code': ''}",7929,right,T. Cleverley,null,Tom Cleverley,Tom Cleverley,Tom Cleverley,eng ENG,MF,Watford,27,1989,21.1,964.0,1238.0,77.9,15750.0,4846.0,481.0,542.0,88.7,346.0,419.0,82.6,89.0,181.0,49.2,2,1.6,1.8,0.4,29.0,132.0,17.0,2.0,136.0,48.0,40.4,25.0,16.0,7.0,21.0,52.0,31.0,11.0,1.0,10.0,25.0,73.0,21.0,0.0,Matches,1238.0,1092.0,136.0,44.0,2.0,7.0,82.0,9.0,47.0,26.0,12.0,0.0,964.0,10.0,26.0,3,1,1.0,33,26.0,1.0,82.0,25.0,26.0,0.0,0.0,0.0,151.0,24.0,42.0,36.4,England
"{'name': 'Jamaica', 'id': 388, 'alpha3code': 'JAM', 'alpha2code': 'JM'}",82,Michail,,Antonio,1633,1990-03-28,180,"{'code2': 'FW', 'code3': 'FWD', 'name': 'Forward'}","{'name': 'England', 'id': 0, 'alpha3code': 'XEN', 'alpha2code': ''}",8677,right,M. Antonio,null,Michail Antonio,Michail Antonio,Michail Antonio,jm JAM,"FW,MF",West Ham,27,1990,15.0,296.0,494.0,59.9,5256.0,1567.0,151.0,210.0,71.9,90.0,147.0,61.2,42.0,91.0,46.2,1,1.0,0.9,0.0,14.0,20.0,15.0,11.0,29.0,15.0,28.6,7.0,6.0,2.0,4.0,14.0,10.0,14.0,0.0,14.0,13.0,28.0,16.0,0.0,Matches,494.0,437.0,49.0,3.0,3.0,8.0,55.0,46.0,0.0,0.0,0.0,0.0,296.0,8.0,25.0,1,0,0.0,17,30.0,7.0,55.0,13.0,9.0,1.0,0.0,0.0,71.0,43.0,53.0,44.8,England
"{'name': 'England', 'id': 0, 'alpha3code': 'XEN', 'alpha2code': ''}",74,Marc,,Albrighton,1631,1989-11-18,175,"{'code2': 'MD', 'code3': 'MID', 'name': 'Midfielder'}","{'name': 'England', 'id': 0, 'alpha3code': 'XEN', 'alpha2code': ''}",8013,right,M. Albrighton,null,Marc Albrighton,Marc Albrighton,Marc Albrighton,eng ENG,"MF,FW",Leicester City,27,1989,28.2,771.0,1298.0,59.4,14418.0,5905.0,365.0,436.0,83.7,259.0,408.0,63.5,122.0,337.0,36.2,7,5.7,4.7,1.3,46.0,98.0,36.0,19.0,114.0,52.0,30.8,16.0,29.0,7.0,16.0,52.0,36.0,32.0,4.0,28.0,27.0,79.0,34.0,0.0,Matches,1298.0,1124.0,162.0,28.0,11.0,20.0,217.0,64.0,65.0,50.0,9.0,0.0,771.0,12.0,64.0,5,1,0.0,20,26.0,2.0,217.0,27.0,33.0,0.0,1.0,0.0,172.0,11.0,15.0,42.3,England
"{'name': 'England', 'id': 0, 'alpha3code': 'XEN', 'alpha2code': ''}",77,Andros,,Townsend,1628,1991-07-16,181,"{'code2': 'MD', 'code3': 'MID', 'name': 'Midfielder'}","{'name': 'England', 'id': 0, 'alpha3code': 'XEN', 'alpha2code': ''}",8471,left,A. Townsend,null,Andros Townsend,Andros Townsend,Andros Townsend,eng ENG,"FW,MF",Crystal Palace,26,1991,34.7,870.0,1226.0,71.0,13034.0,3886.0,501.0,573.0,87.4,259.0,384.0,67.4,68.0,160.0,42.5,7,7.2,5.4,-0.2,65.0,64.0,48.0,14.0,104.0,60.0,32.0,35.0,12.0,13.0,24.0,75.0,51.0,49.0,1.0,48.0,35.0,95.0,28.0,0.0,Matches,1226.0,1088.0,134.0,39.0,3.0,5.0,176.0,23.0,49.0,23.0,5.0,16.0,870.0,4.0,49.0,3,0,0.0,10,46.0,6.0,176.0,35.0,34.0,2.0,0.0,0.0,182.0,3.0,13.0,18.8,England
"{'name': 'New Zealand', 'id': 554, 'alpha3code': 'NZL', 'alpha2code': 'NZ'}",95,Chris,,Wood,1646,1991-12-07,191,"{'code2': 'FW', 'code3': 'FWD', 'name': 'Forward'}","{'name': 'New Zealand', 'id': 554, 'alpha3code': 'NZL', 'alpha2code': 'NZ'}",9206,right,C. Wood,10522,Chris Wood,Chris Wood,Chris Wood,nz NZL,FW,Burnley,25,1991,18.0,250.0,424.0,59.0,3088.0,437.0,165.0,243.0,67.9,56.0,107.0,52.3,8.0,14.0,57.1,1,0.6,0.5,0.4,11.0,10.0,3.0,0.0,16.0,7.0,23.1,2.0,3.0,2.0,3.0,13.0,10.0,12.0,4.0,8.0,0.0,7.0,16.0,0.0,Matches,424.0,417.0,3.0,0.0,1.0,2.0,5.0,0.0,0.0,0.0,0.0,0.0,250.0,4.0,9.0,1,0,0.0,18,16.0,27.0,5.0,0.0,3.0,0.0,0.0,0.0,46.0,83.0,104.0,44.4,England
"{'name': 'England', 'id': 0, 'alpha3code': 'XEN', 'alpha2code': ''}",75,Scott,,Malone,1647,1991-03-25,189,"{'code2': 'DF', 'code3': 'DEF', 'name': 'Defender'}","{'name': 'England', 'id': 0, 'alpha3code': 'XEN', 'alpha2code': ''}",9280,left,S. Malone,null,Scott Malone,Scott Malone,Scott Malone,eng ENG,DF,Huddersfield,26,1991,12.4,492.0,708.0,69.5,8982.0,3413.0,209.0,257.0,81.3,211.0,284.0,74.3,60.0,120.0,50.0,1,0.5,0.5,0.5,10.0,32.0,10.0,3.0,51.0,39.0,70.8,27.0,10.0,2.0,17.0,24.0,7.0,12.0,2.0,10.0,26.0,65.0,43.0,2.0,Matches,708.0,530.0,171.0,9.0,0.0,5.0,46.0,162.0,0.0,0.0,0.0,0.0,492.0,7.0,34.0,3,0,0.0,19,9.0,0.0,46.0,26.0,29.0,0.0,1.0,0.0,89.0,13.0,13.0,50.0,England
"{'name': 'Germany', 'id': 276, 'alpha3code': 'DEU', 'alpha2code': 'DE'}",78,Pascal,,Gro\u00df,1651,1991-06-15,181,"{'code2': 'MD', 'code3': 'MID', 'name': 'Midfielder'}","{'name': 'Germany', 'id': 276, 'alpha3code': 'DEU', 'alpha2code': 'DE'}",15526,right,P. Gro\u00df,null,Pascal Groß,Pascal Groß,Pascal Groß,de GER,"FW,MF",Brighton,26,1991,32.5,1001.0,1470.0,68.1,16478.0,5349.0,516.0,607.0,85.0,258.0,378.0,68.3,142.0,307.0,46.3,8,8.3,6.1,-0.3,82.0,86.0,39.0,16.0,153.0,36.0,14.9,18.0,16.0,2.0,10.0,67.0,57.0,31.0,5.0,26.0,14.0,50.0,20.0,0.0,Matches,1470.0,1251.0,204.0,69.0,10.0,15.0,234.0,6.0,114.0,67.0,38.0,4.0,1001.0,15.0,48.0,2,0,0.0,33,20.0,9.0,234.0,14.0,24.0,0.0,0.0,0.0,137.0,12.0,56.0,17.6,England
"{'name': 'England', 'id': 0, 'alpha3code': 'XEN', 'alpha2code': ''}",81,Chris,,Smalling,1611,1989-11-22,193,"{'code2': 'DF', 'code3': 'DEF', 'name': 'Defender'}","{'name': 'England', 'id': 0, 'alpha3code': 'XEN', 'alpha2code': ''}",7922,right,C. Smalling,null,Chris Smalling,Chris Smalling,Chris Smalling,eng ENG,DF,Manchester Utd,27,1989,28.2,998.0,1140.0,87.5,19226.0,5423.0,280.0,309.0,90.6,598.0,647.0,92.4,94.0,135.0,69.6,0,0.2,0.3,-0.2,2.0,25.0,2.0,0.0,37.0,40.0,57.1,28.0,12.0,0.0,16.0,28.0,12.0,32.0,28.0,4.0,63.0,103.0,162.0,1.0,Matches,1140.0,1122.0,17.0,15.0,0.0,2.0,0.0,2.0,0.0,0.0,0.0,0.0,998.0,1.0,10.0,4,0,0.0,24,14.0,2.0,0.0,63.0,25.0,0.0,0.0,0.0,139.0,108.0,48.0,69.2,England
"{'name': 'Jamaica', 'id': 388, 'alpha3code': 'JAM', 'alpha2code': 'JM'}",78,Andre,,Gray,1644,1991-06-26,180,"{'code2': 'FW', 'code3': 'FWD', 'name': 'Forward'}","{'name': 'England', 'id': 0, 'alpha3code': 'XEN', 'alpha2code': ''}",10663,right,A. Gray,null,Andre Gray,Andre Gray,Andre Gray,jm JAM,FW,Watford,26,1991,16.6,217.0,310.0,70.0,2738.0,463.0,134.0,185.0,72.4,48.0,64.0,75.0,10.0,12.0,83.3,2,2.1,1.2,-0.1,18.0,17.0,6.0,1.0,17.0,2.0,0.0,0.0,1.0,1.0,0.0,3.0,3.0,11.0,0.0,11.0,4.0,6.0,3.0,0.0,Matches,310.0,297.0,11.0,0.0,2.0,2.0,9.0,0.0,0.0,0.0,0.0,0.0,217.0,2.0,12.0,1,0,0.0,11,5.0,12.0,9.0,4.0,1.0,1.0,0.0,0.0,31.0,17.0,51.0,25.0,England
"{'name': 'England', 'id': 0, 'alpha3code': 'XEN', 'alpha2code': ''}",78,Matthew,,Lowton,1646,1989-06-09,180,"{'code2': 'DF', 'code3': 'DEF', 'name': 'Defender'}","{'name': 'England', 'id': 0, 'alpha3code': 'XEN', 'alpha2code': ''}",8643,right,M. Lowton,null,Matthew Lowton,Matthew Lowton,Matthew Lowton,eng ENG,DF,Burnley,28,1989,25.5,779.0,1165.0,66.9,14940.0,5994.0,317.0,374.0,84.8,335.0,467.0,71.7,113.0,267.0,42.3,3,1.6,1.3,1.4,14.0,78.0,20.0,11.0,82.0,55.0,46.7,26.0,27.0,2.0,28.0,60.0,32.0,35.0,15.0,20.0,39.0,94.0,141.0,2.0,Matches,1165.0,883.0,274.0,11.0,1.0,12.0,71.0,263.0,0.0,0.0,0.0,0.0,779.0,8.0,27.0,1,0,0.0,19,18.0,1.0,71.0,39.0,34.0,0.0,0.0,0.0,111.0,31.0,29.0,51.7,England
"{'name': 'Netherlands', 'id': 528, 'alpha3code': 'NLD', 'alpha2code': 'NL'}",72,Davy,,Pr\u00f6pper,1651,1991-09-02,185,"{'code2': 'MD', 'code3': 'MID', 'name': 'Midfielder'}","{'name': 'Netherlands', 'id': 528, 'alpha3code': 'NLD', 'alpha2code': 'NL'}",466,right,D. Pr\u00f6pper,null,Davy Pröpper,Davy Pröpper,Davy Pröpper,nl NED,MF,Brighton,25,1991,34.7,1088.0,1405.0,77.4,20957.0,6052.0,410.0,498.0,82.3,488.0,582.0,83.8,157.0,234.0,67.1,4,1.4,1.3,2.6,19.0,134.0,17.0,3.0,188.0,73.0,21.7,35.0,35.0,3.0,18.0,83.0,65.0,35.0,11.0,24.0,60.0,133.0,80.0,2.0,Matches,1405.0,1393.0,6.0,3.0,2.0,29.0,12.0,0.0,0.0,0.0,0.0,0.0,1088.0,6.0,31.0,2,1,0.0,41,11.0,2.0,12.0,60.0,44.0,0.0,0.0,0.0,245.0,46.0,41.0,52.9,England
"{'name': 'Guadeloupe', 'id': 312, 'alpha3code': 'GLP', 'alpha2code': 'GP'}",73,Alexandre,,Lacazette,1609,1991-05-28,175,"{'code2': 'FW', 'code3': 'FWD', 'name': 'Forward'}","{'name': 'France', 'id': 250, 'alpha3code': 'FRA', 'alpha2code': 'FR'}",25413,right,A. Lacazette,null,Alexandre Lacazette,Alexandre Lacazette,Alexandre Lacazette,fr FRA,FW,Arsenal,26,1991,24.5,558.0,744.0,75.0,6693.0,1185.0,369.0,450.0,82.0,120.0,170.0,70.6,13.0,25.0,52.0,4,4.4,4.0,-0.4,36.0,18.0,31.0,3.0,59.0,24.0,14.8,6.0,11.0,7.0,4.0,27.0,23.0,19.0,3.0,16.0,7.0,31.0,5.0,0.0,Matches,744.0,691.0,48.0,0.0,9.0,1.0,16.0,0.0,0.0,0.0,0.0,0.0,558.0,5.0,21.0,1,0,0.0,28,28.0,23.0,16.0,7.0,17.0,1.0,0.0,0.0,53.0,29.0,60.0,32.6,England
"{'name': 'Cura\\u00e7ao', 'id': 531, 'alpha3code': 'CUW', 'alpha2code': 'CW'}",67,Patrick ,,van Aanholt,1628,1990-08-29,175,"{'code2': 'DF', 'code3': 'DEF', 'name': 'Defender'}","{'name': 'Netherlands', 'id': 528, 'alpha3code': 'NLD', 'alpha2code': 'NL'}",454,left,P. van Aanholt,664,Patrick  van Aanholt,Patrick van Aanholt,Patrick van Aanholt,nl NED,DF,Crystal Palace,26,1990,24.3,884.0,1176.0,75.2,14197.0,6422.0,479.0,532.0,90.0,311.0,431.0,72.2,74.0,152.0,48.7,1,2.1,1.8,-1.1,18.0,63.0,28.0,6.0,92.0,47.0,47.1,29.0,15.0,3.0,16.0,34.0,18.0,24.0,5.0,19.0,47.0,94.0,64.0,2.0,Matches,1176.0,897.0,276.0,30.0,3.0,2.0,56.0,235.0,11.0,3.0,5.0,2.0,884.0,3.0,31.0,7,0,0.0,18,10.0,3.0,56.0,47.0,32.0,0.0,0.0,0.0,162.0,6.0,5.0,54.5,England
"{'name': 'England', 'id': 0, 'alpha3code': 'XEN', 'alpha2code': ''}",78,Adam,,Smith,1659,1991-04-29,180,"{'code2': 'DF', 'code3': 'DEF', 'name': 'Defender'}","{'name': 'England', 'id': 0, 'alpha3code': 'XEN', 'alpha2code': ''}",8460,right,A. Smith,null,Adam Smith,Adam Smith,Adam Smith,eng ENG,"DF,MF",Bournemouth,26,1991,23.0,898.0,1119.0,80.3,14432.0,4294.0,464.0,523.0,88.7,339.0,423.0,80.1,71.0,120.0,59.2,3,1.6,1.5,1.4,22.0,64.0,13.0,5.0,90.0,50.0,45.3,33.0,16.0,1.0,24.0,53.0,29.0,46.0,8.0,38.0,31.0,81.0,73.0,0.0,Matches,1119.0,920.0,198.0,21.0,1.0,7.0,35.0,171.0,6.0,2.0,0.0,0.0,898.0,1.0,27.0,6,0,0.0,23,39.0,1.0,35.0,31.0,36.0,0.0,0.0,0.0,105.0,13.0,27.0,32.5,England
"{'name': 'England', 'id': 0, 'alpha3code': 'XEN', 'alpha2code': ''}",85,Craig,,Dawson,1627,1990-05-06,189,"{'code2': 'DF', 'code3': 'DEF', 'name': 'Defender'}","{'name': 'England', 'id': 0, 'alpha3code': 'XEN', 'alpha2code': ''}",8360,right,C. Dawson,null,Craig Dawson,Craig Dawson,Craig Dawson,eng ENG,DF,West Brom,27,1990,27.9,765.0,1114.0,68.7,14860.0,7328.0,314.0,385.0,81.6,318.0,420.0,75.7,117.0,253.0,46.2,0,1.2,1.1,-1.2,10.0,79.0,19.0,14.0,83.0,38.0,36.1,25.0,7.0,6.0,13.0,36.0,23.0,39.0,26.0,13.0,52.0,90.0,140.0,0.0,Matches,1114.0,938.0,168.0,10.0,0.0,8.0,42.0,158.0,0.0,0.0,0.0,0.0,765.0,8.0,28.0,6,0,0.0,35,22.0,4.0,42.0,52.0,28.0,0.0,0.0,0.0,133.0,115.0,62.0,65.0,England
"{'name': 'Ireland Republic', 'id': 372, 'alpha3code': 'IRL', 'alpha2code': 'IE'}",66,Callum,,Wilson,1659,1992-02-27,180,"{'code2': 'FW', 'code3': 'FWD', 'name': 'Forward'}","{'name': 'England', 'id': 0, 'alpha3code': 'XEN', 'alpha2code': ''}",11669,right,C. Wilson,2413,Callum Wilson,Callum Wilson,Callum Wilson,eng ENG,FW,Bournemouth,25,1992,22.0,285.0,413.0,69.0,3742.0,826.0,190.0,258.0,73.6,68.0,97.0,70.1,11.0,18.0,61.1,2,1.5,1.2,0.5,19.0,19.0,16.0,3.0,39.0,9.0,7.1,2.0,6.0,1.0,1.0,14.0,13.0,15.0,3.0,12.0,3.0,12.0,15.0,0.0,Matches,413.0,380.0,33.0,3.0,3.0,1.0,15.0,5.0,2.0,0.0,0.0,0.0,285.0,0.0,21.0,0,0,0.0,37,35.0,20.0,15.0,3.0,5.0,0.0,0.0,0.0,64.0,21.0,79.0,21.0,England
"{'name': 'England', 'id': 0, 'alpha3code': 'XEN', 'alpha2code': ''}",73,Jonathan,,Hogg,1673,1988-12-06,177,"{'code2': 'MD', 'code3': 'MID', 'name': 'Midfielder'}","{'name': 'England', 'id': 0, 'alpha3code': 'XEN', 'alpha2code': ''}",8897,right,J. Hogg,null,Jonathan Hogg,Jonathan Hogg,Jonathan Hogg,eng ENG,MF,Huddersfield,28,1988,26.6,1206.0,1423.0,84.8,20877.0,5948.0,530.0,596.0,88.9,534.0,598.0,89.3,105.0,154.0,68.2,0,0.4,0.9,-0.4,9.0,110.0,8.0,1.0,138.0,93.0,29.2,29.0,59.0,5.0,26.0,89.0,63.0,51.0,12.0,39.0,69.0,162.0,48.0,0.0,Matches,1423.0,1383.0,35.0,33.0,2.0,9.0,3.0,2.0,0.0,0.0,0.0,0.0,1206.0,5.0,17.0,10,1,1.0,32,30.0,0.0,3.0,69.0,64.0,0.0,0.0,0.0,209.0,33.0,30.0,52.4,England
"{'name': 'Algeria', 'id': 12, 'alpha3code': 'DZA', 'alpha2code': 'DZ'}",83,Islam,,Slimani,4487,1988-06-18,188,"{'code2': 'FW', 'code3': 'FWD', 'name': 'Forward'}","{'name': 'Algeria', 'id': 12, 'alpha3code': 'DZA', 'alpha2code': 'DZ'}",119630,right,I. Slimani,16009,Islam Slimani,Islam Slimani,Islam Slimani,dz ALG,FW,Leicester City,29,1988,2.8,78.0,116.0,67.2,808.0,168.0,48.0,65.0,73.8,17.0,24.0,70.8,1.0,2.0,50.0,1,0.2,0.1,0.8,2.0,1.0,5.0,0.0,7.0,2.0,25.0,1.0,1.0,0.0,1.0,4.0,3.0,2.0,0.0,2.0,0.0,2.0,2.0,0.0,Matches,116.0,114.0,1.0,0.0,0.0,0.0,3.0,0.0,0.0,0.0,0.0,0.0,78.0,1.0,6.0,0,0,0.0,3,1.0,4.0,3.0,0.0,2.0,0.0,0.0,0.0,9.0,10.0,16.0,38.5,England
"{'name': 'Algeria', 'id': 12, 'alpha3code': 'DZA', 'alpha2code': 'DZ'}",83,Islam,,Slimani,4487,1988-06-18,188,"{'code2': 'FW', 'code3': 'FWD', 'name': 'Forward'}","{'name': 'Algeria', 'id': 12, 'alpha3code': 'DZA', 'alpha2code': 'DZ'}",119630,right,I. Slimani,16009,Islam Slimani,Islam Slimani,Islam Slimani,dz ALG,FW,Newcastle Utd,29,1988,1.5,29.0,49.0,59.2,368.0,101.0,19.0,26.0,73.1,7.0,13.0,53.8,1.0,3.0,33.3,0,0.4,0.5,-0.4,4.0,1.0,1.0,0.0,2.0,0.0,0.0,0.0,0.0,0.0,0.0,2.0,2.0,0.0,0.0,0.0,1.0,1.0,1.0,0.0,Matches,49.0,49.0,0.0,0.0,2.0,1.0,4.0,0.0,0.0,0.0,0.0,0.0,29.0,0.0,3.0,1,0,0.0,0,3.0,0.0,4.0,1.0,0.0,0.0,0.0,0.0,4.0,3.0,10.0,23.1,England
"{'name': 'England', 'id': 0, 'alpha3code': 'XEN', 'alpha2code': ''}",70,Danny,,Drinkwater,1610,1990-03-05,177,"{'code2': 'MD', 'code3': 'MID', 'name': 'Midfielder'}","{'name': 'England', 'id': 0, 'alpha3code': 'XEN', 'alpha2code': ''}",8495,right,D. Drinkwater,null,Danny Drinkwater,Danny Drinkwater,Danny Drinkwater,eng ENG,MF,Chelsea,27,1990,5.9,331.0,389.0,85.1,5287.0,1189.0,173.0,192.0,90.1,119.0,133.0,89.5,28.0,36.0,77.8,0,0.3,0.8,-0.3,5.0,39.0,3.0,0.0,32.0,15.0,17.6,6.0,8.0,1.0,3.0,17.0,14.0,10.0,2.0,8.0,8.0,23.0,7.0,0.0,Matches,389.0,384.0,3.0,3.0,3.0,6.0,2.0,0.0,0.0,0.0,0.0,0.0,331.0,2.0,5.0,0,0,0.0,10,4.0,0.0,2.0,8.0,10.0,0.0,0.0,0.0,37.0,0.0,3.0,0.0,England
"{'name': 'Belgium', 'id': 56, 'alpha3code': 'BEL', 'alpha2code': 'BE'}",90,Laurent,,Depoitre,1673,1988-12-07,191,"{'code2': 'FW', 'code3': 'FWD', 'name': 'Forward'}","{'name': 'Belgium', 'id': 56, 'alpha3code': 'BEL', 'alpha2code': 'BE'}",38377,right,L. Depoitre,null,Laurent Depoitre,Laurent Depoitre,Laurent Depoitre,be BEL,FW,Huddersfield,28,1988,20.2,275.0,486.0,56.6,3620.0,526.0,146.0,247.0,59.1,85.0,150.0,56.7,11.0,17.0,64.7,1,1.4,0.4,-0.4,14.0,20.0,0.0,0.0,21.0,14.0,14.3,4.0,8.0,2.0,3.0,21.0,18.0,15.0,3.0,12.0,11.0,25.0,36.0,0.0,Matches,486.0,454.0,31.0,0.0,1.0,0.0,3.0,0.0,0.0,0.0,0.0,0.0,275.0,1.0,12.0,1,0,0.0,28,16.0,6.0,3.0,11.0,8.0,1.0,0.0,0.0,65.0,126.0,142.0,47.0,England
"{'name': 'Gambia', 'id': 270, 'alpha3code': 'GMB', 'alpha2code': 'GM'}",74,Joshua,,King,1659,1992-01-15,180,"{'code2': 'FW', 'code3': 'FWD', 'name': 'Forward'}","{'name': 'Norway', 'id': 578, 'alpha3code': 'NOR', 'alpha2code': 'NO'}",9637,right,J. King,7336,Joshua King,Joshua King,Joshua King,no NOR,"FW,MF",Bournemouth,25,1992,27.3,514.0,730.0,70.4,7926.0,1895.0,275.0,363.0,75.8,197.0,272.0,72.4,25.0,42.0,59.5,3,4.9,3.6,-1.9,38.0,48.0,34.0,4.0,83.0,36.0,14.8,11.0,17.0,8.0,4.0,27.0,23.0,23.0,3.0,20.0,4.0,40.0,14.0,1.0,Matches,730.0,692.0,34.0,2.0,5.0,1.0,34.0,3.0,0.0,0.0,0.0,0.0,514.0,4.0,33.0,3,0,0.0,45,56.0,4.0,34.0,4.0,26.0,1.0,0.0,0.0,132.0,67.0,82.0,45.0,England
"{'name': 'England', 'id': 0, 'alpha3code': 'XEN', 'alpha2code': ''}",75,Sam,,Clucas,1639,1990-09-25,178,"{'code2': 'MD', 'code3': 'MID', 'name': 'Midfielder'}","{'name': 'England', 'id': 0, 'alpha3code': 'XEN', 'alpha2code': ''}",10252,left,S. Clucas,null,Sam Clucas,Sam Clucas,Sam Clucas,eng ENG,MF,Swansea City,26,1990,22.7,689.0,872.0,79.0,11783.0,2786.0,327.0,375.0,87.2,274.0,333.0,82.3,68.0,117.0,58.1,1,1.3,1.1,-0.3,15.0,46.0,3.0,1.0,61.0,34.0,34.5,21.0,11.0,2.0,10.0,29.0,19.0,31.0,7.0,24.0,29.0,63.0,34.0,1.0,Matches,872.0,788.0,80.0,26.0,2.0,5.0,55.0,27.0,24.0,16.0,4.0,1.0,689.0,4.0,12.0,2,0,0.0,10,14.0,3.0,55.0,29.0,19.0,0.0,0.0,0.0,110.0,36.0,36.0,50.0,England
"{'name': 'Poland', 'id': 616, 'alpha3code': 'POL', 'alpha2code': 'PL'}",84,Grzegorz,,Krychowiak,13887,1990-01-29,187,"{'code2': 'MD', 'code3': 'MID', 'name': 'Midfielder'}","{'name': 'Poland', 'id': 616, 'alpha3code': 'POL', 'alpha2code': 'PL'}",25537,right,G. Krychowiak,null,Grzegorz Krychowiak,Grzegorz Krychowiak,Grzegorz Krychowiak,pl POL,MF,West Brom,27,1990,18.2,641.0,831.0,77.1,11378.0,3332.0,301.0,354.0,85.0,248.0,303.0,81.8,70.0,122.0,57.4,2,1.8,1.1,0.2,13.0,76.0,9.0,1.0,101.0,39.0,24.5,18.0,17.0,4.0,12.0,49.0,37.0,23.0,5.0,18.0,45.0,84.0,23.0,0.0,Matches,831.0,796.0,34.0,16.0,6.0,12.0,18.0,0.0,11.0,5.0,4.0,0.0,641.0,1.0,19.0,2,0,0.0,31,39.0,1.0,18.0,45.0,24.0,0.0,0.0,0.0,125.0,24.0,14.0,63.2,England
"{'name': 'Ghana', 'id': 288, 'alpha3code': 'GHA', 'alpha2code': 'GH'}",81,Jordan,,Ayew,1628,1991-09-11,182,"{'code2': 'FW', 'code3': 'FWD', 'name': 'Forward'}","{'name': 'France', 'id': 250, 'alpha3code': 'FRA', 'alpha2code': 'FR'}",25571,right,J. Ayew,null,Jordan Ayew,Jordan Ayew,Jordan Ayew,gh GHA,"FW,MF",Swansea City,25,1991,31.7,700.0,887.0,78.9,9413.0,1239.0,420.0,486.0,86.4,201.0,256.0,78.5,30.0,58.0,51.7,2,2.0,1.6,0.0,16.0,33.0,21.0,2.0,50.0,82.0,27.8,20.0,35.0,27.0,15.0,54.0,39.0,43.0,3.0,40.0,24.0,106.0,20.0,1.0,Matches,887.0,850.0,35.0,7.0,3.0,0.0,45.0,5.0,0.0,0.0,0.0,0.0,700.0,2.0,27.0,2,1,0.0,63,87.0,8.0,45.0,24.0,60.0,0.0,0.0,0.0,141.0,50.0,120.0,29.4,England
"{'name': 'Albania', 'id': 8, 'alpha3code': 'ALB', 'alpha2code': 'AL'}",82,Shkodran,,Mustafi,1609,1992-04-17,184,"{'code2': 'DF', 'code3': 'DEF', 'name': 'Defender'}","{'name': 'Germany', 'id': 276, 'alpha3code': 'DEU', 'alpha2code': 'DE'}",20612,right,S. Mustafi,null,Shkodran Mustafi,Shkodran Mustafi,Shkodran Mustafi,de GER,DF,Arsenal,25,1992,25.3,1500.0,1755.0,85.5,29511.0,12068.0,423.0,465.0,91.0,938.0,1031.0,91.0,121.0,219.0,55.3,1,1.3,1.2,-0.3,7.0,103.0,7.0,3.0,92.0,64.0,51.9,42.0,18.0,4.0,28.0,54.0,26.0,23.0,15.0,8.0,57.0,121.0,175.0,2.0,Matches,1755.0,1709.0,40.0,37.0,5.0,5.0,12.0,3.0,0.0,0.0,0.0,0.0,1500.0,6.0,11.0,6,0,0.0,26,12.0,2.0,12.0,57.0,46.0,0.0,0.0,0.0,158.0,121.0,73.0,62.4,England
"{'name': 'England', 'id': 0, 'alpha3code': 'XEN', 'alpha2code': ''}",74,Ben,,Mee,1646,1989-09-21,180,"{'code2': 'DF', 'code3': 'DEF', 'name': 'Defender'}","{'name': 'England', 'id': 0, 'alpha3code': 'XEN', 'alpha2code': ''}",8944,left,B. Mee,null,Ben Mee,Ben Mee,Ben Mee,eng ENG,DF,Burnley,27,1989,29.0,823.0,1086.0,75.8,17554.0,7677.0,269.0,303.0,88.8,386.0,471.0,82.0,160.0,281.0,56.9,0,0.5,0.4,-0.5,6.0,58.0,4.0,0.0,77.0,33.0,55.2,22.0,11.0,0.0,16.0,29.0,13.0,51.0,42.0,9.0,33.0,66.0,217.0,1.0,Matches,1086.0,1052.0,28.0,22.0,0.0,8.0,3.0,6.0,0.0,0.0,0.0,0.0,823.0,6.0,8.0,5,0,0.0,14,29.0,3.0,3.0,33.0,20.0,0.0,0.0,0.0,153.0,113.0,78.0,59.2,England
"{'name': 'England', 'id': 0, 'alpha3code': 'XEN', 'alpha2code': ''}",84,Charlie,,Austin,1619,1989-07-05,188,"{'code2': 'FW', 'code3': 'FWD', 'name': 'Forward'}","{'name': 'England', 'id': 0, 'alpha3code': 'XEN', 'alpha2code': ''}",8953,right,C. Austin,null,Charlie Austin,Charlie Austin,Charlie Austin,eng ENG,FW,Southampton,28,1989,11.5,168.0,250.0,67.2,2313.0,403.0,98.0,126.0,77.8,48.0,67.0,71.6,10.0,21.0,47.6,0,0.8,0.7,-0.8,4.0,20.0,0.0,0.0,18.0,7.0,30.0,1.0,3.0,3.0,3.0,10.0,7.0,15.0,3.0,12.0,1.0,8.0,10.0,0.0,Matches,250.0,241.0,6.0,0.0,1.0,0.0,2.0,1.0,0.0,0.0,0.0,0.0,168.0,3.0,8.0,2,0,0.0,16,16.0,14.0,2.0,1.0,5.0,0.0,0.0,0.0,29.0,38.0,71.0,34.9,England
"{'name': 'Netherlands', 'id': 528, 'alpha3code': 'NLD', 'alpha2code': 'NL'}",80,Bruno,,Martins Indi,1639,1992-02-08,185,"{'code2': 'DF', 'code3': 'DEF', 'name': 'Defender'}","{'name': 'Portugal', 'id': 620, 'alpha3code': 'PRT', 'alpha2code': 'PT'}",134,left,B. Martins Indi,null,Bruno Martins Indi,Bruno Martins Indi,Bruno Martins Indi,nl NED,DF,Stoke City,25,1992,13.8,290.0,366.0,79.2,5879.0,2046.0,98.0,111.0,88.3,150.0,181.0,82.9,41.0,67.0,61.2,0,0.1,0.1,-0.1,3.0,25.0,3.0,3.0,28.0,21.0,52.6,18.0,3.0,0.0,10.0,19.0,9.0,16.0,11.0,5.0,21.0,42.0,77.0,1.0,Matches,366.0,343.0,22.0,12.0,0.0,6.0,4.0,10.0,0.0,0.0,0.0,0.0,290.0,1.0,3.0,3,0,0.0,12,6.0,1.0,4.0,21.0,12.0,0.0,1.0,0.0,55.0,25.0,21.0,54.3,England
"{'name': 'Germany', 'id': 276, 'alpha3code': 'DEU', 'alpha2code': 'DE'}",82,Christopher,,Schindler,1673,1990-04-29,189,"{'code2': 'DF', 'code3': 'DEF', 'name': 'Defender'}","{'name': 'Germany', 'id': 276, 'alpha3code': 'DEU', 'alpha2code': 'DE'}",15215,right,C. Schindler,null,Christopher Schindler,Christopher Schindler,Christopher Schindler,de GER,DF,Huddersfield,27,1990,36.3,1133.0,1401.0,80.9,22466.0,7583.0,363.0,416.0,87.3,622.0,714.0,87.1,137.0,237.0,57.8,1,2.3,1.1,-1.3,9.0,54.0,0.0,0.0,80.0,83.0,58.5,56.0,27.0,0.0,24.0,41.0,17.0,54.0,30.0,24.0,75.0,158.0,275.0,1.0,Matches,1401.0,1359.0,38.0,34.0,0.0,7.0,4.0,4.0,0.0,0.0,0.0,0.0,1133.0,4.0,6.0,8,1,1.0,30,21.0,1.0,4.0,75.0,61.0,0.0,0.0,0.0,156.0,152.0,92.0,62.3,England
"{'name': 'Jamaica', 'id': 388, 'alpha3code': 'JAM', 'alpha2code': 'JM'}",94,Kyle,,Bartley,1627,1991-05-22,194,"{'code2': 'DF', 'code3': 'DEF', 'name': 'Defender'}","{'name': 'England', 'id': 0, 'alpha3code': 'XEN', 'alpha2code': ''}",61979,right,K. Bartley,null,Kyle Bartley,Kyle Bartley,Kyle Bartley,eng ENG,DF,Swansea City,26,1991,2.6,93.0,115.0,80.9,1796.0,686.0,32.0,37.0,86.5,51.0,57.0,89.5,9.0,18.0,50.0,0,0.3,0.2,-0.3,2.0,8.0,0.0,0.0,7.0,3.0,100.0,3.0,0.0,0.0,2.0,2.0,0.0,6.0,6.0,0.0,4.0,7.0,21.0,0.0,Matches,115.0,112.0,3.0,3.0,0.0,1.0,0.0,0.0,0.0,0.0,0.0,0.0,93.0,0.0,2.0,2,0,0.0,5,1.0,0.0,0.0,4.0,2.0,0.0,0.0,0.0,3.0,14.0,3.0,82.4,England
"{'name': 'France', 'id': 250, 'alpha3code': 'FRA', 'alpha2code': 'FR'}",81,Florian,,Lejeune,1613,1991-05-20,190,"{'code2': 'DF', 'code3': 'DEF', 'name': 'Defender'}","{'name': 'France', 'id': 250, 'alpha3code': 'FRA', 'alpha2code': 'FR'}",3523,right,F. Lejeune,null,Florian Lejeune,Florian Lejeune,Florian Lejeune,fr FRA,DF,Newcastle Utd,26,1991,23.4,826.0,1082.0,76.3,17237.0,7245.0,282.0,321.0,87.9,391.0,468.0,83.5,134.0,253.0,53.0,2,1.5,1.3,0.5,7.0,66.0,1.0,0.0,67.0,34.0,46.7,26.0,8.0,0.0,14.0,30.0,16.0,21.0,15.0,6.0,46.0,80.0,154.0,0.0,Matches,1082.0,1035.0,43.0,40.0,2.0,21.0,4.0,3.0,0.0,0.0,0.0,0.0,826.0,4.0,8.0,3,0,0.0,17,14.0,2.0,4.0,46.0,20.0,0.0,1.0,0.0,128.0,82.0,51.0,61.7,England
"{'name': 'Wales', 'id': 0, 'alpha3code': 'XWA', 'alpha2code': ''}",79,Karl,,Darlow,1613,1990-10-08,185,"{'code2': 'GK', 'code3': 'GKP', 'name': 'Goalkeeper'}","{'name': 'England', 'id': 0, 'alpha3code': 'XEN', 'alpha2code': ''}",8826,right,K. Darlow,null,Karl Darlow,Karl Darlow,Karl Darlow,wls WAL,GK,Newcastle Utd,26,1990,10.0,174.0,334.0,52.1,6615.0,5845.0,19.0,19.0,100.0,56.0,58.0,96.6,99.0,257.0,38.5,0,0.0,0.0,0.0,0.0,6.0,0.0,0.0,0.0,0.0,,0.0,0.0,0.0,0.0,0.0,0.0,0.0,0.0,0.0,0.0,0.0,3.0,4.0,Matches,334.0,203.0,131.0,44.0,0.0,0.0,0.0,0.0,0.0,0.0,0.0,0.0,174.0,0.0,0.0,0,0,0.0,0,1.0,0.0,0.0,0.0,0.0,0.0,0.0,1.0,14.0,2.0,0.0,100.0,England
"{'name': 'Jamaica', 'id': 388, 'alpha3code': 'JAM', 'alpha2code': 'JM'}",70,Alex,,Oxlade-Chamberlain,1612,1993-08-15,175,"{'code2': 'MD', 'code3': 'MID', 'name': 'Midfielder'}","{'name': 'England', 'id': 0, 'alpha3code': 'XEN', 'alpha2code': ''}",7868,right,A. Oxlade-Chamberlain,null,Alex Oxlade-Chamberlain,Alex Oxlade-Chamberlain,Alex Oxlade-Chamberlain,eng ENG,DF,Arsenal,23,1993,2.7,124.0,158.0,78.5,2464.0,689.0,53.0,58.0,91.4,48.0,57.0,84.2,23.0,33.0,69.7,0,0.5,0.6,-0.5,5.0,12.0,8.0,3.0,16.0,5.0,66.7,2.0,2.0,1.0,2.0,3.0,1.0,5.0,2.0,3.0,6.0,11.0,8.0,0.0,Matches,158.0,136.0,20.0,3.0,0.0,3.0,16.0,17.0,0.0,0.0,0.0,0.0,124.0,2.0,5.0,0,0,0.0,1,1.0,1.0,16.0,6.0,3.0,0.0,0.0,0.0,22.0,4.0,6.0,40.0,England
"{'name': 'Jamaica', 'id': 388, 'alpha3code': 'JAM', 'alpha2code': 'JM'}",70,Alex,,Oxlade-Chamberlain,1612,1993-08-15,175,"{'code2': 'MD', 'code3': 'MID', 'name': 'Midfielder'}","{'name': 'England', 'id': 0, 'alpha3code': 'XEN', 'alpha2code': ''}",7868,right,A. Oxlade-Chamberlain,null,Alex Oxlade-Chamberlain,Alex Oxlade-Chamberlain,Alex Oxlade-Chamberlain,eng ENG,"MF,FW",Liverpool,23,1993,16.6,609.0,796.0,76.5,11074.0,3186.0,262.0,305.0,85.9,244.0,312.0,78.2,79.0,135.0,58.5,7,3.8,3.2,3.2,34.0,70.0,40.0,7.0,120.0,32.0,28.6,13.0,14.0,5.0,6.0,21.0,15.0,24.0,0.0,24.0,20.0,52.0,14.0,0.0,Matches,796.0,740.0,51.0,10.0,13.0,11.0,70.0,8.0,32.0,20.0,11.0,0.0,609.0,5.0,12.0,3,0,0.0,16,9.0,2.0,70.0,20.0,21.0,0.0,0.0,0.0,91.0,10.0,27.0,27.0,England
"{'name': 'England', 'id': 0, 'alpha3code': 'XEN', 'alpha2code': ''}",66,Wilfried,,Zaha,1628,1992-11-10,180,"{'code2': 'MD', 'code3': 'MID', 'name': 'Midfielder'}","{'name': ""C\\u00f4te d'Ivoire"", 'id': 384, 'alpha3code': 'CIV', 'alpha2code': 'CI'}",8422,right,W. Zaha,null,Wilfried Zaha,Wilfried Zaha,Wilfried Zaha,ci CIV,"FW,MF",Crystal Palace,24,1992,28.3,497.0,716.0,69.4,6815.0,2094.0,291.0,365.0,79.7,149.0,208.0,71.6,24.0,52.0,46.2,3,4.7,4.4,-1.7,52.0,41.0,49.0,7.0,96.0,30.0,17.4,9.0,13.0,8.0,4.0,23.0,19.0,24.0,0.0,24.0,7.0,37.0,4.0,0.0,Matches,716.0,695.0,18.0,1.0,6.0,3.0,76.0,14.0,0.0,0.0,0.0,0.0,497.0,3.0,39.0,5,0,0.0,45,76.0,19.0,76.0,7.0,23.0,4.0,0.0,0.0,124.0,4.0,15.0,21.1,England
"{'name': 'Congo DR', 'id': 180, 'alpha3code': 'COD', 'alpha2code': 'CD'}",74,Elias,,Kachunga,1673,1992-04-22,178,"{'code2': 'FW', 'code3': 'FWD', 'name': 'Forward'}","{'name': 'Germany', 'id': 276, 'alpha3code': 'DEU', 'alpha2code': 'DE'}",16122,right,E. Kachunga,null,Elias Kachunga,Elias Kachunga,Elias Kachunga,cd COD,"FW,MF",Huddersfield,25,1992,14.8,231.0,368.0,62.8,2834.0,483.0,163.0,212.0,76.9,54.0,89.0,60.7,5.0,17.0,29.4,1,0.6,0.5,0.4,10.0,6.0,6.0,1.0,24.0,30.0,42.1,13.0,12.0,5.0,8.0,19.0,11.0,14.0,1.0,13.0,2.0,32.0,9.0,0.0,Matches,368.0,362.0,6.0,1.0,1.0,0.0,24.0,5.0,0.0,0.0,0.0,0.0,231.0,0.0,33.0,1,0,0.0,20,32.0,5.0,24.0,2.0,26.0,0.0,0.0,0.0,79.0,17.0,35.0,32.7,England
"{'name': 'Ghana', 'id': 288, 'alpha3code': 'GHA', 'alpha2code': 'GH'}",79,Collin,,Quaner,1673,1991-06-18,191,"{'code2': 'FW', 'code3': 'FWD', 'name': 'Forward'}","{'name': 'Germany', 'id': 276, 'alpha3code': 'DEU', 'alpha2code': 'DE'}",16436,right,C. Quaner,null,Collin Quaner,Collin Quaner,Collin Quaner,de GER,"FW,MF",Huddersfield,26,1991,14.2,319.0,449.0,71.0,4115.0,1105.0,202.0,261.0,77.4,89.0,122.0,73.0,5.0,22.0,22.7,4,2.5,1.5,1.5,17.0,26.0,7.0,3.0,44.0,22.0,34.6,8.0,8.0,6.0,9.0,26.0,17.0,24.0,4.0,20.0,11.0,33.0,15.0,0.0,Matches,449.0,442.0,5.0,1.0,0.0,1.0,22.0,3.0,1.0,0.0,0.0,0.0,319.0,2.0,19.0,4,0,0.0,14,26.0,3.0,22.0,11.0,15.0,0.0,0.0,0.0,91.0,14.0,25.0,35.9,England
"{'name': 'Ireland Republic', 'id': 372, 'alpha3code': 'IRL', 'alpha2code': 'IE'}",71,Robbie,,Brady,1646,1992-01-14,175,"{'code2': 'MD', 'code3': 'MID', 'name': 'Midfielder'}","{'name': 'Ireland Republic', 'id': 372, 'alpha3code': 'IRL', 'alpha2code': 'IE'}",9623,left,R. Brady,8274,Robbie Brady,Robbie Brady,Robbie Brady,ie IRL,MF,Burnley,25,1992,14.2,354.0,593.0,59.7,6916.0,2653.0,166.0,206.0,80.6,109.0,179.0,60.9,72.0,168.0,42.9,2,2.1,2.6,-0.1,26.0,39.0,18.0,6.0,54.0,32.0,28.6,14.0,17.0,1.0,8.0,28.0,20.0,17.0,3.0,14.0,7.0,39.0,29.0,0.0,Matches,593.0,469.0,114.0,41.0,4.0,7.0,123.0,6.0,67.0,33.0,23.0,8.0,354.0,10.0,22.0,3,0,0.0,20,11.0,3.0,123.0,7.0,21.0,0.0,0.0,0.0,74.0,9.0,12.0,42.9,England
"{'name': 'England', 'id': 0, 'alpha3code': 'XEN', 'alpha2code': ''}",66,Tom,,Ince,1639,1992-01-30,178,"{'code2': 'MD', 'code3': 'MID', 'name': 'Midfielder'}","{'name': 'England', 'id': 0, 'alpha3code': 'XEN', 'alpha2code': ''}",9419,left,T. Ince,null,Tom Ince,Tom Ince,Tom Ince,eng ENG,"MF,FW",Huddersfield,25,1992,27.2,572.0,763.0,75.0,8640.0,1728.0,317.0,361.0,87.8,198.0,235.0,84.3,34.0,96.0,35.4,0,1.4,1.2,-1.4,18.0,27.0,14.0,7.0,60.0,35.0,34.5,14.0,16.0,5.0,10.0,29.0,19.0,20.0,0.0,20.0,12.0,47.0,12.0,0.0,Matches,763.0,682.0,77.0,4.0,2.0,4.0,59.0,15.0,36.0,26.0,4.0,1.0,572.0,4.0,28.0,0,0,0.0,22,36.0,10.0,59.0,12.0,27.0,0.0,0.0,0.0,136.0,16.0,43.0,27.1,England
"{'name': 'Belgium', 'id': 56, 'alpha3code': 'BEL', 'alpha2code': 'BE'}",69,Anthony,,Knockaert,1651,1991-11-20,172,"{'code2': 'MD', 'code3': 'MID', 'name': 'Midfielder'}","{'name': 'France', 'id': 250, 'alpha3code': 'FRA', 'alpha2code': 'FR'}",25950,left,A. Knockaert,null,Anthony Knockaert,Anthony Knockaert,Anthony Knockaert,fr FRA,"MF,FW",Brighton,25,1991,26.9,851.0,1103.0,77.2,12977.0,3196.0,475.0,544.0,87.3,270.0,337.0,80.1,61.0,126.0,48.4,1,3.2,3.1,-2.2,32.0,45.0,30.0,5.0,124.0,39.0,29.1,25.0,11.0,3.0,16.0,55.0,39.0,29.0,3.0,26.0,23.0,62.0,16.0,0.0,Matches,1103.0,1026.0,70.0,23.0,4.0,12.0,98.0,14.0,27.0,12.0,12.0,0.0,851.0,7.0,25.0,4,1,0.0,22,23.0,8.0,98.0,23.0,26.0,0.0,0.0,0.0,171.0,15.0,19.0,44.1,England
"{'name': 'England', 'id': 0, 'alpha3code': 'XEN', 'alpha2code': ''}",73,Danny,,Ings,1619,1992-07-23,178,"{'code2': 'FW', 'code3': 'FWD', 'name': 'Forward'}","{'name': 'England', 'id': 0, 'alpha3code': 'XEN', 'alpha2code': ''}",8955,right,D. Ings,null,Danny Ings,Danny Ings,Danny Ings,eng ENG,FW,Liverpool,25,1992,3.0,47.0,79.0,59.5,719.0,124.0,25.0,35.0,71.4,13.0,21.0,61.9,5.0,7.0,71.4,0,0.1,0.1,-0.1,3.0,3.0,3.0,0.0,9.0,5.0,,1.0,3.0,1.0,0.0,0.0,0.0,4.0,0.0,4.0,2.0,7.0,1.0,0.0,Matches,79.0,78.0,1.0,1.0,0.0,1.0,3.0,0.0,0.0,0.0,0.0,0.0,47.0,0.0,5.0,0,0,0.0,6,3.0,3.0,3.0,2.0,3.0,0.0,0.0,0.0,8.0,4.0,9.0,30.8,England
"{'name': 'England', 'id': 0, 'alpha3code': 'XEN', 'alpha2code': ''}",82,Steve,,Cook,1659,1991-04-19,185,"{'code2': 'DF', 'code3': 'DEF', 'name': 'Defender'}","{'name': 'England', 'id': 0, 'alpha3code': 'XEN', 'alpha2code': ''}",9277,right,S. Cook,null,Steve Cook,Steve Cook,Steve Cook,eng ENG,DF,Bournemouth,26,1991,30.7,1029.0,1400.0,73.5,22531.0,9824.0,246.0,313.0,78.6,610.0,742.0,82.2,163.0,315.0,51.7,1,1.0,0.5,0.0,5.0,65.0,4.0,0.0,83.0,37.0,65.5,28.0,7.0,2.0,19.0,29.0,10.0,63.0,45.0,18.0,54.0,91.0,232.0,4.0,Matches,1400.0,1296.0,101.0,31.0,0.0,11.0,6.0,70.0,0.0,0.0,0.0,0.0,1029.0,3.0,14.0,5,0,0.0,22,19.0,1.0,6.0,54.0,19.0,0.0,0.0,1.0,138.0,132.0,68.0,66.0,England
"{'name': 'Italy', 'id': 380, 'alpha3code': 'ITA', 'alpha2code': 'IT'}",59,Manuel,,Lanzini,1633,1993-02-15,167,"{'code2': 'MD', 'code3': 'MID', 'name': 'Midfielder'}","{'name': 'Argentina', 'id': 32, 'alpha3code': 'ARG', 'alpha2code': 'AR'}",41174,right,M. Lanzini,null,Manuel Lanzini,Manuel Lanzini,Manuel Lanzini,ar ARG,"MF,FW",West Ham,24,1993,22.7,1085.0,1309.0,82.9,16247.0,4292.0,608.0,672.0,90.5,356.0,422.0,84.4,70.0,137.0,51.1,6,4.1,3.0,1.9,40.0,104.0,35.0,3.0,156.0,20.0,5.9,6.0,11.0,3.0,2.0,34.0,32.0,7.0,1.0,6.0,30.0,50.0,5.0,2.0,Matches,1309.0,1176.0,125.0,48.0,6.0,4.0,83.0,5.0,51.0,32.0,13.0,0.0,1085.0,8.0,18.0,4,0,0.0,9,35.0,3.0,83.0,30.0,11.0,1.0,0.0,0.0,165.0,3.0,10.0,23.1,England
"{'name': 'Bosnia-Herzegovina', 'id': 70, 'alpha3code': 'BIH', 'alpha2code': 'BA'}",78,Muhamed,,Be\u0161i\u0107,1620,1992-09-10,177,"{'code2': 'MD', 'code3': 'MID', 'name': 'Midfielder'}","{'name': 'Germany', 'id': 276, 'alpha3code': 'DEU', 'alpha2code': 'DE'}",14886,right,M. Be\u0161i\u0107,10001,Muhamed Bešić,Muhamed Bešić,Muhamed Bešić,ba BIH,MF,Everton,24,1992,0.5,27.0,28.0,96.4,526.0,84.0,12.0,12.0,100.0,10.0,10.0,100.0,5.0,6.0,83.3,0,0.0,0.0,0.0,1.0,1.0,1.0,0.0,2.0,1.0,33.3,1.0,0.0,0.0,1.0,3.0,2.0,2.0,2.0,0.0,0.0,1.0,1.0,0.0,Matches,28.0,26.0,2.0,2.0,0.0,0.0,0.0,0.0,0.0,0.0,0.0,0.0,27.0,0.0,0.0,0,0,0.0,1,2.0,0.0,0.0,0.0,1.0,0.0,0.0,0.0,3.0,2.0,1.0,66.7,England
"{'name': 'Germany', 'id': 276, 'alpha3code': 'DEU', 'alpha2code': 'DE'}",91,Michael,,Hefele,1642,1990-09-01,192,"{'code2': 'DF', 'code3': 'DEF', 'name': 'Defender'}","{'name': 'Germany', 'id': 276, 'alpha3code': 'DEU', 'alpha2code': 'DE'}",15474,right,M. Hefele,null,Michael Hefele,Michael Hefele,Michael Hefele,de GER,DF,Huddersfield,26,1990,0.4,8.0,10.0,80.0,116.0,30.0,6.0,6.0,100.0,2.0,3.0,66.7,0.0,0.0,,0,0.0,0.0,0.0,0.0,1.0,0.0,0.0,1.0,0.0,,0.0,0.0,0.0,0.0,0.0,0.0,0.0,0.0,0.0,1.0,1.0,5.0,0.0,Matches,10.0,9.0,0.0,0.0,0.0,0.0,0.0,0.0,0.0,0.0,0.0,0.0,8.0,1.0,0.0,1,0,0.0,2,0.0,0.0,0.0,1.0,0.0,0.0,1.0,0.0,1.0,1.0,0.0,100.0,England
"{'name': 'Ireland Republic', 'id': 372, 'alpha3code': 'IRL', 'alpha2code': 'IE'}",75,Nathan,,Redmond,1619,1994-03-06,173,"{'code2': 'MD', 'code3': 'MID', 'name': 'Midfielder'}","{'name': 'England', 'id': 0, 'alpha3code': 'XEN', 'alpha2code': ''}",8116,right,N. Redmond,null,Nathan Redmond,Nathan Redmond,Nathan Redmond,eng ENG,"FW,MF",Southampton,23,1994,21.6,644.0,888.0,72.5,10743.0,2550.0,343.0,421.0,81.5,200.0,258.0,77.5,75.0,138.0,54.3,3,3.6,3.1,-0.6,42.0,43.0,33.0,4.0,94.0,32.0,38.7,16.0,14.0,2.0,12.0,31.0,19.0,20.0,0.0,20.0,15.0,47.0,17.0,2.0,Matches,888.0,826.0,57.0,9.0,5.0,11.0,69.0,15.0,26.0,15.0,5.0,3.0,644.0,5.0,30.0,3,0,0.0,19,18.0,4.0,69.0,15.0,17.0,0.0,0.0,0.0,126.0,4.0,15.0,21.1,England
"{'name': 'England', 'id': 0, 'alpha3code': 'XEN', 'alpha2code': ''}",83,Saido,,Berahino,1639,1993-08-04,180,"{'code2': 'FW', 'code3': 'FWD', 'name': 'Forward'}","{'name': 'Burundi', 'id': 108, 'alpha3code': 'BDI', 'alpha2code': 'BI'}",9532,right,S. Berahino,19412,Saido Berahino,Saido Berahino,Saido Berahino,bi BDI,FW,Stoke City,23,1993,5.5,75.0,99.0,75.8,1078.0,138.0,42.0,52.0,80.8,27.0,34.0,79.4,3.0,5.0,60.0,1,0.6,0.3,0.4,3.0,3.0,3.0,1.0,9.0,2.0,0.0,0.0,1.0,1.0,0.0,1.0,1.0,4.0,1.0,3.0,1.0,3.0,2.0,0.0,Matches,99.0,87.0,12.0,0.0,1.0,1.0,4.0,0.0,0.0,0.0,0.0,0.0,75.0,0.0,2.0,0,0,0.0,6,4.0,4.0,4.0,1.0,2.0,1.0,0.0,0.0,13.0,4.0,19.0,17.4,England
"{'name': 'England', 'id': 0, 'alpha3code': 'XEN', 'alpha2code': ''}",85,Connor,,Goldson,8509,1992-12-18,191,"{'code2': 'DF', 'code3': 'DEF', 'name': 'Defender'}","{'name': 'England', 'id': 0, 'alpha3code': 'XEN', 'alpha2code': ''}",13451,right,C. Goldson,null,Connor Goldson,Connor Goldson,Connor Goldson,eng ENG,DF,Brighton,24,1992,2.2,63.0,86.0,73.3,1270.0,512.0,21.0,25.0,84.0,29.0,37.0,78.4,12.0,21.0,57.1,0,0.0,0.0,0.0,0.0,6.0,0.0,0.0,3.0,2.0,25.0,1.0,1.0,0.0,1.0,4.0,3.0,3.0,3.0,0.0,1.0,3.0,9.0,0.0,Matches,86.0,80.0,6.0,4.0,1.0,0.0,1.0,2.0,0.0,0.0,0.0,0.0,63.0,0.0,1.0,1,0,0.0,2,2.0,0.0,1.0,1.0,2.0,0.0,0.0,0.0,12.0,9.0,4.0,69.2,England
"{'name': 'England', 'id': 0, 'alpha3code': 'XEN', 'alpha2code': ''}",84,Jack,,Stephens,1619,1994-01-27,185,"{'code2': 'DF', 'code3': 'DEF', 'name': 'Defender'}","{'name': 'England', 'id': 0, 'alpha3code': 'XEN', 'alpha2code': ''}",8136,right,J. Stephens,null,Jack Stephens,Jack Stephens,Jack Stephens,eng ENG,DF,Southampton,23,1994,22.0,737.0,983.0,75.0,13440.0,5815.0,314.0,350.0,89.7,337.0,418.0,80.6,73.0,168.0,43.5,0,0.2,0.6,-0.2,4.0,43.0,1.0,1.0,45.0,29.0,52.0,24.0,5.0,0.0,13.0,25.0,12.0,30.0,18.0,12.0,41.0,70.0,108.0,2.0,Matches,983.0,906.0,76.0,31.0,1.0,9.0,9.0,45.0,0.0,0.0,0.0,0.0,737.0,1.0,21.0,6,1,0.0,13,11.0,2.0,9.0,41.0,20.0,0.0,0.0,0.0,138.0,45.0,34.0,57.0,England
"{'name': 'France', 'id': 250, 'alpha3code': 'FRA', 'alpha2code': 'FR'}",76,Serge,,Aurier,1624,1992-12-24,176,"{'code2': 'DF', 'code3': 'DEF', 'name': 'Defender'}","{'name': ""C\\u00f4te d'Ivoire"", 'id': 384, 'alpha3code': 'CIV', 'alpha2code': 'CI'}",25785,right,S. Aurier,null,Serge Aurier,Serge Aurier,Serge Aurier,ci CIV,DF,Tottenham,24,1992,15.9,779.0,1035.0,75.3,12584.0,4253.0,398.0,474.0,84.0,322.0,419.0,76.8,49.0,98.0,50.0,2,2.6,1.3,-0.6,14.0,37.0,25.0,6.0,67.0,48.0,35.5,27.0,13.0,8.0,11.0,31.0,20.0,20.0,1.0,19.0,31.0,79.0,54.0,1.0,Matches,1035.0,837.0,194.0,7.0,1.0,2.0,68.0,187.0,0.0,0.0,0.0,0.0,779.0,4.0,35.0,3,1,1.0,21,16.0,2.0,68.0,31.0,27.0,0.0,1.0,0.0,89.0,48.0,29.0,62.3,England
"{'name': 'Algeria', 'id': 12, 'alpha3code': 'DZA', 'alpha2code': 'DZ'}",62,Riyad,,Mahrez,1625,1991-02-21,179,"{'code2': 'MD', 'code3': 'MID', 'name': 'Midfielder'}","{'name': 'France', 'id': 250, 'alpha3code': 'FRA', 'alpha2code': 'FR'}",26150,left,R. Mahrez,16009,Riyad Mahrez,Riyad Mahrez,Riyad Mahrez,dz ALG,"MF,FW",Leicester City,26,1991,32.8,1088.0,1485.0,73.3,19045.0,6041.0,553.0,647.0,85.5,326.0,436.0,74.8,150.0,267.0,56.2,10,7.2,7.0,2.8,57.0,122.0,50.0,8.0,190.0,39.0,15.9,16.0,17.0,6.0,10.0,63.0,53.0,32.0,1.0,31.0,18.0,57.0,15.0,0.0,Matches,1485.0,1249.0,224.0,86.0,18.0,28.0,158.0,39.0,93.0,62.0,11.0,0.0,1088.0,12.0,34.0,2,0,0.0,23,58.0,10.0,158.0,18.0,27.0,0.0,0.0,0.0,174.0,28.0,52.0,35.0,England
"{'name': 'Congo DR', 'id': 180, 'alpha3code': 'COD', 'alpha2code': 'CD'}",78,Benik,,Afobe,1639,1993-02-12,183,"{'code2': 'FW', 'code3': 'FWD', 'name': 'Forward'}","{'name': 'England', 'id': 0, 'alpha3code': 'XEN', 'alpha2code': ''}",134351,right,B. Afobe,18538,Benik Afobe,Benik Afobe,Benik Afobe,cd COD,FW,Bournemouth,24,1993,6.8,113.0,154.0,73.4,1370.0,152.0,77.0,102.0,75.5,27.0,38.0,71.1,0.0,1.0,0.0,0,0.1,0.1,-0.1,2.0,8.0,2.0,0.0,9.0,4.0,16.7,1.0,2.0,1.0,1.0,6.0,5.0,4.0,0.0,4.0,0.0,4.0,6.0,0.0,Matches,154.0,142.0,12.0,1.0,0.0,0.0,2.0,0.0,0.0,0.0,0.0,0.0,113.0,0.0,2.0,0,0,0.0,9,13.0,4.0,2.0,0.0,3.0,1.0,0.0,0.0,17.0,22.0,38.0,36.7,England
"{'name': 'Netherlands', 'id': 528, 'alpha3code': 'NLD', 'alpha2code': 'NL'}",70,Davy,,Klaassen,2443,1993-02-21,179,"{'code2': 'MD', 'code3': 'MID', 'name': 'Midfielder'}","{'name': 'Netherlands', 'id': 528, 'alpha3code': 'NLD', 'alpha2code': 'NL'}",56,right,D. Klaassen,null,Davy Klaassen,Davy Klaassen,Davy Klaassen,nl NED,"MF,FW",Everton,24,1993,2.8,80.0,103.0,77.7,1223.0,282.0,39.0,47.0,83.0,32.0,40.0,80.0,4.0,5.0,80.0,0,0.1,0.1,-0.1,2.0,5.0,2.0,0.0,11.0,3.0,33.3,1.0,2.0,0.0,2.0,6.0,4.0,2.0,1.0,1.0,1.0,4.0,2.0,0.0,Matches,103.0,98.0,5.0,0.0,0.0,1.0,3.0,1.0,0.0,0.0,0.0,0.0,80.0,0.0,7.0,0,0,0.0,5,2.0,1.0,3.0,1.0,1.0,0.0,0.0,0.0,10.0,2.0,3.0,40.0,England
"{'name': 'Cura\\u00e7ao', 'id': 531, 'alpha3code': 'CUW', 'alpha2code': 'CW'}",78,J\u00fcrgen,,Locadia,1651,1993-11-07,185,"{'code2': 'FW', 'code3': 'FWD', 'name': 'Forward'}","{'name': 'Netherlands', 'id': 528, 'alpha3code': 'NLD', 'alpha2code': 'NL'}",120,right,J. Locadia,null,Jürgen Locadia,Jürgen Locadia,Jürgen Locadia,cw CUW,"FW,MF",Brighton,23,1993,2.5,38.0,55.0,69.1,697.0,140.0,18.0,23.0,78.3,9.0,15.0,60.0,8.0,9.0,88.9,1,0.1,0.0,0.9,1.0,4.0,0.0,0.0,4.0,1.0,0.0,0.0,1.0,0.0,0.0,1.0,1.0,0.0,0.0,0.0,1.0,2.0,1.0,1.0,Matches,55.0,51.0,4.0,0.0,1.0,0.0,3.0,1.0,0.0,0.0,0.0,0.0,38.0,0.0,4.0,0,0,0.0,2,3.0,2.0,3.0,1.0,0.0,0.0,0.0,0.0,12.0,1.0,10.0,9.1,England
"{'name': 'Scotland', 'id': 0, 'alpha3code': 'XSC', 'alpha2code': ''}",62,Ryan,,Fraser,1659,1994-02-24,163,"{'code2': 'MD', 'code3': 'MID', 'name': 'Midfielder'}","{'name': 'Scotland', 'id': 0, 'alpha3code': 'XSC', 'alpha2code': ''}",62224,right,R. Fraser,8664,Ryan Fraser,Ryan Fraser,Ryan Fraser,sct SCO,"MF,DF",Bournemouth,23,1994,22.3,694.0,1005.0,69.1,11573.0,4056.0,349.0,436.0,80.0,281.0,393.0,71.5,54.0,137.0,39.4,3,3.3,2.8,-0.3,42.0,61.0,35.0,15.0,99.0,11.0,35.0,7.0,2.0,2.0,7.0,20.0,13.0,20.0,4.0,16.0,17.0,28.0,34.0,0.0,Matches,1005.0,866.0,134.0,29.0,3.0,2.0,138.0,46.0,59.0,27.0,22.0,0.0,694.0,5.0,39.0,0,0,0.0,6,45.0,1.0,138.0,17.0,8.0,0.0,0.0,0.0,103.0,8.0,25.0,24.2,England
"{'name': 'Senegal', 'id': 686, 'alpha3code': 'SEN', 'alpha2code': 'SN'}",76,Massadio,,Ha\u00efdara,3773,1992-12-02,179,"{'code2': 'DF', 'code3': 'DEF', 'name': 'Defender'}","{'name': 'France', 'id': 250, 'alpha3code': 'FRA', 'alpha2code': 'FR'}",26109,left,M. Ha\u00efdara,null,Massadio Haïdara,Massadio Haïdara,Massadio Haïdara,ml MLI,FW,Newcastle Utd,24,1992,0.0,2.0,2.0,100.0,17.0,0.0,2.0,2.0,100.0,0.0,0.0,,0.0,0.0,,0,0.0,0.0,0.0,0.0,0.0,0.0,0.0,0.0,0.0,,0.0,0.0,0.0,0.0,0.0,0.0,0.0,0.0,0.0,0.0,0.0,0.0,0.0,Matches,2.0,2.0,0.0,0.0,0.0,0.0,0.0,0.0,0.0,0.0,0.0,0.0,2.0,0.0,0.0,0,0,0.0,0,0.0,0.0,0.0,0.0,0.0,0.0,0.0,0.0,0.0,0.0,0.0,,England
"{'name': 'Congo DR', 'id': 180, 'alpha3code': 'COD', 'alpha2code': 'CD'}",70,Terence,,Kongolo,1673,1994-02-14,188,"{'code2': 'DF', 'code3': 'DEF', 'name': 'Defender'}","{'name': 'Netherlands', 'id': 528, 'alpha3code': 'NLD', 'alpha2code': 'NL'}",132,left,T. Kongolo,null,Terence Kongolo,Terence Kongolo,Terence Kongolo,nl NED,DF,Huddersfield,23,1994,11.7,263.0,390.0,67.4,4459.0,2277.0,128.0,157.0,81.5,110.0,154.0,71.4,17.0,51.0,33.3,0,0.1,0.3,-0.1,3.0,32.0,3.0,2.0,36.0,33.0,63.6,19.0,13.0,1.0,14.0,22.0,8.0,12.0,6.0,6.0,32.0,65.0,71.0,0.0,Matches,390.0,314.0,73.0,7.0,0.0,1.0,10.0,66.0,0.0,0.0,0.0,0.0,263.0,3.0,12.0,0,0,0.0,5,10.0,0.0,10.0,32.0,20.0,0.0,0.0,0.0,50.0,27.0,13.0,67.5,England
"{'name': 'Mali', 'id': 466, 'alpha3code': 'MLI', 'alpha2code': 'ML'}",75,Abdoulaye,,Doucour\u00e9,1644,1993-01-01,183,"{'code2': 'MD', 'code3': 'MID', 'name': 'Midfielder'}","{'name': 'France', 'id': 250, 'alpha3code': 'FRA', 'alpha2code': 'FR'}",28292,right,A. Doucour\u00e9,null,Abdoulaye Doucouré,Abdoulaye Doucouré,Abdoulaye Doucouré,ml MLI,MF,Watford,24,1993,36.9,1885.0,2278.0,82.7,30698.0,7812.0,907.0,1054.0,86.1,787.0,897.0,87.7,132.0,193.0,68.4,3,2.3,2.9,0.7,40.0,152.0,30.0,3.0,222.0,79.0,34.2,28.0,42.0,9.0,27.0,79.0,52.0,43.0,10.0,33.0,54.0,133.0,61.0,0.0,Matches,2278.0,2212.0,60.0,35.0,2.0,16.0,26.0,2.0,0.0,0.0,0.0,0.0,1885.0,6.0,44.0,10,0,0.0,44,26.0,2.0,26.0,54.0,52.0,0.0,1.0,0.0,345.0,42.0,51.0,45.2,England
"{'name': 'Bermuda', 'id': 60, 'alpha3code': 'BMU', 'alpha2code': 'BM'}",75,Nahki,,Wells,1650,1990-06-01,174,"{'code2': 'FW', 'code3': 'FWD', 'name': 'Forward'}","{'name': 'Bermuda', 'id': 60, 'alpha3code': 'BMU', 'alpha2code': 'BM'}",9179,right,N. Wells,null,Nahki Wells,Nahki Wells,Nahki Wells,bm BER,"FW,MF",Burnley,27,1990,0.6,16.0,18.0,88.9,264.0,13.0,6.0,6.0,100.0,8.0,10.0,80.0,1.0,1.0,100.0,0,0.0,0.0,0.0,0.0,0.0,0.0,0.0,1.0,4.0,100.0,0.0,3.0,1.0,1.0,1.0,0.0,2.0,0.0,2.0,0.0,4.0,0.0,0.0,Matches,18.0,17.0,1.0,0.0,0.0,0.0,2.0,0.0,0.0,0.0,0.0,0.0,16.0,0.0,0.0,0,0,0.0,4,0.0,0.0,2.0,0.0,3.0,0.0,0.0,0.0,5.0,0.0,5.0,0.0,England
"{'name': 'Poland', 'id': 616, 'alpha3code': 'POL', 'alpha2code': 'PL'}",81,James ,,Tarkowski,1646,1992-11-19,191,"{'code2': 'DF', 'code3': 'DEF', 'name': 'Defender'}","{'name': 'England', 'id': 0, 'alpha3code': 'XEN', 'alpha2code': ''}",9433,right,J. Tarkowski,null,James  Tarkowski,James Tarkowski,James Tarkowski,eng ENG,DF,Burnley,24,1992,31.0,800.0,1102.0,72.6,17749.0,8069.0,243.0,288.0,84.4,372.0,449.0,82.9,170.0,326.0,52.1,0,0.8,1.0,-0.8,7.0,64.0,8.0,2.0,59.0,46.0,44.7,36.0,10.0,0.0,17.0,38.0,21.0,55.0,43.0,12.0,50.0,96.0,223.0,2.0,Matches,1102.0,1078.0,17.0,17.0,0.0,25.0,4.0,0.0,0.0,0.0,0.0,0.0,800.0,7.0,3.0,5,0,0.0,25,24.0,3.0,4.0,50.0,26.0,0.0,2.0,0.0,127.0,144.0,58.0,71.3,England
"{'name': 'England', 'id': 0, 'alpha3code': 'XEN', 'alpha2code': ''}",66,Tom,,Carroll,10531,1992-05-28,178,"{'code2': 'MD', 'code3': 'MID', 'name': 'Midfielder'}","{'name': 'England', 'id': 0, 'alpha3code': 'XEN', 'alpha2code': ''}",8976,left,T. Carroll,null,Tom Carroll,Tom Carroll,Tom Carroll,eng ENG,MF,Swansea City,25,1992,28.6,1235.0,1577.0,78.3,21581.0,7289.0,575.0,640.0,89.8,472.0,566.0,83.4,147.0,283.0,51.9,4,4.1,4.1,-0.1,47.0,161.0,31.0,8.0,179.0,53.0,26.4,22.0,23.0,8.0,14.0,53.0,39.0,37.0,8.0,29.0,29.0,82.0,18.0,1.0,Matches,1577.0,1430.0,144.0,62.0,3.0,10.0,129.0,1.0,70.0,42.0,20.0,1.0,1235.0,3.0,32.0,3,0,0.0,23,17.0,1.0,129.0,29.0,33.0,0.0,0.0,0.0,139.0,10.0,21.0,32.3,England
"{'name': ""C\\u00f4te d'Ivoire"", 'id': 384, 'alpha3code': 'CIV', 'alpha2code': 'CI'}",72,Tiemou\u00e9,,Bakayoko,3157,1994-08-17,184,"{'code2': 'MD', 'code3': 'MID', 'name': 'Midfielder'}","{'name': 'France', 'id': 250, 'alpha3code': 'FRA', 'alpha2code': 'FR'}",28291,right,T. Bakayoko,null,Tiemoué Bakayoko,Tiemoué Bakayoko,Tiemoué Bakayoko,fr FRA,MF,Chelsea,22,1994,23.6,957.0,1116.0,85.8,14377.0,3737.0,511.0,571.0,89.5,326.0,377.0,86.5,58.0,76.0,76.3,2,1.2,0.9,0.8,16.0,88.0,9.0,1.0,123.0,64.0,33.3,25.0,32.0,7.0,16.0,48.0,32.0,23.0,6.0,17.0,37.0,101.0,38.0,4.0,Matches,1116.0,1104.0,9.0,8.0,0.0,13.0,5.0,1.0,0.0,0.0,0.0,0.0,957.0,3.0,9.0,5,1,1.0,50,24.0,2.0,5.0,37.0,41.0,0.0,0.0,0.0,169.0,40.0,34.0,54.1,England
"{'name': 'Nigeria', 'id': 566, 'alpha3code': 'NGA', 'alpha2code': 'NG'}",79,Freddie,,Ladapo,1649,1993-02-01,187,"{'code2': 'FW', 'code3': 'FWD', 'name': 'Forward'}","{'name': 'England', 'id': 0, 'alpha3code': 'XEN', 'alpha2code': ''}",13745,right,F. Ladapo,null,Freddie Ladapo,Freddie Ladapo,Freddie Ladapo,eng ENG,FW,Crystal Palace,24,1993,0.2,5.0,9.0,55.6,42.0,10.0,5.0,8.0,62.5,0.0,1.0,0.0,0.0,0.0,,0,0.0,0.0,0.0,0.0,0.0,0.0,0.0,0.0,0.0,,0.0,0.0,0.0,0.0,0.0,0.0,0.0,0.0,0.0,0.0,0.0,0.0,0.0,Matches,9.0,9.0,0.0,0.0,0.0,0.0,2.0,0.0,0.0,0.0,0.0,0.0,5.0,0.0,1.0,0,0,0.0,0,0.0,0.0,2.0,0.0,0.0,0.0,0.0,0.0,1.0,0.0,0.0,,England
"{'name': 'Ghana', 'id': 288, 'alpha3code': 'GHA', 'alpha2code': 'GH'}",72,Jeffrey ,,Schlupp,1628,1992-12-23,178,"{'code2': 'DF', 'code3': 'DEF', 'name': 'Defender'}","{'name': 'Germany', 'id': 276, 'alpha3code': 'DEU', 'alpha2code': 'DE'}",8501,left,J. Schlupp,null,Jeffrey  Schlupp,Jeffrey Schlupp,Jeffrey Schlupp,gh GHA,"DF,MF",Crystal Palace,24,1992,19.4,601.0,827.0,72.7,8825.0,3330.0,370.0,432.0,85.6,192.0,270.0,71.1,32.0,84.0,38.1,1,1.0,0.7,0.0,12.0,61.0,10.0,3.0,74.0,57.0,53.5,35.0,20.0,2.0,23.0,43.0,20.0,34.0,8.0,26.0,24.0,81.0,67.0,0.0,Matches,827.0,675.0,151.0,10.0,0.0,1.0,31.0,141.0,0.0,0.0,0.0,0.0,601.0,1.0,30.0,3,0,0.0,18,8.0,0.0,31.0,24.0,36.0,0.0,0.0,0.0,113.0,38.0,49.0,43.7,England
"{'name': 'Spain', 'id': 724, 'alpha3code': 'ESP', 'alpha2code': 'ES'}",86,Aymeric ,,Laporte,1625,1994-05-27,191,"{'code2': 'DF', 'code3': 'DEF', 'name': 'Defender'}","{'name': 'France', 'id': 250, 'alpha3code': 'FRA', 'alpha2code': 'FR'}",134502,left,A. Laporte,null,Aymeric  Laporte,Aymeric Laporte,Aymeric Laporte,es ESP,DF,Manchester City,23,1994,9.0,762.0,826.0,92.3,13329.0,4972.0,337.0,354.0,95.2,346.0,366.0,94.5,61.0,81.0,75.3,0,0.1,0.3,-0.1,2.0,54.0,3.0,1.0,72.0,8.0,37.5,6.0,2.0,0.0,3.0,8.0,5.0,2.0,1.0,1.0,11.0,19.0,27.0,0.0,Matches,826.0,801.0,25.0,12.0,1.0,10.0,2.0,13.0,0.0,0.0,0.0,0.0,762.0,0.0,3.0,1,0,0.0,10,4.0,0.0,2.0,11.0,7.0,0.0,0.0,0.0,90.0,24.0,9.0,72.7,England
"{'name': ""C\\u00f4te d'Ivoire"", 'id': 384, 'alpha3code': 'CIV', 'alpha2code': 'CI'}",75,Nathan,,Ak\u00e9,1659,1995-02-18,180,"{'code2': 'DF', 'code3': 'DEF', 'name': 'Defender'}","{'name': 'Netherlands', 'id': 528, 'alpha3code': 'NLD', 'alpha2code': 'NL'}",134102,left,N. Ak\u00e9,664,Nathan Aké,Nathan Aké,Nathan Aké,nl NED,DF,Bournemouth,22,1995,37.3,1344.0,1609.0,83.5,26293.0,11309.0,437.0,510.0,85.7,737.0,833.0,88.5,159.0,240.0,66.3,3,1.9,1.7,1.1,9.0,89.0,3.0,0.0,96.0,53.0,55.0,34.0,16.0,3.0,22.0,40.0,18.0,47.0,24.0,23.0,48.0,101.0,246.0,2.0,Matches,1609.0,1551.0,56.0,43.0,0.0,2.0,5.0,13.0,0.0,0.0,0.0,0.0,1344.0,2.0,11.0,5,0,0.0,27,19.0,2.0,5.0,48.0,32.0,0.0,0.0,0.0,178.0,104.0,89.0,53.9,England
"{'name': 'Scotland', 'id': 0, 'alpha3code': 'XSC', 'alpha2code': ''}",68,Jay,,Fulton,10531,1994-04-04,178,"{'code2': 'MD', 'code3': 'MID', 'name': 'Midfielder'}","{'name': 'England', 'id': 0, 'alpha3code': 'XEN', 'alpha2code': ''}",62344,right,J. Fulton,null,Jay Fulton,Jay Fulton,Jay Fulton,sct SCO,MF,Swansea City,23,1994,0.2,5.0,8.0,62.5,83.0,10.0,1.0,2.0,50.0,4.0,6.0,66.7,0.0,0.0,,0,0.0,0.0,0.0,0.0,0.0,0.0,0.0,0.0,0.0,,0.0,0.0,0.0,0.0,0.0,0.0,0.0,0.0,0.0,0.0,0.0,1.0,0.0,Matches,8.0,8.0,0.0,0.0,0.0,0.0,0.0,0.0,0.0,0.0,0.0,0.0,5.0,0.0,1.0,1,0,0.0,2,0.0,0.0,0.0,0.0,0.0,0.0,0.0,0.0,3.0,0.0,0.0,,England
"{'name': 'Netherlands', 'id': 528, 'alpha3code': 'NLD', 'alpha2code': 'NL'}",92,Virgil,,van Dijk,1612,1991-07-08,193,"{'code2': 'DF', 'code3': 'DEF', 'name': 'Defender'}","{'name': 'Netherlands', 'id': 528, 'alpha3code': 'NLD', 'alpha2code': 'NL'}",370,right,V. van Dijk,664,Virgil van Dijk,Virgil van Dijk,Virgil van Dijk,nl NED,DF,Liverpool,26,1991,14.0,1023.0,1140.0,89.7,20881.0,7404.0,295.0,317.0,93.1,577.0,613.0,94.1,136.0,191.0,71.2,0,1.2,0.8,-1.2,5.0,61.0,2.0,0.0,82.0,15.0,80.0,7.0,7.0,1.0,4.0,5.0,1.0,8.0,2.0,6.0,18.0,33.0,80.0,1.0,Matches,1140.0,1119.0,20.0,18.0,2.0,8.0,0.0,2.0,0.0,0.0,0.0,0.0,1023.0,1.0,2.0,1,0,0.0,8,11.0,0.0,0.0,18.0,8.0,0.0,1.0,0.0,69.0,77.0,29.0,72.6,England
"{'name': 'Netherlands', 'id': 528, 'alpha3code': 'NLD', 'alpha2code': 'NL'}",92,Virgil,,van Dijk,1612,1991-07-08,193,"{'code2': 'DF', 'code3': 'DEF', 'name': 'Defender'}","{'name': 'Netherlands', 'id': 528, 'alpha3code': 'NLD', 'alpha2code': 'NL'}",370,right,V. van Dijk,664,Virgil van Dijk,Virgil van Dijk,Virgil van Dijk,nl NED,DF,Southampton,26,1991,11.0,544.0,638.0,85.3,10773.0,3485.0,176.0,194.0,90.7,297.0,321.0,92.5,64.0,107.0,59.8,0,1.0,1.3,-1.0,3.0,27.0,2.0,0.0,42.0,10.0,66.7,6.0,2.0,2.0,2.0,3.0,1.0,14.0,13.0,1.0,29.0,39.0,81.0,1.0,Matches,638.0,615.0,20.0,19.0,1.0,13.0,1.0,1.0,0.0,0.0,0.0,0.0,544.0,3.0,1.0,0,0,0.0,6,10.0,0.0,1.0,29.0,7.0,0.0,1.0,0.0,71.0,60.0,21.0,74.1,England
"{'name': 'Netherlands', 'id': 528, 'alpha3code': 'NLD', 'alpha2code': 'NL'}",81,Mike,,van der Hoorn,10531,1992-10-15,190,"{'code2': 'DF', 'code3': 'DEF', 'name': 'Defender'}","{'name': 'Netherlands', 'id': 528, 'alpha3code': 'NLD', 'alpha2code': 'NL'}",284,right,M. van der Hoorn,null,Mike van der Hoorn,Mike van der Hoorn,Mike van der Hoorn,nl NED,DF,Swansea City,24,1992,21.6,669.0,882.0,75.9,13736.0,5320.0,215.0,250.0,86.0,340.0,400.0,85.0,106.0,210.0,50.5,0,0.6,0.2,-0.6,5.0,42.0,4.0,3.0,41.0,32.0,66.7,23.0,8.0,1.0,16.0,24.0,8.0,24.0,14.0,10.0,39.0,71.0,127.0,0.0,Matches,882.0,846.0,36.0,20.0,0.0,7.0,8.0,16.0,0.0,0.0,0.0,0.0,669.0,0.0,13.0,4,0,0.0,22,18.0,0.0,8.0,39.0,22.0,0.0,1.0,0.0,96.0,55.0,43.0,56.1,England
"{'name': 'England', 'id': 0, 'alpha3code': 'XEN', 'alpha2code': ''}",83,Jamal,,Lascelles,1613,1993-11-11,189,"{'code2': 'DF', 'code3': 'DEF', 'name': 'Defender'}","{'name': 'England', 'id': 0, 'alpha3code': 'XEN', 'alpha2code': ''}",8833,right,J. Lascelles,null,Jamal Lascelles,Jamaal Lascelles,Jamaal Lascelles,eng ENG,DF,Newcastle Utd,23,1993,32.5,918.0,1195.0,76.8,17019.0,7376.0,346.0,393.0,88.0,448.0,545.0,82.2,100.0,204.0,49.0,0,0.7,0.8,-0.7,6.0,59.0,4.0,0.0,73.0,31.0,63.2,19.0,11.0,1.0,12.0,19.0,7.0,33.0,24.0,9.0,28.0,59.0,232.0,1.0,Matches,1195.0,1165.0,26.0,21.0,0.0,5.0,2.0,5.0,0.0,0.0,0.0,0.0,918.0,4.0,15.0,5,0,0.0,16,12.0,0.0,2.0,28.0,19.0,0.0,0.0,0.0,179.0,128.0,56.0,69.6,England
"{'name': 'Nigeria', 'id': 566, 'alpha3code': 'NGA', 'alpha2code': 'NG'}",81,Jordon ,,Ibe,1659,1995-12-08,176,"{'code2': 'MD', 'code3': 'MID', 'name': 'Midfielder'}","{'name': 'England', 'id': 0, 'alpha3code': 'XEN', 'alpha2code': ''}",9739,right,J. Ibe,null,Jordon  Ibe,Jordon Ibe,Jordon Ibe,eng ENG,"MF,FW",Bournemouth,21,1995,22.2,596.0,815.0,73.1,9636.0,2795.0,301.0,374.0,80.5,214.0,271.0,79.0,58.0,107.0,54.2,6,3.3,4.4,2.7,36.0,64.0,20.0,4.0,95.0,14.0,27.3,7.0,5.0,2.0,6.0,22.0,16.0,5.0,0.0,5.0,10.0,24.0,11.0,0.0,Matches,815.0,722.0,89.0,25.0,5.0,3.0,109.0,7.0,57.0,23.0,26.0,0.0,596.0,4.0,40.0,1,0,0.0,10,41.0,2.0,109.0,10.0,12.0,0.0,0.0,0.0,101.0,3.0,15.0,16.7,England
"{'name': 'England', 'id': 0, 'alpha3code': 'XEN', 'alpha2code': ''}",66,James ,,Ward-Prowse,1619,1994-11-01,173,"{'code2': 'MD', 'code3': 'MID', 'name': 'Midfielder'}","{'name': 'England', 'id': 0, 'alpha3code': 'XEN', 'alpha2code': ''}",8144,right,J. Ward-Prowse,null,James  Ward-Prowse,James Ward-Prowse,James Ward-Prowse,eng ENG,"FW,MF",Southampton,22,1994,19.1,631.0,919.0,68.7,10188.0,2960.0,347.0,404.0,85.9,209.0,293.0,71.3,54.0,155.0,34.8,3,2.8,3.1,0.2,36.0,50.0,14.0,6.0,66.0,23.0,11.1,9.0,11.0,3.0,3.0,27.0,24.0,29.0,1.0,28.0,8.0,31.0,31.0,0.0,Matches,919.0,765.0,149.0,45.0,0.0,4.0,159.0,8.0,93.0,50.0,36.0,1.0,631.0,5.0,24.0,3,0,0.0,18,12.0,0.0,159.0,8.0,16.0,0.0,0.0,0.0,98.0,21.0,47.0,30.9,England
"{'name': 'England', 'id': 0, 'alpha3code': 'XEN', 'alpha2code': ''}",72,Charlie,,Taylor,1646,1993-09-18,185,"{'code2': 'DF', 'code3': 'DEF', 'name': 'Defender'}","{'name': 'England', 'id': 0, 'alpha3code': 'XEN', 'alpha2code': ''}",9164,left,C. Taylor,null,Charlie Taylor,Charlie Taylor,Charlie Taylor,eng ENG,DF,Burnley,23,1993,10.6,316.0,463.0,68.3,5322.0,2255.0,149.0,178.0,83.7,134.0,172.0,77.9,24.0,82.0,29.3,0,0.2,0.2,-0.2,4.0,15.0,6.0,5.0,23.0,16.0,58.3,9.0,6.0,1.0,7.0,12.0,5.0,13.0,5.0,8.0,15.0,31.0,52.0,0.0,Matches,463.0,351.0,109.0,1.0,0.0,1.0,26.0,108.0,0.0,0.0,0.0,0.0,316.0,3.0,19.0,3,0,0.0,7,12.0,0.0,26.0,15.0,4.0,0.0,0.0,0.0,57.0,23.0,12.0,65.7,England
"{'name': 'Jamaica', 'id': 388, 'alpha3code': 'JAM', 'alpha2code': 'JM'}",73,Dwight,,Gayle,1627,1990-10-17,177,"{'code2': 'FW', 'code3': 'FWD', 'name': 'Forward'}","{'name': 'England', 'id': 0, 'alpha3code': 'XEN', 'alpha2code': ''}",12536,right,D. Gayle,null,Dwight Gayle,Dwight Gayle,Dwight Gayle,eng ENG,FW,Newcastle Utd,26,1990,21.8,319.0,444.0,71.8,3885.0,609.0,213.0,277.0,76.9,73.0,100.0,73.0,8.0,25.0,32.0,3,2.0,1.2,1.0,21.0,17.0,3.0,0.0,24.0,12.0,4.8,2.0,8.0,2.0,1.0,21.0,20.0,16.0,2.0,14.0,6.0,18.0,17.0,0.0,Matches,444.0,413.0,30.0,0.0,4.0,3.0,5.0,5.0,0.0,0.0,0.0,0.0,319.0,1.0,4.0,3,0,0.0,23,28.0,22.0,5.0,6.0,10.0,0.0,0.0,0.0,45.0,67.0,91.0,42.4,England
"{'name': 'Congo DR', 'id': 180, 'alpha3code': 'COD', 'alpha2code': 'CD'}",70,Arthur,,Masuaku,1633,1993-11-07,179,"{'code2': 'DF', 'code3': 'DEF', 'name': 'Defender'}","{'name': 'France', 'id': 250, 'alpha3code': 'FRA', 'alpha2code': 'FR'}",26499,left,A. Masuaku,18538,Arthur Masuaku,Arthur Masuaku,Arthur Masuaku,cd COD,DF,West Ham,23,1993,20.8,668.0,930.0,71.8,10657.0,3590.0,353.0,407.0,86.7,247.0,343.0,72.0,50.0,115.0,43.5,3,2.0,1.3,1.0,17.0,39.0,16.0,10.0,56.0,58.0,43.1,36.0,16.0,6.0,25.0,58.0,33.0,25.0,2.0,23.0,26.0,84.0,38.0,1.0,Matches,930.0,776.0,149.0,7.0,1.0,7.0,100.0,142.0,0.0,0.0,0.0,0.0,668.0,5.0,45.0,5,0,0.0,30,30.0,2.0,100.0,26.0,37.0,0.0,0.0,0.0,143.0,23.0,19.0,54.8,England
"{'name': 'Germany', 'id': 276, 'alpha3code': 'DEU', 'alpha2code': 'DE'}",87,Loris,,Karius,4489,1993-06-22,190,"{'code2': 'GK', 'code3': 'GKP', 'name': 'Goalkeeper'}","{'name': 'Germany', 'id': 276, 'alpha3code': 'DEU', 'alpha2code': 'DE'}",15175,right,L. Karius,null,Loris Karius,Loris Karius,Loris Karius,de GER,GK,Liverpool,24,1993,19.0,455.0,630.0,72.2,11925.0,9119.0,68.0,68.0,100.0,264.0,265.0,99.6,123.0,293.0,42.0,0,0.0,0.0,0.0,0.0,3.0,0.0,0.0,0.0,0.0,,0.0,0.0,0.0,0.0,0.0,0.0,0.0,0.0,0.0,1.0,1.0,4.0,0.0,Matches,630.0,487.0,140.0,37.0,0.0,1.0,0.0,0.0,0.0,0.0,0.0,0.0,455.0,3.0,1.0,1,0,0.0,2,3.0,0.0,0.0,1.0,0.0,0.0,2.0,0.0,35.0,7.0,1.0,87.5,England
"{'name': 'England', 'id': 0, 'alpha3code': 'XEN', 'alpha2code': ''}",62,Alex ,,Pritchard,1673,1993-05-03,171,"{'code2': 'MD', 'code3': 'MID', 'name': 'Midfielder'}","{'name': 'England', 'id': 0, 'alpha3code': 'XEN', 'alpha2code': ''}",8290,right,A. Pritchard,null,Alex  Pritchard,Alex Pritchard,Alex Pritchard,eng ENG,"MF,FW",Huddersfield,24,1993,11.1,259.0,393.0,65.9,4251.0,1189.0,142.0,173.0,82.1,77.0,116.0,66.4,27.0,65.0,41.5,1,1.9,1.2,-0.9,20.0,26.0,12.0,3.0,44.0,18.0,47.6,2.0,6.0,10.0,10.0,21.0,11.0,6.0,1.0,5.0,5.0,23.0,11.0,0.0,Matches,393.0,334.0,58.0,16.0,1.0,1.0,48.0,0.0,23.0,13.0,4.0,3.0,259.0,1.0,14.0,1,0,0.0,5,23.0,1.0,48.0,5.0,8.0,1.0,0.0,0.0,69.0,2.0,19.0,9.5,England
"{'name': 'England', 'id': 0, 'alpha3code': 'XEN', 'alpha2code': ''}",82,Michael,,Keane,1623,1993-01-11,188,"{'code2': 'DF', 'code3': 'DEF', 'name': 'Defender'}","{'name': 'England', 'id': 0, 'alpha3code': 'XEN', 'alpha2code': ''}",7919,right,M. Keane,2413,Michael Keane,Michael Keane,Michael Keane,eng ENG,DF,Everton,24,1993,28.4,905.0,1170.0,77.4,19215.0,7605.0,270.0,330.0,81.8,481.0,552.0,87.1,149.0,258.0,57.8,1,0.5,0.4,0.5,4.0,76.0,4.0,0.0,83.0,33.0,44.2,26.0,5.0,2.0,19.0,43.0,24.0,39.0,28.0,11.0,53.0,86.0,214.0,0.0,Matches,1170.0,1148.0,18.0,13.0,0.0,17.0,4.0,5.0,0.0,0.0,0.0,0.0,905.0,4.0,17.0,3,0,0.0,21,10.0,4.0,4.0,53.0,25.0,0.0,0.0,0.0,138.0,128.0,85.0,60.1,England
"{'name': 'Wales', 'id': 0, 'alpha3code': 'XWA', 'alpha2code': ''}",77,Paul,,Dummett,1613,1991-09-26,183,"{'code2': 'DF', 'code3': 'DEF', 'name': 'Defender'}","{'name': 'England', 'id': 0, 'alpha3code': 'XEN', 'alpha2code': ''}",7978,left,P. Dummett,10682,Paul Dummett,Paul Dummett,Paul Dummett,wls WAL,DF,Newcastle Utd,25,1991,17.8,535.0,779.0,68.7,8906.0,4389.0,252.0,304.0,82.9,223.0,305.0,73.1,43.0,119.0,36.1,0,0.3,0.6,-0.3,6.0,50.0,7.0,3.0,57.0,28.0,48.1,21.0,7.0,0.0,13.0,27.0,14.0,27.0,10.0,17.0,23.0,51.0,107.0,1.0,Matches,779.0,615.0,160.0,6.0,1.0,2.0,22.0,154.0,0.0,0.0,0.0,0.0,535.0,4.0,23.0,1,0,0.0,8,11.0,0.0,22.0,23.0,19.0,0.0,1.0,0.0,73.0,54.0,34.0,61.4,England
"{'name': 'England', 'id': 0, 'alpha3code': 'XEN', 'alpha2code': ''}",75,Luke,,Shaw,1611,1995-07-12,185,"{'code2': 'DF', 'code3': 'DEF', 'name': 'Defender'}","{'name': 'England', 'id': 0, 'alpha3code': 'XEN', 'alpha2code': ''}",8135,left,L. Shaw,2413,Luke Shaw,Luke Shaw,Luke Shaw,eng ENG,DF,Manchester Utd,22,1995,8.8,465.0,585.0,79.5,6012.0,2057.0,278.0,308.0,90.3,137.0,173.0,79.2,12.0,38.0,31.6,0,0.4,0.3,-0.4,9.0,39.0,9.0,0.0,48.0,18.0,61.1,10.0,7.0,1.0,11.0,18.0,7.0,16.0,2.0,14.0,4.0,22.0,22.0,1.0,Matches,585.0,495.0,89.0,5.0,0.0,2.0,30.0,77.0,7.0,0.0,6.0,0.0,465.0,1.0,23.0,2,0,0.0,4,8.0,0.0,30.0,4.0,15.0,0.0,0.0,0.0,42.0,17.0,19.0,47.2,England
"{'name': 'Bosnia-Herzegovina', 'id': 70, 'alpha3code': 'BIH', 'alpha2code': 'BA'}",85,Sead,,Kola\u0161inac,1609,1993-06-20,183,"{'code2': 'DF', 'code3': 'DEF', 'name': 'Defender'}","{'name': 'Germany', 'id': 276, 'alpha3code': 'DEU', 'alpha2code': 'DE'}",14869,left,S. Kola\u0161inac,null,Sead Kolašinac,Sead Kolašinac,Sead Kolašinac,ba BIH,DF,Arsenal,24,1993,23.9,1203.0,1515.0,79.4,17835.0,5821.0,648.0,753.0,86.1,469.0,576.0,81.4,40.0,86.0,46.5,4,3.5,3.3,0.5,19.0,69.0,19.0,6.0,105.0,49.0,51.3,28.0,13.0,8.0,20.0,39.0,19.0,15.0,3.0,12.0,26.0,75.0,56.0,0.0,Matches,1515.0,1294.0,219.0,16.0,0.0,4.0,42.0,203.0,0.0,0.0,0.0,0.0,1203.0,2.0,38.0,3,0,0.0,32,10.0,1.0,42.0,26.0,37.0,0.0,0.0,0.0,134.0,47.0,32.0,59.5,England
"{'name': 'Jamaica', 'id': 388, 'alpha3code': 'JAM', 'alpha2code': 'JM'}",79,Isaac,,Hayden,1613,1995-03-22,187,"{'code2': 'MD', 'code3': 'MID', 'name': 'Midfielder'}","{'name': 'England', 'id': 0, 'alpha3code': 'XEN', 'alpha2code': ''}",134294,right,I. Hayden,null,Isaac Hayden,Isaac Hayden,Isaac Hayden,jm JAM,MF,Newcastle Utd,22,1995,15.3,405.0,550.0,73.6,6070.0,1768.0,226.0,279.0,81.0,142.0,183.0,77.6,20.0,41.0,48.8,0,0.6,1.2,-0.6,11.0,37.0,12.0,5.0,45.0,40.0,35.3,23.0,16.0,1.0,12.0,34.0,22.0,21.0,6.0,15.0,23.0,63.0,43.0,0.0,Matches,550.0,532.0,15.0,5.0,0.0,1.0,17.0,3.0,0.0,0.0,0.0,0.0,405.0,3.0,16.0,7,0,0.0,30,12.0,0.0,17.0,23.0,23.0,0.0,0.0,0.0,69.0,48.0,44.0,52.2,England
"{'name': 'Guadeloupe', 'id': 312, 'alpha3code': 'GLP', 'alpha2code': 'GP'}",76,Anthony,,Martial,1611,1995-12-05,184,"{'code2': 'FW', 'code3': 'FWD', 'name': 'Forward'}","{'name': 'France', 'id': 250, 'alpha3code': 'FRA', 'alpha2code': 'FR'}",134513,right,A. Martial,null,Anthony Martial,Anthony Martial,Anthony Martial,fr FRA,FW,Manchester Utd,21,1995,17.6,613.0,789.0,77.7,7580.0,1899.0,374.0,431.0,86.8,155.0,193.0,80.3,18.0,43.0,41.9,5,5.1,4.6,-0.1,33.0,35.0,27.0,2.0,52.0,15.0,25.0,9.0,2.0,4.0,3.0,12.0,9.0,5.0,1.0,4.0,3.0,18.0,7.0,0.0,Matches,789.0,767.0,20.0,6.0,4.0,0.0,48.0,8.0,6.0,5.0,0.0,0.0,613.0,2.0,35.0,1,0,0.0,17,27.0,8.0,48.0,3.0,13.0,0.0,0.0,0.0,79.0,14.0,24.0,36.8,England
"{'name': 'England', 'id': 0, 'alpha3code': 'XEN', 'alpha2code': ''}",74,Will,,Hughes,1644,1995-04-17,185,"{'code2': 'MD', 'code3': 'MID', 'name': 'Midfielder'}","{'name': 'England', 'id': 0, 'alpha3code': 'XEN', 'alpha2code': ''}",8981,left,W. Hughes,null,Will Hughes,Will Hughes,Will Hughes,eng ENG,MF,Watford,22,1995,11.0,322.0,416.0,77.4,4055.0,1197.0,208.0,241.0,86.3,78.0,103.0,75.7,8.0,21.0,38.1,3,1.5,1.8,1.5,17.0,35.0,14.0,1.0,60.0,34.0,47.4,7.0,18.0,9.0,9.0,19.0,10.0,16.0,1.0,15.0,15.0,49.0,6.0,0.0,Matches,416.0,399.0,14.0,3.0,4.0,0.0,10.0,0.0,6.0,6.0,0.0,0.0,322.0,3.0,12.0,0,0,0.0,19,21.0,1.0,10.0,15.0,18.0,0.0,0.0,0.0,58.0,3.0,14.0,17.6,England
"{'name': 'England', 'id': 0, 'alpha3code': 'XEN', 'alpha2code': ''}",84,Tom,,Smith,1673,1992-04-14,186,"{'code2': 'DF', 'code3': 'DEF', 'name': 'Defender'}","{'name': 'England', 'id': 0, 'alpha3code': 'XEN', 'alpha2code': ''}",11078,right,T. Smith,null,Tom Smith,Tommy Smith,Tommy Smith,eng ENG,DF,Huddersfield,25,1992,21.2,773.0,1118.0,69.1,12945.0,4931.0,374.0,431.0,86.8,315.0,445.0,70.8,70.0,189.0,37.0,1,1.8,1.8,-0.8,15.0,45.0,19.0,12.0,56.0,38.0,63.9,18.0,14.0,6.0,23.0,36.0,13.0,22.0,6.0,16.0,26.0,64.0,80.0,3.0,Matches,1118.0,835.0,280.0,21.0,1.0,1.0,64.0,259.0,0.0,0.0,0.0,0.0,773.0,3.0,29.0,7,0,0.0,20,18.0,3.0,64.0,26.0,27.0,0.0,1.0,0.0,109.0,18.0,15.0,54.5,England
"{'name': 'Norway', 'id': 578, 'alpha3code': 'NOR', 'alpha2code': 'NO'}",90,Alexander,,S\u00f8rloth,1628,1995-12-05,194,"{'code2': 'FW', 'code3': 'FWD', 'name': 'Forward'}","{'name': 'Norway', 'id': 578, 'alpha3code': 'NOR', 'alpha2code': 'NO'}",55224,right,A. S\u00f8rloth,7336,Alexander Sørloth,Alexander Sørloth,Alexander Sørloth,no NOR,FW,Crystal Palace,21,1995,4.0,65.0,114.0,57.0,851.0,221.0,40.0,62.0,64.5,19.0,33.0,57.6,2.0,7.0,28.6,0,0.5,0.5,-0.5,6.0,6.0,1.0,0.0,7.0,6.0,33.3,1.0,4.0,1.0,4.0,12.0,8.0,5.0,0.0,5.0,2.0,8.0,5.0,0.0,Matches,114.0,111.0,3.0,1.0,0.0,2.0,7.0,0.0,0.0,0.0,0.0,0.0,65.0,0.0,10.0,0,0,0.0,6,2.0,3.0,7.0,2.0,3.0,0.0,0.0,0.0,17.0,20.0,21.0,48.8,England
"{'name': 'England', 'id': 0, 'alpha3code': 'XEN', 'alpha2code': ''}",66,Calum,,Chambers,1616,1995-01-20,182,"{'code2': 'DF', 'code3': 'DEF', 'name': 'Defender'}","{'name': 'England', 'id': 0, 'alpha3code': 'XEN', 'alpha2code': ''}",171283,right,C. Chambers,null,Calum Chambers,Calum Chambers,Calum Chambers,eng ENG,DF,Arsenal,22,1995,9.6,521.0,630.0,82.7,9649.0,3313.0,203.0,228.0,89.0,257.0,298.0,86.2,54.0,84.0,64.3,0,0.1,0.2,-0.1,2.0,30.0,6.0,1.0,43.0,17.0,35.7,10.0,6.0,1.0,5.0,14.0,9.0,14.0,11.0,3.0,18.0,35.0,47.0,0.0,Matches,630.0,593.0,35.0,14.0,0.0,7.0,7.0,21.0,0.0,0.0,0.0,0.0,521.0,2.0,7.0,1,0,0.0,10,5.0,0.0,7.0,18.0,10.0,0.0,1.0,0.0,71.0,28.0,29.0,49.1,England
"{'name': 'France', 'id': 250, 'alpha3code': 'FRA', 'alpha2code': 'FR'}",83,Steve,,Mouni\u00e9,1673,1994-09-29,190,"{'code2': 'FW', 'code3': 'FWD', 'name': 'Forward'}","{'name': 'Benin', 'id': 204, 'alpha3code': 'BEN', 'alpha2code': 'BJ'}",214654,right,S. Mouni\u00e9,18884,Steve Mounié,Steve Mounié,Steve Mounié,bj BEN,FW,Huddersfield,22,1994,20.6,325.0,536.0,60.6,4180.0,756.0,205.0,309.0,66.3,76.0,147.0,51.7,13.0,18.0,72.2,1,1.8,0.7,-0.8,17.0,22.0,5.0,0.0,27.0,11.0,0.0,2.0,4.0,5.0,0.0,19.0,19.0,23.0,3.0,20.0,7.0,18.0,30.0,0.0,Matches,536.0,512.0,22.0,0.0,2.0,2.0,9.0,2.0,0.0,0.0,0.0,0.0,325.0,2.0,9.0,2,0,0.0,28,16.0,23.0,9.0,7.0,8.0,0.0,0.0,0.0,63.0,143.0,131.0,52.2,England
"{'name': 'Morocco', 'id': 504, 'alpha3code': 'MAR', 'alpha2code': 'MA'}",60,Sofiane,,Boufal,692,1993-09-17,170,"{'code2': 'MD', 'code3': 'MID', 'name': 'Midfielder'}","{'name': 'France', 'id': 250, 'alpha3code': 'FRA', 'alpha2code': 'FR'}",215983,right,S. Boufal,null,Sofiane Boufal,Sofiane Boufal,Sofiane Boufal,ma MAR,"FW,MF",Southampton,23,1993,13.5,431.0,580.0,74.3,6295.0,1617.0,250.0,302.0,82.8,123.0,164.0,75.0,32.0,60.0,53.3,2,1.8,1.8,0.2,21.0,37.0,24.0,3.0,76.0,37.0,34.3,12.0,14.0,11.0,12.0,35.0,23.0,20.0,1.0,19.0,6.0,43.0,6.0,0.0,Matches,580.0,553.0,25.0,3.0,6.0,5.0,40.0,6.0,11.0,9.0,1.0,0.0,431.0,2.0,18.0,1,0,0.0,27,28.0,2.0,40.0,6.0,24.0,0.0,0.0,0.0,81.0,6.0,12.0,33.3,England
"{'name': 'Ghana', 'id': 288, 'alpha3code': 'GHA', 'alpha2code': 'GH'}",79,Daniel,,Amartey,1631,1994-12-21,186,"{'code2': 'MD', 'code3': 'MID', 'name': 'Midfielder'}","{'name': 'Ghana', 'id': 288, 'alpha3code': 'GHA', 'alpha2code': 'GH'}",217078,right,D. Amartey,17522,Daniel Amartey,Daniel Amartey,Daniel Amartey,gh GHA,DF,Leicester City,22,1994,5.4,239.0,310.0,77.1,3859.0,1555.0,129.0,142.0,90.8,83.0,109.0,76.1,20.0,45.0,44.4,0,0.0,0.1,0.0,0.0,14.0,0.0,0.0,14.0,8.0,42.9,7.0,1.0,0.0,3.0,7.0,4.0,7.0,3.0,4.0,7.0,15.0,21.0,1.0,Matches,310.0,249.0,61.0,1.0,0.0,2.0,0.0,60.0,0.0,0.0,0.0,0.0,239.0,0.0,1.0,2,1,1.0,5,7.0,0.0,0.0,7.0,4.0,0.0,0.0,0.0,30.0,10.0,7.0,58.8,England
"{'name': 'Scotland', 'id': 0, 'alpha3code': 'XSC', 'alpha2code': ''}",63,Andrew,,Robertson,1612,1994-03-11,178,"{'code2': 'DF', 'code3': 'DEF', 'name': 'Defender'}","{'name': 'Scotland', 'id': 0, 'alpha3code': 'XSC', 'alpha2code': ''}",222220,left,A. Robertson,8664,Andrew Robertson,Andrew Robertson,Andrew Robertson,sct SCO,DF,Liverpool,23,1994,21.6,1404.0,1681.0,83.5,22245.0,6855.0,692.0,753.0,91.9,595.0,691.0,86.1,73.0,149.0,49.0,5,4.1,3.4,0.9,24.0,121.0,31.0,8.0,150.0,31.0,51.7,19.0,9.0,3.0,15.0,29.0,14.0,22.0,2.0,20.0,26.0,57.0,56.0,0.0,Matches,1681.0,1497.0,182.0,12.0,3.0,3.0,88.0,170.0,0.0,0.0,0.0,0.0,1404.0,2.0,42.0,2,0,0.0,15,4.0,5.0,88.0,26.0,17.0,0.0,0.0,0.0,140.0,15.0,9.0,62.5,England
"{'name': 'England', 'id': 0, 'alpha3code': 'XEN', 'alpha2code': ''}",72,Sam,,Byram,1642,1993-09-16,180,"{'code2': 'DF', 'code3': 'DEF', 'name': 'Defender'}","{'name': 'England', 'id': 0, 'alpha3code': 'XEN', 'alpha2code': ''}",224206,right,S. Byram,null,Sam Byram,Sam Byram,Sam Byram,eng ENG,"DF,MF",West Ham,23,1993,2.8,73.0,123.0,59.3,1293.0,676.0,29.0,40.0,72.5,37.0,53.0,69.8,6.0,25.0,24.0,0,0.1,0.4,-0.1,2.0,12.0,5.0,3.0,14.0,9.0,44.4,6.0,3.0,0.0,4.0,9.0,5.0,6.0,2.0,4.0,9.0,18.0,16.0,0.0,Matches,123.0,93.0,30.0,1.0,0.0,0.0,10.0,29.0,0.0,0.0,0.0,0.0,73.0,0.0,5.0,1,0,0.0,4,1.0,1.0,10.0,9.0,5.0,0.0,0.0,0.0,10.0,13.0,7.0,65.0,England
"{'name': ""C\\u00f4te d'Ivoire"", 'id': 384, 'alpha3code': 'CIV', 'alpha2code': 'CI'}",72,Jeremie,,Boga,3315,1997-01-03,174,"{'code2': 'FW', 'code3': 'FWD', 'name': 'Forward'}","{'name': 'France', 'id': 250, 'alpha3code': 'FRA', 'alpha2code': 'FR'}",227756,right,J. Boga,null,Jeremie Boga,Jeremie Boga,Jeremie Boga,ci CIV,MF,Chelsea,20,1997,0.2,4.0,4.0,100.0,33.0,7.0,1.0,1.0,100.0,1.0,1.0,100.0,0.0,0.0,,0,0.0,0.0,0.0,0.0,0.0,0.0,0.0,0.0,0.0,,0.0,0.0,0.0,0.0,0.0,0.0,0.0,0.0,0.0,0.0,0.0,0.0,0.0,Matches,4.0,4.0,0.0,0.0,0.0,0.0,0.0,0.0,0.0,0.0,0.0,0.0,4.0,0.0,0.0,0,0,0.0,1,0.0,0.0,0.0,0.0,0.0,0.0,0.0,0.0,0.0,0.0,0.0,,England
"{'name': 'Jamaica', 'id': 388, 'alpha3code': 'JAM', 'alpha2code': 'JM'}",75,Jerome,,Sinclair,1632,1996-09-20,181,"{'code2': 'FW', 'code3': 'FWD', 'name': 'Forward'}","{'name': 'England', 'id': 0, 'alpha3code': 'XEN', 'alpha2code': ''}",234408,right,J. Sinclair,null,Jerome Sinclair,Jerome Sinclair,Jerome Sinclair,eng ENG,"MF,FW",Watford,20,1996,0.3,7.0,8.0,87.5,91.0,40.0,4.0,4.0,100.0,2.0,3.0,66.7,0.0,0.0,,0,0.0,0.0,0.0,1.0,1.0,1.0,0.0,2.0,0.0,0.0,0.0,0.0,0.0,0.0,1.0,1.0,0.0,0.0,0.0,1.0,1.0,0.0,0.0,Matches,8.0,8.0,0.0,0.0,0.0,0.0,0.0,0.0,0.0,0.0,0.0,0.0,7.0,0.0,0.0,0,0,0.0,1,0.0,0.0,0.0,1.0,0.0,0.0,0.0,0.0,2.0,0.0,1.0,0.0,England
"{'name': 'Barbados', 'id': 52, 'alpha3code': 'BRB', 'alpha2code': 'BB'}",77,Tyrone,,Mings,1659,1993-03-19,196,"{'code2': 'DF', 'code3': 'DEF', 'name': 'Defender'}","{'name': 'England', 'id': 0, 'alpha3code': 'XEN', 'alpha2code': ''}",239411,left,T. Mings,null,Tyrone Mings,Tyrone Mings,Tyrone Mings,eng ENG,DF,Bournemouth,24,1993,2.2,91.0,116.0,78.4,1830.0,798.0,29.0,36.0,80.6,48.0,51.0,94.1,13.0,26.0,50.0,0,0.1,0.1,-0.1,1.0,4.0,2.0,1.0,8.0,1.0,,1.0,0.0,0.0,0.0,0.0,0.0,2.0,2.0,0.0,6.0,7.0,13.0,1.0,Matches,116.0,111.0,5.0,3.0,0.0,2.0,1.0,2.0,0.0,0.0,0.0,0.0,91.0,0.0,2.0,1,0,0.0,2,1.0,0.0,1.0,6.0,1.0,0.0,0.0,0.0,14.0,2.0,2.0,50.0,England
"{'name': 'Suriname', 'id': 740, 'alpha3code': 'SUR', 'alpha2code': 'SR'}",79,Ja\u00efro,,Riedewald,1628,1996-09-09,182,"{'code2': 'DF', 'code3': 'DEF', 'name': 'Defender'}","{'name': 'Netherlands', 'id': 528, 'alpha3code': 'NLD', 'alpha2code': 'NL'}",240559,left,J. Riedewald,null,Jaïro Riedewald,Jaïro Riedewald,Jaïro Riedewald,nl NED,"MF,DF",Crystal Palace,20,1996,4.9,126.0,159.0,79.2,2174.0,915.0,65.0,73.0,89.0,39.0,51.0,76.5,16.0,25.0,64.0,0,0.0,0.1,0.0,0.0,16.0,4.0,2.0,16.0,11.0,0.0,6.0,4.0,1.0,0.0,2.0,2.0,7.0,1.0,6.0,12.0,23.0,13.0,0.0,Matches,159.0,156.0,2.0,1.0,0.0,0.0,2.0,1.0,0.0,0.0,0.0,0.0,126.0,1.0,3.0,0,0,0.0,3,0.0,0.0,2.0,12.0,8.0,0.0,0.0,0.0,23.0,4.0,3.0,57.1,England
"{'name': 'Senegal', 'id': 686, 'alpha3code': 'SEN', 'alpha2code': 'SN'}",80,Lys,,Mousset,1659,1996-02-08,184,"{'code2': 'FW', 'code3': 'FWD', 'name': 'Forward'}","{'name': 'France', 'id': 250, 'alpha3code': 'FRA', 'alpha2code': 'FR'}",245813,right,L. Mousset,null,Lys Mousset,Lys Mousset,Lys Mousset,fr FRA,"FW,MF",Bournemouth,21,1996,6.6,103.0,173.0,59.5,1464.0,445.0,64.0,103.0,62.1,28.0,44.0,63.6,6.0,10.0,60.0,0,0.8,0.5,-0.8,4.0,15.0,4.0,0.0,16.0,9.0,0.0,6.0,3.0,0.0,0.0,8.0,8.0,5.0,2.0,3.0,3.0,12.0,9.0,0.0,Matches,173.0,166.0,5.0,0.0,0.0,0.0,9.0,1.0,0.0,0.0,0.0,0.0,103.0,2.0,10.0,1,0,0.0,11,10.0,0.0,9.0,3.0,5.0,0.0,0.0,0.0,24.0,8.0,22.0,26.7,England
"{'name': 'England', 'id': 0, 'alpha3code': 'XEN', 'alpha2code': ''}",81,Alfie,,Mawson,1616,1994-01-19,188,"{'code2': 'DF', 'code3': 'DEF', 'name': 'Defender'}","{'name': 'England', 'id': 0, 'alpha3code': 'XEN', 'alpha2code': ''}",246866,right,A. Mawson,null,Alfie Mawson,Alfie Mawson,Alfie Mawson,eng ENG,DF,Swansea City,23,1994,38.0,1420.0,1755.0,80.9,31280.0,11208.0,407.0,462.0,88.1,732.0,847.0,86.4,268.0,403.0,66.5,1,0.6,0.6,0.4,5.0,87.0,5.0,1.0,92.0,32.0,59.3,24.0,8.0,0.0,16.0,27.0,11.0,41.0,32.0,9.0,35.0,67.0,229.0,5.0,Matches,1755.0,1699.0,51.0,47.0,1.0,43.0,2.0,4.0,0.0,0.0,0.0,0.0,1420.0,5.0,10.0,3,0,0.0,19,11.0,1.0,2.0,35.0,22.0,0.0,0.0,0.0,220.0,120.0,70.0,63.2,England
"{'name': 'England', 'id': 0, 'alpha3code': 'XEN', 'alpha2code': ''}",72,Solly,,March,1651,1994-07-20,180,"{'code2': 'MD', 'code3': 'MID', 'name': 'Midfielder'}","{'name': 'England', 'id': 0, 'alpha3code': 'XEN', 'alpha2code': ''}",247248,left,S. March,null,Solly March,Solly March,Solly March,eng ENG,"MF,FW",Brighton,23,1994,20.6,516.0,756.0,68.3,8609.0,2396.0,255.0,309.0,82.5,173.0,241.0,71.8,59.0,119.0,49.6,1,1.4,1.8,-0.4,18.0,33.0,19.0,9.0,60.0,54.0,40.7,34.0,14.0,6.0,22.0,54.0,32.0,27.0,3.0,24.0,13.0,67.0,49.0,0.0,Matches,756.0,710.0,35.0,4.0,1.0,11.0,102.0,6.0,18.0,6.0,9.0,1.0,516.0,11.0,36.0,3,0,0.0,29,22.0,7.0,102.0,13.0,41.0,1.0,0.0,0.0,135.0,19.0,42.0,31.1,England
"{'name': 'Latvia', 'id': 428, 'alpha3code': 'LVA', 'alpha2code': 'LV'}",68,DeAndre,,Yedlin,1613,1993-07-09,173,"{'code2': 'DF', 'code3': 'DEF', 'name': 'Defender'}","{'name': 'United States', 'id': 840, 'alpha3code': 'USA', 'alpha2code': 'US'}",252365,right,D. Yedlin,8134,DeAndre Yedlin,DeAndre Yedlin,DeAndre Yedlin,us USA,DF,Newcastle Utd,24,1993,31.6,1032.0,1398.0,73.8,15393.0,6339.0,594.0,670.0,88.7,347.0,492.0,70.5,59.0,158.0,37.3,2,2.0,1.4,0.0,19.0,58.0,26.0,16.0,74.0,57.0,48.1,39.0,14.0,4.0,26.0,54.0,28.0,37.0,7.0,30.0,44.0,101.0,114.0,0.0,Matches,1398.0,1068.0,327.0,5.0,2.0,4.0,73.0,322.0,0.0,0.0,0.0,0.0,1032.0,3.0,32.0,5,0,0.0,32,26.0,9.0,73.0,44.0,33.0,0.0,0.0,1.0,156.0,47.0,50.0,48.5,England
"{'name': 'Portugal', 'id': 620, 'alpha3code': 'PRT', 'alpha2code': 'PT'}",61,Emerson,,Hyndman,8514,1996-04-09,170,"{'code2': 'MD', 'code3': 'MID', 'name': 'Midfielder'}","{'name': 'United States', 'id': 840, 'alpha3code': 'USA', 'alpha2code': 'US'}",259531,right,E. Hyndman,null,Emerson Hyndman,Emerson Hyndman,Emerson Hyndman,us USA,MF,Bournemouth,21,1996,0.6,21.0,24.0,87.5,392.0,67.0,12.0,13.0,92.3,6.0,7.0,85.7,3.0,4.0,75.0,0,0.0,0.0,0.0,1.0,1.0,0.0,0.0,0.0,0.0,0.0,0.0,0.0,0.0,0.0,1.0,1.0,2.0,0.0,2.0,1.0,1.0,1.0,0.0,Matches,24.0,23.0,1.0,1.0,0.0,1.0,0.0,0.0,0.0,0.0,0.0,0.0,21.0,0.0,0.0,0,0,0.0,0,0.0,0.0,0.0,1.0,0.0,0.0,0.0,0.0,2.0,0.0,0.0,,England
"{'name': 'England', 'id': 0, 'alpha3code': 'XEN', 'alpha2code': ''}",72,Joe,,Lolley,1642,1992-08-25,178,"{'code2': 'MD', 'code3': 'MID', 'name': 'Midfielder'}","{'name': 'England', 'id': 0, 'alpha3code': 'XEN', 'alpha2code': ''}",274488,left,J. Lolley,null,Joe Lolley,Joe Lolley,Joe Lolley,eng ENG,"FW,MF",Huddersfield,24,1992,2.5,52.0,73.0,71.2,805.0,267.0,28.0,35.0,80.0,21.0,28.0,75.0,1.0,7.0,14.3,0,0.1,0.1,-0.1,1.0,9.0,1.0,1.0,11.0,2.0,0.0,1.0,1.0,0.0,0.0,2.0,2.0,0.0,0.0,0.0,3.0,5.0,2.0,1.0,Matches,73.0,73.0,0.0,0.0,0.0,0.0,8.0,0.0,0.0,0.0,0.0,0.0,52.0,0.0,1.0,1,0,0.0,3,2.0,0.0,8.0,3.0,0.0,0.0,0.0,0.0,13.0,3.0,4.0,42.9,England
"{'name': 'Mali', 'id': 466, 'alpha3code': 'MLI', 'alpha2code': 'ML'}",60,Fousseni,,Diabat\u00e9,1631,1995-10-18,175,"{'code2': 'FW', 'code3': 'FWD', 'name': 'Forward'}","{'name': 'France', 'id': 250, 'alpha3code': 'FRA', 'alpha2code': 'FR'}",277002,left,F. Diabat\u00e9,null,Fousseni Diabaté,Fousseni Diabaté,Fousseni Diabaté,ml MLI,"MF,FW",Leicester City,21,1995,6.5,182.0,237.0,76.8,2441.0,602.0,105.0,127.0,82.7,58.0,75.0,77.3,7.0,11.0,63.6,1,0.3,0.6,0.7,7.0,9.0,7.0,3.0,18.0,9.0,25.0,5.0,3.0,1.0,1.0,4.0,3.0,6.0,0.0,6.0,8.0,17.0,8.0,0.0,Matches,237.0,235.0,2.0,2.0,1.0,2.0,10.0,0.0,0.0,0.0,0.0,0.0,182.0,0.0,10.0,1,0,0.0,1,14.0,1.0,10.0,8.0,6.0,0.0,0.0,0.0,33.0,14.0,11.0,56.0,England
"{'name': 'England', 'id': 0, 'alpha3code': 'XEN', 'alpha2code': ''}",68,Kasey,,Palmer,1621,1996-11-09,175,"{'code2': 'MD', 'code3': 'MID', 'name': 'Midfielder'}","{'name': 'England', 'id': 0, 'alpha3code': 'XEN', 'alpha2code': ''}",279709,right,K. Palmer,null,Kasey Palmer,Kasey Palmer,Kasey Palmer,jm JAM,"MF,FW",Huddersfield,20,1996,1.9,43.0,58.0,74.1,650.0,193.0,27.0,32.0,84.4,13.0,18.0,72.2,2.0,5.0,40.0,0,0.1,0.3,-0.1,1.0,4.0,2.0,0.0,6.0,6.0,25.0,2.0,3.0,1.0,2.0,8.0,6.0,5.0,0.0,5.0,0.0,6.0,2.0,0.0,Matches,58.0,54.0,4.0,0.0,1.0,1.0,4.0,1.0,3.0,0.0,1.0,1.0,43.0,0.0,1.0,2,0,0.0,4,1.0,0.0,4.0,0.0,3.0,0.0,0.0,0.0,8.0,2.0,7.0,22.2,England
"{'name': 'England', 'id': 0, 'alpha3code': 'XEN', 'alpha2code': ''}",71,Ainsley,,Maitland-Niles,1609,1997-08-29,177,"{'code2': 'MD', 'code3': 'MID', 'name': 'Midfielder'}","{'name': 'England', 'id': 0, 'alpha3code': 'XEN', 'alpha2code': ''}",279717,right,A. Maitland-Niles,null,Ainsley Maitland-Niles,Ainsley Maitland-Niles,Ainsley Maitland-Niles,eng ENG,"DF,MF",Arsenal,19,1997,10.2,530.0,640.0,82.8,8182.0,2475.0,290.0,321.0,90.3,178.0,215.0,82.8,42.0,59.0,71.2,0,0.9,1.4,-0.9,8.0,37.0,14.0,4.0,35.0,25.0,45.2,12.0,7.0,6.0,14.0,31.0,17.0,15.0,1.0,14.0,12.0,37.0,35.0,2.0,Matches,640.0,550.0,87.0,6.0,0.0,3.0,20.0,81.0,0.0,0.0,0.0,0.0,530.0,3.0,18.0,1,0,0.0,10,5.0,0.0,20.0,12.0,17.0,0.0,1.0,0.0,73.0,6.0,14.0,30.0,England
"{'name': 'England', 'id': 0, 'alpha3code': 'XEN', 'alpha2code': ''}",75,Jordan,,Hugill,1620,1992-06-04,183,"{'code2': 'FW', 'code3': 'FWD', 'name': 'Forward'}","{'name': 'England', 'id': 0, 'alpha3code': 'XEN', 'alpha2code': ''}",280157,right,J. Hugill,null,Jordan Hugill,Jordan Hugill,Jordan Hugill,eng ENG,FW,West Ham,25,1992,0.3,3.0,9.0,33.3,37.0,0.0,2.0,4.0,50.0,1.0,5.0,20.0,0.0,0.0,,0,0.0,0.0,0.0,0.0,0.0,0.0,0.0,0.0,0.0,0.0,0.0,0.0,0.0,0.0,1.0,1.0,0.0,0.0,0.0,0.0,0.0,0.0,0.0,Matches,9.0,9.0,0.0,0.0,0.0,0.0,0.0,0.0,0.0,0.0,0.0,0.0,3.0,0.0,0.0,0,0,0.0,3,1.0,0.0,0.0,0.0,0.0,0.0,0.0,0.0,1.0,4.0,5.0,44.4,England
"{'name': 'England', 'id': 0, 'alpha3code': 'XEN', 'alpha2code': ''}",70,Matt,,Targett,1619,1995-09-18,183,"{'code2': 'DF', 'code3': 'DEF', 'name': 'Defender'}","{'name': 'Scotland', 'id': 0, 'alpha3code': 'XSC', 'alpha2code': ''}",281135,left,M. Targett,null,Matt Targett,Matt Targett,Matt Targett,eng ENG,DF,Southampton,21,1995,1.8,78.0,109.0,71.6,1440.0,660.0,40.0,42.0,95.2,25.0,34.0,73.5,12.0,28.0,42.9,0,0.1,0.2,-0.1,2.0,3.0,0.0,0.0,5.0,6.0,33.3,5.0,0.0,1.0,1.0,3.0,2.0,3.0,2.0,1.0,3.0,9.0,7.0,1.0,Matches,109.0,79.0,29.0,5.0,1.0,1.0,8.0,20.0,4.0,1.0,2.0,0.0,78.0,1.0,3.0,0,0,0.0,1,3.0,0.0,8.0,3.0,3.0,0.0,0.0,0.0,18.0,1.0,2.0,33.3,England
"{'name': 'England', 'id': 0, 'alpha3code': 'XEN', 'alpha2code': ''}",74,Demarai,,Gray,1631,1996-06-28,180,"{'code2': 'MD', 'code3': 'MID', 'name': 'Midfielder'}","{'name': 'England', 'id': 0, 'alpha3code': 'XEN', 'alpha2code': ''}",283142,right,D. Gray,2420,Demarai Gray,Demarai Gray,Demarai Gray,jm JAM,"MF,FW",Leicester City,21,1996,18.9,465.0,656.0,70.9,7329.0,1498.0,237.0,275.0,86.2,149.0,204.0,73.0,43.0,97.0,44.3,1,3.4,2.7,-2.4,27.0,32.0,15.0,6.0,37.0,17.0,17.4,6.0,9.0,2.0,4.0,23.0,19.0,27.0,0.0,27.0,11.0,28.0,14.0,1.0,Matches,656.0,595.0,55.0,7.0,1.0,10.0,86.0,7.0,29.0,23.0,2.0,0.0,465.0,6.0,29.0,2,0,0.0,7,30.0,4.0,86.0,11.0,15.0,1.0,0.0,0.0,99.0,5.0,24.0,17.2,England
"{'name': 'Croatia', 'id': 191, 'alpha3code': 'HRV', 'alpha2code': 'HR'}",80,Nikola,,Vla\u0161i\u0107,13886,1997-10-04,178,"{'code2': 'MD', 'code3': 'MID', 'name': 'Midfielder'}","{'name': 'Croatia', 'id': 191, 'alpha3code': 'HRV', 'alpha2code': 'HR'}",284476,right,N. Vla\u0161i\u0107,9598,Nikola Vlašić,Nikola Vlašić,Nikola Vlašić,hr CRO,"MF,FW",Everton,19,1997,6.4,152.0,211.0,72.0,1824.0,477.0,101.0,128.0,78.9,31.0,43.0,72.1,4.0,7.0,57.1,0,0.8,0.7,-0.8,11.0,5.0,7.0,1.0,16.0,9.0,22.2,3.0,6.0,0.0,2.0,9.0,7.0,14.0,2.0,12.0,9.0,18.0,10.0,0.0,Matches,211.0,209.0,2.0,0.0,2.0,0.0,8.0,0.0,1.0,1.0,0.0,0.0,152.0,0.0,11.0,0,0,0.0,7,7.0,1.0,8.0,9.0,5.0,0.0,0.0,0.0,39.0,5.0,14.0,26.3,England
"{'name': 'England', 'id': 0, 'alpha3code': 'XEN', 'alpha2code': ''}",74,Jonjoe,,Kenny,1623,1997-03-15,176,"{'code2': 'DF', 'code3': 'DEF', 'name': 'Defender'}","{'name': 'England', 'id': 0, 'alpha3code': 'XEN', 'alpha2code': ''}",286825,right,J. Kenny,2420,Jonjoe Kenny,Jonjoe Kenny,Jonjoe Kenny,eng ENG,DF,Everton,20,1997,17.7,576.0,849.0,67.8,9944.0,4622.0,306.0,352.0,86.9,187.0,272.0,68.8,71.0,168.0,42.3,1,1.5,1.3,-0.5,10.0,54.0,12.0,10.0,48.0,41.0,62.5,28.0,10.0,3.0,20.0,32.0,12.0,17.0,7.0,10.0,28.0,69.0,95.0,0.0,Matches,849.0,620.0,225.0,13.0,0.0,5.0,46.0,212.0,0.0,0.0,0.0,0.0,576.0,4.0,32.0,2,0,0.0,17,4.0,0.0,46.0,28.0,33.0,1.0,0.0,0.0,85.0,38.0,31.0,55.1,England
"{'name': 'Nigeria', 'id': 566, 'alpha3code': 'NGA', 'alpha2code': 'NG'}",80,Dominic,,Solanke,1612,1997-09-14,185,"{'code2': 'FW', 'code3': 'FWD', 'name': 'Forward'}","{'name': 'England', 'id': 0, 'alpha3code': 'XEN', 'alpha2code': ''}",286831,right,D. Solanke,2420,Dominic Solanke,Dominic Solanke,Dominic Solanke,eng ENG,FW,Liverpool,19,1997,6.6,148.0,201.0,73.6,1656.0,386.0,109.0,133.0,82.0,25.0,36.0,69.4,2.0,4.0,50.0,1,2.6,1.2,-1.6,15.0,8.0,6.0,0.0,15.0,7.0,25.0,0.0,6.0,1.0,1.0,4.0,3.0,5.0,1.0,4.0,2.0,9.0,9.0,0.0,Matches,201.0,193.0,7.0,0.0,3.0,0.0,3.0,0.0,0.0,0.0,0.0,0.0,148.0,1.0,5.0,0,0,0.0,13,3.0,1.0,3.0,2.0,4.0,0.0,0.0,0.0,20.0,21.0,38.0,35.6,England
"{'name': 'Scotland', 'id': 0, 'alpha3code': 'XSC', 'alpha2code': ''}",74,Oliver,,McBurnie,10531,1996-06-04,188,"{'code2': 'FW', 'code3': 'FWD', 'name': 'Forward'}","{'name': 'Scotland', 'id': 0, 'alpha3code': 'XSC', 'alpha2code': ''}",288865,right,O. McBurnie,8664,Oliver McBurnie,Oliver McBurnie,Oliver McBurnie,sct SCO,"FW,MF",Swansea City,21,1996,3.1,68.0,103.0,66.0,777.0,116.0,46.0,62.0,74.2,11.0,22.0,50.0,2.0,3.0,66.7,1,0.7,0.5,0.3,1.0,3.0,2.0,0.0,9.0,4.0,33.3,0.0,2.0,2.0,1.0,3.0,2.0,2.0,0.0,2.0,0.0,4.0,3.0,0.0,Matches,103.0,96.0,6.0,0.0,1.0,0.0,3.0,0.0,0.0,0.0,0.0,0.0,68.0,1.0,4.0,0,0,0.0,4,4.0,0.0,3.0,0.0,3.0,0.0,0.0,0.0,10.0,22.0,20.0,52.4,England
"{'name': 'Belgium', 'id': 56, 'alpha3code': 'BEL', 'alpha2code': 'BE'}",77,Dodi,,Lukebakio,2502,1997-09-24,187,"{'code2': 'MD', 'code3': 'MID', 'name': 'Midfielder'}","{'name': 'Congo DR', 'id': 180, 'alpha3code': 'COD', 'alpha2code': 'CD'}",291528,left,D. Lukebakio,5635,Dodi Lukebakio,Dodi Lukebakio,Dodi Lukebakio,be BEL,"MF,FW",Watford,19,1997,0.2,7.0,8.0,87.5,118.0,55.0,2.0,2.0,100.0,4.0,4.0,100.0,0.0,1.0,0.0,0,0.1,0.0,-0.1,2.0,2.0,1.0,1.0,1.0,1.0,,1.0,0.0,0.0,0.0,0.0,0.0,0.0,0.0,0.0,0.0,1.0,0.0,0.0,Matches,8.0,7.0,1.0,0.0,0.0,0.0,2.0,0.0,1.0,1.0,0.0,0.0,7.0,0.0,0.0,0,0,0.0,0,0.0,0.0,2.0,0.0,0.0,0.0,0.0,0.0,0.0,0.0,0.0,,England
"{'name': 'England', 'id': 0, 'alpha3code': 'XEN', 'alpha2code': ''}",74,Dominic,,Calvert-Lewin,1623,1997-03-16,176,"{'code2': 'FW', 'code3': 'FWD', 'name': 'Forward'}","{'name': 'England', 'id': 0, 'alpha3code': 'XEN', 'alpha2code': ''}",293687,right,D. Calvert-Lewin,2420,Dominic Calvert-Lewin,Dominic Calvert-Lewin,Dominic Calvert-Lewin,eng ENG,FW,Everton,20,1997,20.9,311.0,519.0,59.9,3729.0,901.0,198.0,302.0,65.6,63.0,112.0,56.3,11.0,24.0,45.8,6,2.6,1.3,3.4,20.0,13.0,12.0,6.0,27.0,15.0,13.3,5.0,3.0,7.0,2.0,15.0,13.0,13.0,1.0,12.0,10.0,25.0,23.0,1.0,Matches,519.0,505.0,11.0,0.0,1.0,1.0,19.0,4.0,0.0,0.0,0.0,0.0,311.0,3.0,19.0,4,0,0.0,43,27.0,15.0,19.0,10.0,8.0,4.0,0.0,0.0,65.0,133.0,168.0,44.2,England
"{'name': 'England', 'id': 0, 'alpha3code': 'XEN', 'alpha2code': ''}",67,Jacob,,Murphy,1613,1995-02-24,173,"{'code2': 'MD', 'code3': 'MID', 'name': 'Midfielder'}","{'name': 'England', 'id': 0, 'alpha3code': 'XEN', 'alpha2code': ''}",293686,right,J. Murphy,null,Jacob Murphy,Jacob Murphy,Jacob Murphy,eng ENG,"MF,FW",Newcastle Utd,22,1995,12.8,194.0,325.0,59.7,2872.0,1007.0,117.0,158.0,74.1,53.0,87.0,60.9,14.0,45.0,31.1,1,1.3,1.0,-0.3,10.0,15.0,14.0,5.0,32.0,13.0,25.9,5.0,4.0,4.0,7.0,27.0,20.0,16.0,0.0,16.0,6.0,19.0,13.0,2.0,Matches,325.0,316.0,8.0,1.0,0.0,2.0,40.0,3.0,4.0,1.0,3.0,0.0,194.0,1.0,21.0,0,0,0.0,8,9.0,0.0,40.0,6.0,10.0,0.0,0.0,0.0,82.0,7.0,24.0,22.6,England
"{'name': 'Sierra Leone', 'id': 694, 'alpha3code': 'SLE', 'alpha2code': 'SL'}",70,Sullay,,Kaikai,1628,1995-08-26,178,"{'code2': 'MD', 'code3': 'MID', 'name': 'Midfielder'}","{'name': 'England', 'id': 0, 'alpha3code': 'XEN', 'alpha2code': ''}",297258,right,S. Kaikai,null,Sullay Kaikai,Sullay Kaikai,Sullay Kaikai,sl SLE,MF,Crystal Palace,21,1995,0.2,4.0,8.0,50.0,60.0,18.0,3.0,4.0,75.0,0.0,3.0,0.0,1.0,1.0,100.0,0,0.0,0.0,0.0,0.0,0.0,0.0,0.0,1.0,1.0,,0.0,1.0,0.0,0.0,0.0,0.0,1.0,0.0,1.0,0.0,1.0,1.0,0.0,Matches,8.0,5.0,3.0,1.0,0.0,0.0,2.0,0.0,2.0,0.0,0.0,0.0,4.0,0.0,0.0,0,0,0.0,0,0.0,0.0,2.0,0.0,0.0,0.0,0.0,0.0,2.0,0.0,1.0,0.0,England
"{'name': 'England', 'id': 0, 'alpha3code': 'XEN', 'alpha2code': ''}",70,Sam,,McQueen,1620,1995-02-06,181,"{'code2': 'MD', 'code3': 'MID', 'name': 'Midfielder'}","{'name': 'England', 'id': 0, 'alpha3code': 'XEN', 'alpha2code': ''}",297733,left,S. McQueen,null,Sam McQueen,Sam McQueen,Sam McQueen,eng ENG,"DF,MF",Southampton,22,1995,1.6,54.0,77.0,70.1,615.0,259.0,40.0,49.0,81.6,10.0,16.0,62.5,1.0,6.0,16.7,0,0.2,0.0,-0.2,3.0,4.0,1.0,0.0,4.0,4.0,50.0,4.0,0.0,0.0,2.0,4.0,2.0,2.0,1.0,1.0,3.0,7.0,3.0,0.0,Matches,77.0,66.0,11.0,1.0,0.0,0.0,4.0,10.0,0.0,0.0,0.0,0.0,54.0,0.0,3.0,0,0,0.0,0,0.0,1.0,4.0,3.0,4.0,0.0,0.0,0.0,10.0,0.0,1.0,0.0,England
"{'name': 'England', 'id': 0, 'alpha3code': 'XEN', 'alpha2code': ''}",71,Lewis,,Cook,1659,1997-02-03,175,"{'code2': 'MD', 'code3': 'MID', 'name': 'Midfielder'}","{'name': 'England', 'id': 0, 'alpha3code': 'XEN', 'alpha2code': ''}",302518,right,L. Cook,2420,Lewis Cook,Lewis Cook,Lewis Cook,eng ENG,MF,Bournemouth,20,1997,24.9,989.0,1263.0,78.3,19152.0,6531.0,394.0,486.0,81.1,428.0,494.0,86.6,147.0,229.0,64.2,2,1.6,2.2,0.4,28.0,176.0,27.0,5.0,173.0,67.0,37.7,37.0,30.0,0.0,26.0,69.0,43.0,33.0,12.0,21.0,35.0,102.0,25.0,2.0,Matches,1263.0,1221.0,41.0,21.0,5.0,15.0,29.0,5.0,15.0,9.0,1.0,1.0,989.0,1.0,17.0,5,0,0.0,33,20.0,1.0,29.0,35.0,35.0,0.0,0.0,0.0,198.0,14.0,26.0,35.0,England
"{'name': 'England', 'id': 0, 'alpha3code': 'XEN', 'alpha2code': ''}",67,Joshua,,Sims,1637,1997-03-28,168,"{'code2': 'MD', 'code3': 'MID', 'name': 'Midfielder'}","{'name': 'England', 'id': 0, 'alpha3code': 'XEN', 'alpha2code': ''}",302520,left,J. Sims,2421,Joshua Sims,Josh Sims,Josh Sims,eng ENG,"FW,MF",Southampton,20,1997,1.8,50.0,65.0,76.9,624.0,183.0,34.0,40.0,85.0,11.0,15.0,73.3,2.0,4.0,50.0,0,0.1,0.3,-0.1,1.0,4.0,1.0,1.0,4.0,4.0,28.6,1.0,2.0,1.0,2.0,7.0,5.0,5.0,0.0,5.0,1.0,5.0,0.0,0.0,Matches,65.0,63.0,2.0,0.0,0.0,0.0,3.0,0.0,2.0,0.0,0.0,0.0,50.0,0.0,1.0,0,0,0.0,1,1.0,2.0,3.0,1.0,3.0,0.0,0.0,0.0,5.0,4.0,4.0,50.0,England
"{'name': 'Nigeria', 'id': 566, 'alpha3code': 'NGA', 'alpha2code': 'NG'}",83,Philip,,Billing,1673,1996-06-11,197,"{'code2': 'MD', 'code3': 'MID', 'name': 'Midfielder'}","{'name': 'Denmark', 'id': 208, 'alpha3code': 'DNK', 'alpha2code': 'DK'}",303357,left,P. Billing,7719,Philip Billing,Philip Billing,Philip Billing,dk DEN,MF,Huddersfield,21,1996,8.5,285.0,394.0,72.3,4747.0,1279.0,142.0,168.0,84.5,107.0,140.0,76.4,25.0,62.0,40.3,0,0.5,0.4,-0.5,2.0,22.0,4.0,2.0,26.0,25.0,36.4,11.0,11.0,3.0,8.0,22.0,14.0,17.0,1.0,16.0,18.0,43.0,19.0,0.0,Matches,394.0,377.0,17.0,6.0,1.0,2.0,12.0,11.0,0.0,0.0,0.0,0.0,285.0,0.0,8.0,3,0,0.0,14,6.0,1.0,12.0,18.0,16.0,0.0,1.0,0.0,73.0,25.0,12.0,67.6,England
"{'name': 'Nigeria', 'id': 566, 'alpha3code': 'NGA', 'alpha2code': 'NG'}",82,Tammy,,Abraham,1614,1997-10-02,190,"{'code2': 'FW', 'code3': 'FWD', 'name': 'Forward'}","{'name': 'England', 'id': 0, 'alpha3code': 'XEN', 'alpha2code': ''}",343951,right,T. Abraham,2420,Tammy Abraham,Tammy Abraham,Tammy Abraham,eng ENG,FW,Swansea City,19,1997,19.2,206.0,314.0,65.6,2754.0,557.0,123.0,173.0,71.1,56.0,89.0,62.9,10.0,22.0,45.5,1,1.6,0.8,-0.6,12.0,16.0,6.0,2.0,20.0,10.0,7.7,1.0,7.0,2.0,1.0,13.0,12.0,8.0,1.0,7.0,1.0,11.0,11.0,0.0,Matches,314.0,286.0,28.0,0.0,2.0,1.0,13.0,1.0,0.0,0.0,0.0,0.0,206.0,0.0,6.0,0,0,0.0,15,27.0,9.0,13.0,1.0,8.0,0.0,0.0,0.0,41.0,39.0,58.0,40.2,England
"{'name': 'Scotland', 'id': 0, 'alpha3code': 'XSC', 'alpha2code': ''}",74,Oliver,,Burke,1627,1997-04-07,188,"{'code2': 'MD', 'code3': 'MID', 'name': 'Midfielder'}","{'name': 'Scotland', 'id': 0, 'alpha3code': 'XSC', 'alpha2code': ''}",346071,right,O. Burke,8671,Oliver Burke,Oliver Burke,Oliver Burke,sct SCO,"FW,MF",West Brom,20,1997,4.1,114.0,151.0,75.5,1509.0,284.0,76.0,91.0,83.5,28.0,39.0,71.8,5.0,9.0,55.6,2,0.5,0.4,1.5,4.0,4.0,3.0,2.0,6.0,6.0,33.3,3.0,2.0,1.0,4.0,12.0,8.0,3.0,0.0,3.0,7.0,13.0,3.0,0.0,Matches,151.0,148.0,2.0,1.0,0.0,2.0,9.0,1.0,0.0,0.0,0.0,0.0,114.0,1.0,5.0,0,0,0.0,2,5.0,0.0,9.0,7.0,4.0,0.0,0.0,0.0,14.0,5.0,7.0,41.7,England
"{'name': 'Ghana', 'id': 288, 'alpha3code': 'GHA', 'alpha2code': 'GH'}",70,Eddie,,Nketiah,39822,1999-05-30,178,"{'code2': 'FW', 'code3': 'FWD', 'name': 'Forward'}","{'name': 'England', 'id': 0, 'alpha3code': 'XEN', 'alpha2code': ''}",346158,right,E. Nketiah,2421,Eddie Nketiah,Eddie Nketiah,Eddie Nketiah,eng ENG,FW,Arsenal,18,1999,0.2,6.0,7.0,85.7,56.0,8.0,6.0,7.0,85.7,0.0,0.0,,0.0,0.0,,1,0.0,0.0,1.0,0.0,0.0,0.0,0.0,0.0,1.0,,0.0,1.0,0.0,0.0,0.0,0.0,0.0,0.0,0.0,0.0,1.0,0.0,0.0,Matches,7.0,7.0,0.0,0.0,0.0,0.0,0.0,0.0,0.0,0.0,0.0,0.0,6.0,0.0,0.0,0,0,0.0,1,0.0,0.0,0.0,0.0,1.0,0.0,0.0,0.0,2.0,0.0,0.0,,England
"{'name': 'Montserrat', 'id': 500, 'alpha3code': 'MSR', 'alpha2code': 'MS'}",0,Joe,,Willock,39822,1999-08-20,179,"{'code2': 'MD', 'code3': 'MID', 'name': 'Midfielder'}","{'name': 'England', 'id': 0, 'alpha3code': 'XEN', 'alpha2code': ''}",346159,right,J. Willock,2421,Joe Willock,Joe Willock,Joe Willock,eng ENG,MF,Arsenal,17,1999,0.9,31.0,40.0,77.5,460.0,87.0,16.0,20.0,80.0,12.0,12.0,100.0,2.0,4.0,50.0,0,0.0,0.0,0.0,0.0,4.0,0.0,0.0,1.0,4.0,100.0,4.0,0.0,0.0,1.0,1.0,0.0,3.0,0.0,3.0,1.0,5.0,2.0,0.0,Matches,40.0,39.0,1.0,1.0,1.0,1.0,0.0,0.0,0.0,0.0,0.0,0.0,31.0,0.0,1.0,0,0,0.0,3,0.0,0.0,0.0,1.0,2.0,0.0,0.0,0.0,1.0,0.0,3.0,0.0,England
"{'name': 'England', 'id': 0, 'alpha3code': 'XEN', 'alpha2code': ''}",78,Tom,,Davies,1623,1998-06-30,180,"{'code2': 'MD', 'code3': 'MID', 'name': 'Midfielder'}","{'name': 'England', 'id': 0, 'alpha3code': 'XEN', 'alpha2code': ''}",353236,right,T. Davies,2420,Tom Davies,Tom Davies,Tom Davies,eng ENG,MF,Everton,19,1998,21.1,547.0,715.0,76.5,8064.0,2003.0,298.0,347.0,85.9,174.0,223.0,78.0,33.0,67.0,49.3,1,0.6,1.0,0.4,10.0,45.0,13.0,1.0,62.0,30.0,22.2,14.0,11.0,5.0,12.0,54.0,42.0,19.0,5.0,14.0,24.0,54.0,21.0,0.0,Matches,715.0,681.0,30.0,8.0,1.0,3.0,17.0,3.0,10.0,4.0,4.0,0.0,547.0,4.0,19.0,7,0,0.0,38,43.0,3.0,17.0,24.0,20.0,0.0,0.0,0.0,110.0,18.0,34.0,34.6,England
"{'name': 'England', 'id': 0, 'alpha3code': 'XEN', 'alpha2code': ''}",80,Lukas,,Nmecha,1641,1998-12-14,183,"{'code2': 'FW', 'code3': 'FWD', 'name': 'Forward'}","{'name': 'England', 'id': 0, 'alpha3code': 'XEN', 'alpha2code': ''}",353241,right,L. Nmecha,2421,Lukas Nmecha,Lukas Nmecha,Lukas Nmecha,de GER,FW,Manchester City,18,1998,0.2,5.0,5.0,100.0,50.0,3.0,2.0,2.0,100.0,1.0,1.0,100.0,0.0,0.0,,0,0.0,0.0,0.0,0.0,0.0,0.0,0.0,0.0,0.0,,0.0,0.0,0.0,0.0,0.0,0.0,0.0,0.0,0.0,0.0,0.0,0.0,0.0,Matches,5.0,5.0,0.0,0.0,0.0,0.0,0.0,0.0,0.0,0.0,0.0,0.0,5.0,0.0,0.0,0,0,0.0,0,0.0,0.0,0.0,0.0,0.0,0.0,0.0,0.0,0.0,0.0,0.0,,England
"{'name': 'Jamaica', 'id': 388, 'alpha3code': 'JAM', 'alpha2code': 'JM'}",63,Mason,,Holgate,1623,1996-10-22,184,"{'code2': 'DF', 'code3': 'DEF', 'name': 'Defender'}","{'name': 'England', 'id': 0, 'alpha3code': 'XEN', 'alpha2code': ''}",355937,right,M. Holgate,null,Mason Holgate,Mason Holgate,Mason Holgate,jm JAM,DF,Everton,20,1996,13.2,361.0,543.0,66.5,7516.0,3316.0,131.0,162.0,80.9,162.0,214.0,75.7,65.0,148.0,43.9,0,0.6,0.4,-0.6,7.0,42.0,5.0,1.0,44.0,23.0,47.6,15.0,7.0,1.0,10.0,21.0,11.0,12.0,9.0,3.0,23.0,46.0,86.0,2.0,Matches,543.0,481.0,61.0,6.0,0.0,6.0,12.0,55.0,0.0,0.0,0.0,0.0,361.0,1.0,12.0,3,0,0.0,12,12.0,1.0,12.0,23.0,16.0,0.0,0.0,0.0,57.0,32.0,39.0,45.1,England
"{'name': 'Ireland Republic', 'id': 372, 'alpha3code': 'IRL', 'alpha2code': 'IE'}",70,Josh,,Cullen,1617,1996-04-07,175,"{'code2': 'MD', 'code3': 'MID', 'name': 'Midfielder'}","{'name': 'England', 'id': 0, 'alpha3code': 'XEN', 'alpha2code': ''}",365707,right,J. Cullen,8280,Josh Cullen,Josh Cullen,Josh Cullen,ie IRL,MF,West Ham,21,1996,0.1,3.0,4.0,75.0,21.0,7.0,1.0,2.0,50.0,0.0,0.0,,0.0,0.0,,0,0.0,0.0,0.0,0.0,0.0,0.0,0.0,0.0,0.0,0.0,0.0,0.0,0.0,0.0,1.0,1.0,1.0,1.0,0.0,2.0,2.0,0.0,0.0,Matches,4.0,3.0,1.0,0.0,0.0,0.0,0.0,0.0,1.0,0.0,0.0,0.0,3.0,0.0,1.0,0,0,0.0,0,0.0,0.0,0.0,2.0,0.0,0.0,0.0,0.0,1.0,0.0,0.0,,England
"{'name': 'England', 'id': 0, 'alpha3code': 'XEN', 'alpha2code': ''}",75,Rob,,Holding,1609,1995-09-20,189,"{'code2': 'DF', 'code3': 'DEF', 'name': 'Defender'}","{'name': 'England', 'id': 0, 'alpha3code': 'XEN', 'alpha2code': ''}",370224,right,R. Holding,null,Rob Holding,Rob Holding,Rob Holding,eng ENG,DF,Arsenal,21,1995,9.1,517.0,612.0,84.5,9871.0,3314.0,176.0,204.0,86.3,271.0,295.0,91.9,58.0,91.0,63.7,0,0.0,0.1,0.0,2.0,33.0,0.0,0.0,47.0,19.0,33.3,13.0,5.0,1.0,4.0,12.0,8.0,16.0,10.0,6.0,21.0,40.0,40.0,2.0,Matches,612.0,593.0,17.0,10.0,1.0,11.0,0.0,7.0,0.0,0.0,0.0,0.0,517.0,2.0,5.0,3,0,0.0,9,5.0,0.0,0.0,21.0,14.0,0.0,0.0,0.0,67.0,27.0,20.0,57.4,England
"{'name': 'Ireland Republic', 'id': 372, 'alpha3code': 'IRL', 'alpha2code': 'IE'}",80,Declan,,Rice,1633,1999-01-14,185,"{'code2': 'DF', 'code3': 'DEF', 'name': 'Defender'}","{'name': 'England', 'id': 0, 'alpha3code': 'XEN', 'alpha2code': ''}",379209,right,D. Rice,8280,Declan Rice,Declan Rice,Declan Rice,eng ENG,"DF,MF",West Ham,18,1999,15.9,457.0,588.0,77.7,8829.0,3396.0,171.0,191.0,89.5,220.0,254.0,86.6,57.0,119.0,47.9,0,0.1,0.1,-0.1,2.0,34.0,5.0,0.0,36.0,36.0,60.0,25.0,10.0,1.0,15.0,25.0,10.0,19.0,13.0,6.0,27.0,63.0,77.0,1.0,Matches,588.0,568.0,17.0,9.0,1.0,1.0,5.0,7.0,0.0,0.0,0.0,0.0,457.0,3.0,9.0,1,0,0.0,5,2.0,0.0,5.0,27.0,24.0,0.0,0.0,0.0,72.0,31.0,35.0,47.0,England
"{'name': 'England', 'id': 0, 'alpha3code': 'XEN', 'alpha2code': ''}",72,Axel,,Tuanzebe,1614,1997-11-14,185,"{'code2': 'DF', 'code3': 'DEF', 'name': 'Defender'}","{'name': 'Congo DR', 'id': 180, 'alpha3code': 'COD', 'alpha2code': 'CD'}",397163,right,A. Tuanzebe,null,Axel Tuanzebe,Axel Tuanzebe,Axel Tuanzebe,cd COD,FW,Manchester Utd,19,1997,0.0,0.0,0.0,,0.0,0.0,0.0,0.0,,0.0,0.0,,0.0,0.0,,0,0.0,0.0,0.0,0.0,0.0,0.0,0.0,0.0,0.0,,0.0,0.0,0.0,0.0,0.0,0.0,0.0,0.0,0.0,0.0,0.0,0.0,0.0,Matches,0.0,0.0,0.0,0.0,0.0,0.0,0.0,0.0,0.0,0.0,0.0,0.0,0.0,0.0,0.0,0,0,0.0,0,0.0,0.0,0.0,0.0,0.0,0.0,0.0,0.0,0.0,0.0,0.0,,England
"{'name': 'Netherlands', 'id': 528, 'alpha3code': 'NLD', 'alpha2code': 'NL'}",79,Timothy,,Fosu-Mensah,1616,1998-01-02,190,"{'code2': 'DF', 'code3': 'DEF', 'name': 'Defender'}","{'name': 'Netherlands', 'id': 528, 'alpha3code': 'NLD', 'alpha2code': 'NL'}",397168,right,T. Fosu-Mensah,670,Timothy Fosu-Mensah,Timothy Fosu-Mensah,Timothy Fosu-Mensah,nl NED,DF,Crystal Palace,19,1998,17.7,536.0,746.0,71.8,9128.0,4060.0,254.0,294.0,86.4,220.0,290.0,75.9,47.0,132.0,35.6,0,0.3,0.4,-0.3,6.0,53.0,9.0,4.0,56.0,42.0,61.8,33.0,8.0,1.0,21.0,34.0,13.0,17.0,9.0,8.0,31.0,73.0,74.0,1.0,Matches,746.0,621.0,122.0,8.0,0.0,4.0,17.0,114.0,0.0,0.0,0.0,0.0,536.0,3.0,13.0,2,0,0.0,18,13.0,0.0,17.0,31.0,33.0,0.0,0.0,0.0,97.0,19.0,22.0,46.3,England
"{'name': 'England', 'id': 0, 'alpha3code': 'XEN', 'alpha2code': ''}",88,Scott,,McTominay,1611,1996-12-08,193,"{'code2': 'MD', 'code3': 'MID', 'name': 'Midfielder'}","{'name': 'England', 'id': 0, 'alpha3code': 'XEN', 'alpha2code': ''}",397174,right,S. McTominay,8664,Scott McTominay,Scott McTominay,Scott McTominay,sct SCO,MF,Manchester Utd,20,1996,7.0,302.0,347.0,87.0,4914.0,1409.0,140.0,152.0,92.1,122.0,129.0,94.6,23.0,36.0,63.9,0,0.0,0.2,0.0,2.0,37.0,4.0,0.0,48.0,11.0,38.5,4.0,5.0,2.0,5.0,13.0,8.0,3.0,0.0,3.0,13.0,24.0,9.0,0.0,Matches,347.0,345.0,2.0,2.0,1.0,1.0,4.0,0.0,0.0,0.0,0.0,0.0,302.0,0.0,6.0,2,0,0.0,7,16.0,0.0,4.0,13.0,9.0,0.0,0.0,0.0,44.0,11.0,10.0,52.4,England
"{'name': 'Zimbabwe', 'id': 716, 'alpha3code': 'ZWE', 'alpha2code': 'ZW'}",71,Reiss,,Nelson,2482,1999-12-10,176,"{'code2': 'MD', 'code3': 'MID', 'name': 'Midfielder'}","{'name': 'England', 'id': 0, 'alpha3code': 'XEN', 'alpha2code': ''}",397098,right,R. Nelson,2420,Reiss Nelson,Reiss Nelson,Reiss Nelson,eng ENG,"FW,MF",Arsenal,17,1999,1.6,73.0,81.0,90.1,963.0,219.0,45.0,46.0,97.8,24.0,26.0,92.3,2.0,3.0,66.7,0,0.0,0.1,0.0,1.0,2.0,4.0,0.0,8.0,4.0,,1.0,1.0,2.0,0.0,0.0,0.0,4.0,0.0,4.0,3.0,7.0,0.0,0.0,Matches,81.0,80.0,0.0,0.0,0.0,1.0,1.0,0.0,0.0,0.0,0.0,0.0,73.0,1.0,0.0,0,0,0.0,0,2.0,0.0,1.0,3.0,3.0,0.0,0.0,0.0,10.0,1.0,0.0,100.0,England
"{'name': 'Denmark', 'id': 208, 'alpha3code': 'DNK', 'alpha2code': 'DK'}",75,Lasse,,S\u00f8rensen,1639,1999-10-21,185,"{'code2': 'MD', 'code3': 'MID', 'name': 'Midfielder'}","{'name': 'Denmark', 'id': 208, 'alpha3code': 'DNK', 'alpha2code': 'DK'}",399564,right,L. S\u00f8rensen,7714,Lasse Sørensen,Lasse Sørensen,Lasse Sørensen,dk DEN,MF,Stoke City,17,1999,0.8,41.0,56.0,73.2,711.0,350.0,20.0,26.0,76.9,16.0,19.0,84.2,5.0,7.0,71.4,0,0.1,0.1,-0.1,2.0,6.0,0.0,0.0,2.0,2.0,20.0,2.0,0.0,0.0,1.0,5.0,4.0,2.0,0.0,2.0,0.0,2.0,3.0,0.0,Matches,56.0,54.0,1.0,1.0,0.0,0.0,1.0,0.0,0.0,0.0,0.0,0.0,41.0,1.0,3.0,0,0,0.0,2,0.0,0.0,1.0,0.0,2.0,0.0,0.0,0.0,3.0,0.0,1.0,0.0,England
"{'name': 'England', 'id': 0, 'alpha3code': 'XEN', 'alpha2code': ''}",75,Tyrese,,Campbell,1639,1999-12-28,183,"{'code2': 'FW', 'code3': 'FWD', 'name': 'Forward'}","{'name': 'England', 'id': 0, 'alpha3code': 'XEN', 'alpha2code': ''}",399514,left,T. Campbell,null,Tyrese Campbell,Tyrese Campbell,Tyrese Campbell,eng ENG,FW,Stoke City,17,1999,0.9,10.0,20.0,50.0,129.0,47.0,6.0,12.0,50.0,4.0,6.0,66.7,0.0,0.0,,0,0.0,0.0,0.0,0.0,1.0,3.0,0.0,4.0,2.0,100.0,0.0,2.0,0.0,1.0,1.0,0.0,1.0,1.0,0.0,1.0,3.0,0.0,0.0,Matches,20.0,19.0,1.0,0.0,0.0,0.0,3.0,0.0,0.0,0.0,0.0,0.0,10.0,0.0,1.0,0,0,0.0,0,0.0,1.0,3.0,1.0,1.0,0.0,0.0,0.0,1.0,2.0,4.0,33.3,England
"{'name': 'England', 'id': 0, 'alpha3code': 'XEN', 'alpha2code': ''}",64,Kyle,,Walker-Peters,1624,1997-04-13,174,"{'code2': 'DF', 'code3': 'DEF', 'name': 'Defender'}","{'name': 'England', 'id': 0, 'alpha3code': 'XEN', 'alpha2code': ''}",402884,right,K. Walker-Peters,2420,Kyle Walker-Peters,Kyle Walker-Peters,Kyle Walker-Peters,eng ENG,DF,Tottenham,20,1997,2.1,101.0,131.0,77.1,1608.0,479.0,56.0,63.0,88.9,35.0,50.0,70.0,9.0,13.0,69.2,2,1.2,1.0,0.8,3.0,5.0,4.0,2.0,8.0,5.0,50.0,4.0,1.0,0.0,2.0,4.0,2.0,2.0,0.0,2.0,3.0,8.0,8.0,0.0,Matches,131.0,106.0,25.0,0.0,0.0,0.0,9.0,25.0,0.0,0.0,0.0,0.0,101.0,0.0,4.0,0,0,0.0,1,4.0,0.0,9.0,3.0,4.0,0.0,0.0,0.0,9.0,2.0,4.0,33.3,England
"{'name': 'Greece', 'id': 300, 'alpha3code': 'GRC', 'alpha2code': 'GR'}",80,Konstantinos,,Mavropanos,1609,1997-12-11,192,"{'code2': 'DF', 'code3': 'DEF', 'name': 'Defender'}","{'name': 'Greece', 'id': 300, 'alpha3code': 'GRC', 'alpha2code': 'GR'}",413002,right,K. Mavropanos,12684,Konstantinos Mavropanos,Konstantinos Mavropanos,Konstantinos Mavropanos,gr GRE,DF,Arsenal,19,1997,2.2,91.0,103.0,88.3,1645.0,602.0,36.0,38.0,94.7,45.0,48.0,93.8,8.0,12.0,66.7,0,0.0,0.0,0.0,0.0,6.0,0.0,0.0,5.0,1.0,50.0,1.0,0.0,0.0,1.0,2.0,1.0,4.0,3.0,1.0,6.0,7.0,11.0,1.0,Matches,103.0,101.0,2.0,2.0,0.0,2.0,0.0,0.0,0.0,0.0,0.0,0.0,91.0,0.0,2.0,0,1,0.0,2,3.0,0.0,0.0,6.0,1.0,0.0,0.0,0.0,14.0,3.0,6.0,33.3,England
"{'name': 'England', 'id': 0, 'alpha3code': 'XEN', 'alpha2code': ''}",83,Jack,,Simpson,1659,1997-01-08,178,"{'code2': 'DF', 'code3': 'DEF', 'name': 'Defender'}","{'name': 'England', 'id': 0, 'alpha3code': 'XEN', 'alpha2code': ''}",415747,right,J. Simpson,2420,Jack Simpson,Jack Simpson,Jack Simpson,eng ENG,DF,Bournemouth,20,1996,0.8,4.0,5.0,80.0,67.0,10.0,2.0,2.0,100.0,1.0,1.0,100.0,1.0,2.0,50.0,0,0.0,0.0,0.0,0.0,0.0,0.0,0.0,0.0,1.0,0.0,1.0,0.0,0.0,0.0,1.0,1.0,1.0,0.0,1.0,0.0,1.0,4.0,0.0,Matches,5.0,5.0,0.0,0.0,0.0,0.0,0.0,0.0,0.0,0.0,0.0,0.0,4.0,0.0,0.0,0,0,0.0,0,0.0,0.0,0.0,0.0,1.0,0.0,0.0,0.0,1.0,0.0,0.0,,England
"{'name': 'England', 'id': 0, 'alpha3code': 'XEN', 'alpha2code': ''}",74,Josh,,Tymon,1639,1999-05-22,178,"{'code2': 'DF', 'code3': 'DEF', 'name': 'Defender'}","{'name': 'England', 'id': 0, 'alpha3code': 'XEN', 'alpha2code': ''}",415748,left,J. Tymon,null,Josh Tymon,Josh Tymon,Josh Tymon,eng ENG,DF,Stoke City,18,1999,1.8,76.0,91.0,83.5,1265.0,377.0,41.0,44.0,93.2,25.0,32.0,78.1,6.0,8.0,75.0,0,0.0,0.0,0.0,0.0,8.0,0.0,0.0,6.0,5.0,66.7,4.0,1.0,0.0,2.0,3.0,1.0,1.0,0.0,1.0,1.0,6.0,3.0,0.0,Matches,91.0,85.0,6.0,0.0,0.0,1.0,4.0,6.0,0.0,0.0,0.0,0.0,76.0,0.0,1.0,0,0,0.0,0,0.0,0.0,4.0,1.0,1.0,0.0,0.0,0.0,6.0,0.0,0.0,,England
"{'name': 'Bangladesh', 'id': 50, 'alpha3code': 'BGD', 'alpha2code': 'BD'}",64,Hamza,,Choudhury,39801,1997-10-01,178,"{'code2': 'MD', 'code3': 'MID', 'name': 'Midfielder'}","{'name': 'England', 'id': 0, 'alpha3code': 'XEN', 'alpha2code': ''}",419784,right,H. Choudhury,null,Hamza Choudhury,Hamza Choudhury,Hamza Choudhury,bd BAN,"MF,DF",Leicester City,19,1997,4.2,139.0,169.0,82.2,2428.0,830.0,65.0,72.0,90.3,53.0,60.0,88.3,16.0,27.0,59.3,1,0.4,0.0,0.6,1.0,21.0,0.0,0.0,16.0,9.0,20.0,6.0,3.0,0.0,2.0,10.0,8.0,12.0,1.0,11.0,8.0,17.0,4.0,0.0,Matches,169.0,162.0,6.0,0.0,1.0,5.0,1.0,3.0,0.0,0.0,0.0,0.0,139.0,1.0,2.0,1,0,0.0,5,5.0,0.0,1.0,8.0,5.0,0.0,0.0,0.0,22.0,0.0,1.0,0.0,England
"{'name': 'Wales', 'id': 0, 'alpha3code': 'XWA', 'alpha2code': ''}",78,Ethan,,Ampadu,1610,2000-09-14,182,"{'code2': 'DF', 'code3': 'DEF', 'name': 'Defender'}","{'name': 'England', 'id': 0, 'alpha3code': 'XEN', 'alpha2code': ''}",423162,right,E. Ampadu,10682,Ethan Ampadu,Ethan Ampadu,Ethan Ampadu,wls WAL,DF,Chelsea,16,2000,0.1,19.0,19.0,100.0,391.0,149.0,5.0,5.0,100.0,13.0,13.0,100.0,1.0,1.0,100.0,0,0.0,0.0,0.0,0.0,1.0,0.0,0.0,1.0,1.0,,0.0,1.0,0.0,0.0,0.0,0.0,0.0,0.0,0.0,0.0,1.0,2.0,0.0,Matches,19.0,19.0,0.0,0.0,0.0,0.0,0.0,0.0,0.0,0.0,0.0,0.0,19.0,0.0,0.0,0,0,0.0,0,0.0,0.0,0.0,0.0,1.0,0.0,0.0,0.0,0.0,1.0,2.0,33.3,England
"{'name': 'England', 'id': 0, 'alpha3code': 'XEN', 'alpha2code': ''}",73,Sam,,Field,1627,1998-05-08,185,"{'code2': 'MD', 'code3': 'MID', 'name': 'Midfielder'}","{'name': 'England', 'id': 0, 'alpha3code': 'XEN', 'alpha2code': ''}",434159,left,S. Field,2421,Sam Field,Sam Field,Sam Field,eng ENG,MF,West Brom,19,1998,6.0,128.0,177.0,72.3,2253.0,806.0,65.0,83.0,78.3,47.0,57.0,82.5,13.0,25.0,52.0,0,0.2,0.2,-0.2,4.0,13.0,8.0,1.0,32.0,14.0,30.0,8.0,4.0,2.0,3.0,10.0,7.0,6.0,1.0,5.0,11.0,25.0,8.0,0.0,Matches,177.0,169.0,6.0,3.0,0.0,3.0,8.0,1.0,2.0,1.0,1.0,0.0,128.0,2.0,3.0,3,0,0.0,11,7.0,0.0,8.0,11.0,11.0,0.0,0.0,0.0,28.0,8.0,7.0,53.3,England
"{'name': 'Germany', 'id': 276, 'alpha3code': 'DEU', 'alpha2code': 'DE'}",80,Abdelhamid,,Sabiri,1673,1996-11-28,183,"{'code2': 'MD', 'code3': 'MID', 'name': 'Midfielder'}","{'name': 'Morocco', 'id': 504, 'alpha3code': 'MAR', 'alpha2code': 'MA'}",442211,right,A. Sabiri,3155,Abdelhamid Sabiri,Abdelhamid Sabiri,Abdelhamid Sabiri,ma MAR,MF,Huddersfield,20,1996,2.4,66.0,100.0,66.0,907.0,230.0,40.0,58.0,69.0,17.0,25.0,68.0,4.0,9.0,44.4,1,0.1,0.1,0.9,3.0,9.0,2.0,0.0,13.0,5.0,14.3,2.0,0.0,3.0,1.0,7.0,6.0,4.0,0.0,4.0,1.0,6.0,2.0,0.0,Matches,100.0,95.0,4.0,1.0,0.0,0.0,1.0,0.0,0.0,0.0,0.0,0.0,66.0,1.0,1.0,1,0,0.0,4,4.0,1.0,1.0,1.0,4.0,0.0,0.0,0.0,8.0,14.0,12.0,53.8,England
"{'name': 'Northern Ireland', 'id': 0, 'alpha3code': 'XNI', 'alpha2code': ''}",70,Aiden,,O'Neill,8310,1998-07-04,178,"{'code2': 'MD', 'code3': 'MID', 'name': 'Midfielder'}","{'name': 'Australia', 'id': 36, 'alpha3code': 'AUS', 'alpha2code': 'AU'}",447043,right,A. O'Neill,33117,Aiden O'Neill,Aiden O'Neill,Aiden O'Neill,au AUS,MF,Burnley,19,1998,0.0,,,,,,,,,,,,,,,0,,,,,,,,,,,,,,,,,,,,,,,,Matches,,,,,,,,,,,,,,,,0,0,,0,,,,,,,,,,,,,England
"{'name': 'England', 'id': 0, 'alpha3code': 'XEN', 'alpha2code': ''}",68,Phil,,Foden,1625,2000-05-28,175,"{'code2': 'MD', 'code3': 'MID', 'name': 'Midfielder'}","{'name': 'England', 'id': 0, 'alpha3code': 'XEN', 'alpha2code': ''}",447205,left,P. Foden,2420,Phil Foden,Phil Foden,Phil Foden,eng ENG,"MF,FW",Manchester City,17,2000,0.5,41.0,48.0,85.4,461.0,52.0,29.0,30.0,96.7,8.0,11.0,72.7,0.0,1.0,0.0,1,0.3,0.2,0.7,2.0,2.0,0.0,0.0,0.0,1.0,0.0,0.0,1.0,0.0,0.0,1.0,1.0,0.0,0.0,0.0,0.0,1.0,1.0,0.0,Matches,48.0,46.0,2.0,0.0,0.0,0.0,4.0,0.0,2.0,0.0,1.0,0.0,41.0,0.0,1.0,0,0,0.0,1,3.0,0.0,4.0,0.0,1.0,0.0,0.0,0.0,0.0,0.0,3.0,0.0,England
"{'name': 'England', 'id': 0, 'alpha3code': 'XEN', 'alpha2code': ''}",64,Rekeem,,Harper,1627,2000-03-08,188,"{'code2': 'MD', 'code3': 'MID', 'name': 'Midfielder'}","{'name': 'England', 'id': 0, 'alpha3code': 'XEN', 'alpha2code': ''}",447254,right,R. Harper,2417,Rekeem Harper,Rekeem Harper,Rekeem Harper,eng ENG,MF,West Brom,17,2000,0.2,4.0,5.0,80.0,82.0,30.0,1.0,1.0,100.0,2.0,3.0,66.7,1.0,1.0,100.0,0,0.1,0.0,-0.1,2.0,0.0,0.0,0.0,1.0,1.0,,0.0,1.0,0.0,0.0,0.0,0.0,0.0,0.0,0.0,0.0,1.0,0.0,0.0,Matches,5.0,5.0,0.0,0.0,0.0,0.0,0.0,0.0,0.0,0.0,0.0,0.0,4.0,0.0,0.0,0,0,0.0,0,0.0,0.0,0.0,0.0,1.0,0.0,0.0,0.0,2.0,0.0,0.0,,England
"{'name': 'England', 'id': 0, 'alpha3code': 'XEN', 'alpha2code': ''}",70,Beni,,Baningime,1623,1998-09-09,178,"{'code2': 'MD', 'code3': 'MID', 'name': 'Midfielder'}","{'name': 'Congo DR', 'id': 180, 'alpha3code': 'COD', 'alpha2code': 'CD'}",447379,right,B. Baningime,null,Beni Baningime,Beni Baningime,Beni Baningime,cd COD,MF,Everton,18,1998,2.2,67.0,82.0,81.7,1088.0,304.0,28.0,34.0,82.4,30.0,35.0,85.7,3.0,5.0,60.0,0,0.0,0.0,0.0,0.0,6.0,1.0,0.0,11.0,6.0,0.0,1.0,2.0,3.0,0.0,4.0,4.0,5.0,1.0,4.0,2.0,8.0,2.0,0.0,Matches,82.0,82.0,0.0,0.0,0.0,1.0,0.0,0.0,0.0,0.0,0.0,0.0,67.0,0.0,2.0,1,0,0.0,4,1.0,0.0,0.0,2.0,2.0,0.0,0.0,0.0,9.0,1.0,2.0,33.3,England
"{'name': 'Nigeria', 'id': 566, 'alpha3code': 'NGA', 'alpha2code': 'NG'}",71,Michael,,Obafemi,1619,2000-07-06,169,"{'code2': 'FW', 'code3': 'FWD', 'name': 'Forward'}","{'name': 'Ireland Republic', 'id': 372, 'alpha3code': 'IRL', 'alpha2code': 'IE'}",447538,right,M. Obafemi,8274,Michael Obafemi,Michael Obafemi,Michael Obafemi,ie IRL,FW,Southampton,17,2000,0.1,1.0,1.0,100.0,8.0,0.0,1.0,1.0,100.0,0.0,0.0,,0.0,0.0,,0,0.0,0.0,0.0,0.0,0.0,0.0,0.0,0.0,0.0,,0.0,0.0,0.0,0.0,0.0,0.0,0.0,0.0,0.0,0.0,0.0,0.0,0.0,Matches,1.0,1.0,0.0,0.0,0.0,0.0,0.0,0.0,0.0,0.0,0.0,0.0,1.0,0.0,0.0,0,0,0.0,0,0.0,0.0,0.0,0.0,0.0,0.0,0.0,0.0,0.0,0.0,1.0,0.0,England
"{'name': 'Belgium', 'id': 56, 'alpha3code': 'BEL', 'alpha2code': 'BE'}",70,Julien,,Ngoy,6411,1997-11-02,185,"{'code2': 'FW', 'code3': 'FWD', 'name': 'Forward'}","{'name': 'Belgium', 'id': 56, 'alpha3code': 'BEL', 'alpha2code': 'BE'}",448038,right,J. Ngoy,5635,Julien Ngoy,Julien Ngoy,Julien Ngoy,be BEL,MF,Stoke City,19,1997,0.2,4.0,5.0,80.0,62.0,0.0,1.0,2.0,50.0,3.0,3.0,100.0,0.0,0.0,,0,0.0,0.0,0.0,0.0,0.0,0.0,0.0,0.0,1.0,50.0,0.0,1.0,0.0,1.0,2.0,1.0,0.0,0.0,0.0,0.0,1.0,0.0,0.0,Matches,5.0,5.0,0.0,0.0,0.0,0.0,0.0,0.0,0.0,0.0,0.0,0.0,4.0,0.0,0.0,0,0,0.0,1,0.0,0.0,0.0,0.0,1.0,0.0,0.0,0.0,0.0,0.0,0.0,,England
"{'name': 'England', 'id': 0, 'alpha3code': 'XEN', 'alpha2code': ''}",66,Harvey,,Barnes,1627,1997-12-09,174,"{'code2': 'MD', 'code3': 'MID', 'name': 'Midfielder'}","{'name': 'England', 'id': 0, 'alpha3code': 'XEN', 'alpha2code': ''}",448708,right,H. Barnes,null,Harvey Barnes,Harvey Barnes,Harvey Barnes,eng ENG,"MF,FW",Leicester City,19,1997,0.1,6.0,7.0,85.7,84.0,16.0,4.0,4.0,100.0,2.0,3.0,66.7,0.0,0.0,,0,0.0,0.0,0.0,0.0,0.0,0.0,0.0,2.0,0.0,,0.0,0.0,0.0,0.0,0.0,0.0,0.0,0.0,0.0,0.0,0.0,0.0,0.0,Matches,7.0,6.0,1.0,0.0,0.0,0.0,1.0,0.0,1.0,0.0,0.0,0.0,6.0,0.0,0.0,0,0,0.0,1,0.0,0.0,1.0,0.0,0.0,0.0,0.0,0.0,0.0,1.0,0.0,100.0,England
"{'name': 'Ghana', 'id': 288, 'alpha3code': 'GHA', 'alpha2code': 'GH'}",79,Callum,,Hudson-Odoi,39798,2000-11-07,182,"{'code2': 'MD', 'code3': 'MID', 'name': 'Midfielder'}","{'name': 'England', 'id': 0, 'alpha3code': 'XEN', 'alpha2code': ''}",450826,right,C. Hudson-Odoi,2417,Callum Hudson-Odoi,Callum Hudson-Odoi,Callum Hudson-Odoi,eng ENG,"FW,DF",Chelsea,16,2000,0.3,12.0,18.0,66.7,222.0,30.0,5.0,6.0,83.3,5.0,7.0,71.4,1.0,3.0,33.3,0,0.0,0.0,0.0,0.0,2.0,1.0,0.0,2.0,0.0,,0.0,0.0,0.0,0.0,0.0,0.0,0.0,0.0,0.0,0.0,0.0,0.0,0.0,Matches,18.0,18.0,0.0,0.0,0.0,2.0,2.0,0.0,0.0,0.0,0.0,0.0,12.0,0.0,0.0,0,0,0.0,0,0.0,0.0,2.0,0.0,0.0,0.0,0.0,0.0,0.0,0.0,0.0,,England
"{'name': 'Congo DR', 'id': 180, 'alpha3code': 'COD', 'alpha2code': 'CD'}",72,Aaron,,Wan-Bissaka,1628,1997-11-26,183,"{'code2': 'DF', 'code3': 'DEF', 'name': 'Defender'}","{'name': 'England', 'id': 0, 'alpha3code': 'XEN', 'alpha2code': ''}",486252,right,A. Wan-Bissaka,2421,Aaron Wan-Bissaka,Aaron Wan-Bissaka,Aaron Wan-Bissaka,eng ENG,DF,Crystal Palace,19,1997,7.0,196.0,293.0,66.9,2676.0,1448.0,125.0,150.0,83.3,56.0,89.0,62.9,8.0,33.0,24.2,0,0.2,0.4,-0.2,3.0,12.0,4.0,3.0,23.0,30.0,78.9,20.0,7.0,3.0,15.0,19.0,4.0,18.0,7.0,11.0,15.0,45.0,45.0,0.0,Matches,293.0,222.0,71.0,1.0,0.0,0.0,20.0,70.0,0.0,0.0,0.0,0.0,196.0,0.0,12.0,1,0,0.0,2,3.0,0.0,20.0,15.0,19.0,0.0,0.0,0.0,38.0,9.0,10.0,47.4,England
"{'name': 'Congo DR', 'id': 180, 'alpha3code': 'COD', 'alpha2code': 'CD'}",71,Levi,,Lumeka,1690,1998-09-05,170,"{'code2': 'FW', 'code3': 'FWD', 'name': 'Forward'}","{'name': 'England', 'id': 0, 'alpha3code': 'XEN', 'alpha2code': ''}",531655,right,L. Lumeka,null,Levi Lumeka,Levi Lumeka,Levi Lumeka,eng ENG,FW,Crystal Palace,18,1998,0.3,5.0,11.0,45.5,41.0,9.0,5.0,6.0,83.3,0.0,1.0,0.0,0.0,2.0,0.0,0,0.0,0.0,0.0,0.0,1.0,0.0,0.0,0.0,1.0,,1.0,0.0,0.0,0.0,0.0,0.0,0.0,0.0,0.0,1.0,2.0,0.0,0.0,Matches,11.0,11.0,0.0,0.0,0.0,0.0,4.0,0.0,0.0,0.0,0.0,0.0,5.0,0.0,2.0,0,0,0.0,0,0.0,0.0,4.0,1.0,1.0,0.0,0.0,0.0,2.0,0.0,1.0,0.0,England
