Player,Nation,Pos,Squad,Age,Born,90s,Cmp_Total_Passing,Att_Total_Passing,Cmp%_Total,TotDist,PrgDist,Cmp_Short_Passing,Att_Short_Passing,Cmp%_Short,Cmp_Medium_Passing,Att_Medium_Passing,Cmp%_Medium,Cmp_Long_Passing,Att_Long_Passing,Cmp%_Long,Ast,xAG,xA,A-xAG,KP,1/3,PPA,CrsPA,PrgP,Tkl_Tackles,Tkl,TklW_Defense,Def 3rd,Mid 3rd,Att 3rd,Tkl_Challenges,Att_Defense,Tkl%,Lost_Defense,Blocks_Defense,Sh,Pass,Int_Defense,Tkl+Int,Clr,Att_PassingTypes,Live,Dead,FK,TB,Sw,Crs_PassingTypes,TI,CK,In,Out,Str,Cmp_PassingTypes,Off_PassingTypes,Blocks_PassingTypes,CrdY,CrdR,2CrdY,Fls,Fld,Off_Misc,Crs_Misc,Int_Misc,TklW_Misc,PKwon,PKcon,OG,Recov,Won,Lost_Misc,Won%,League
Aaron Hunt,de GER,"MF,FW",Hamburger SV,30,1986,23.1,896,1226,73.1,16146,4982,428,509,84.1,304,411,74.0,132,236,55.9,2,4.8,5.5,-2.8,60,100,30,4,134,36,29.7,12,20,4,11,37,26,20,2,18,14,50,18,2,Matches,1226,968,252,94,0,15,169,23,127,48,48,0,896,6,32,1,0,0,27,41,5,169,14,24,0,0,0,114,17,26,39.5,Germany
Abdou Diallo,sn SEN,DF,Mainz 05,21,1996,26.8,905,1217,74.4,18123,8699,342,402,85.1,425,507,83.8,128,262,48.9,1,0.2,1.6,+0.8,5,84,17,8,100,75,76.0,45,25,5,38,50,12,37,14,23,50,125,75,0,Matches,1217,1095,116,50,0,9,24,66,0,0,0,0,905,6,23,5,0,0,59,9,5,24,50,53,0,1,0,110,75,38,66.4,Germany
Ademola Lookman,ng NGA,"MF,FW",RB Leipzig,19,1997,6.4,173,232,74.6,2427,758,108,135,80.0,49,63,77.8,9,16,56.3,3,2.5,1.8,+0.5,17,21,6,0,23,5,,2,3,0,0,0,0,3,0,3,2,7,2,0,Matches,232,217,14,4,1,1,10,3,5,3,2,0,173,1,13,1,0,0,12,14,1,10,2,4,0,0,0,33,1,5,16.7,Germany
Admir Mehmedi,ch SUI,"DF,MF",Leverkusen,26,1991,7.8,331,425,77.9,5026,2120,197,226,87.2,104,134,77.6,22,45,48.9,3,1.9,1.7,+1.1,21,26,15,6,43,20,30.8,6,11,3,4,13,9,13,0,13,13,33,5,0,Matches,425,344,81,11,1,3,37,63,7,4,3,0,331,0,11,3,0,0,21,20,1,37,13,18,0,1,0,36,14,11,56.0,Germany
Admir Mehmedi,ch SUI,"FW,MF",Wolfsburg,26,1991,3.2,97,134,72.4,1589,420,51,65,78.5,37,44,84.1,6,14,42.9,0,0.3,0.3,-0.3,5,8,3,1,14,4,100.0,3,1,0,2,2,0,1,1,0,1,5,3,0,Matches,134,119,14,4,1,2,9,3,5,1,4,0,97,1,6,0,0,0,4,3,3,9,1,2,0,0,0,6,8,5,61.5,Germany
Ailton,br BRA,"DF,MF",Stuttgart,22,1995,1.2,45,65,69.2,858,258,21,24,87.5,16,23,69.6,7,14,50.0,0,0.1,0.2,-0.1,2,2,2,2,4,8,50.0,3,5,0,4,8,4,5,0,5,2,10,5,0,Matches,65,50,15,4,0,2,3,11,0,0,0,0,45,0,4,0,0,0,3,3,0,3,2,5,0,0,0,9,4,2,66.7,Germany
Albin Ekdal,se SWE,MF,Hamburger SV,28,1989,12.3,442,582,75.9,7655,2581,195,231,84.4,203,268,75.7,35,52,67.3,1,1.0,1.1,0.0,7,48,7,0,67,39,62.1,19,19,1,18,29,11,20,3,17,21,60,19,0,Matches,582,556,23,22,0,1,0,1,0,0,0,0,442,3,20,3,0,0,14,33,2,0,21,28,0,0,0,65,28,30,48.3,Germany
Aleksandar Dragović,at AUT,DF,Leverkusen,26,1991,0.5,27,31,87.1,478,185,11,14,78.6,14,14,100.0,2,3,66.7,0,0.0,0.0,0.0,0,2,0,0,1,0,0.0,0,0,0,0,1,1,0,0,0,0,0,0,1,Matches,31,27,4,4,0,0,0,0,0,0,0,0,27,0,0,0,0,0,1,1,0,0,0,0,0,0,0,3,1,2,33.3,Germany
Alessandro Schöpf,at AUT,"DF,FW",Schalke 04,23,1994,9.0,321,428,75.0,4959,1716,179,212,84.4,115,149,77.2,21,45,46.7,0,0.5,0.4,-0.5,6,20,7,0,38,22,47.8,10,9,3,11,23,12,16,0,16,15,37,13,1,Matches,428,349,75,7,0,0,19,65,3,0,3,0,321,4,16,3,0,0,26,15,1,19,15,17,0,0,0,71,8,13,38.1,Germany
Alexander Esswein,de GER,"FW,MF",Hertha BSC,27,1990,6.9,168,231,72.7,2572,699,83,110,75.5,54,67,80.6,16,23,69.6,1,0.3,0.6,+0.7,5,16,5,3,20,25,48.0,13,10,2,12,25,13,4,0,4,9,34,11,0,Matches,231,224,7,1,0,1,15,2,0,0,0,0,168,0,18,0,0,0,15,13,7,15,9,16,0,0,0,17,9,8,52.9,Germany
Alexander Hack,de GER,DF,Mainz 05,23,1993,14.3,500,656,76.2,10365,5077,176,218,80.7,239,286,83.6,80,135,59.3,0,0.3,0.7,-0.3,5,54,5,1,58,46,64.9,25,19,2,24,37,13,31,18,13,26,72,87,2,Matches,656,632,23,22,0,6,4,1,0,0,0,0,500,1,11,2,0,0,10,19,1,4,26,34,0,0,0,60,65,28,69.9,Germany
Alexander Isak,se SWE,"FW,MF",Dortmund,17,1999,1.3,19,26,73.1,220,46,11,14,78.6,6,7,85.7,0,0,,0,0.2,0.0,-0.2,2,0,1,0,4,1,0.0,0,1,0,0,1,1,1,0,1,0,1,0,0,Matches,26,24,2,0,0,0,1,1,0,0,0,0,19,0,2,0,0,0,2,0,2,1,0,0,0,0,0,1,4,4,50.0,Germany
Alexander Meier,de GER,FW,Eint Frankfurt,34,1983,0.0,2,3,66.7,37,7,0,0,,2,3,66.7,0,0,,0,0.0,0.0,0.0,0,0,0,0,0,0,,0,0,0,0,0,0,0,0,0,0,0,0,0,Matches,3,3,0,0,0,0,0,0,0,0,0,0,2,0,0,0,0,0,0,0,0,0,0,0,0,0,0,0,1,0,100.0,Germany
Alexander Nübel,de GER,GK,Schalke 04,20,1996,0.5,14,22,63.6,515,361,0,0,,5,5,100.0,9,17,52.9,0,0.0,0.0,0.0,0,0,0,0,0,0,,0,0,0,0,0,0,0,0,0,0,0,0,0,Matches,22,13,9,0,0,0,0,0,0,0,0,0,14,0,0,0,0,0,0,0,0,0,0,0,0,0,0,1,0,0,,Germany
Alexander Schwolow,de GER,GK,Freiburg,25,1992,32.3,853,1352,63.1,31540,25490,59,60,98.3,365,371,98.4,427,915,46.7,0,0.1,0.2,-0.1,2,51,2,0,2,0,0.0,0,0,0,0,1,1,0,0,0,0,0,9,1,Matches,1352,939,409,102,0,0,0,0,0,0,0,0,853,4,0,0,0,0,0,1,0,0,0,0,0,0,1,52,8,0,100.0,Germany
Alexandru Maxim,ro ROU,MF,Mainz 05,27,1990,10.6,351,478,73.4,6600,2161,152,179,84.9,120,145,82.8,65,115,56.5,2,1.4,2.3,+0.6,19,45,4,1,55,17,31.8,6,8,3,7,22,15,20,2,18,6,23,3,0,Matches,478,382,93,34,0,7,76,8,50,29,19,0,351,3,18,4,0,0,19,16,1,76,6,12,0,0,0,59,1,22,4.3,Germany
Alfreð Finnbogason,is ISL,FW,Augsburg,28,1989,20.2,321,453,70.9,4518,838,157,197,79.7,100,139,71.9,21,32,65.6,3,3.7,2.5,-0.7,33,27,14,0,41,18,53.3,7,5,6,8,15,7,15,1,14,14,32,7,0,Matches,453,396,54,1,1,0,4,6,2,0,0,0,321,3,20,2,0,0,34,16,12,4,14,13,1,0,0,59,17,63,21.3,Germany
Amine Harit,ma MAR,"MF,FW",Schalke 04,20,1997,22.7,615,751,81.9,9743,2143,335,387,86.6,230,275,83.6,36,52,69.2,3,4.4,3.2,-1.4,38,53,33,5,95,39,35.1,11,21,7,13,37,24,23,0,23,19,58,11,0,Matches,751,739,8,2,4,2,26,5,0,0,0,0,615,4,15,3,0,0,19,94,7,26,19,27,3,0,0,135,12,17,41.4,Germany
Amir Abrashi,al ALB,MF,Freiburg,27,1990,9.4,248,321,77.3,4354,1126,103,132,78.0,116,146,79.5,24,32,75.0,0,0.4,0.6,-0.4,3,22,6,1,38,35,69.6,15,18,2,16,23,7,22,5,17,19,54,20,0,Matches,321,315,6,5,0,2,5,1,0,0,0,0,248,0,6,2,0,0,20,27,0,5,19,32,0,0,0,55,17,17,50.0,Germany
Anas Ouahim,de GER,MF,Köln,19,1997,0.2,6,8,75.0,91,40,3,3,100.0,3,5,60.0,0,0,,0,0.0,0.0,0.0,0,2,0,0,0,1,100.0,0,1,0,1,1,0,0,0,0,0,1,0,0,Matches,8,8,0,0,0,0,1,0,0,0,0,0,6,0,0,0,0,0,0,0,0,1,0,1,0,0,0,1,0,0,,Germany
Anastasios Donis,gr GRE,"MF,FW",Stuttgart,20,1996,10.5,145,225,64.4,2527,438,63,77,81.8,59,88,67.0,16,38,42.1,2,2.2,1.4,-0.2,11,9,7,3,13,20,75.0,10,6,4,6,8,2,2,0,2,9,29,7,0,Matches,225,212,12,0,0,0,41,12,0,0,0,0,145,1,13,1,0,0,18,15,3,41,9,14,0,0,0,40,9,16,36.0,Germany
Andreas Beck,de GER,DF,Stuttgart,30,1987,21.4,826,1170,70.6,15618,6075,321,396,81.1,391,526,74.3,96,189,50.8,1,1.5,1.9,-0.5,14,65,19,11,77,46,67.7,27,16,3,21,31,10,32,2,30,19,65,46,1,Matches,1170,895,269,20,0,3,69,249,0,0,0,0,826,6,50,5,0,0,34,47,1,69,19,29,0,0,0,80,47,43,52.2,Germany
Andreas Luthe,de GER,GK,Augsburg,30,1987,2.0,63,79,79.7,1695,1087,8,8,100.0,36,36,100.0,18,34,52.9,0,0.0,0.0,0.0,0,0,0,0,0,0,,0,0,0,0,0,0,0,0,0,0,0,2,0,Matches,79,62,17,3,0,0,0,0,0,0,0,0,63,0,0,0,0,0,0,0,0,0,0,0,0,0,0,2,2,0,100.0,Germany
Andrej Kramarić,hr CRO,"FW,MF",Hoffenheim,26,1991,24.8,687,945,72.7,11446,3377,328,379,86.5,234,305,76.7,81,179,45.3,6,6.0,7.1,0.0,52,70,42,13,114,8,37.5,4,3,1,3,8,5,15,0,15,6,14,7,0,Matches,945,827,111,25,3,8,139,14,63,25,30,0,687,7,29,1,0,0,10,28,12,139,6,6,0,0,0,65,6,18,25.0,Germany
Andriy Yarmolenko,ua UKR,"FW,MF",Dortmund,27,1989,11.5,330,452,73.0,5114,1259,182,214,85.0,102,146,69.9,27,57,47.4,3,3.2,3.2,-0.2,28,19,15,5,42,17,43.8,6,6,5,7,16,9,4,0,4,7,24,4,0,Matches,452,426,25,7,2,9,46,5,13,10,0,3,330,1,9,0,0,0,19,25,6,46,7,12,0,0,0,42,9,13,40.9,Germany
André Hahn,de GER,FW,Hamburger SV,26,1990,15.1,195,386,50.5,2916,856,114,182,62.6,61,117,52.1,12,40,30.0,0,0.9,1.1,-0.9,9,12,12,8,24,33,31.3,15,13,5,10,32,22,30,2,28,10,43,26,0,Matches,386,362,24,3,1,1,38,17,1,0,0,0,195,0,31,0,0,0,38,18,12,38,10,24,0,0,0,43,71,86,45.2,Germany
André Ramalho,br BRA,"DF,FW",Leverkusen,25,1992,0.4,11,14,78.6,261,123,1,1,100.0,9,10,90.0,1,3,33.3,0,0.0,0.0,0.0,0,0,0,0,3,3,100.0,2,1,0,2,2,0,1,0,1,1,4,1,0,Matches,14,12,2,2,0,0,0,0,0,0,0,0,11,0,0,0,0,0,0,0,0,0,1,1,0,0,0,2,0,2,0.0,Germany
André Schürrle,de GER,FW,Dortmund,26,1990,13.7,398,547,72.8,5845,1302,226,274,82.5,115,156,73.7,31,66,47.0,6,3.7,2.7,+2.3,18,27,19,5,57,22,50.0,8,7,7,9,18,9,13,1,12,7,29,7,1,Matches,547,506,40,3,2,5,55,7,23,9,11,0,398,1,18,0,0,0,13,15,11,55,7,19,0,0,0,46,18,22,45.0,Germany
Ante Rebić,hr CRO,FW,Eint Frankfurt,23,1993,19.5,266,490,54.3,3986,1305,154,229,67.2,71,139,51.1,25,44,56.8,2,4.3,3.4,-2.3,26,28,32,6,59,37,29.2,7,21,9,7,24,17,27,2,25,6,43,13,0,Matches,490,479,6,1,2,2,36,4,0,0,0,0,266,5,46,8,0,0,56,36,11,36,6,29,1,0,0,62,33,59,35.9,Germany
Anthony Ujah,ng NGA,FW,Mainz 05,26,1990,2.3,25,55,45.5,352,35,12,28,42.9,7,12,58.3,2,5,40.0,0,0.2,0.1,-0.2,4,1,1,1,1,4,100.0,0,2,2,1,1,0,2,0,2,0,4,6,0,Matches,55,50,5,0,0,0,2,0,0,0,0,0,25,0,3,0,0,0,4,2,4,2,0,3,0,0,0,2,12,13,48.0,Germany
Anto Grgić,ch SUI,MF,Stuttgart,20,1996,0.1,10,10,100.0,229,26,1,1,100.0,6,6,100.0,3,3,100.0,0,0.0,0.0,0.0,0,1,0,0,0,0,,0,0,0,0,0,0,0,0,0,0,0,0,0,Matches,10,10,0,0,0,0,0,0,0,0,0,0,10,0,0,0,0,0,1,0,0,0,0,0,0,0,0,1,0,0,,Germany
Arjen Robben,nl NED,"FW,MF",Bayern Munich,33,1984,16.7,711,882,80.6,11906,3243,380,437,87.0,248,307,80.8,66,100,66.0,5,5.1,5.1,-0.1,34,60,54,7,122,14,33.3,1,7,6,4,12,8,9,0,9,4,18,4,0,Matches,882,774,108,20,0,13,65,52,36,20,8,0,711,0,16,0,0,0,10,25,9,65,4,11,1,0,0,52,16,11,59.3,Germany
Arne Maier,de GER,MF,Hertha BSC,18,1999,13.6,530,642,82.6,9688,2641,203,230,88.3,257,295,87.1,59,85,69.4,1,1.2,1.4,-0.2,7,59,11,1,81,29,75.0,12,16,1,18,24,6,19,3,16,24,53,20,0,Matches,642,631,9,9,0,2,10,0,0,0,0,0,530,2,15,1,0,0,4,10,0,10,24,23,1,0,0,63,8,16,33.3,Germany
Aron Jóhannsson,us USA,"MF,FW",Werder Bremen,26,1990,3.1,80,102,78.4,1306,456,41,47,87.2,29,38,76.3,8,11,72.7,0,1.0,0.5,-1.0,7,7,4,2,13,4,14.3,2,2,0,1,7,6,3,0,3,1,5,5,0,Matches,102,98,4,2,1,0,5,2,0,0,0,0,80,0,3,0,0,0,4,7,2,5,1,3,0,1,0,16,9,11,45.0,Germany
Arturo Vidal,cl CHI,MF,Bayern Munich,30,1987,16.2,1041,1187,87.7,19771,5049,414,455,91.0,478,530,90.2,134,165,81.2,2,2.5,3.3,-0.5,26,110,20,1,130,69,47.8,36,28,5,33,69,36,22,1,21,28,97,20,1,Matches,1187,1148,34,20,1,16,8,12,2,1,0,0,1041,5,18,6,0,0,45,17,4,8,28,51,0,0,0,108,38,33,53.5,Germany
Aymen Barkok,ma MAR,"FW,MF",Eint Frankfurt,19,1998,3.5,88,120,73.3,1390,236,45,57,78.9,30,36,83.3,9,17,52.9,1,0.5,0.4,+0.5,7,7,6,1,9,11,71.4,6,4,1,5,7,2,8,2,6,2,13,3,0,Matches,120,119,1,0,0,2,4,1,0,0,0,0,88,0,5,1,0,0,6,2,3,4,2,11,0,0,0,21,4,9,30.8,Germany
Baba Rahman,gh GHA,DF,Schalke 04,23,1994,0.4,14,21,66.7,251,176,8,11,72.7,5,8,62.5,1,1,100.0,0,0.0,0.0,0.0,0,1,0,0,3,1,,0,1,0,0,0,0,2,0,2,2,3,1,0,Matches,21,16,4,0,0,0,0,4,0,0,0,0,14,1,0,0,0,0,0,0,0,0,2,0,0,0,0,5,0,0,,Germany
Bakery Jatta,gm GAM,"MF,FW",Hamburger SV,19,1998,3.3,65,104,62.5,881,291,39,58,67.2,18,23,78.3,3,9,33.3,1,0.1,0.4,+0.9,3,5,3,1,5,14,66.7,2,12,0,4,6,2,6,1,5,3,17,5,0,Matches,104,102,2,0,0,0,5,2,0,0,0,0,65,0,6,1,0,0,8,7,1,5,3,12,0,0,0,15,11,15,42.3,Germany
Bartosz Kapustka,pl POL,"FW,MF",Freiburg,20,1996,2.6,37,74,50.0,529,124,21,32,65.6,12,24,50.0,1,7,14.3,0,0.0,0.0,0.0,0,4,0,0,3,9,66.7,2,6,1,4,6,2,4,0,4,3,12,0,0,Matches,74,74,0,0,0,1,5,0,0,0,0,0,37,0,9,0,0,0,4,3,2,5,3,5,0,0,0,8,4,10,28.6,Germany
Bastian Oczipka,de GER,"DF,MF",Schalke 04,28,1989,25.8,1023,1418,72.1,18155,7424,454,516,88.0,450,596,75.5,108,237,45.6,2,4.5,4.9,-2.5,57,87,28,14,135,60,78.4,29,26,5,29,37,8,41,2,39,40,100,40,1,Matches,1418,1037,371,72,1,3,164,240,59,5,49,4,1023,10,64,2,0,0,20,52,2,164,40,48,0,1,0,127,13,25,34.2,Germany
Benjamin Henrichs,de GER,DF,Leverkusen,20,1997,14.1,586,823,71.2,9456,4166,319,377,84.6,211,292,72.3,48,106,45.3,1,1.3,1.5,-0.3,11,52,18,7,71,42,62.8,23,16,3,27,43,16,23,3,20,31,73,32,0,Matches,823,689,133,10,0,6,36,123,0,0,0,0,586,1,44,1,1,0,16,21,2,36,31,28,0,1,0,88,20,18,52.6,Germany
Benjamin Hübner,de GER,DF,Hoffenheim,28,1989,25.7,1230,1471,83.6,22256,9927,505,552,91.5,586,657,89.2,116,209,55.5,2,0.6,0.8,+1.4,11,101,5,1,117,71,67.4,43,27,1,31,46,15,40,18,22,51,122,114,0,Matches,1471,1400,67,56,0,13,4,11,0,0,0,0,1230,4,27,9,0,0,46,28,0,4,51,56,1,0,0,75,82,43,65.6,Germany
Benjamin Pavard,fr FRA,DF,Stuttgart,21,1996,34.0,1616,1943,83.2,31458,11486,555,607,91.4,871,989,88.1,177,314,56.4,0,1.1,1.7,-1.1,9,122,4,0,103,55,76.6,40,13,2,36,47,11,59,34,25,70,125,192,1,Matches,1943,1832,106,39,0,6,9,67,0,0,0,0,1616,5,18,2,0,0,24,21,2,9,70,40,0,2,0,124,100,86,53.8,Germany
Benjamin Stambouli,fr FRA,"DF,MF",Schalke 04,26,1990,24.4,1074,1373,78.2,21689,9423,322,376,85.6,626,707,88.5,123,256,48.0,2,0.8,1.0,+1.2,9,99,8,1,137,95,66.2,45,48,2,49,74,25,39,7,32,64,159,76,1,Matches,1373,1325,41,39,2,10,2,2,0,0,0,0,1074,7,25,4,0,0,45,15,0,2,64,75,0,2,1,138,42,32,56.8,Germany
Benno Schmitz,de GER,DF,RB Leipzig,22,1994,0.9,44,55,80.0,599,195,28,31,90.3,12,16,75.0,2,6,33.3,0,0.1,0.0,-0.1,2,1,0,0,0,3,66.7,2,1,0,2,3,1,0,0,0,0,3,1,0,Matches,55,48,7,1,0,0,1,6,0,0,0,0,44,0,0,0,0,0,0,1,0,1,0,2,0,0,0,4,3,1,75.0,Germany
Berkay Özcan,tr TUR,"MF,FW",Stuttgart,19,1998,11.1,350,464,75.4,5369,1228,195,223,87.4,105,132,79.5,35,67,52.2,2,1.6,1.3,+0.4,14,22,6,1,33,19,63.6,7,9,3,7,11,4,14,2,12,3,22,8,0,Matches,464,402,55,18,1,0,47,0,34,14,17,1,350,7,17,1,0,0,8,9,1,47,3,10,0,0,0,38,11,34,24.4,Germany
Bernardo,br BRA,DF,RB Leipzig,22,1995,15.0,651,887,73.4,10103,4218,371,425,87.3,222,308,72.1,46,108,42.6,1,0.7,1.1,+0.3,6,54,13,5,71,43,72.5,18,22,3,29,40,11,30,6,24,18,61,81,0,Matches,887,709,177,16,1,2,20,161,0,0,0,0,651,1,31,2,0,0,28,19,2,20,18,30,0,1,0,79,49,20,71.0,Germany
Bernd Leno,de GER,GK,Leverkusen,25,1992,33.0,875,1245,70.3,25960,18891,109,109,100.0,446,452,98.7,317,679,46.7,0,0.2,0.1,-0.2,3,20,0,0,0,0,0.0,0,0,0,0,1,1,0,0,0,1,1,11,2,Matches,1245,918,327,77,0,3,0,0,0,0,0,0,875,0,2,1,0,0,0,9,0,0,1,0,0,0,0,56,10,1,90.9,Germany
Birk Risa,no NOR,FW,Köln,19,1998,0.9,12,21,57.1,181,58,5,7,71.4,4,5,80.0,1,5,20.0,0,0.0,0.1,0.0,1,1,0,0,1,1,0.0,0,1,0,0,3,3,2,1,1,0,1,0,0,Matches,21,17,4,1,0,0,2,1,1,0,0,1,12,0,2,0,0,0,2,1,1,2,0,1,0,0,0,3,1,4,20.0,Germany
Bobby Wood,us USA,"FW,MF",Hamburger SV,24,1992,17.9,265,373,71.0,3660,696,149,201,74.1,90,125,72.0,8,12,66.7,0,1.5,1.1,-1.5,18,16,9,0,29,13,33.3,2,4,7,3,9,6,4,0,4,2,15,13,0,Matches,373,328,42,0,1,1,5,1,0,0,0,0,265,3,11,2,1,1,31,25,7,5,2,8,0,0,0,49,65,98,39.9,Germany
Branimir Hrgota,se SWE,"MF,FW",Eint Frankfurt,24,1993,2.2,32,47,68.1,493,89,20,22,90.9,10,12,83.3,2,5,40.0,0,0.1,0.1,-0.1,2,3,1,0,3,5,57.1,0,3,2,4,7,3,2,0,2,0,5,1,0,Matches,47,47,0,0,0,1,2,0,0,0,0,0,32,0,8,1,0,0,6,3,3,2,0,4,0,0,0,11,0,13,0.0,Germany
Breel Embolo,ch SUI,"FW,MF",Schalke 04,20,1997,10.2,161,221,72.9,2440,525,94,117,80.3,52,70,74.3,9,14,64.3,0,0.2,0.4,-0.2,4,11,7,2,25,14,22.2,3,7,4,2,9,7,13,0,13,6,20,3,0,Matches,221,216,5,0,1,1,7,0,2,0,0,0,161,0,14,4,0,0,42,30,11,7,6,10,2,0,0,38,13,30,30.2,Germany
Bruma,pt POR,"MF,FW",RB Leipzig,22,1994,17.9,674,866,77.8,8760,2540,445,504,88.3,162,214,75.7,24,49,49.0,2,3.1,3.5,-1.1,25,72,24,1,90,18,50.0,7,7,4,9,18,9,28,2,26,12,30,11,0,Matches,866,792,68,7,1,1,32,49,12,6,4,0,674,6,42,0,0,0,11,32,4,32,12,16,0,0,0,116,0,13,0.0,Germany
Caiuby,br BRA,FW,Augsburg,29,1988,31.7,699,1071,65.3,10284,3184,375,522,71.8,182,281,64.8,67,108,62.0,7,4.0,3.3,+3.0,32,68,29,18,84,53,40.5,20,27,6,17,42,25,36,1,35,15,68,42,2,Matches,1071,1042,25,3,1,8,57,20,0,0,0,0,699,4,52,8,0,0,68,48,7,57,15,40,0,0,0,137,159,137,53.7,Germany
Caleb Stanko,us USA,DF,Freiburg,24,1993,2.1,103,130,79.2,2001,640,35,43,81.4,61,68,89.7,7,16,43.8,0,0.0,0.0,0.0,0,5,0,0,7,2,50.0,1,1,0,1,2,1,3,0,3,1,3,8,0,Matches,130,128,2,2,0,1,0,0,0,0,0,0,103,0,5,0,0,0,3,2,0,0,1,2,0,0,1,14,3,7,30.0,Germany
Carlos Salcedo,mx MEX,DF,Eint Frankfurt,23,1993,17.9,778,973,80.0,16683,6223,214,245,87.3,423,476,88.9,134,222,60.4,0,0.0,0.2,0.0,1,50,1,0,65,26,65.5,16,9,1,19,29,10,28,12,16,21,47,94,1,Matches,973,904,66,48,0,25,6,18,0,0,0,0,778,3,18,5,0,0,27,13,0,6,21,22,0,0,0,77,44,25,63.8,Germany
Cedric Teuchert,de GER,FW,Schalke 04,20,1997,0.4,7,10,70.0,62,3,7,8,87.5,0,1,0.0,0,0,,0,0.0,0.0,0.0,0,0,0,0,0,0,,0,0,0,0,0,0,1,0,1,0,0,0,0,Matches,10,9,0,0,0,0,1,0,0,0,0,0,7,1,0,0,0,0,0,0,0,1,0,0,0,0,0,3,0,0,,Germany
Chadrac Akolo,cd COD,"MF,FW",Stuttgart,22,1995,12.2,237,317,74.8,3471,779,128,149,85.9,80,111,72.1,14,24,58.3,0,1.0,1.2,-1.0,14,23,15,6,35,20,42.9,3,12,5,6,14,8,19,0,19,5,25,5,0,Matches,317,304,7,0,4,0,14,3,1,0,1,0,237,6,13,2,0,0,13,12,8,14,5,14,0,0,0,43,10,25,28.6,Germany
Charles Aránguiz,cl CHI,MF,Leverkusen,28,1989,25.6,1492,1759,84.8,27126,8717,670,745,89.9,633,709,89.3,163,240,67.9,3,1.3,1.6,+1.7,23,186,23,1,225,75,53.2,17,50,8,33,62,29,46,5,41,48,123,27,2,Matches,1759,1662,91,76,3,40,22,12,3,2,1,0,1492,6,28,4,0,0,41,52,1,22,48,61,0,1,0,177,13,29,31.0,Germany
Charlison Benschop,cw CUW,"MF,DF",Hannover 96,27,1989,2.0,38,54,70.4,534,175,23,28,82.1,9,13,69.2,3,7,42.9,0,0.0,0.1,0.0,1,7,0,0,6,4,37.5,1,3,0,3,8,5,1,0,1,2,6,2,0,Matches,54,50,4,0,0,1,3,1,0,0,0,0,38,0,2,0,0,0,4,1,0,3,2,4,0,0,0,8,4,4,50.0,Germany
Chris Führich,de GER,MF,Köln,19,1998,1.1,24,30,80.0,306,94,9,13,69.2,9,9,100.0,0,0,,0,0.1,0.1,-0.1,1,1,0,0,6,4,40.0,1,2,1,2,5,3,3,0,3,0,4,1,0,Matches,30,29,1,0,0,0,0,1,0,0,0,0,24,0,1,0,0,0,0,1,0,0,0,3,0,0,0,5,1,1,50.0,Germany
Christian Clemens,de GER,"MF,FW",Köln,25,1991,7.2,150,231,64.9,2564,1044,76,96,79.2,53,78,67.9,19,48,39.6,0,1.6,2.3,-1.6,10,16,7,4,20,12,30.8,6,5,1,4,13,9,8,0,8,4,16,7,0,Matches,231,208,20,3,0,1,38,4,13,5,7,0,150,3,5,2,0,0,13,6,0,38,4,11,0,0,0,30,4,10,28.6,Germany
Christian Gentner,de GER,MF,Stuttgart,31,1985,26.8,881,1255,70.2,15248,5122,390,477,81.8,371,494,75.1,89,206,43.2,2,2.6,2.9,-0.6,25,130,30,12,141,91,52.4,35,44,12,44,84,40,41,5,36,35,126,52,0,Matches,1255,1211,39,22,0,1,52,17,0,0,0,0,881,5,40,3,0,0,56,41,4,52,35,67,0,0,0,142,23,47,32.9,Germany
Christian Günter,de GER,"DF,MF",Freiburg,24,1993,34.0,1231,1766,69.7,22713,9838,531,637,83.4,517,685,75.5,156,357,43.7,4,3.8,4.3,+0.2,52,97,44,26,125,73,60.3,45,21,7,38,63,25,38,7,31,20,93,68,0,Matches,1766,1283,481,57,1,10,177,375,48,10,34,0,1231,2,82,2,0,0,24,28,0,177,20,54,1,0,0,108,10,26,27.8,Germany
Christian Mathenia,de GER,GK,Hamburger SV,25,1992,24.0,414,711,58.2,14178,11635,36,36,100.0,189,192,98.4,189,477,39.6,0,0.1,0.0,-0.1,1,7,0,0,0,0,0.0,0,0,0,0,3,3,0,0,0,0,0,11,3,Matches,711,436,269,70,0,0,0,0,0,0,0,0,414,6,1,2,0,0,1,2,0,0,0,0,0,0,0,23,1,0,100.0,Germany
Christian Pulisic,us USA,"FW,DF",Dortmund,18,1998,25.6,675,903,74.8,9673,1965,391,467,83.7,214,278,77.0,34,61,55.7,5,4.9,5.3,+0.1,30,37,32,14,64,46,59.1,12,20,14,26,44,18,24,2,22,16,62,11,0,Matches,903,862,34,1,0,4,75,29,2,0,0,0,675,7,50,1,0,0,16,34,9,75,16,30,1,0,0,97,16,58,21.6,Germany
Christoph Janker,de GER,"DF,MF",Augsburg,32,1985,0.9,8,14,57.1,135,50,2,2,100.0,6,7,85.7,0,2,0.0,0,0.0,0.0,0.0,0,1,0,0,2,4,66.7,3,1,0,2,3,1,0,0,0,1,5,4,1,Matches,14,12,2,0,0,0,0,2,0,0,0,0,8,0,2,0,0,0,1,0,0,0,1,3,0,1,0,3,2,4,33.3,Germany
Christoph Kramer,de GER,MF,Gladbach,26,1991,23.9,1340,1535,87.3,22143,5961,646,704,91.8,546,613,89.1,106,147,72.1,0,0.5,0.7,-0.5,13,136,10,0,142,89,51.3,43,34,12,39,76,37,29,4,25,43,132,37,1,Matches,1535,1452,78,74,0,14,7,4,0,0,0,0,1340,5,23,5,0,0,45,27,0,7,43,70,0,1,0,143,19,23,45.2,Germany
Claudio Pizarro,pe PER,"FW,MF",Köln,38,1978,6.4,171,228,75.0,2392,617,103,133,77.4,40,54,74.1,12,14,85.7,1,0.6,1.2,+0.4,8,18,8,0,26,11,66.7,3,6,2,6,9,3,10,2,8,3,14,5,0,Matches,228,218,9,0,1,2,2,0,0,0,0,0,171,1,7,0,0,0,6,6,8,2,3,9,0,0,0,24,17,26,39.5,Germany
Coke,es ESP,MF,Schalke 04,30,1987,0.0,2,2,100.0,30,10,1,1,100.0,1,1,100.0,0,0,,0,0.0,0.0,0.0,0,0,1,0,1,0,,0,0,0,0,0,0,0,0,0,0,0,0,0,Matches,2,2,0,0,0,0,0,0,0,0,0,0,2,0,0,1,0,0,1,0,0,0,0,0,0,0,0,1,0,0,,Germany
Corentin Tolisso,fr FRA,MF,Bayern Munich,22,1994,17.5,1148,1281,89.6,21295,6085,482,518,93.1,509,557,91.4,139,158,88.0,4,2.9,3.6,+1.1,19,202,24,1,191,33,43.8,8,18,7,14,32,18,13,3,10,16,49,8,0,Matches,1281,1256,22,13,3,17,12,6,0,0,0,0,1148,3,24,3,0,0,21,39,0,12,16,22,1,0,0,64,20,27,42.6,Germany
Daichi Kamada,jp JPN,"MF,FW",Eint Frankfurt,20,1996,1.6,27,32,84.4,401,118,15,15,100.0,7,8,87.5,2,4,50.0,0,0.0,0.0,0.0,1,1,0,0,3,1,,0,1,0,0,0,0,0,0,0,1,2,0,0,Matches,32,31,1,0,0,1,1,0,0,0,0,0,27,0,1,0,0,0,2,2,3,1,1,1,0,0,0,6,2,9,18.2,Germany
Dan-Axel Zagadou,fr FRA,DF,Dortmund,18,1999,7.3,428,523,81.8,7537,2073,171,193,88.6,205,242,84.7,40,63,63.5,0,0.1,0.4,-0.1,2,30,5,4,35,9,85.7,5,3,1,6,7,1,9,0,9,11,20,20,1,Matches,523,442,81,16,0,0,11,65,0,0,0,0,428,0,8,0,1,0,13,4,0,11,11,8,0,0,0,24,40,19,67.8,Germany
Daniel Baier,de GER,MF,Augsburg,33,1984,28.2,1196,1644,72.7,22390,8036,459,575,79.8,507,642,79.0,170,301,56.5,2,1.9,2.5,+0.1,27,153,23,6,197,83,55.4,38,40,5,46,83,37,26,5,21,57,140,41,1,Matches,1644,1530,102,79,3,6,29,22,1,1,0,0,1196,12,34,6,0,0,45,57,0,29,57,62,0,0,0,213,29,38,43.3,Germany
Daniel Brosinski,de GER,"DF,FW",Mainz 05,29,1988,27.8,966,1508,64.1,19403,8926,396,487,81.3,402,595,67.6,161,358,45.0,5,3.4,3.9,+1.6,42,90,32,11,126,45,50.0,21,18,6,22,44,22,46,11,35,24,69,75,2,Matches,1508,1065,425,48,0,7,171,326,51,35,16,0,966,18,41,0,0,0,16,26,5,171,24,35,0,0,0,102,29,47,38.2,Germany
Daniel Caligiuri,it ITA,"DF,MF",Schalke 04,29,1988,32.4,1261,1801,70.0,23101,10049,539,637,84.6,564,769,73.3,143,330,43.3,10,5.5,4.1,+4.5,48,90,21,11,143,100,52.1,48,43,9,49,94,45,59,4,55,67,167,71,0,Matches,1801,1286,505,102,0,13,168,351,52,13,38,0,1261,10,62,4,0,0,38,43,0,168,67,66,0,0,0,235,26,24,52.0,Germany
Daniel Didavi,de GER,MF,Wolfsburg,27,1990,24.9,709,978,72.5,11424,3153,357,418,85.4,267,353,75.6,57,132,43.2,5,2.6,2.0,+2.4,30,79,14,5,122,34,42.4,10,19,5,14,33,19,20,1,19,7,41,12,0,Matches,978,879,89,39,2,4,95,15,29,14,14,1,709,10,34,4,0,0,37,48,7,95,7,19,1,0,0,90,15,36,29.4,Germany
Daniel Ginczek,de GER,FW,Stuttgart,26,1991,16.9,206,344,59.9,3112,767,118,186,63.4,71,109,65.1,11,18,61.1,0,1.4,1.2,-1.4,15,18,8,0,31,8,16.7,3,5,0,2,12,10,16,1,15,5,13,13,0,Matches,344,328,12,1,1,2,6,1,0,0,0,0,206,4,15,3,0,0,32,18,8,6,5,4,0,0,0,33,47,71,39.8,Germany
Daniel Opare,gh GHA,DF,Augsburg,26,1990,15.7,365,601,60.7,7140,3448,123,153,80.4,168,259,64.9,62,147,42.2,0,0.6,0.9,-0.6,6,36,14,7,54,31,77.8,20,10,1,21,27,6,14,5,9,28,59,56,0,Matches,601,448,152,5,0,4,59,147,0,0,0,0,365,1,26,6,0,0,20,22,0,59,28,27,0,0,0,92,23,20,53.5,Germany
Danny Blum,de GER,"MF,DF",Eint Frankfurt,26,1991,0.3,7,11,63.6,84,16,4,4,100.0,2,3,66.7,0,1,0.0,0,0.0,0.0,0.0,0,0,1,0,1,0,,0,0,0,0,0,0,0,0,0,1,1,0,0,Matches,11,11,0,0,0,0,0,0,0,0,0,0,7,0,1,0,0,0,3,0,0,0,1,0,0,0,0,2,0,2,0.0,Germany
Danny Latza,de GER,MF,Mainz 05,27,1989,26.1,984,1263,77.9,17910,5000,404,489,82.6,441,522,84.5,116,184,63.0,1,2.2,2.2,-1.2,35,101,15,2,139,67,45.2,28,33,6,33,73,40,43,8,35,26,93,47,1,Matches,1263,1188,72,50,0,7,33,5,17,9,8,0,984,3,21,7,0,0,53,69,1,33,26,48,0,0,0,127,61,55,52.6,Germany
Danny da Costa,de GER,"DF,FW",Eint Frankfurt,24,1993,13.4,493,688,71.7,8329,3448,237,278,85.3,202,274,73.7,41,92,44.6,2,1.5,1.4,+0.5,13,36,14,4,59,41,85.7,17,14,10,24,28,4,21,4,17,13,54,47,0,Matches,688,553,133,8,0,2,35,125,0,0,0,0,493,2,31,1,0,0,11,5,0,35,13,34,0,0,0,55,20,22,47.6,Germany
David Abraham,ar ARG,DF,Eint Frankfurt,31,1986,25.6,1088,1321,82.4,22896,8476,348,391,89.0,547,611,89.5,178,293,60.8,2,0.7,0.7,+1.3,7,77,3,2,103,40,75.0,29,10,1,27,36,9,29,15,14,40,80,141,1,Matches,1321,1267,50,44,0,27,7,6,0,0,0,0,1088,4,6,3,0,0,11,20,0,7,40,32,0,0,1,113,78,42,65.0,Germany
David Alaba,at AUT,DF,Bayern Munich,25,1992,17.2,1126,1338,84.2,18331,5513,538,585,92.0,502,588,85.4,62,106,58.5,2,2.3,2.3,-0.3,22,90,23,12,110,23,70.0,11,9,3,14,20,6,21,6,15,10,33,23,0,Matches,1338,1167,168,10,0,4,94,151,7,0,7,0,1126,3,37,1,0,0,9,6,2,94,10,14,0,0,0,85,15,17,46.9,Germany
Davie Selke,de GER,FW,Hertha BSC,22,1995,21.0,257,440,58.4,3214,567,172,255,67.5,69,135,51.1,3,8,37.5,0,2.0,1.6,-2.0,15,21,3,0,25,13,44.4,1,5,7,4,9,5,26,5,21,2,15,20,1,Matches,440,423,14,0,0,0,13,0,0,0,0,0,257,3,19,4,0,0,60,39,10,13,2,10,4,0,0,34,98,100,49.5,Germany
Dayot Upamecano,fr FRA,DF,RB Leipzig,18,1998,25.2,1224,1464,83.6,24392,9433,431,497,86.7,599,673,89.0,176,252,69.8,0,0.7,0.9,-0.7,8,60,5,0,109,57,68.9,36,17,4,31,45,14,32,9,23,55,112,141,1,Matches,1464,1414,48,48,1,12,0,0,0,0,0,0,1224,2,17,3,1,1,32,11,1,0,55,43,0,3,0,157,101,53,65.6,Germany
Denis Zakaria,ch SUI,MF,Gladbach,20,1996,25.5,883,994,88.8,14864,4000,408,441,92.5,376,410,91.7,72,94,76.6,1,0.6,0.9,+0.4,14,64,6,0,74,74,65.6,38,32,4,40,61,21,52,9,43,45,119,40,1,Matches,994,979,12,11,2,5,2,1,0,0,0,0,883,3,21,11,0,0,57,25,1,2,45,48,0,1,0,135,17,24,41.5,Germany
Dennis Aogo,de GER,"MF,DF",Stuttgart,30,1987,21.7,971,1203,80.7,18604,4715,398,440,90.5,421,492,85.6,140,240,58.3,6,2.3,2.7,+3.7,24,64,18,6,85,35,63.6,17,18,0,14,22,8,27,3,24,29,64,27,1,Matches,1203,1002,198,51,0,10,104,97,50,19,29,0,971,3,18,5,0,0,33,12,0,104,29,26,0,1,0,96,11,12,47.8,Germany
Dennis Diekmeier,de GER,DF,Hamburger SV,27,1989,20.8,547,900,60.8,10111,5856,229,285,80.4,241,381,63.3,66,172,38.4,3,2.0,2.4,+1.0,18,66,24,15,79,47,69.4,31,10,6,25,36,11,22,11,11,16,63,50,0,Matches,900,630,268,6,0,1,86,262,0,0,0,0,547,2,53,4,0,0,18,33,5,86,16,43,0,1,0,62,32,17,65.3,Germany
Dennis Geiger,de GER,MF,Hoffenheim,19,1998,17.6,707,822,86.0,12005,3014,312,337,92.6,304,343,88.6,65,97,67.0,1,1.3,1.5,-0.3,26,68,16,0,90,52,40.0,19,31,2,16,40,24,38,2,36,15,67,7,0,Matches,822,778,44,28,1,3,26,1,15,7,7,0,707,0,11,9,0,0,53,25,0,26,15,36,0,0,0,96,10,15,40.0,Germany
Diego Demme,de GER,MF,RB Leipzig,25,1991,25.4,1763,2118,83.2,28479,8670,925,1019,90.8,629,741,84.9,155,246,63.0,3,2.2,2.5,+0.8,30,209,35,1,250,81,54.0,29,48,4,47,87,40,31,3,28,48,129,29,0,Matches,2118,1994,114,98,7,2,18,16,0,0,0,0,1763,10,39,4,0,0,45,72,0,18,48,57,1,0,0,145,12,41,22.6,Germany
Divock Origi,be BEL,FW,Wolfsburg,22,1995,21.9,316,424,74.5,4329,626,192,231,83.1,90,124,72.6,13,20,65.0,2,1.1,1.9,+0.9,11,21,5,1,24,6,14.3,2,3,1,1,7,6,16,2,14,3,9,17,0,Matches,424,395,26,2,0,3,13,2,0,0,0,0,316,3,17,2,0,0,32,40,16,13,3,5,0,0,0,46,45,63,41.7,Germany
Dominic Maroh,si SVN,DF,Köln,30,1987,10.2,427,485,88.0,8671,3777,137,148,92.6,227,248,91.5,61,83,73.5,0,0.2,0.2,-0.2,2,11,1,0,16,22,83.3,18,4,0,15,18,3,17,9,8,21,43,68,1,Matches,485,463,22,22,0,2,0,0,0,0,0,0,427,0,3,0,0,0,5,11,1,0,21,15,0,0,0,37,31,16,66.0,Germany
Dominik Kaiser,de GER,"MF,FW",RB Leipzig,28,1988,3.1,114,163,69.9,1728,664,63,75,84.0,35,49,71.4,8,24,33.3,0,0.2,0.3,-0.2,3,6,6,2,12,5,36.4,1,3,1,4,11,7,6,0,6,1,6,8,0,Matches,163,136,26,7,0,0,18,13,6,4,2,0,114,1,6,0,0,0,4,7,0,18,1,5,0,0,0,12,2,7,22.2,Germany
Dominik Kohr,de GER,MF,Leverkusen,23,1994,18.5,780,946,82.5,13086,3718,390,447,87.2,304,355,85.6,71,103,68.9,1,1.3,2.0,-0.3,18,82,12,0,116,49,61.0,20,25,4,25,41,16,39,5,34,30,79,24,0,Matches,946,912,31,30,4,9,3,1,0,0,0,0,780,3,25,9,1,1,45,23,1,3,30,26,0,0,0,86,22,36,37.9,Germany
Dominique Heintz,de GER,DF,Köln,23,1993,31.0,1245,1521,81.9,26524,10677,383,422,90.8,635,699,90.8,217,359,60.4,0,0.7,1.1,-0.7,8,121,19,4,158,60,59.4,47,13,0,38,64,26,35,17,18,53,113,140,0,Matches,1521,1437,75,69,0,23,21,6,0,0,0,0,1245,9,19,3,0,0,25,18,0,21,53,42,0,0,0,145,49,45,52.1,Germany
Douglas Santos,br BRA,DF,Hamburger SV,23,1994,26.4,1040,1498,69.4,18913,8340,456,546,83.5,426,602,70.8,134,270,49.6,1,1.9,2.5,-0.9,22,114,32,16,129,90,57.5,53,34,3,50,87,37,63,2,61,56,146,96,1,Matches,1498,1133,357,29,0,15,83,318,10,2,7,0,1040,8,55,6,0,0,39,19,1,83,56,60,0,0,0,156,35,39,47.3,Germany
Dženis Burnić,ba BIH,MF,Stuttgart,19,1998,3.4,241,269,89.6,4176,694,107,118,90.7,120,126,95.2,13,21,61.9,0,0.3,0.3,-0.3,5,15,3,0,17,9,40.0,2,5,2,4,10,6,2,0,2,4,13,3,0,Matches,269,261,8,4,1,1,9,0,4,3,1,0,241,0,3,3,1,1,14,1,0,9,4,6,0,0,0,20,1,0,100.0,Germany
Ebenezer Ofori,gh GHA,MF,Stuttgart,22,1995,0.1,6,8,75.0,131,18,3,3,100.0,1,2,50.0,2,3,66.7,0,0.0,0.0,0.0,0,1,0,0,1,0,0.0,0,0,0,0,1,1,1,0,1,0,0,0,0,Matches,8,8,0,0,0,0,0,0,0,0,0,0,6,0,0,0,0,0,2,0,0,0,0,0,0,0,0,1,0,0,,Germany
Elvis Rexhbeçaj,xk KVX,"DF,MF",Wolfsburg,19,1997,1.4,44,59,74.6,843,299,16,20,80.0,22,27,81.5,4,7,57.1,0,0.0,0.0,0.0,0,1,1,0,3,4,100.0,1,2,1,1,1,0,3,0,3,2,6,3,0,Matches,59,50,9,1,0,1,1,8,0,0,0,0,44,0,2,0,0,0,3,2,0,1,2,2,0,0,0,1,2,9,18.2,Germany
Emil Berggreen,dk DEN,FW,Mainz 05,24,1993,7.4,102,165,61.8,1170,181,69,107,64.5,23,34,67.6,0,2,0.0,2,0.9,0.3,+1.1,7,6,0,0,11,2,25.0,0,0,2,1,4,3,7,1,6,1,3,10,0,Matches,165,162,2,0,0,0,2,0,0,0,0,0,102,1,7,2,0,0,21,5,2,2,1,2,0,0,0,16,45,45,50.0,Germany
Emil Forsberg,se SWE,MF,RB Leipzig,25,1991,15.2,464,639,72.6,6632,1932,272,312,87.2,119,168,70.8,39,90,43.3,2,2.4,3.9,-0.4,39,45,13,2,53,24,42.9,3,15,6,9,21,12,19,1,18,8,32,4,0,Matches,639,530,104,30,9,2,87,9,64,30,27,1,464,5,22,0,1,0,16,23,0,87,8,17,0,0,0,63,6,14,30.0,Germany
Emiliano Insúa,ar ARG,DF,Stuttgart,28,1989,23.4,767,1076,71.3,13166,5032,379,438,86.5,307,412,74.5,68,175,38.9,2,1.9,2.2,+0.1,23,47,21,15,63,46,53.1,27,16,3,17,32,15,30,4,26,36,82,48,1,Matches,1076,839,230,10,0,3,89,215,5,2,3,0,767,7,36,2,0,0,22,22,5,89,36,34,0,0,0,121,23,27,46.0,Germany
Erik Thommy,de GER,FW,Augsburg,22,1994,1.9,52,73,71.2,743,211,28,29,96.6,14,23,60.9,4,13,30.8,0,0.6,0.5,-0.6,3,4,4,1,7,6,37.5,1,3,2,3,8,5,2,0,2,5,11,0,0,Matches,73,67,6,3,0,1,13,0,3,2,1,0,52,0,1,1,0,0,2,2,1,13,5,5,0,0,0,10,1,0,100.0,Germany
Erik Thommy,de GER,MF,Stuttgart,22,1994,10.9,219,348,62.9,3753,1236,103,131,78.6,85,133,63.9,24,61,39.3,4,2.7,1.4,+1.3,23,20,12,5,39,19,52.9,7,7,5,9,17,8,17,2,15,9,28,8,1,Matches,348,292,54,14,0,3,76,5,35,16,17,1,219,2,13,0,0,0,12,21,2,76,9,11,0,0,0,40,10,22,31.3,Germany
Ermin Bičakčić,ba BIH,DF,Hoffenheim,27,1990,6.1,252,296,85.1,4710,1592,87,96,90.6,139,153,90.8,21,36,58.3,0,0.0,0.1,0.0,1,12,1,0,18,17,66.7,8,8,1,8,12,4,4,2,2,9,26,26,0,Matches,296,287,8,6,0,4,0,2,0,0,0,0,252,1,5,4,0,0,10,4,0,0,9,15,0,1,0,18,12,13,48.0,Germany
Eugen Polanski,pl POL,MF,Hoffenheim,31,1986,2.9,117,137,85.4,1873,479,65,72,90.3,42,48,87.5,8,12,66.7,1,0.1,0.1,+0.9,3,12,3,0,13,8,83.3,3,4,1,5,6,1,6,1,5,4,12,4,0,Matches,137,135,1,1,0,0,0,0,0,0,0,0,117,1,5,1,0,0,4,3,0,0,4,7,0,0,0,23,0,2,0.0,Germany
Fabian Frei,ch SUI,MF,Mainz 05,28,1989,8.9,348,428,81.3,5989,1997,159,178,89.3,142,164,86.6,35,61,57.4,0,0.7,0.6,-0.7,8,35,6,0,48,22,53.3,7,12,3,8,15,7,10,0,10,16,38,17,1,Matches,428,407,20,17,0,2,1,1,0,0,0,0,348,1,8,1,0,0,12,9,0,1,16,15,0,0,0,35,6,6,50.0,Germany
Fabian Johnson,us USA,"MF,DF",Gladbach,29,1987,5.2,81,127,63.8,1119,539,48,67,71.6,30,46,65.2,1,4,25.0,0,0.7,0.6,-0.7,3,6,3,1,8,16,85.7,7,7,2,6,7,1,10,2,8,2,18,13,0,Matches,127,112,14,1,0,0,6,13,0,0,0,0,81,1,2,0,0,0,2,5,1,6,2,10,0,0,0,11,5,13,27.8,Germany
Fabian Lustenberger,ch SUI,"MF,DF",Hertha BSC,29,1988,17.6,711,862,82.5,14971,4210,206,245,84.1,389,439,88.6,110,166,66.3,0,0.7,0.3,-0.7,6,53,0,0,59,47,67.7,26,20,1,21,31,10,31,12,19,24,71,74,1,Matches,862,828,34,32,0,14,3,2,0,0,0,0,711,0,7,3,0,0,19,34,0,3,24,34,0,1,0,65,42,20,67.7,Germany
Fabian Reese,de GER,"FW,MF",Schalke 04,19,1997,0.8,20,23,87.0,291,47,14,16,87.5,5,5,100.0,1,1,100.0,0,0.0,0.1,0.0,0,1,1,0,3,2,50.0,1,1,0,1,2,1,1,0,1,2,4,1,0,Matches,23,20,3,0,0,0,0,2,0,0,0,0,20,0,1,0,0,0,3,0,0,0,2,2,0,0,0,7,0,7,0.0,Germany
Felipe,br BRA,DF,Hannover 96,30,1987,5.1,208,275,75.6,4245,1710,57,71,80.3,128,147,87.1,22,53,41.5,0,0.1,0.4,-0.1,1,18,2,0,23,8,50.0,4,4,0,2,4,2,4,3,1,11,19,29,0,Matches,275,261,13,13,0,2,4,0,0,0,0,0,208,1,3,0,0,0,9,9,0,4,11,8,0,0,0,14,12,5,70.6,Germany
Felix Klaus,de GER,"MF,FW",Hannover 96,24,1992,22.0,490,709,69.1,7426,2512,259,335,77.3,153,209,73.2,36,83,43.4,2,2.1,3.3,-0.1,32,26,14,4,55,48,46.0,20,21,7,23,50,27,29,4,25,8,56,28,0,Matches,709,629,78,23,1,7,73,28,27,12,13,2,490,2,37,5,0,0,28,59,7,73,8,38,4,0,0,83,22,48,31.4,Germany
Felix Passlack,de GER,DF,Dortmund,19,1998,0.1,8,9,88.9,127,62,4,4,100.0,4,5,80.0,0,0,,0,0.0,0.0,0.0,0,1,0,0,2,0,,0,0,0,0,0,0,0,0,0,1,1,0,0,Matches,9,6,3,0,0,0,0,3,0,0,0,0,8,0,0,0,0,0,0,0,0,0,1,0,0,0,0,0,0,0,,Germany
Felix Passlack,de GER,"FW,DF",Hoffenheim,19,1998,0.7,37,43,86.0,736,294,14,16,87.5,20,22,90.9,3,5,60.0,0,0.1,0.2,-0.1,1,6,2,0,5,2,66.7,2,0,0,2,3,1,0,0,0,0,2,2,0,Matches,43,37,6,0,0,0,0,6,0,0,0,0,37,0,0,0,0,0,0,0,0,0,0,2,0,0,0,2,1,0,100.0,Germany
Filip Kostić,rs SRB,"FW,MF",Hamburger SV,24,1992,27.1,459,796,57.7,7436,2555,235,329,71.4,149,260,57.3,45,111,40.5,1,3.2,3.1,-2.2,29,30,29,19,59,48,48.8,16,21,11,20,41,21,42,1,41,10,58,12,0,Matches,796,729,60,4,1,10,125,28,24,8,13,0,459,7,57,2,0,0,35,40,8,125,10,38,0,1,0,111,30,64,31.9,Germany
Filip Kusić,rs SRB,"DF,MF",Köln,21,1996,0.2,1,1,100.0,17,0,0,0,,1,1,100.0,0,0,,0,0.0,0.0,0.0,0,0,0,0,0,0,,0,0,0,0,0,0,0,0,0,0,0,1,0,Matches,1,0,1,0,0,0,0,1,0,0,0,0,1,0,0,0,0,0,1,1,0,0,0,0,0,0,0,0,0,0,,Germany
Fin Bartels,de GER,FW,Werder Bremen,30,1987,12.5,279,391,71.4,4370,963,157,195,80.5,96,128,75.0,18,27,66.7,3,3.3,2.0,-0.3,23,27,12,4,42,12,33.3,4,3,5,4,12,8,5,1,4,7,19,1,1,Matches,391,380,10,1,1,5,13,2,0,0,0,0,279,1,26,0,0,0,10,15,5,13,7,9,0,0,0,32,8,12,40.0,Germany
Florian Grillitsch,at AUT,MF,Hoffenheim,21,1995,21.0,882,1073,82.2,16252,4754,360,423,85.1,398,445,89.4,97,149,65.1,2,1.7,1.6,+0.3,27,91,18,3,108,68,60.3,30,36,2,35,58,23,26,3,23,39,107,25,1,Matches,1073,1017,51,42,2,14,11,8,1,1,0,0,882,5,25,5,0,0,29,43,0,11,39,46,0,0,0,120,28,33,45.9,Germany
Florian Hübner,de GER,DF,Hannover 96,26,1991,3.6,134,158,84.8,2852,1150,31,33,93.9,87,94,92.6,16,27,59.3,0,0.0,0.0,0.0,1,7,0,0,5,10,55.6,8,2,0,5,9,4,3,2,1,6,16,21,0,Matches,158,147,10,9,0,3,0,1,0,0,0,0,134,1,3,2,0,0,6,7,0,0,6,9,0,0,0,4,10,10,50.0,Germany
Florian Kainz,at AUT,"MF,FW",Werder Bremen,24,1992,19.0,543,784,69.3,9925,3570,246,302,81.5,213,286,74.5,70,144,48.6,3,3.5,2.8,-0.5,37,69,25,10,114,33,47.4,9,18,6,9,19,10,23,0,23,17,50,13,0,Matches,784,696,84,15,2,16,116,30,39,15,23,0,543,4,44,5,0,0,35,29,3,116,17,25,0,0,0,89,13,20,39.4,Germany
Florian Kath,de GER,"FW,MF",Freiburg,22,1994,7.5,135,209,64.6,2281,620,67,87,77.0,47,65,72.3,16,33,48.5,0,0.3,0.4,-0.3,6,14,5,0,26,15,52.9,3,9,3,9,17,8,9,0,9,8,23,1,0,Matches,209,204,4,0,0,3,11,4,0,0,0,0,135,1,13,3,0,0,21,34,0,11,8,10,0,0,0,26,15,23,39.5,Germany
Florian Mayer,de GER,DF,Gladbach,19,1998,0.2,8,8,100.0,173,35,1,1,100.0,6,6,100.0,1,1,100.0,0,0.0,0.0,0.0,0,1,0,0,0,1,100.0,1,0,0,1,1,0,0,0,0,0,1,1,0,Matches,8,7,1,1,0,0,0,0,0,0,0,0,8,0,0,0,0,0,0,1,0,0,0,1,0,0,0,0,1,1,50.0,Germany
Florian Müller,de GER,GK,Mainz 05,19,1997,5.0,89,158,56.3,2844,2239,11,11,100.0,41,42,97.6,37,104,35.6,0,0.0,0.0,0.0,0,1,0,0,0,0,,0,0,0,0,0,0,0,0,0,0,0,1,1,Matches,158,104,53,12,0,0,0,0,0,0,0,0,89,1,0,0,0,0,0,0,0,0,0,0,0,0,0,4,3,0,100.0,Germany
Florian Niederlechner,de GER,"FW,MF",Freiburg,26,1990,7.7,98,132,74.2,1553,379,44,58,75.9,38,48,79.2,8,13,61.5,0,0.6,0.3,-0.6,7,4,7,0,15,8,40.0,1,5,2,2,5,3,5,1,4,3,11,6,0,Matches,132,124,8,0,0,1,3,0,0,0,0,0,98,0,5,1,0,0,16,21,9,3,3,6,1,0,0,24,10,24,29.4,Germany
Franck Evina,cm CMR,FW,Bayern Munich,17,2000,1.2,26,34,76.5,382,92,15,16,93.8,8,12,66.7,2,4,50.0,0,0.2,0.3,-0.2,1,0,3,2,2,2,100.0,2,0,0,2,2,0,5,0,5,0,2,0,0,Matches,34,34,0,0,0,0,3,0,0,0,0,0,26,0,0,0,0,0,1,1,0,3,0,2,0,0,0,6,2,1,66.7,Germany
Franck Ribéry,fr FRA,"FW,MF",Bayern Munich,34,1983,13.4,687,821,83.7,11664,2566,337,376,89.6,267,306,87.3,63,89,70.8,1,4.2,4.3,-3.2,34,62,28,4,93,19,76.5,9,5,5,13,17,4,11,0,11,7,26,3,0,Matches,821,779,38,4,1,11,39,19,15,14,0,0,687,4,31,3,0,0,11,41,2,39,7,16,0,0,0,72,2,5,28.6,Germany
Franco Di Santo,ar ARG,"FW,MF",Schalke 04,28,1989,18.4,312,484,64.5,4982,847,158,225,70.2,121,185,65.4,26,42,61.9,1,1.7,2.1,-0.7,17,24,12,6,31,17,46.7,3,13,1,7,15,8,12,1,11,2,19,24,0,Matches,484,472,11,1,2,2,32,0,0,0,0,0,312,1,27,4,0,0,57,21,18,32,2,13,1,0,0,54,50,52,49.0,Germany
Frederik Sørensen,dk DEN,DF,Köln,25,1992,22.2,731,1020,71.7,15704,7044,209,253,82.6,373,473,78.9,137,263,52.1,1,0.9,0.7,+0.1,6,51,7,3,74,56,73.2,40,14,2,30,41,11,35,17,18,37,93,130,3,Matches,1020,873,143,30,0,11,15,113,0,0,0,0,731,4,15,9,0,0,41,12,1,15,37,45,0,0,0,98,56,39,58.9,Germany
Gelson Fernandes,ch SUI,MF,Eint Frankfurt,30,1986,11.5,269,331,81.3,4273,1402,135,165,81.8,112,131,85.5,14,17,82.4,0,0.0,0.1,0.0,0,19,1,0,34,58,51.1,25,29,4,23,45,22,23,3,20,16,74,21,0,Matches,331,325,5,3,0,0,0,2,0,0,0,0,269,1,9,4,0,0,33,1,0,0,16,46,0,0,0,64,8,14,36.4,Germany
Genki Haraguchi,jp JPN,FW,Hertha BSC,26,1991,2.3,40,61,65.6,467,151,27,36,75.0,10,16,62.5,0,0,,0,0.8,0.8,-0.8,2,2,1,1,4,6,33.3,2,3,1,2,6,4,4,0,4,2,8,3,0,Matches,61,60,1,1,0,0,2,0,0,0,0,0,40,0,4,2,1,0,6,4,0,2,2,6,0,0,0,8,4,2,66.7,Germany
Gerrit Holtmann,ph PHI,"FW,DF",Mainz 05,22,1995,10.0,264,382,69.1,4110,1590,139,170,81.8,102,148,68.9,14,30,46.7,1,1.1,1.2,-0.1,9,16,6,4,19,16,50.0,8,5,3,11,22,11,19,2,17,12,28,9,0,Matches,382,290,87,3,0,2,45,84,0,0,0,0,264,5,21,1,0,0,14,9,1,45,12,13,0,0,0,35,11,11,50.0,Germany
Gian-Luca Itter,de GER,DF,Wolfsburg,18,1999,4.6,137,183,74.9,2244,890,64,78,82.1,58,68,85.3,11,31,35.5,0,0.1,0.3,-0.1,2,10,3,2,13,19,63.6,15,2,2,14,22,8,6,0,6,5,24,15,0,Matches,183,153,30,4,0,0,9,26,0,0,0,0,137,0,2,1,0,0,4,4,0,9,5,12,0,1,0,22,2,1,66.7,Germany
Gideon Jung,de GER,"MF,DF",Hamburger SV,22,1994,28.6,815,1048,77.8,15924,5964,269,311,86.5,441,527,83.7,95,173,54.9,1,1.1,1.0,-0.1,9,81,11,1,110,59,57.9,32,24,3,22,38,16,29,12,17,38,97,71,1,Matches,1048,1014,30,30,2,8,4,0,0,0,0,0,815,4,22,7,1,0,60,54,2,4,38,41,0,1,0,152,42,45,48.3,Germany
Giulio Donati,it ITA,"DF,FW",Mainz 05,27,1990,25.4,815,1133,71.9,15117,6485,375,425,88.2,320,426,75.1,105,218,48.2,3,1.4,2.7,+1.6,25,56,35,26,65,56,68.0,30,21,5,34,50,16,38,8,30,35,91,66,1,Matches,1133,839,292,35,0,25,69,257,0,0,0,0,815,2,44,3,2,1,20,44,0,69,35,42,0,1,0,83,25,20,55.6,Germany
Gojko Kačar,rs SRB,DF,Augsburg,30,1987,2.5,56,75,74.7,1022,366,19,23,82.6,33,40,82.5,4,11,36.4,0,0.0,0.0,0.0,0,0,0,0,1,7,42.9,6,1,0,3,7,4,3,2,1,4,11,7,0,Matches,75,70,5,5,0,0,1,0,0,0,0,0,56,0,0,1,0,0,1,1,0,1,4,6,0,0,0,4,6,11,35.3,Germany
Gonzalo Castro,de GER,MF,Dortmund,30,1987,13.4,693,842,82.3,11452,3094,325,359,90.5,289,339,85.3,57,102,55.9,2,3.0,2.6,-1.0,36,88,20,5,97,26,22.7,7,18,1,5,22,17,23,3,20,10,36,13,1,Matches,842,770,69,33,2,3,51,9,27,13,11,2,693,3,19,3,0,0,19,9,0,51,10,18,0,0,0,46,7,15,31.8,Germany
Guido Burgstaller,at AUT,FW,Schalke 04,28,1989,25.8,399,571,69.9,5670,1080,240,318,75.5,137,184,74.5,10,20,50.0,4,3.4,2.5,+0.6,27,32,8,1,56,14,28.6,0,10,4,4,14,10,28,3,25,10,24,9,0,Matches,571,509,62,0,0,3,21,10,0,0,0,0,399,0,35,8,0,0,43,52,30,21,10,9,0,0,0,81,32,81,28.3,Germany
Gōtoku Sakai,jp JPN,"DF,MF",Hamburger SV,26,1991,25.4,1036,1368,75.7,19068,7309,460,553,83.2,434,547,79.3,128,211,60.7,0,0.7,1.7,-0.7,13,116,21,7,151,50,46.8,25,18,7,22,47,25,40,12,28,44,94,55,0,Matches,1368,1167,199,22,0,18,40,174,3,1,0,0,1036,2,45,2,0,0,30,26,0,40,44,40,0,0,0,130,37,42,46.8,Germany
Holger Badstuber,de GER,"DF,MF",Stuttgart,28,1989,24.1,910,1100,82.7,18521,6932,275,309,89.0,493,546,90.3,136,220,61.8,0,0.1,0.4,-0.1,1,43,0,0,47,44,56.4,29,14,1,22,39,17,27,14,13,41,85,111,4,Matches,1100,1046,48,47,0,8,2,1,0,0,0,0,910,6,9,2,0,0,22,17,0,2,41,32,0,0,0,119,58,30,65.9,Germany
Håvard Nordtveit,no NOR,DF,Hoffenheim,27,1990,10.8,499,577,86.5,10185,4001,164,177,92.7,260,275,94.5,69,113,61.1,0,0.0,0.3,0.0,1,52,3,0,61,19,72.2,10,9,0,13,18,5,19,8,11,10,29,50,0,Matches,577,553,24,19,0,11,0,5,0,0,0,0,499,0,6,0,0,0,10,7,0,0,10,16,0,0,0,35,13,5,72.2,Germany
Ibrahima Konaté,fr FRA,DF,RB Leipzig,18,1999,13.6,527,651,81.0,9792,4235,209,239,87.4,264,303,87.1,47,100,47.0,0,0.5,0.4,-0.5,3,39,1,0,51,32,78.3,20,12,0,18,23,5,14,3,11,20,52,66,0,Matches,651,631,20,20,1,2,0,0,0,0,0,0,527,0,2,1,0,0,13,10,0,0,20,25,0,1,0,58,36,19,65.5,Germany
Ibrahima Traoré,gn GUI,MF,Gladbach,29,1988,2.2,92,122,75.4,1652,524,41,46,89.1,36,47,76.6,11,21,52.4,0,0.3,0.6,-0.3,5,7,8,6,14,4,57.1,2,2,0,4,7,3,2,0,2,0,4,1,0,Matches,122,114,7,0,1,2,17,2,5,0,3,0,92,1,4,0,0,0,1,2,2,17,0,2,0,0,0,9,0,0,,Germany
Ignacio Camacho,es ESP,"MF,DF",Wolfsburg,27,1990,10.6,400,527,75.9,7897,3464,145,176,82.4,187,231,81.0,60,98,61.2,0,0.5,0.4,-0.5,4,33,3,0,47,27,39.1,10,16,1,9,23,14,14,5,9,41,68,43,0,Matches,527,497,29,29,1,11,0,0,0,0,0,0,400,1,8,1,0,0,14,22,1,0,41,21,0,0,0,29,54,19,74.0,Germany
Ihlas Bebou,tg TOG,"MF,FW",Hannover 96,23,1994,23.8,446,639,69.8,6660,2226,240,303,79.2,133,192,69.3,36,61,59.0,2,5.5,4.5,-3.5,42,39,30,9,86,37,51.9,15,17,5,14,27,13,34,3,31,24,61,27,0,Matches,639,636,2,0,2,3,55,2,0,0,0,0,446,1,35,3,0,0,20,43,7,55,24,29,0,0,0,125,60,60,50.0,Germany
Ishak Belfodil,dz ALG,FW,Werder Bremen,25,1992,15.0,272,440,61.8,3981,985,167,247,67.6,86,140,61.4,11,20,55.0,1,2.4,2.1,-1.4,18,24,10,1,42,7,0.0,2,3,2,0,3,3,10,1,9,1,8,9,0,Matches,440,427,11,0,0,3,23,3,0,0,0,0,272,2,17,1,0,0,64,14,21,23,1,6,0,0,0,34,73,66,52.5,Germany
Iver Fossum,no NOR,MF,Hannover 96,21,1996,14.5,520,682,76.2,7970,2153,260,313,83.1,187,224,83.5,37,70,52.9,1,1.7,1.5,-0.7,16,46,14,3,67,27,32.3,8,13,6,10,31,21,28,3,25,15,42,14,0,Matches,682,659,21,10,0,3,30,3,7,2,5,0,520,2,27,0,0,0,13,6,0,30,15,19,0,0,0,60,18,27,40.0,Germany
Izet Hajrović,ba BIH,"MF,FW",Werder Bremen,25,1991,2.1,56,80,70.0,1046,306,23,33,69.7,22,26,84.6,9,16,56.3,0,0.2,0.3,-0.2,5,2,2,2,2,1,0.0,1,0,0,0,1,1,0,0,0,2,3,1,0,Matches,80,70,10,0,0,1,12,2,8,4,1,1,56,0,3,3,0,0,6,3,1,12,2,0,0,0,0,13,2,7,22.2,Germany
Jacob Bruun Larsen,dk DEN,DF,Dortmund,18,1998,0.1,2,2,100.0,42,14,0,0,,2,2,100.0,0,0,,0,0.0,0.0,0.0,0,0,0,0,0,1,50.0,1,0,0,1,2,1,0,0,0,0,1,0,0,Matches,2,2,0,0,0,0,0,0,0,0,0,0,2,0,0,0,0,0,1,0,0,0,0,1,0,0,0,1,0,0,,Germany
Jacob Bruun Larsen,dk DEN,"MF,DF",Stuttgart,18,1998,1.2,29,43,67.4,457,75,12,12,100.0,13,16,81.3,2,9,22.2,0,0.0,0.1,0.0,0,0,0,0,1,0,,0,0,0,0,0,0,1,0,1,1,1,2,0,Matches,43,32,11,1,0,1,2,9,1,0,1,0,29,0,1,0,0,0,6,1,1,2,1,0,0,1,0,3,1,1,50.0,Germany
Jadon Sancho,eng ENG,FW,Dortmund,17,2000,7.7,306,374,81.8,4334,793,186,212,87.7,90,110,81.8,16,27,59.3,4,2.9,2.2,+1.1,19,12,13,0,31,5,28.6,2,2,1,2,7,5,8,0,8,5,10,2,0,Matches,374,365,9,1,1,2,14,3,4,3,0,0,306,0,9,0,0,0,1,9,1,14,5,5,0,0,0,36,5,6,45.5,Germany
Jairo Samperio,es ESP,"MF,FW",Mainz 05,24,1993,0.4,4,7,57.1,40,14,3,5,60.0,1,1,100.0,0,0,,0,0.0,0.0,0.0,0,1,0,0,1,1,100.0,0,1,0,1,1,0,0,0,0,0,1,0,0,Matches,7,6,0,0,0,0,0,0,0,0,0,0,4,1,0,1,0,0,0,1,0,0,0,1,0,0,0,0,0,1,0.0,Germany
Jakub Błaszczykowski,pl POL,"FW,MF",Wolfsburg,31,1985,5.8,137,197,69.5,2349,751,71,90,78.9,51,72,70.8,12,23,52.2,0,0.4,1.2,-0.4,7,13,7,3,25,12,46.2,8,2,2,6,13,7,11,3,8,5,17,3,0,Matches,197,193,4,1,0,1,17,2,1,0,1,0,137,0,14,0,0,0,4,8,0,17,5,8,0,0,0,24,9,7,56.3,Germany
James Rodríguez,co COL,"MF,FW",Bayern Munich,26,1991,18.0,1347,1590,84.7,26078,7221,554,599,92.5,584,678,86.1,197,272,72.4,11,7.5,7.7,+3.5,63,180,33,7,204,35,50.0,10,15,10,15,30,15,16,1,15,12,47,4,0,Matches,1590,1433,149,61,5,32,132,17,58,11,41,0,1347,8,27,2,0,0,22,33,4,132,12,27,0,0,0,126,6,12,33.3,Germany
Jan Morávek,cz CZE,MF,Augsburg,27,1989,7.8,255,338,75.4,3708,1226,128,152,84.2,80,108,74.1,17,32,53.1,0,0.2,0.4,-0.2,7,25,8,0,36,41,58.3,17,23,1,21,36,15,19,3,16,11,52,11,0,Matches,338,337,1,1,0,4,2,0,0,0,0,0,255,0,6,5,1,1,26,2,0,2,11,37,0,0,0,38,16,14,53.3,Germany
Janik Haberer,de GER,"MF,FW",Freiburg,23,1994,30.5,731,1045,70.0,12928,3423,316,410,77.1,297,409,72.6,84,137,61.3,4,3.4,3.1,+0.6,34,81,21,5,107,62,40.4,20,34,8,23,57,34,43,1,42,30,92,42,0,Matches,1045,1013,26,2,2,11,16,9,0,0,0,0,731,6,44,9,0,0,73,67,6,16,30,49,0,0,0,117,70,102,40.7,Germany
Jann-Fiete Arp,de GER,"FW,MF",Hamburger SV,17,2000,9.4,87,151,57.6,1200,144,47,80,58.8,28,44,63.6,4,8,50.0,0,0.5,0.2,-0.5,3,6,1,0,5,7,14.3,0,3,4,1,7,6,6,0,6,2,9,7,0,Matches,151,135,16,0,0,0,2,0,1,0,0,0,87,0,7,1,0,0,22,18,3,2,2,5,0,0,0,17,18,46,28.1,Germany
Jannes Horn,de GER,DF,Köln,20,1997,9.2,272,348,78.2,4715,1873,132,139,95.0,105,134,78.4,28,57,49.1,0,1.4,1.8,-1.4,10,15,10,8,19,16,78.6,11,4,1,11,14,3,12,3,9,17,33,26,0,Matches,348,291,56,11,0,4,22,44,1,1,0,0,272,1,6,0,0,0,5,13,0,22,17,11,0,0,0,54,2,10,16.7,Germany
Jannik Vestergaard,dk DEN,DF,Gladbach,24,1992,32.0,1634,1922,85.0,36494,13228,379,424,89.4,968,1061,91.2,280,411,68.1,0,0.9,0.9,-0.9,4,122,7,0,114,58,66.7,43,15,0,32,48,16,55,39,16,40,98,161,3,Matches,1922,1861,53,52,1,24,0,1,0,0,0,0,1634,8,8,5,0,0,27,22,4,0,40,41,0,1,1,113,97,55,63.8,Germany
Javi Martínez,es ESP,"MF,DF",Bayern Munich,28,1988,17.9,1048,1191,88.0,19404,5707,411,439,93.6,514,572,89.9,109,157,69.4,2,2.2,2.1,-0.2,12,114,10,3,112,31,47.4,11,15,5,9,19,10,16,5,11,33,64,40,1,Matches,1191,1172,18,18,2,7,7,0,0,0,0,0,1048,1,7,1,0,0,16,18,0,7,33,22,0,0,0,70,57,30,65.5,Germany
Jean-Kévin Augustin,fr FRA,FW,RB Leipzig,20,1997,14.1,229,299,76.6,2950,525,147,178,82.6,53,69,76.8,10,16,62.5,5,1.9,1.9,+3.1,15,10,11,2,15,16,42.9,4,11,1,3,7,4,17,1,16,4,20,4,0,Matches,299,281,17,4,1,1,12,1,1,0,0,0,229,1,11,1,0,0,21,43,13,12,4,11,2,0,0,29,17,51,25.0,Germany
Jean-Philippe Gbamin,ci CIV,"MF,DF",Mainz 05,21,1995,28.8,921,1179,78.1,17267,6460,386,460,83.9,388,450,86.2,124,203,61.1,3,1.5,1.7,+1.5,13,112,6,0,128,78,66.2,48,26,4,43,65,22,50,10,40,50,128,80,0,Matches,1179,1137,40,38,1,30,6,2,0,0,0,0,921,2,30,4,0,0,44,36,0,6,50,63,0,0,0,206,65,38,63.1,Germany
Jeffrey Bruma,nl NED,DF,Wolfsburg,25,1991,11.0,531,615,86.3,11658,4054,141,160,88.1,287,309,92.9,102,137,74.5,0,0.1,0.3,-0.1,1,26,2,0,28,13,42.9,13,0,0,6,14,8,17,12,5,14,27,43,2,Matches,615,595,19,17,0,6,1,2,0,0,0,0,531,1,3,1,0,0,12,2,0,1,14,11,0,0,0,32,34,24,58.6,Germany
Jeffrey Gouweleeuw,nl NED,DF,Augsburg,26,1991,26.5,915,1183,77.3,19085,8862,298,348,85.6,422,479,88.1,165,299,55.2,0,0.4,0.8,-0.4,7,106,10,0,108,57,65.9,36,18,3,27,41,14,36,10,26,54,111,128,0,Matches,1183,1126,52,47,1,9,3,5,0,0,0,0,915,5,15,4,0,0,31,8,5,3,54,44,0,0,0,143,58,56,50.9,Germany
Jeremy Toljan,de GER,DF,Dortmund,22,1994,13.5,675,837,80.6,10482,3083,337,381,88.5,268,320,83.8,40,76,52.6,2,1.3,1.2,+0.7,12,47,7,2,66,29,59.4,17,11,1,19,32,13,17,2,15,12,41,45,0,Matches,837,703,129,21,0,0,25,108,0,0,0,0,675,5,23,1,0,0,6,21,2,25,12,20,0,0,0,61,12,16,42.9,Germany
Jeremy Toljan,de GER,"DF,FW",Hoffenheim,22,1994,2.0,68,81,84.0,1162,258,35,40,87.5,25,29,86.2,7,9,77.8,2,0.1,0.0,+1.9,1,3,0,0,1,3,66.7,1,2,0,2,3,1,3,0,3,0,3,3,0,Matches,81,65,16,3,0,0,1,13,0,0,0,0,68,0,3,0,0,0,3,3,0,1,0,1,0,0,0,7,2,1,66.7,Germany
Jetro Willems,nl NED,"FW,DF",Eint Frankfurt,23,1994,18.5,613,877,69.9,12167,5916,222,278,79.9,271,354,76.6,104,187,55.6,2,2.7,4.3,-0.7,35,53,34,12,77,55,64.3,28,23,4,27,42,15,31,1,30,20,75,53,0,Matches,877,585,286,33,1,6,96,205,48,13,27,0,613,6,38,4,0,0,24,24,9,96,20,42,0,0,0,99,19,23,45.2,Germany
Jhon Córdoba,co COL,FW,Köln,24,1993,10.6,146,218,67.0,2124,341,76,111,68.5,48,63,76.2,11,16,68.8,2,1.1,1.7,+0.9,7,8,6,2,16,13,20.0,0,11,2,1,5,4,6,2,4,1,14,9,0,Matches,218,189,25,0,0,2,8,1,0,0,0,0,146,4,12,1,0,0,28,38,14,8,1,10,0,0,0,33,30,54,35.7,Germany
Ji Dong-won,kr KOR,"FW,MF",Augsburg,26,1991,0.2,2,5,40.0,34,0,1,2,50.0,1,1,100.0,0,1,0.0,0,0.0,0.0,0.0,0,0,0,0,0,2,,0,1,1,0,0,0,1,1,0,1,3,0,0,Matches,5,5,0,0,0,0,1,0,0,0,0,0,2,0,1,0,0,0,2,0,0,1,1,1,0,0,0,1,0,1,0.0,Germany
Jiří Pavlenka,cz CZE,GK,Werder Bremen,25,1992,34.0,795,1176,67.6,26831,19924,53,53,100.0,361,369,97.8,381,749,50.9,0,0.0,0.1,0.0,0,12,0,0,1,1,,1,0,0,0,0,0,2,0,2,0,1,17,4,Matches,1176,774,397,141,0,2,0,0,0,0,0,0,795,5,0,1,0,0,0,8,0,0,0,1,0,0,0,42,9,1,90.0,Germany
Joel Pohjanpalo,fi FIN,"MF,FW",Leverkusen,22,1994,1.3,12,20,60.0,165,24,9,13,69.2,3,6,50.0,0,0,,0,0.0,0.0,0.0,0,1,0,0,2,0,0.0,0,0,0,0,2,2,1,1,0,0,0,2,0,Matches,20,17,3,0,0,0,0,0,0,0,0,0,12,0,0,0,0,0,2,2,0,0,0,0,0,0,0,4,3,6,33.3,Germany
Johannes Eggestein,de GER,"FW,DF",Werder Bremen,19,1998,1.1,20,32,62.5,296,72,10,11,90.9,8,14,57.1,0,3,0.0,0,0.8,0.2,-0.8,3,1,2,0,3,0,0.0,0,0,0,0,1,1,2,1,1,1,1,0,0,Matches,32,32,0,0,0,0,3,0,0,0,0,0,20,0,1,0,0,0,0,2,0,3,1,0,0,0,0,4,0,7,0.0,Germany
John Brooks,us USA,DF,Wolfsburg,24,1993,8.1,317,370,85.7,7280,2384,60,69,87.0,187,200,93.5,67,91,73.6,0,0.0,0.1,0.0,0,12,0,0,9,20,72.7,15,4,1,16,22,6,11,5,6,10,30,46,0,Matches,370,341,28,28,0,2,0,0,0,0,0,0,317,1,5,1,0,0,9,9,0,0,10,13,0,0,0,27,19,8,70.4,Germany
Jonas Hector,de GER,"DF,MF",Köln,27,1990,19.5,895,1168,76.6,15135,4549,405,463,87.5,386,487,79.3,75,140,53.6,2,1.9,3.0,+0.1,21,66,13,2,89,47,45.0,23,18,6,18,40,22,39,6,33,28,75,65,2,Matches,1168,940,219,48,0,2,57,146,25,14,10,0,895,9,33,4,0,0,20,30,0,57,28,35,0,1,0,107,47,40,54.0,Germany
Jonas Hofmann,de GER,"MF,FW",Gladbach,25,1992,11.5,301,421,71.5,5407,1699,135,174,77.6,118,148,79.7,40,68,58.8,3,3.0,2.0,0.0,22,27,11,1,41,23,46.2,12,11,0,12,26,14,15,4,11,12,35,16,0,Matches,421,374,45,9,0,6,35,23,13,1,11,0,301,2,25,0,0,0,8,18,3,35,12,19,1,1,0,48,5,15,25.0,Germany
Jonathan Schmid,fr FRA,"DF,FW",Augsburg,27,1990,16.4,455,645,70.5,7351,3333,224,260,86.2,142,202,70.3,52,113,46.0,0,1.8,2.3,-1.8,28,18,7,4,34,23,61.1,6,13,4,11,18,7,16,1,15,10,33,35,1,Matches,645,473,169,18,0,2,88,102,49,9,35,0,455,3,23,1,0,0,11,15,1,88,10,16,0,0,0,63,21,20,51.2,Germany
Jonathan Tah,de GER,DF,Leverkusen,21,1996,27.0,1269,1479,85.8,25646,8855,370,416,88.9,725,794,91.3,162,238,68.1,2,1.3,1.3,+0.7,11,111,6,2,141,47,78.9,35,12,0,30,38,8,22,13,9,34,81,112,2,Matches,1479,1429,46,46,0,9,4,0,0,0,0,0,1269,4,14,1,0,0,15,23,0,4,34,34,0,1,0,175,70,35,66.7,Germany
Jonathan de Guzmán,nl NED,MF,Eint Frankfurt,29,1987,12.1,490,650,75.4,8719,3049,227,260,87.3,184,224,82.1,59,129,45.7,3,1.3,2.1,+1.7,19,58,15,5,83,16,37.5,8,8,0,6,16,10,13,0,13,13,29,12,0,Matches,650,567,80,34,0,6,73,1,45,20,23,0,490,3,11,2,0,0,16,12,0,73,13,16,0,0,0,72,11,12,47.8,Germany
Jonathas,br BRA,FW,Hannover 96,28,1989,7.0,102,164,62.2,1592,344,58,93,62.4,33,49,67.3,9,13,69.2,3,1.6,0.7,+1.4,12,8,7,1,11,7,50.0,2,4,1,1,2,1,3,1,2,0,7,9,0,Matches,164,141,21,0,0,2,5,1,0,0,0,0,102,2,2,2,0,0,20,12,11,5,0,3,0,0,0,14,26,41,38.8,Germany
Jordan Torunarigha,de GER,DF,Hertha BSC,19,1997,7.4,265,336,78.9,5898,2105,68,82,82.9,146,161,90.7,51,88,58.0,0,0.1,0.0,-0.1,1,22,0,0,18,18,53.8,16,2,0,7,13,6,20,13,7,23,41,43,1,Matches,336,327,8,8,0,6,0,0,0,0,0,0,265,1,2,0,1,0,10,7,0,0,23,12,0,0,0,32,20,16,55.6,Germany
Jorge Meré,es ESP,DF,Köln,20,1997,21.0,833,988,84.3,17202,6312,273,310,88.1,403,442,91.2,148,210,70.5,1,0.3,0.5,+0.7,1,53,4,1,70,34,65.7,25,9,0,23,35,12,25,13,12,34,68,110,1,Matches,988,952,35,22,0,7,3,13,0,0,0,0,833,1,10,6,0,0,16,14,1,3,34,23,0,0,0,100,44,35,55.7,Germany
Josha Vagnoman,de GER,MF,Hamburger SV,16,2000,0.2,2,3,66.7,26,21,1,1,100.0,1,2,50.0,0,0,,0,0.0,0.0,0.0,0,1,0,0,0,1,100.0,0,1,0,1,1,0,0,0,0,0,1,0,0,Matches,3,1,2,0,0,0,0,2,0,0,0,0,2,0,0,0,0,0,0,0,0,0,0,1,0,0,0,0,0,0,,Germany
Joshua Kimmich,de GER,DF,Bayern Munich,22,1995,25.9,1822,2169,84.0,35601,10321,695,750,92.7,836,967,86.5,272,394,69.0,10,6.2,6.3,+3.8,53,137,52,22,176,32,52.6,14,13,5,20,38,18,26,5,21,20,52,40,0,Matches,2169,1882,282,53,1,24,212,160,69,13,49,2,1822,5,34,1,0,0,17,52,2,212,20,23,1,1,0,140,20,18,52.6,Germany
Josip Brekalo,hr CRO,"MF,FW",Stuttgart,19,1998,8.1,211,315,67.0,3752,923,98,129,76.0,75,99,75.8,29,56,51.8,1,1.2,1.3,-0.2,16,15,13,6,21,20,75.0,7,8,5,6,8,2,8,2,6,3,23,1,0,Matches,315,288,27,10,0,6,34,5,12,5,5,0,211,0,19,1,0,0,11,23,2,34,3,12,0,0,0,39,8,9,47.1,Germany
Josip Brekalo,hr CRO,FW,Wolfsburg,19,1998,9.7,243,338,71.9,4385,1072,117,144,81.3,82,105,78.1,33,57,57.9,2,1.2,0.9,+0.8,14,18,11,2,32,15,50.0,6,7,2,6,12,6,17,0,17,4,19,3,0,Matches,338,320,16,6,0,4,37,0,10,1,6,1,243,2,16,2,0,0,9,12,1,37,4,12,0,0,0,35,1,10,9.1,Germany
Josip Drmić,ch SUI,"FW,MF",Gladbach,24,1992,5.2,93,139,66.9,1275,154,63,79,79.7,21,37,56.8,6,10,60.0,1,0.3,0.2,+0.7,3,8,2,0,4,0,0.0,0,0,0,0,4,4,1,0,1,0,0,1,1,Matches,139,124,14,0,1,1,1,0,0,0,0,0,93,1,5,1,0,0,4,7,4,1,0,0,0,0,0,10,17,20,45.9,Germany
Josip Elez,hr CRO,DF,Hannover 96,23,1994,8.6,285,366,77.9,6154,2539,87,106,82.1,140,170,82.4,55,85,64.7,0,0.0,0.3,0.0,0,35,3,0,39,12,55.6,9,2,1,5,9,4,9,7,2,16,28,39,1,Matches,366,339,27,25,0,8,3,2,0,0,0,0,285,0,1,1,0,0,9,3,0,3,16,8,0,0,0,42,11,21,34.4,Germany
Josuha Guilavogui,fr FRA,MF,Wolfsburg,26,1990,26.7,1159,1372,84.5,22573,6871,424,484,87.6,571,644,88.7,145,202,71.8,2,1.8,1.6,+0.2,21,134,13,1,171,65,60.0,43,20,2,30,50,20,34,10,24,66,131,63,0,Matches,1372,1350,21,16,0,22,12,5,0,0,0,0,1159,1,19,7,1,1,43,19,5,12,66,46,0,2,1,165,67,25,72.8,Germany
Juan Bernat,es ESP,"DF,FW",Bayern Munich,24,1993,9.9,490,546,89.7,8119,1925,251,264,95.1,203,218,93.1,31,41,75.6,2,1.5,2.3,+0.5,11,24,9,3,42,25,61.1,13,8,4,11,18,7,11,1,10,10,35,9,1,Matches,546,498,48,6,0,2,23,42,0,0,0,0,490,0,16,1,0,0,5,12,1,23,10,19,0,0,0,34,11,17,39.3,Germany
Julian Baumgartlinger,at AUT,"MF,DF",Leverkusen,29,1988,15.5,865,958,90.3,14795,3941,425,470,90.4,343,363,94.5,85,98,86.7,0,0.7,0.9,-0.7,11,64,8,0,72,47,48.3,21,21,5,14,29,15,25,2,23,18,65,23,0,Matches,958,914,42,38,1,14,2,4,0,0,0,0,865,2,11,3,0,0,18,26,0,2,18,37,1,0,0,100,14,16,46.7,Germany
Julian Brandt,de GER,"FW,MF",Leverkusen,21,1996,25.8,972,1314,74.0,15051,3876,576,678,85.0,284,386,73.6,81,153,52.9,3,5.9,6.8,-2.9,58,58,43,9,112,24,37.9,11,9,4,11,29,18,23,1,22,16,40,12,1,Matches,1314,1191,114,27,6,16,115,26,61,41,15,2,972,9,51,0,0,0,12,19,1,115,16,18,1,0,0,119,20,29,40.8,Germany
Julian Korb,de GER,"DF,MF",Hannover 96,25,1992,26.0,814,1199,67.9,14609,8368,344,427,80.6,376,516,72.9,78,177,44.1,1,1.6,2.7,-0.6,22,82,28,13,119,52,54.4,27,19,6,37,68,31,30,2,28,22,74,77,0,Matches,1199,872,320,14,0,2,64,306,0,0,0,0,814,7,58,8,0,0,41,15,2,64,22,41,0,0,0,104,13,27,32.5,Germany
Julian Pollersbeck,de GER,GK,Hamburger SV,22,1994,10.0,405,546,74.2,10974,6828,55,55,100.0,218,221,98.6,131,268,48.9,0,0.0,0.0,0.0,0,11,0,0,0,0,0.0,0,0,0,0,1,1,0,0,0,0,0,4,1,Matches,546,448,97,32,0,0,0,0,0,0,0,0,405,1,0,1,0,0,0,0,0,0,0,0,0,0,0,29,0,0,,Germany
Julian Schieber,de GER,"MF,FW",Hertha BSC,28,1989,0.6,6,13,46.2,98,49,4,7,57.1,1,5,20.0,1,1,100.0,0,0.0,0.0,0.0,0,0,0,0,0,1,100.0,0,0,1,1,1,0,1,0,1,0,1,2,0,Matches,13,13,0,0,0,0,0,0,0,0,0,0,6,0,0,0,0,0,2,1,0,0,0,1,0,0,0,1,4,0,100.0,Germany
Julian Schuster,de GER,"DF,MF",Freiburg,32,1985,14.5,603,762,79.1,12604,5238,163,185,88.1,346,379,91.3,84,177,47.5,0,1.2,1.9,-1.2,14,43,5,1,50,14,54.5,6,7,1,6,11,5,17,10,7,19,33,56,0,Matches,762,628,131,75,0,5,74,2,54,21,23,4,603,3,6,1,0,0,7,9,0,74,19,10,0,2,2,55,19,16,54.3,Germany
Julian Weigl,de GER,MF,Dortmund,21,1995,21.6,1093,1277,85.6,20118,5254,432,495,87.3,505,562,89.9,131,171,76.6,0,0.4,0.6,-0.4,7,99,8,0,126,69,63.6,20,42,7,42,66,24,26,6,20,34,103,29,2,Matches,1277,1218,53,51,2,12,4,2,0,0,0,0,1093,6,17,4,0,0,40,42,0,4,34,49,0,0,0,113,33,27,55.0,Germany
Julio Villalba,py PAR,DF,Gladbach,18,1998,0.1,2,5,40.0,20,4,2,4,50.0,0,0,,0,0,,0,0.0,0.0,0.0,0,0,0,0,0,0,,0,0,0,0,0,0,0,0,0,0,0,0,0,Matches,5,5,0,0,0,0,1,0,0,0,0,0,2,0,2,1,0,0,1,0,0,1,0,0,0,0,0,0,1,1,50.0,Germany
Jérôme Boateng,de GER,DF,Bayern Munich,28,1988,18.2,1236,1445,85.5,28953,12627,258,274,94.2,711,758,93.8,264,391,67.5,2,1.7,2.9,+0.3,12,171,20,5,127,26,59.4,18,7,1,19,32,13,20,12,8,21,47,52,1,Matches,1445,1391,43,38,2,25,19,4,1,0,0,0,1236,11,7,4,0,0,14,7,0,19,21,18,0,0,0,106,33,13,71.7,Germany
Jérôme Gondorf,de GER,"MF,FW",Werder Bremen,29,1988,8.9,173,261,66.3,2734,797,83,121,68.6,65,88,73.9,15,30,50.0,1,0.7,0.4,+0.3,7,14,7,2,27,12,22.2,3,9,0,4,18,14,11,2,9,6,18,12,0,Matches,261,253,5,2,0,2,18,2,1,0,1,0,173,3,8,4,0,0,21,25,6,18,6,9,0,0,0,39,11,17,39.3,Germany
Kai Havertz,de GER,"MF,FW",Leverkusen,18,1999,23.8,900,1119,80.4,14064,3060,494,585,84.4,304,359,84.7,68,91,74.7,8,4.6,3.1,+3.4,32,77,29,3,149,34,48.0,8,23,3,12,25,13,33,2,31,19,53,23,0,Matches,1119,1087,30,10,3,10,19,15,0,0,0,0,900,2,35,3,0,0,30,46,4,19,19,23,1,0,0,122,78,89,46.7,Germany
Karim Bellarabi,de GER,"MF,FW",Leverkusen,27,1990,12.7,396,541,73.2,6045,1787,231,270,85.6,121,165,73.3,30,66,45.5,3,4.3,4.5,-1.3,27,27,31,11,51,22,52.6,10,9,3,10,19,9,26,1,25,13,35,5,0,Matches,541,503,35,6,2,4,56,26,2,0,0,0,396,3,22,2,0,0,19,21,3,56,13,17,0,0,0,58,2,6,25.0,Germany
Karim Guédé,sk SVK,FW,Freiburg,32,1985,0.7,4,10,40.0,59,8,2,3,66.7,2,6,33.3,0,0,,0,0.0,0.0,0.0,0,0,0,0,1,2,100.0,2,0,0,2,2,0,1,1,0,1,3,0,0,Matches,10,9,0,0,0,0,0,0,0,0,0,0,4,1,0,0,0,0,1,2,0,0,1,2,0,0,0,0,0,2,0.0,Germany
Karim Onisiwo,at AUT,"DF,FW",Mainz 05,25,1992,2.8,55,88,62.5,706,271,34,40,85.0,17,30,56.7,1,5,20.0,0,0.6,0.6,-0.6,3,3,1,0,6,7,42.9,5,1,1,3,7,4,4,0,4,1,8,8,0,Matches,88,72,15,0,0,0,2,15,0,0,0,0,55,1,7,0,0,0,9,10,1,2,1,5,0,0,0,12,6,6,50.0,Germany
Karim Rekik,nl NED,DF,Hertha BSC,22,1994,25.6,1129,1349,83.7,25922,9357,203,237,85.7,693,748,92.6,220,337,65.3,2,0.6,0.3,+1.4,2,51,5,0,61,38,92.3,32,6,0,24,26,2,27,11,16,28,66,116,2,Matches,1349,1307,37,36,0,14,1,1,0,0,0,0,1129,5,10,4,0,0,27,18,2,1,28,29,0,2,0,95,56,39,58.9,Germany
Kaylen Hinds,eng ENG,FW,Wolfsburg,19,1998,1.0,9,15,60.0,115,35,5,8,62.5,3,5,60.0,0,0,,0,0.0,0.0,0.0,0,2,0,0,2,1,,1,0,0,0,0,0,1,0,1,1,2,0,0,Matches,15,15,0,0,0,0,2,0,0,0,0,0,9,0,1,0,0,0,0,1,1,2,1,1,0,0,0,1,2,4,33.3,Germany
Kenan Karaman,tr TUR,"MF,FW",Hannover 96,23,1994,9.5,197,269,73.2,3094,847,99,125,79.2,73,92,79.3,13,23,56.5,0,0.6,1.1,-0.6,7,12,7,3,31,16,85.7,9,6,1,6,7,1,10,4,6,1,17,17,0,Matches,269,266,1,0,0,1,13,0,1,0,1,0,197,2,10,2,0,0,11,18,1,13,1,13,0,0,0,38,12,18,40.0,Germany
Kenan Kodro,ba BIH,"FW,DF",Mainz 05,23,1993,2.6,53,69,76.8,882,62,25,37,67.6,14,17,82.4,9,10,90.0,0,0.2,0.2,-0.2,4,2,2,0,4,1,,0,1,0,0,0,0,1,0,1,3,4,0,0,Matches,69,63,6,0,0,0,1,0,0,0,0,0,53,0,2,0,0,0,2,2,1,1,3,1,0,0,0,5,8,6,57.1,Germany
Kerem Demirbay,de GER,MF,Hoffenheim,24,1993,13.5,570,740,77.0,9953,3425,252,288,87.5,238,296,80.4,61,118,51.7,2,2.2,2.0,-0.2,31,62,17,5,76,38,42.9,15,17,6,12,28,16,21,3,18,14,52,21,0,Matches,740,634,99,34,1,6,73,16,49,16,27,0,570,7,14,3,0,0,29,19,4,73,14,30,0,0,0,73,14,9,60.9,Germany
Kevin Akpoguma,ng NGA,DF,Hoffenheim,22,1995,18.8,876,1021,85.8,15321,5786,370,401,92.3,434,470,92.3,60,127,47.2,1,1.4,0.8,-0.4,7,69,4,1,85,47,68.6,29,16,2,24,35,11,18,4,14,22,69,60,1,Matches,1021,973,46,38,1,8,6,8,0,0,0,0,876,2,11,1,0,0,22,17,1,6,22,39,0,0,1,91,27,21,56.3,Germany
Kevin Danso,at AUT,DF,Augsburg,18,1998,12.3,379,558,67.9,7833,3168,125,146,85.6,173,229,75.5,70,154,45.5,0,0.4,0.3,-0.4,3,25,1,1,36,18,75.0,13,5,0,12,16,4,21,14,7,20,38,63,1,Matches,558,484,72,21,0,6,4,51,0,0,0,0,379,2,11,2,0,0,18,17,0,4,20,12,0,0,0,61,30,34,46.9,Germany
Kevin Kampl,si SVN,MF,Leverkusen,26,1990,0.3,30,34,88.2,630,204,12,13,92.3,10,11,90.9,7,7,100.0,0,0.0,0.0,0.0,1,7,0,0,5,1,100.0,1,0,0,1,1,0,0,0,0,0,1,0,0,Matches,34,33,1,1,0,1,0,0,0,0,0,0,30,0,2,0,0,0,0,0,0,0,0,1,0,0,0,5,0,1,0.0,Germany
Kevin Kampl,si SVN,MF,RB Leipzig,26,1990,22.4,1033,1250,82.6,16321,5228,526,584,90.1,393,455,86.4,77,139,55.4,3,3.9,4.2,-0.9,51,111,26,5,152,42,41.0,16,20,6,16,39,23,37,2,35,33,75,33,0,Matches,1250,1129,114,45,3,2,80,18,51,20,20,1,1033,7,27,3,0,0,30,21,7,80,33,33,0,0,0,155,9,16,36.0,Germany
Kevin Vogt,de GER,DF,Hoffenheim,25,1991,31.0,1977,2227,88.8,44556,18559,433,466,92.9,1147,1227,93.5,388,509,76.2,1,0.7,1.4,+0.3,9,116,13,0,126,38,67.6,30,7,1,23,34,11,37,23,14,25,63,114,2,Matches,2227,2134,87,85,2,15,0,2,0,0,0,0,1977,6,11,9,0,0,20,33,0,0,25,28,0,1,1,207,31,25,55.4,Germany
Kevin Volland,de GER,"FW,MF",Leverkusen,25,1992,28.8,562,780,72.1,7918,1743,340,419,81.1,156,225,69.3,31,52,59.6,2,4.9,3.7,-2.9,33,51,22,2,77,23,42.3,7,8,8,11,26,15,16,1,15,3,26,35,0,Matches,780,728,48,3,5,9,39,5,1,0,1,0,562,4,39,5,0,0,59,60,18,39,3,20,0,0,0,64,23,61,27.4,Germany
Kevin-Prince Boateng,gh GHA,"MF,FW",Eint Frankfurt,30,1987,26.2,849,1119,75.9,14801,3773,400,491,81.5,333,400,83.3,90,149,60.4,1,1.4,1.8,-0.4,17,105,21,3,143,34,30.6,10,22,2,11,36,25,29,6,23,23,57,43,1,Matches,1119,1061,49,39,2,8,17,5,2,0,2,0,849,9,38,4,0,0,72,95,14,17,23,22,0,1,0,142,62,78,44.3,Germany
Kilian Jakob,de GER,FW,Augsburg,19,1998,0.6,6,12,50.0,98,43,3,3,100.0,3,5,60.0,0,0,,0,0.0,0.2,0.0,0,1,2,1,3,0,,0,0,0,0,0,0,1,0,1,0,0,1,0,Matches,12,12,0,0,0,0,4,0,0,0,0,0,6,0,3,0,0,,0,1,1,4,0,0,0,0,0,2,2,0,100.0,Germany
Kingsley Coman,fr FRA,"FW,MF",Bayern Munich,21,1996,12.8,486,612,79.4,8391,1458,222,253,87.7,227,280,81.1,31,58,53.4,3,3.6,4.5,-0.6,22,26,22,6,60,11,50.0,2,6,3,5,10,5,6,0,6,7,18,1,0,Matches,612,604,7,0,1,6,57,7,0,0,0,0,486,1,16,0,0,0,7,20,2,57,7,10,1,0,0,62,15,11,57.7,Germany
Koen Casteels,be BEL,GK,Wolfsburg,25,1992,34.0,888,1337,66.4,29107,22434,94,95,98.9,390,397,98.2,404,838,48.2,0,0.0,0.1,0.0,1,18,1,0,0,2,100.0,2,0,0,2,2,0,0,0,0,1,3,16,1,Matches,1337,948,383,95,0,3,0,0,0,0,0,0,888,6,1,1,0,0,1,8,0,0,1,1,0,0,0,55,16,0,100.0,Germany
Konrad Laimer,at AUT,"DF,MF",RB Leipzig,20,1997,14.9,590,755,78.1,8947,3666,326,377,86.5,203,258,78.7,37,68,54.4,2,1.7,2.2,+0.3,13,60,13,5,86,57,49.1,31,22,4,28,57,29,37,2,35,11,68,32,0,Matches,755,625,127,9,3,4,13,118,0,0,0,0,590,3,20,2,0,0,33,6,0,13,11,39,0,0,0,62,21,22,48.8,Germany
Konstantin Rausch,ru RUS,DF,Köln,27,1990,10.3,384,557,68.9,6751,3075,171,196,87.2,163,226,72.1,39,96,40.6,1,0.6,0.7,+0.4,8,33,4,1,38,21,42.3,13,7,1,11,26,15,9,2,7,17,38,25,0,Matches,557,394,160,19,0,3,70,119,22,11,11,0,384,3,26,3,0,0,11,8,1,70,17,16,0,1,0,50,10,11,47.6,Germany
Koo Ja-cheol,kr KOR,MF,Augsburg,28,1989,22.7,627,794,79.0,7926,2174,337,396,85.1,139,171,81.3,39,63,61.9,0,1.0,0.9,-1.0,11,61,8,0,68,54,61.4,18,31,5,27,44,17,22,3,19,27,81,34,2,Matches,794,779,9,4,0,10,7,1,0,0,0,0,627,6,28,2,0,0,35,54,7,7,27,41,0,1,0,107,52,56,48.1,Germany
Kostas Stafylidis,gr GRE,"FW,DF",Augsburg,23,1993,0.4,4,10,40.0,118,74,0,1,0.0,3,7,42.9,1,2,50.0,0,0.0,0.0,0.0,0,0,0,0,0,1,,1,0,0,0,0,0,1,0,1,0,1,2,0,Matches,10,6,4,0,0,0,0,4,0,0,0,0,4,0,1,0,0,0,0,0,0,0,0,1,0,0,0,3,0,0,,Germany
Kwasi Okyere Wriedt,gh GHA,MF,Bayern Munich,23,1994,0.3,3,6,50.0,41,7,2,2,100.0,1,4,25.0,0,0,,0,0.0,0.0,0.0,0,1,0,0,0,2,,1,1,0,0,0,0,0,0,0,0,2,0,0,Matches,6,6,0,0,0,0,1,0,0,0,0,0,3,0,0,0,0,0,0,0,0,1,0,2,0,0,0,1,0,2,0.0,Germany
Kyriakos Papadopoulos,gr GRE,DF,Hamburger SV,25,1992,29.0,895,1223,73.2,18368,8758,263,302,87.1,512,641,79.9,113,245,46.1,1,0.6,0.7,+0.4,9,78,6,1,106,60,59.4,36,24,0,41,69,28,54,35,19,43,103,181,2,Matches,1223,1136,81,80,0,6,2,1,0,0,0,0,895,6,20,12,1,1,36,28,2,2,43,54,0,1,0,132,107,62,63.3,Germany
Lamine Sané,sn SEN,DF,Werder Bremen,30,1987,8.7,324,395,82.0,7136,2757,76,100,76.0,188,213,88.3,56,74,75.7,0,0.0,0.1,0.0,0,25,0,0,31,19,80.0,15,4,0,8,10,2,8,6,2,20,39,49,1,Matches,395,378,17,15,0,3,0,1,0,0,0,0,324,0,5,1,0,0,6,9,1,0,20,14,0,0,0,36,26,19,57.8,Germany
Landry Dimata,be BEL,FW,Wolfsburg,19,1997,10.0,149,196,76.0,2185,271,76,98,77.6,65,76,85.5,3,5,60.0,1,0.3,0.2,+0.7,7,9,3,0,12,7,83.3,4,3,0,5,6,1,6,2,4,2,9,5,0,Matches,196,181,15,0,0,0,8,1,0,0,0,0,149,0,11,1,1,1,25,40,1,8,2,6,1,0,0,28,16,36,30.8,Germany
Lars Bender,de GER,"DF,MF",Leverkusen,28,1989,17.7,731,961,76.1,11933,5444,362,427,84.8,294,369,79.7,52,114,45.6,4,2.0,1.5,+2.0,19,79,20,7,115,63,66.0,26,32,5,35,53,18,34,7,27,28,91,40,0,Matches,961,839,121,25,2,7,33,96,0,0,0,0,731,1,26,5,0,0,10,23,1,33,28,52,0,0,0,68,35,25,58.3,Germany
Lars Lukas Mai,de GER,DF,Bayern Munich,17,2000,2.0,102,113,90.3,1905,635,37,37,100.0,58,65,89.2,7,11,63.6,0,0.0,0.0,0.0,0,1,0,0,2,4,75.0,4,0,0,3,4,1,3,2,1,3,7,3,0,Matches,113,112,1,0,0,1,0,1,0,0,0,0,102,0,0,0,0,,2,0,0,0,3,4,0,0,0,11,3,4,42.9,Germany
Lars Stindl,de GER,"FW,MF",Gladbach,28,1988,30.3,1330,1626,81.8,20175,4845,728,844,86.3,434,504,86.1,101,135,74.8,3,6.1,4.9,-3.1,53,138,30,1,187,52,36.8,11,29,12,14,38,24,53,4,49,31,83,32,1,Matches,1626,1558,57,8,4,11,19,12,8,1,7,0,1330,11,53,5,0,0,61,66,9,19,31,39,1,0,0,121,55,61,47.4,Germany
Leon Bailey,jm JAM,"FW,DF",Leverkusen,19,1997,24.6,744,1094,68.0,13658,4037,389,475,81.9,209,309,67.6,123,235,52.3,6,6.7,7.2,-0.7,59,55,45,19,84,16,61.5,7,4,5,8,13,5,28,0,28,15,31,6,0,Matches,1094,927,160,37,0,17,196,46,77,51,26,0,744,7,45,2,0,0,26,31,5,196,15,12,0,0,0,131,23,26,46.9,Germany
Leon Balogun,ng NGA,DF,Mainz 05,29,1988,13.0,360,485,74.2,7322,2848,110,149,73.8,198,232,85.3,47,84,56.0,0,0.0,0.2,0.0,1,19,1,0,24,39,71.0,27,11,1,22,31,9,21,9,12,32,71,64,0,Matches,485,464,19,13,0,4,2,6,0,0,0,0,360,2,10,5,1,1,23,4,0,2,32,32,0,2,0,52,43,28,60.6,Germany
Leon Goretzka,de GER,MF,Schalke 04,22,1995,22.0,686,879,78.0,12248,3090,298,356,83.7,309,387,79.8,69,101,68.3,2,1.0,2.1,+1.0,18,70,18,3,106,50,28.0,22,22,6,14,50,36,45,4,41,41,91,35,0,Matches,879,851,22,21,1,11,23,0,0,0,0,0,686,6,15,3,0,0,34,55,3,23,41,34,1,0,0,149,32,34,48.5,Germany
Leonardo Bittencourt,de GER,"MF,FW",Köln,23,1993,17.9,492,689,71.4,6927,1800,278,335,83.0,161,220,73.2,26,66,39.4,3,2.3,2.8,+0.7,26,41,28,7,69,49,44.2,17,21,11,19,43,24,26,0,26,17,66,11,1,Matches,689,649,37,5,0,6,57,23,8,8,0,0,492,3,34,4,0,0,34,41,7,57,17,42,0,0,0,82,5,12,29.4,Germany
Levin Öztunalı,de GER,"FW,MF",Mainz 05,21,1996,19.3,344,530,64.9,4717,1244,212,265,80.0,84,142,59.2,24,54,44.4,4,2.2,2.8,+1.8,23,28,17,4,39,26,50.0,8,15,3,10,20,10,25,0,25,11,37,9,0,Matches,530,479,43,12,2,2,57,4,27,12,7,0,344,8,27,3,0,0,29,24,8,57,11,19,0,0,0,78,21,22,48.8,Germany
Lewis Holtby,de GER,"MF,FW",Hamburger SV,26,1990,13.3,459,595,77.1,8092,2339,208,239,87.0,178,220,80.9,54,90,60.0,0,0.9,1.0,-0.9,14,40,15,5,56,44,53.1,14,26,4,17,32,15,23,2,21,10,54,9,0,Matches,595,541,50,14,1,8,29,20,14,4,5,0,459,4,20,1,0,0,20,27,5,29,10,29,0,0,0,70,11,24,31.4,Germany
Linton Maina,de GER,MF,Hannover 96,18,1999,0.1,18,20,90.0,253,111,8,8,100.0,7,9,77.8,1,1,100.0,1,1.0,0.7,0.0,3,2,2,0,3,1,,0,0,1,0,0,0,0,0,0,1,2,0,0,Matches,20,20,0,0,0,0,0,0,0,0,0,0,18,0,0,0,0,0,0,1,0,0,1,1,0,0,0,2,0,1,0.0,Germany
Luca Caldirola,it ITA,DF,Werder Bremen,26,1991,1.0,21,30,70.0,496,102,3,3,100.0,13,15,86.7,5,11,45.5,0,0.0,0.0,0.0,0,1,0,0,0,1,100.0,0,1,0,1,1,0,1,0,1,3,4,3,0,Matches,30,27,2,2,0,0,0,0,0,0,0,0,21,1,0,0,0,0,0,0,0,0,3,0,0,0,0,5,0,0,,Germany
Luca Waldschmidt,de GER,"MF,FW",Hamburger SV,21,1996,8.8,170,239,71.1,2458,786,96,126,76.2,59,76,77.6,8,17,47.1,2,0.6,1.2,+1.4,7,24,9,1,33,10,30.0,1,8,1,3,10,7,11,0,11,3,13,2,0,Matches,239,232,6,0,3,0,6,0,2,0,2,0,170,1,9,0,0,0,14,14,6,6,3,6,2,0,0,29,6,12,33.3,Germany
Lucas Alario,ar ARG,FW,Leverkusen,24,1992,17.2,303,410,73.9,3731,632,204,259,78.8,70,88,79.5,8,18,44.4,4,1.8,1.5,+2.2,14,21,6,0,28,16,37.5,2,12,2,3,8,5,17,4,13,4,20,16,0,Matches,410,377,31,1,0,1,3,1,0,0,0,0,303,2,14,4,1,0,40,41,14,3,4,10,1,0,0,38,47,92,33.8,Germany
Lucas Höler,de GER,"FW,MF",Freiburg,23,1994,10.1,141,243,58.0,2175,563,73,107,68.2,49,85,57.6,10,18,55.6,0,0.2,0.5,-0.2,4,13,4,0,21,24,37.5,8,13,3,9,24,15,10,0,10,7,31,13,0,Matches,243,237,4,1,1,0,4,1,0,0,0,0,141,2,19,0,0,0,20,23,2,4,7,20,0,0,0,31,24,15,61.5,Germany
Ludwig Augustinsson,se SWE,"DF,FW",Werder Bremen,23,1994,28.1,1103,1450,76.1,19321,7653,504,594,84.8,483,599,80.6,100,185,54.1,1,2.1,3.0,-1.1,30,101,23,19,103,45,68.8,22,20,3,22,32,10,25,3,22,39,84,53,0,Matches,1450,1150,294,32,0,6,117,248,14,4,8,1,1103,6,68,3,0,0,29,14,4,117,39,34,0,0,0,90,42,44,48.8,Germany
Luka Jović,rs SRB,FW,Eint Frankfurt,19,1997,10.4,179,249,71.9,2610,384,97,128,75.8,54,75,72.0,11,18,61.1,1,1.3,1.1,-0.3,8,15,4,1,13,5,33.3,0,5,0,1,3,2,6,2,4,1,6,2,0,Matches,249,230,17,1,0,3,5,0,0,0,0,0,179,2,7,2,0,0,21,10,7,5,1,5,0,0,0,25,20,44,31.3,Germany
Lukas Klostermann,de GER,DF,RB Leipzig,21,1996,24.3,922,1201,76.8,13349,4720,562,662,84.9,292,385,75.8,44,76,57.9,0,1.6,1.8,-1.6,15,56,12,6,80,56,75.7,34,18,4,28,37,9,33,6,27,33,89,79,0,Matches,1201,964,232,11,2,3,41,221,0,0,0,0,922,5,45,2,0,0,13,16,1,41,33,41,0,0,0,106,41,34,54.7,Germany
Lukas Klünter,de GER,"DF,FW",Köln,21,1996,14.8,347,526,66.0,5866,2312,165,208,79.3,145,204,71.1,31,71,43.7,0,1.2,1.1,-1.2,13,20,12,7,41,25,66.7,16,8,1,16,24,8,11,2,9,13,38,28,1,Matches,526,423,102,4,0,3,53,97,0,0,0,0,347,1,37,6,0,0,22,18,5,53,13,20,0,1,0,55,17,12,58.6,Germany
Lukas Kübler,de GER,"DF,MF",Freiburg,24,1992,12.8,383,543,70.5,7572,3046,127,157,80.9,199,258,77.1,52,117,44.4,0,0.1,0.3,-0.1,3,24,7,2,41,31,56.5,16,15,0,13,23,10,15,6,9,18,49,41,0,Matches,543,425,118,8,0,3,14,110,0,0,0,0,383,0,10,3,0,0,9,13,0,14,18,19,0,0,0,49,23,13,63.9,Germany
Lukas Rupp,de GER,"MF,FW",Hoffenheim,26,1991,12.9,360,476,75.6,5285,1838,205,245,83.7,111,147,75.5,22,41,53.7,2,2.0,1.5,0.0,17,38,12,4,51,36,52.8,18,14,4,19,36,17,18,0,18,13,49,13,2,Matches,476,455,18,4,0,1,17,12,2,0,2,0,360,3,17,1,0,0,32,23,0,17,13,32,0,0,0,84,4,28,12.5,Germany
Lukáš Hrádecký,fi FIN,GK,Eint Frankfurt,27,1989,34.0,868,1309,66.3,28682,22471,122,124,98.4,352,355,99.2,388,813,47.7,0,0.0,0.2,0.0,0,46,1,0,0,0,0.0,0,0,0,0,2,2,0,0,0,0,0,23,3,Matches,1309,924,375,134,0,4,0,0,0,0,0,0,868,10,2,1,0,0,0,2,0,0,0,0,0,0,0,74,7,0,100.0,Germany
László Bénes,sk SVK,MF,Gladbach,19,1997,0.4,24,30,80.0,457,168,10,11,90.9,11,14,78.6,3,4,75.0,0,0.2,0.1,-0.2,3,2,3,1,3,0,0.0,0,0,0,0,1,1,2,1,1,1,1,2,0,Matches,30,27,3,3,0,1,1,0,0,0,0,0,24,0,1,0,0,0,2,1,0,1,1,0,0,0,0,2,0,0,,Germany
Mahmoud Dahoud,de GER,MF,Dortmund,21,1996,12.7,554,668,82.9,9304,2304,255,295,86.4,211,244,86.5,62,85,72.9,4,4.2,1.9,-0.2,22,49,16,0,74,38,43.3,11,21,6,13,30,17,18,2,16,12,50,7,0,Matches,668,659,7,2,2,7,6,0,4,1,0,0,554,2,13,4,0,0,31,8,0,6,12,23,0,0,0,80,3,11,21.4,Germany
Makoto Hasebe,jp JPN,"DF,MF",Eint Frankfurt,33,1984,23.2,1015,1159,87.6,21633,6594,263,286,92.0,549,599,91.7,180,233,77.3,0,0.1,0.5,-0.1,4,56,8,0,72,38,63.6,19,19,0,21,33,12,40,19,21,25,63,74,0,Matches,1159,1083,68,65,0,11,5,2,1,0,1,0,1015,8,9,3,1,0,16,28,0,5,25,23,0,2,0,113,15,29,34.1,Germany
Mandela Egbo,eng ENG,"DF,MF",Gladbach,19,1997,0.1,2,2,100.0,35,32,1,1,100.0,1,1,100.0,0,0,,0,0.0,0.0,0.0,0,0,0,0,0,0,,0,0,0,0,0,0,0,0,0,0,0,2,0,Matches,2,1,1,0,0,0,0,1,0,0,0,0,2,0,0,0,0,0,0,0,0,0,0,0,0,0,0,0,1,0,100.0,Germany
Manuel Akanji,ch SUI,DF,Dortmund,22,1995,10.0,527,618,85.3,10053,3443,174,195,89.2,303,332,91.3,43,77,55.8,0,0.1,0.5,-0.1,1,43,4,0,47,22,88.2,14,8,0,15,17,2,11,4,7,7,29,43,2,Matches,618,584,34,14,0,8,1,20,0,0,0,0,527,0,3,2,0,0,9,4,0,1,7,15,0,0,0,35,14,15,48.3,Germany
Manuel Gulde,de GER,DF,Freiburg,26,1991,17.0,665,793,83.9,14357,4754,151,174,86.8,412,450,91.6,100,159,62.9,0,0.1,0.3,-0.1,2,43,2,1,43,16,52.6,14,2,0,10,19,9,24,17,7,14,30,71,0,Matches,793,774,18,18,0,7,5,0,0,0,0,0,665,1,13,1,0,0,6,8,0,5,14,10,0,1,0,49,40,23,63.5,Germany
Manuel Neuer,de GER,GK,Bayern Munich,31,1986,3.0,82,95,86.3,2391,1500,7,7,100.0,39,40,97.5,36,48,75.0,0,0.0,0.0,0.0,0,1,0,0,0,0,,0,0,0,0,0,0,0,0,0,0,0,1,0,Matches,95,75,20,3,0,2,0,0,0,0,0,0,82,0,0,0,0,0,0,0,0,0,0,0,0,0,0,14,0,0,,Germany
Manuel Schmiedebach,de GER,MF,Hannover 96,28,1988,1.8,48,70,68.6,971,353,15,21,71.4,25,32,78.1,6,12,50.0,0,0.2,0.3,-0.2,3,8,1,1,9,5,44.4,5,0,0,4,9,5,2,0,2,5,10,6,0,Matches,70,70,0,0,0,1,2,0,0,0,0,0,48,0,3,1,0,0,4,1,0,2,5,5,0,0,0,12,1,6,14.3,Germany
Marc Bartra,es ESP,DF,Dortmund,26,1991,9.0,552,708,78.0,10450,3779,193,226,85.4,294,351,83.8,52,104,50.0,1,1.2,0.5,-0.2,4,51,2,1,60,28,62.5,16,12,0,15,24,9,14,2,12,28,56,43,1,Matches,708,647,60,14,0,3,7,46,0,0,0,0,552,1,9,1,0,0,10,9,1,7,28,19,0,0,0,41,36,18,66.7,Germany
Marc Stendera,de GER,MF,Eint Frankfurt,21,1995,4.1,110,164,67.1,1875,691,45,62,72.6,45,61,73.8,11,23,47.8,0,0.0,0.2,0.0,1,17,3,0,22,23,40.0,6,15,2,8,20,12,10,1,9,8,31,2,0,Matches,164,147,15,7,0,4,8,2,6,0,4,0,110,2,5,1,0,0,9,10,1,8,8,20,0,0,0,26,3,3,50.0,Germany
Marc-Oliver Kempf,de GER,DF,Freiburg,22,1995,10.0,412,516,79.8,8957,3502,101,112,90.2,240,273,87.9,68,123,55.3,1,1.0,0.4,0.0,4,28,2,0,35,13,62.5,9,4,0,5,8,3,7,7,0,17,30,52,0,Matches,516,492,22,20,0,12,0,2,0,0,0,0,412,2,4,1,0,0,7,5,0,0,17,12,0,1,0,43,23,16,59.0,Germany
Marcel Benger,de GER,MF,Gladbach,19,1998,0.0,1,1,100.0,24,0,0,0,,1,1,100.0,0,0,,0,0.0,0.0,0.0,0,0,0,0,0,0,,0,0,0,0,0,0,0,0,0,0,0,0,0,Matches,1,1,0,0,0,0,0,0,0,0,0,0,1,0,0,0,0,0,0,0,0,0,0,0,0,0,0,1,0,0,,Germany
Marcel Halstenberg,de GER,DF,RB Leipzig,25,1991,13.1,585,750,78.0,8474,3108,363,410,88.5,178,227,78.4,30,74,40.5,2,1.3,1.3,+0.7,15,27,15,2,64,29,78.9,16,9,4,15,19,4,15,1,14,23,52,42,1,Matches,750,593,151,16,2,4,28,125,10,7,3,0,585,6,15,3,0,0,10,10,0,28,23,19,0,0,0,63,51,21,70.8,Germany
Marcel Heller,de GER,"FW,MF",Augsburg,31,1986,14.4,189,351,53.8,2415,933,116,147,78.9,43,96,44.8,9,38,23.7,1,2.4,2.4,-1.4,16,7,15,11,26,37,42.9,21,14,2,12,28,16,22,1,21,10,47,7,0,Matches,351,344,7,1,0,1,84,4,0,0,0,0,189,0,50,1,1,0,22,15,11,84,10,24,1,0,0,62,3,22,12.0,Germany
Marcel Risse,de GER,"DF,MF",Köln,27,1989,13.0,384,643,59.7,6886,3408,192,236,81.4,142,215,66.0,46,142,32.4,3,2.6,3.1,+0.4,21,38,19,9,44,21,57.9,17,4,0,11,19,8,21,3,18,6,27,10,2,Matches,643,527,109,21,0,8,121,42,46,11,33,2,384,7,42,2,0,0,9,6,3,121,6,14,0,0,0,72,1,7,12.5,Germany
Marcel Sabitzer,at AUT,"MF,FW",RB Leipzig,23,1994,19.9,674,946,71.2,10230,3763,374,456,82.0,207,291,71.1,57,120,47.5,5,3.3,4.3,+1.7,34,78,29,9,112,38,46.9,12,20,6,23,49,26,23,2,21,24,62,21,1,Matches,946,842,98,26,4,3,65,58,13,3,6,1,674,6,23,4,0,0,14,33,4,65,24,28,1,0,0,118,13,15,46.4,Germany
Marcel Schmelzer,de GER,DF,Dortmund,29,1988,16.6,1063,1313,81.0,15623,6134,568,614,92.5,404,492,82.1,42,104,40.4,0,0.6,1.4,-0.6,11,98,10,4,113,35,66.7,21,12,2,20,30,10,27,6,21,30,65,57,1,Matches,1313,1110,194,29,0,4,37,165,0,0,0,0,1063,9,38,3,0,0,16,24,0,37,30,27,0,0,0,73,39,38,50.6,Germany
Marcel Tisserand,cd COD,DF,Wolfsburg,24,1993,13.9,610,744,82.0,12384,4907,227,261,87.0,283,322,87.9,98,151,64.9,1,0.1,0.4,+0.9,2,47,6,3,51,15,50.0,10,4,1,7,14,7,18,13,5,31,46,50,0,Matches,744,679,65,23,0,13,23,42,0,0,0,0,610,0,11,4,0,0,25,14,0,23,31,10,0,2,0,63,26,23,53.1,Germany
Marcin Kamiński,pl POL,DF,Stuttgart,25,1992,12.6,690,820,84.1,13816,5295,217,247,87.9,389,430,90.5,77,127,60.6,0,0.5,0.4,-0.5,4,52,6,4,53,17,66.7,5,11,1,12,18,6,12,3,9,30,47,55,0,Matches,820,797,20,15,0,5,8,4,0,0,0,0,690,3,14,0,0,0,7,0,0,8,30,14,0,0,0,46,33,30,52.4,Germany
Marco Fabián,mx MEX,"MF,FW",Eint Frankfurt,28,1989,4.7,158,187,84.5,2653,591,89,96,92.7,45,52,86.5,20,29,69.0,0,0.7,0.7,-0.7,8,15,8,1,23,5,75.0,2,3,0,3,4,1,2,0,2,3,8,1,0,Matches,187,172,15,5,1,4,12,1,8,2,5,1,158,0,6,0,0,0,10,8,2,12,3,3,0,0,0,18,5,12,29.4,Germany
Marco Friedl,at AUT,MF,Bayern Munich,19,1998,0.5,45,52,86.5,831,347,17,19,89.5,22,26,84.6,5,6,83.3,0,0.2,0.2,-0.2,3,9,4,4,8,0,,0,0,0,0,0,0,1,0,1,1,1,0,0,Matches,52,47,5,1,0,0,6,4,0,0,0,0,45,0,1,0,0,0,0,2,0,6,1,0,0,0,0,3,1,0,100.0,Germany
Marco Friedl,at AUT,"DF,MF",Werder Bremen,19,1998,6.7,287,369,77.8,5587,2103,109,135,80.7,136,160,85.0,40,62,64.5,0,0.3,0.5,-0.3,3,27,3,2,27,9,70.0,4,4,1,7,10,3,10,1,9,8,17,17,1,Matches,369,287,80,10,0,2,12,70,0,0,0,0,287,2,13,0,0,0,5,9,0,12,8,8,0,0,0,28,8,6,57.1,Germany
Marco Höger,de GER,MF,Köln,27,1989,18.6,1002,1206,83.1,17718,6138,432,485,89.1,444,506,87.7,96,133,72.2,0,0.4,1.0,-0.4,8,108,14,3,141,60,46.9,31,28,1,30,64,34,35,5,30,25,85,27,1,Matches,1206,1148,54,44,0,8,8,10,0,0,0,0,1002,4,38,4,0,0,35,32,0,8,25,40,0,1,0,130,49,37,57.0,Germany
Marco Reus,de GER,"MF,FW",Dortmund,28,1989,10.3,292,384,76.0,4407,1281,144,172,83.7,93,120,77.5,27,43,62.8,0,2.4,1.6,-2.4,18,30,10,1,44,16,41.7,2,12,2,5,12,7,16,3,13,4,20,9,0,Matches,384,344,36,11,1,2,31,1,23,5,14,1,292,4,10,1,0,0,13,20,5,31,4,8,0,0,0,42,3,11,21.4,Germany
Marco Richter,de GER,FW,Augsburg,19,1997,7.2,112,157,71.3,1728,484,54,70,77.1,34,48,70.8,11,20,55.0,0,1.6,1.2,-1.6,8,7,10,4,15,17,47.1,8,8,1,8,17,9,5,1,4,1,18,10,0,Matches,157,154,3,0,1,1,9,1,0,0,0,0,112,0,3,0,0,0,17,22,1,9,1,14,0,0,0,32,7,11,38.9,Germany
Marco Russ,de GER,DF,Eint Frankfurt,31,1985,12.7,479,593,80.8,9182,3854,160,186,86.0,254,291,87.3,57,95,60.0,0,0.1,0.2,-0.1,3,33,3,0,59,17,68.4,9,8,0,13,19,6,23,11,12,24,41,66,0,Matches,593,569,23,23,0,3,0,0,0,0,0,0,479,1,9,3,0,0,11,14,0,0,24,11,0,0,1,45,57,32,64.0,Germany
Marco Terrazzino,de GER,"MF,FW",Freiburg,26,1991,16.5,486,613,79.3,7377,1699,262,314,83.4,164,208,78.8,35,47,74.5,1,3.0,2.7,-2.0,29,47,21,5,64,31,53.8,12,13,6,21,39,18,16,0,16,9,40,19,0,Matches,613,603,9,3,1,3,12,5,1,0,0,0,486,1,25,3,0,0,14,17,1,12,9,24,1,0,0,53,17,28,37.8,Germany
Marijan Ćavar,ba BIH,MF,Eint Frankfurt,19,1998,0.4,7,8,87.5,76,23,6,7,85.7,1,1,100.0,0,0,,0,0.0,0.0,0.0,0,0,0,0,1,0,0.0,0,0,0,0,3,3,0,0,0,0,0,0,0,Matches,8,8,0,0,0,0,0,0,0,0,0,0,7,0,0,0,0,0,0,0,0,0,0,0,0,0,0,2,0,0,,Germany
Mario Gómez,de GER,FW,Stuttgart,32,1985,15.4,223,364,61.3,3400,736,131,194,67.5,65,109,59.6,17,29,58.6,0,2.6,2.3,-2.6,14,22,9,2,31,13,20.0,0,8,5,2,10,8,6,0,6,4,17,17,0,Matches,364,337,26,0,0,2,13,1,0,0,0,0,223,1,11,3,0,0,26,26,6,13,4,11,0,0,0,35,56,58,49.1,Germany
Mario Gómez,de GER,FW,Wolfsburg,32,1985,10.4,132,213,62.0,2150,276,62,104,59.6,58,82,70.7,8,15,53.3,2,1.0,1.0,+1.0,11,11,2,0,14,6,33.3,2,3,1,2,6,4,10,1,9,0,6,16,0,Matches,213,188,24,1,0,2,5,0,0,0,0,0,132,1,6,0,0,0,11,6,5,5,0,6,1,0,0,14,44,46,48.9,Germany
Mario Götze,de GER,MF,Dortmund,25,1992,17.8,818,1034,79.1,11496,3342,481,553,87.0,243,302,80.5,40,82,48.8,3,6.0,5.2,-3.0,40,76,44,6,125,50,41.2,19,24,7,14,34,20,17,1,16,8,58,9,0,Matches,1034,976,50,14,6,6,42,12,22,5,10,2,818,8,28,1,0,0,25,29,5,42,8,43,0,0,0,78,9,11,45.0,Germany
Marius Wolf,de GER,"MF,FW",Eint Frankfurt,22,1995,26.3,675,1011,66.8,12037,5116,299,380,78.7,277,376,73.7,73,159,45.9,8,5.4,4.7,+2.6,34,72,28,11,92,37,39.1,15,18,4,18,46,28,45,1,44,27,64,46,0,Matches,1011,808,196,28,5,3,107,138,29,12,16,0,675,7,59,4,0,0,26,23,5,107,27,28,0,0,0,92,11,26,29.7,Germany
Mark Uth,de GER,FW,Hoffenheim,25,1991,24.2,418,570,73.3,6703,1466,219,284,77.1,137,174,78.7,38,54,70.4,8,4.3,2.7,+3.7,29,27,25,6,44,32,22.7,4,21,7,5,22,17,30,3,27,9,41,19,0,Matches,570,531,34,1,3,6,22,9,3,2,1,0,418,5,35,5,0,0,50,25,26,22,9,23,1,0,0,42,24,47,33.8,Germany
Marko Pjaca,hr CRO,"FW,MF",Schalke 04,22,1995,2.9,41,60,68.3,550,141,30,38,78.9,9,15,60.0,1,2,50.0,0,0.0,0.1,0.0,0,3,3,0,7,5,66.7,2,3,0,4,6,2,3,0,3,1,6,2,0,Matches,60,57,2,2,0,0,0,0,0,0,0,0,41,1,1,0,0,0,5,5,0,0,1,3,0,0,0,6,4,13,23.5,Germany
Martin Harnik,at AUT,"FW,MF",Hannover 96,30,1987,21.0,387,597,64.8,6159,1354,211,308,68.5,121,176,68.8,35,54,64.8,2,1.4,1.2,+0.6,17,31,14,3,50,17,16.0,4,10,3,4,25,21,21,2,19,8,25,26,0,Matches,597,574,22,1,1,6,19,11,0,0,0,0,387,1,27,2,0,0,40,21,6,19,8,10,0,1,0,60,59,66,47.2,Germany
Martin Hinteregger,at AUT,DF,Augsburg,24,1992,29.5,1055,1352,78.0,21881,9374,313,351,89.2,552,616,89.6,167,331,50.5,0,0.3,0.8,-0.3,8,72,6,1,90,79,77.0,55,22,2,47,61,14,40,27,13,49,128,135,3,Matches,1352,1280,64,54,1,14,5,10,0,0,0,0,1055,8,14,3,0,0,27,22,0,5,49,51,0,0,0,155,59,50,54.1,Germany
Marvin Bakalorz,de GER,MF,Hannover 96,27,1989,22.8,432,628,68.8,7138,2289,225,289,77.9,145,207,70.0,47,87,54.0,1,2.1,1.3,-1.1,14,58,11,0,72,44,59.5,19,23,2,22,37,15,38,7,31,20,64,46,1,Matches,628,617,7,5,2,1,11,2,0,0,0,0,432,4,21,4,0,0,33,53,3,11,20,25,0,0,0,91,32,27,54.2,Germany
Marvin Compper,de GER,DF,RB Leipzig,32,1985,1.0,55,58,94.8,1084,435,18,18,100.0,33,34,97.1,4,6,66.7,0,0.0,0.0,0.0,0,2,0,0,3,2,66.7,0,2,0,2,3,1,2,2,0,0,2,8,0,Matches,58,57,1,1,0,0,0,0,0,0,0,0,55,0,0,0,0,0,1,0,0,0,0,2,0,0,0,3,4,1,80.0,Germany
Marvin Plattenhardt,de GER,DF,Hertha BSC,25,1992,33.0,1301,1746,74.5,25030,9503,491,552,88.9,628,771,81.5,164,359,45.7,7,3.8,4.0,+3.2,32,106,20,14,137,57,70.0,39,15,3,35,50,15,24,7,17,27,84,92,0,Matches,1746,1293,448,91,0,21,195,293,64,14,42,1,1301,5,44,6,0,0,34,32,1,195,27,43,0,0,0,135,32,18,64.0,Germany
Marwin Hitz,ch SUI,GK,Augsburg,29,1987,32.0,831,1152,72.1,28373,20806,53,55,96.4,369,378,97.6,409,715,57.2,0,0.0,0.1,0.0,1,16,0,0,0,1,33.3,1,0,0,1,3,2,0,0,0,0,1,12,3,Matches,1152,786,362,95,0,3,0,0,0,0,0,0,831,4,0,2,0,0,2,4,0,0,0,1,0,1,0,50,8,0,100.0,Germany
Mathew Leckie,au AUS,"FW,MF",Hertha BSC,26,1991,20.6,549,793,69.2,9216,2349,260,353,73.7,216,293,73.7,50,80,62.5,1,1.6,1.6,-0.6,17,51,19,5,77,35,57.1,16,15,4,20,35,15,26,3,23,19,54,32,1,Matches,793,775,18,2,2,5,28,16,0,0,0,0,549,0,36,3,0,0,44,45,1,28,19,30,0,0,0,99,94,82,53.4,Germany
Matija Nastasić,rs SRB,DF,Schalke 04,24,1993,22.1,997,1176,84.8,20743,8052,249,276,90.2,612,667,91.8,130,217,59.9,0,0.2,0.2,-0.2,3,56,1,1,62,48,75.7,37,10,1,28,37,9,40,22,18,36,84,85,0,Matches,1176,1120,52,46,0,8,1,6,0,0,0,0,997,4,10,6,1,1,36,6,1,1,36,38,0,1,0,101,43,27,61.4,Germany
Mats Hummels,de GER,DF,Bayern Munich,28,1988,24.6,1768,2032,87.0,37959,17092,430,488,88.1,1076,1153,93.3,250,363,68.9,1,0.3,1.6,+0.7,7,194,11,0,184,62,68.6,41,18,3,35,51,16,31,12,19,55,117,59,2,Matches,2032,1991,37,33,2,22,5,4,0,0,0,0,1768,4,13,3,0,0,18,6,1,5,55,52,0,0,0,145,72,39,64.9,Germany
Matthias Ginter,de GER,DF,Gladbach,23,1994,34.0,1792,2064,86.8,36425,11767,516,566,91.2,1043,1130,92.3,219,331,66.2,2,1.0,1.0,+1.0,7,106,11,0,138,48,77.8,27,20,1,35,45,10,40,17,23,40,88,114,1,Matches,2064,1998,60,50,0,23,3,10,0,0,0,0,1792,6,16,2,0,0,9,39,1,3,40,37,0,0,0,118,90,59,60.4,Germany
Matthias Lehmann,de GER,MF,Köln,34,1983,16.8,682,847,80.5,12938,5595,269,305,88.2,314,370,84.9,82,135,60.7,0,0.1,0.6,-0.1,3,105,7,1,119,33,58.6,14,18,1,17,29,12,15,7,8,26,59,24,1,Matches,847,807,35,30,0,9,3,3,0,0,0,0,682,5,9,3,0,0,11,8,0,3,26,23,0,1,0,71,9,13,40.9,Germany
Matthias Ostrzolek,de GER,"DF,MF",Hannover 96,27,1990,26.4,875,1254,69.8,15514,8069,389,467,83.3,374,507,73.8,98,198,49.5,1,1.7,2.7,-0.7,22,79,33,20,111,68,66.7,43,20,5,38,57,19,39,10,29,30,98,58,1,Matches,1254,955,293,9,0,4,80,284,0,0,0,0,875,6,63,5,0,0,30,35,1,80,30,53,1,0,0,113,20,26,43.5,Germany
Matthias Zimmermann,de GER,DF,Stuttgart,25,1992,0.9,31,45,68.9,411,111,23,27,85.2,8,11,72.7,0,6,0.0,0,0.0,0.0,0.0,0,1,0,0,0,3,75.0,2,1,0,3,4,1,0,0,0,1,4,5,1,Matches,45,34,11,2,0,0,2,9,0,0,0,0,31,0,2,0,0,0,0,0,0,2,1,1,0,0,0,5,2,0,100.0,Germany
Max Kruse,de GER,FW,Werder Bremen,29,1988,27.3,1035,1389,74.5,20160,3837,409,509,80.4,439,536,81.9,167,266,62.8,6,5.1,4.2,+0.9,58,91,38,9,140,17,22.7,3,10,4,5,22,17,9,0,9,11,28,4,1,Matches,1389,1193,184,36,3,30,119,23,70,25,32,2,1035,12,42,2,0,0,14,31,8,119,11,12,0,0,0,94,19,42,31.1,Germany
Max Meyer,de GER,MF,Schalke 04,21,1995,19.2,938,1060,88.5,16261,3023,415,459,90.4,438,481,91.1,70,91,76.9,0,0.4,0.8,-0.4,9,69,7,0,89,48,40.4,23,21,4,19,47,28,25,3,22,54,102,11,0,Matches,1060,1034,21,20,1,4,2,0,0,0,0,0,938,5,11,6,0,0,25,22,0,2,54,38,0,0,0,149,14,18,43.8,Germany
Maximilian Arnold,de GER,MF,Wolfsburg,23,1994,27.3,1144,1451,78.8,24138,7319,365,411,88.8,541,611,88.5,219,376,58.2,0,2.9,3.3,-2.9,38,126,21,7,148,51,43.9,23,23,5,25,57,32,31,4,27,28,79,34,0,Matches,1451,1267,176,104,2,34,114,3,63,31,26,2,1144,8,29,9,1,0,52,80,3,114,28,41,0,1,0,127,21,34,38.2,Germany
Maximilian Eggestein,de GER,MF,Werder Bremen,20,1996,29.9,736,1000,73.6,11977,4261,369,473,78.0,287,357,80.4,60,90,66.7,3,2.1,2.1,+0.9,14,87,13,4,137,70,58.6,32,34,4,34,58,24,41,6,35,40,110,51,0,Matches,1000,962,33,17,0,9,26,15,0,0,0,0,736,5,60,3,0,0,48,45,2,26,40,48,0,0,0,107,54,56,49.1,Germany
Maximilian Mittelstädt,de GER,"MF,DF",Hertha BSC,20,1997,4.7,121,182,66.5,2350,703,53,69,76.8,53,71,74.6,15,31,48.4,0,0.2,0.4,-0.2,4,12,7,3,17,19,52.6,14,4,1,10,19,9,8,1,7,9,28,11,0,Matches,182,161,19,4,0,4,14,13,2,0,2,0,121,2,12,0,0,0,5,11,0,14,9,11,0,0,0,17,10,4,71.4,Germany
Maximilian Philipp,de GER,FW,Dortmund,23,1994,13.4,221,310,71.3,3079,757,129,165,78.2,58,85,68.2,12,14,85.7,1,1.9,2.5,-0.9,14,16,10,1,28,24,31.6,9,12,3,6,19,13,12,0,12,6,30,7,0,Matches,310,297,11,1,1,4,12,2,1,0,1,0,221,2,14,0,0,0,17,24,11,12,6,19,0,0,0,29,23,23,50.0,Germany
Meritan Shabani,al ALB,FW,Bayern Munich,18,1999,0.6,11,16,68.8,141,28,8,12,66.7,3,3,100.0,0,1,0.0,0,0.0,0.0,0.0,0,0,0,0,1,2,50.0,1,0,1,1,2,1,1,0,1,0,2,0,1,Matches,16,16,0,0,0,1,0,0,0,0,0,0,11,0,0,0,0,0,0,1,1,0,0,1,0,0,0,3,0,1,0.0,Germany
Michael Esser,de GER,GK,Hannover 96,29,1987,3.0,93,122,76.2,2857,2197,8,8,100.0,43,43,100.0,41,70,58.6,0,0.0,0.0,0.0,0,4,0,0,0,0,0.0,0,0,0,0,1,1,0,0,0,0,0,0,0,Matches,122,86,36,11,0,0,0,0,0,0,0,0,93,0,0,0,0,0,0,0,0,0,0,0,0,0,0,10,2,0,100.0,Germany
Michael Gregoritsch,at AUT,"MF,FW",Augsburg,23,1994,28.1,522,782,66.8,7449,2107,264,360,73.3,149,219,68.0,40,76,52.6,3,1.3,1.9,+1.7,21,60,8,2,79,35,42.3,13,15,7,11,26,15,27,1,26,10,45,56,0,Matches,782,739,34,5,1,11,16,8,2,1,0,0,522,9,31,3,0,0,22,34,11,16,10,27,2,0,0,82,101,101,50.0,Germany
Michy Batshuayi,be BEL,FW,Dortmund,23,1993,9.3,123,181,68.0,1621,384,73,107,68.2,32,41,78.0,6,10,60.0,1,0.3,0.5,+0.7,4,11,5,0,18,8,50.0,1,4,3,2,4,2,4,0,4,0,8,5,0,Matches,181,157,21,0,0,2,0,1,0,0,0,0,123,3,7,2,0,0,17,3,12,0,0,6,0,0,0,14,16,20,44.4,Germany
Mickaël Cuisance,fr FRA,"MF,FW",Gladbach,17,1999,13.4,534,675,79.1,9761,2662,254,295,86.1,199,237,84.0,75,113,66.4,1,2.1,1.8,-1.1,20,75,14,3,71,31,65.5,16,11,4,19,29,10,22,4,18,10,41,10,1,Matches,675,629,43,23,5,9,32,6,11,2,9,0,534,3,19,2,0,0,30,16,1,32,10,20,0,0,0,69,4,13,23.5,Germany
Miiko Albornoz,cl CHI,"DF,MF",Hannover 96,26,1990,7.8,325,423,76.8,5097,2390,158,175,90.3,122,155,78.7,27,60,45.0,0,1.4,1.1,-1.4,8,17,10,8,25,24,68.8,17,4,3,11,16,5,15,2,13,5,29,23,0,Matches,423,324,97,7,0,1,23,90,0,0,0,0,325,2,13,1,0,0,9,14,0,23,5,20,0,0,0,31,10,17,37.0,Germany
Mijat Gaćinović,rs SRB,"MF,FW",Eint Frankfurt,22,1995,20.2,435,633,68.7,7129,2009,222,283,78.4,153,209,73.2,46,89,51.7,3,2.7,2.6,+0.3,21,51,16,3,65,56,38.5,21,27,8,20,52,32,38,1,37,39,95,22,1,Matches,633,597,30,16,3,4,38,2,12,3,9,0,435,6,33,4,0,0,25,36,1,38,39,44,1,0,0,116,16,29,35.6,Germany
Mike Frantz,de GER,MF,Freiburg,30,1986,11.6,172,248,69.4,2789,972,86,109,78.9,65,93,69.9,13,31,41.9,1,0.7,0.4,+0.3,9,17,4,2,33,23,37.5,9,11,3,6,16,10,13,3,10,13,36,15,0,Matches,248,238,10,9,2,0,12,1,0,0,0,0,172,0,6,0,0,0,20,18,0,12,13,16,0,0,0,17,25,22,53.2,Germany
Milot Rashica,xk KVX,"FW,MF",Werder Bremen,21,1996,4.3,72,116,62.1,1403,328,34,44,77.3,21,35,60.0,15,25,60.0,0,0.7,0.6,-0.7,5,4,5,2,8,2,12.5,1,1,0,1,8,7,3,0,3,3,5,4,0,Matches,116,112,4,0,0,3,20,4,0,0,0,0,72,0,9,0,0,0,4,9,3,20,3,2,0,0,0,23,2,4,33.3,Germany
Miloš Jojić,rs SRB,MF,Köln,25,1992,16.2,494,699,70.7,8270,2379,226,283,79.9,182,240,75.8,57,118,48.3,5,6.2,3.8,-1.2,31,42,22,5,72,36,40.0,18,15,3,16,40,24,31,4,27,15,51,16,0,Matches,699,606,91,33,4,2,86,6,49,22,23,1,494,2,19,3,0,0,26,23,1,86,15,26,0,0,0,78,18,21,46.2,Germany
Miloš Veljković,rs SRB,DF,Werder Bremen,21,1995,29.5,1089,1414,77.0,26340,9346,230,274,83.9,589,668,88.2,264,444,59.5,0,0.5,1.1,-0.5,5,106,8,0,111,45,57.7,30,13,2,30,52,22,34,12,22,34,79,134,1,Matches,1414,1328,84,84,0,38,8,0,0,0,0,0,1089,2,18,2,0,0,21,27,1,8,34,32,0,1,1,89,46,49,48.4,Germany
Mitchell Weiser,de GER,"DF,FW",Hertha BSC,23,1994,22.0,863,1180,73.1,15014,7458,394,482,81.7,372,473,78.6,80,158,50.6,2,3.7,3.7,-1.7,40,94,29,14,120,54,44.7,20,27,7,17,38,21,28,1,27,44,98,37,1,Matches,1180,914,263,37,2,5,91,198,28,4,19,1,863,3,52,2,0,0,33,48,0,91,44,43,0,0,0,96,23,41,35.9,Germany
Mohamed Dräger,tn TUN,"MF,FW",Freiburg,21,1996,0.6,5,12,41.7,59,12,3,8,37.5,1,1,100.0,0,1,0.0,0,0.0,0.0,0.0,0,0,0,0,0,0,0.0,0,0,0,0,1,1,1,0,1,0,0,0,0,Matches,12,11,1,1,0,0,0,0,0,0,0,0,5,0,1,0,0,0,2,1,0,0,0,0,0,0,0,4,0,0,,Germany
Mohamed Gouaida,tn TUN,MF,Hamburger SV,24,1993,0.6,21,26,80.8,262,17,15,18,83.3,5,5,100.0,1,3,33.3,0,0.0,0.0,0.0,0,0,0,0,0,3,,1,1,1,0,0,0,0,0,0,0,3,3,0,Matches,26,26,0,0,0,0,1,0,0,0,0,0,21,0,0,0,0,0,0,2,0,1,0,3,0,0,0,1,1,2,33.3,Germany
Mërgim Mavraj,al ALB,DF,Hamburger SV,31,1986,16.1,564,736,76.6,11882,4667,171,202,84.7,302,354,85.3,89,162,54.9,0,0.2,0.1,-0.2,3,38,2,1,49,45,59.5,32,11,2,22,37,15,28,12,16,21,66,91,3,Matches,736,692,43,39,0,8,4,4,0,0,0,0,564,1,15,3,1,1,20,10,0,4,21,32,0,0,0,76,62,45,57.9,Germany
Nabil Bentaleb,dz ALG,MF,Schalke 04,22,1994,11.2,432,533,81.1,8065,1655,172,196,87.8,207,240,86.3,46,81,56.8,3,0.6,0.5,+2.4,9,32,3,1,43,25,34.8,7,17,1,8,23,15,18,6,12,23,48,27,2,Matches,533,517,14,13,2,7,4,1,0,0,0,0,432,2,9,3,1,0,25,6,1,4,23,22,0,0,0,86,12,5,70.6,Germany
Naby Keïta,gn GUI,MF,RB Leipzig,22,1995,21.8,995,1242,80.1,14152,4723,572,659,86.8,295,364,81.0,63,97,64.9,5,4.2,3.4,+0.8,38,101,39,5,148,65,39.5,25,33,7,17,43,26,26,3,23,36,101,18,0,Matches,1242,1190,41,33,12,0,18,3,5,0,3,0,995,11,34,8,2,1,52,60,0,18,36,48,0,0,0,190,14,22,38.9,Germany
Nadiem Amiri,de GER,MF,Hoffenheim,20,1996,19.4,658,851,77.3,10737,2859,327,390,83.8,253,301,84.1,53,106,50.0,3,3.4,3.0,-0.4,30,71,21,3,89,39,45.2,13,21,5,19,42,23,33,4,29,17,56,7,0,Matches,851,801,41,17,2,2,49,10,14,8,2,0,658,9,29,4,0,0,42,38,3,49,17,26,0,0,0,106,6,14,30.0,Germany
Naldo,br BRA,DF,Schalke 04,34,1982,34.0,1453,1705,85.2,31771,10960,337,386,87.3,878,969,90.6,232,325,71.4,2,2.5,0.5,-0.5,14,50,8,0,73,51,67.4,38,12,1,31,46,15,39,21,18,55,106,200,1,Matches,1705,1625,71,71,0,7,0,0,0,0,0,0,1453,9,2,5,0,0,34,18,1,0,55,36,0,2,0,180,159,40,79.9,Germany
Neven Subotić,rs SRB,DF,Dortmund,28,1988,3.0,219,257,85.2,4440,1543,68,73,93.2,119,137,86.9,30,43,69.8,0,0.0,0.1,0.0,0,13,0,0,11,9,85.7,5,3,1,6,7,1,6,2,4,5,14,16,0,Matches,257,250,7,7,0,4,0,0,0,0,0,0,219,0,1,1,0,0,4,2,0,0,5,9,0,0,0,15,7,7,50.0,Germany
Niclas Füllkrug,de GER,FW,Hannover 96,24,1993,26.5,476,768,62.0,6635,1248,279,408,68.4,126,211,59.7,29,48,60.4,3,3.6,3.0,-0.6,37,35,12,2,55,16,50.0,4,8,4,10,20,10,22,3,19,8,24,30,0,Matches,768,714,53,0,0,3,17,1,0,0,0,0,476,1,35,2,0,0,60,46,11,17,8,11,0,0,0,65,153,132,53.7,Germany
Nico Elvedi,ch SUI,DF,Gladbach,20,1996,32.4,1483,1780,83.3,23475,8896,747,842,88.7,641,732,87.6,69,114,60.5,2,1.8,1.9,+0.2,21,99,10,2,139,66,67.3,41,22,3,37,55,18,39,9,30,51,117,108,3,Matches,1780,1505,270,28,0,2,23,242,0,0,0,0,1483,5,55,6,0,0,19,30,1,23,51,46,1,0,0,129,86,48,64.2,Germany
Nico Schulz,de GER,"FW,MF",Hoffenheim,24,1993,19.8,751,1031,72.8,12594,4091,380,445,85.4,295,402,73.4,63,124,50.8,2,2.9,2.8,-0.9,27,65,30,15,75,40,74.1,17,14,9,20,27,7,33,5,28,23,63,24,0,Matches,1031,858,168,10,1,8,81,157,1,0,0,0,751,5,54,3,0,0,22,21,4,81,23,29,1,0,0,101,8,27,22.9,Germany
Nicolai Müller,de GER,"DF,MF",Hamburger SV,29,1987,1.1,10,12,83.3,144,63,4,4,100.0,5,6,83.3,0,1,0.0,0,0.0,0.0,0.0,1,1,1,0,1,2,,0,1,1,0,0,0,1,0,1,0,2,0,0,Matches,12,11,1,0,0,0,0,1,0,0,0,0,10,0,0,0,0,0,0,0,0,0,0,0,0,0,0,2,0,1,0.0,Germany
Nicolas Höfler,de GER,MF,Freiburg,27,1990,25.1,1103,1283,86.0,20021,6139,408,472,86.4,550,605,90.9,106,138,76.8,3,1.8,1.7,+1.2,17,115,6,0,130,57,62.0,23,30,4,31,50,19,42,10,32,44,101,51,2,Matches,1283,1217,64,59,1,8,3,1,0,0,0,0,1103,2,29,7,1,1,43,53,0,3,44,36,1,1,0,125,50,36,58.1,Germany
Nigel de Jong,nl NED,MF,Mainz 05,32,1984,8.2,300,360,83.3,5365,1886,132,155,85.2,132,151,87.4,30,41,73.2,0,0.2,0.2,-0.2,4,28,1,0,32,17,71.4,7,9,1,10,14,4,5,1,4,12,29,22,1,Matches,360,336,24,24,0,2,0,0,0,0,0,0,300,0,4,2,0,0,11,11,0,0,12,12,0,1,0,35,13,5,72.2,Germany
Niklas Dorsch,de GER,MF,Bayern Munich,19,1998,1.0,32,40,80.0,525,132,15,18,83.3,14,16,87.5,2,3,66.7,0,0.0,0.0,0.0,1,1,1,0,6,1,0.0,0,1,0,0,2,2,0,0,0,1,2,0,0,Matches,40,39,1,0,0,0,0,1,0,0,0,0,32,0,2,0,0,0,2,0,0,0,1,1,0,0,0,7,0,1,0.0,Germany
Niklas Moisander,fi FIN,DF,Werder Bremen,31,1985,25.0,1235,1486,83.1,27514,11116,292,339,86.1,725,802,90.4,213,327,65.1,0,0.6,1.2,-0.6,8,108,9,0,126,36,66.7,22,13,1,24,36,12,21,9,12,38,74,98,2,Matches,1486,1441,42,39,1,22,7,3,0,0,0,0,1235,3,10,6,0,0,34,16,0,7,38,28,0,2,1,128,40,30,57.1,Germany
Niklas Stark,de GER,"DF,MF",Hertha BSC,22,1995,24.6,859,1071,80.2,18187,6730,246,286,86.0,459,539,85.2,148,225,65.8,1,0.7,0.9,+0.3,5,66,5,1,98,49,73.3,32,17,0,22,30,8,39,14,25,34,83,165,0,Matches,1071,1019,47,47,0,5,2,0,0,0,0,0,859,5,8,2,0,0,26,28,0,2,34,31,0,2,1,64,64,43,59.8,Germany
Niklas Süle,de GER,DF,Bayern Munich,21,1995,21.4,1497,1621,92.4,31576,10864,378,402,94.0,905,945,95.8,206,261,78.9,1,0.8,1.3,+0.2,5,133,7,0,113,34,77.4,25,7,2,24,31,7,24,16,8,33,67,58,0,Matches,1621,1581,39,35,2,19,5,4,0,0,0,0,1497,1,3,1,0,0,16,11,0,5,33,25,0,2,3,108,43,28,60.6,Germany
Nikolas Nartey,dk DEN,MF,Köln,17,2000,0.1,5,5,100.0,65,3,4,4,100.0,1,1,100.0,0,0,,0,0.0,0.0,0.0,0,0,0,0,0,0,,0,0,0,0,0,0,0,0,0,0,0,0,0,Matches,5,5,0,0,0,0,0,0,0,0,0,0,5,0,0,0,0,0,0,0,0,0,0,0,0,0,0,0,0,0,,Germany
Nils Petersen,de GER,FW,Freiburg,28,1988,24.9,405,639,63.4,5446,1470,214,295,72.5,120,218,55.0,17,42,40.5,1,2.7,3.0,-1.7,36,33,17,2,48,27,37.0,7,18,2,10,27,17,28,2,26,17,44,33,0,Matches,639,586,50,0,1,2,18,0,0,0,0,0,405,3,23,4,1,1,16,19,9,18,17,18,4,0,0,54,89,156,36.3,Germany
Noah Joel Sarenren Bazee,ng NGA,"FW,MF",Hannover 96,20,1996,1.3,9,24,37.5,110,54,6,12,50.0,2,8,25.0,0,0,,0,0.0,0.0,0.0,0,1,0,0,4,0,,0,0,0,0,0,0,3,0,3,0,0,3,0,Matches,24,24,0,0,0,0,5,0,0,0,0,0,9,0,4,1,0,0,3,5,2,5,0,0,0,0,0,3,3,4,42.9,Germany
Nuri Şahin,tr TUR,MF,Dortmund,28,1988,13.6,922,1106,83.4,15910,5473,418,466,89.7,404,452,89.4,77,146,52.7,2,3.2,2.7,-1.2,22,137,27,4,147,40,38.5,9,28,3,15,39,24,12,0,12,20,60,29,1,Matches,1106,1044,58,49,2,2,24,3,6,6,0,0,922,4,9,2,0,0,21,20,0,24,20,34,0,0,0,72,32,22,59.3,Germany
Ohis Felix Uduokhai,de GER,DF,Wolfsburg,19,1997,17.3,793,924,85.8,16542,6271,232,264,87.9,436,471,92.6,120,171,70.2,0,0.0,0.2,0.0,1,33,4,0,52,42,70.8,27,13,2,17,24,7,23,10,13,34,76,66,6,Matches,924,874,48,44,0,7,1,4,0,0,0,0,793,2,12,2,1,1,18,11,1,1,34,23,0,0,0,67,36,22,62.1,Germany
Ole Käuper,de GER,MF,Werder Bremen,20,1997,0.8,22,32,68.8,425,76,7,11,63.6,14,17,82.4,1,4,25.0,0,0.0,0.0,0.0,0,1,0,0,2,6,25.0,2,4,0,1,4,3,1,0,1,2,8,0,0,Matches,32,32,0,0,0,0,0,0,0,0,0,0,22,0,2,1,0,0,6,0,0,0,2,5,0,0,0,4,1,1,50.0,Germany
Oliver Baumann,de GER,GK,Hoffenheim,27,1990,34.0,1032,1449,71.2,29127,22355,205,205,100.0,458,466,98.3,359,760,47.2,0,0.0,0.1,0.0,0,17,0,0,2,0,0.0,0,0,0,0,2,2,0,0,0,1,1,15,6,Matches,1449,1089,353,92,0,1,0,0,0,0,0,0,1032,7,1,0,0,0,0,5,0,0,1,0,0,0,0,83,8,1,88.9,Germany
Oliver Sorg,de GER,"DF,MF",Hannover 96,27,1990,18.7,523,759,68.9,10304,4450,194,230,84.3,243,335,72.5,80,173,46.2,1,0.6,1.0,+0.4,8,53,10,5,59,46,43.4,27,18,1,23,53,30,24,7,17,42,88,71,0,Matches,759,668,88,14,0,6,25,74,0,0,0,0,523,3,16,4,0,0,18,17,0,25,42,28,0,0,0,71,15,18,45.5,Germany
Omar Mascarell,gq EQG,MF,Eint Frankfurt,24,1993,8.6,402,486,82.7,7796,2360,146,167,87.4,186,213,87.3,59,83,71.1,0,0.4,0.5,-0.4,7,53,6,2,48,20,55.6,8,12,0,10,18,8,14,1,13,21,41,10,0,Matches,486,472,13,13,1,7,4,0,0,0,0,0,402,1,8,4,0,0,17,8,0,4,21,16,0,0,0,76,17,12,58.6,Germany
Ondrej Duda,sk SVK,MF,Hertha BSC,22,1994,8.3,257,317,81.1,3982,853,137,152,90.1,100,123,81.3,12,23,52.2,0,0.3,0.3,-0.3,3,24,5,1,30,16,42.9,7,6,3,6,14,8,15,0,15,4,20,8,0,Matches,317,312,5,2,0,2,6,0,0,0,0,0,257,0,6,3,0,0,23,17,1,6,4,12,0,0,0,38,13,26,33.3,Germany
Onur Bulut,tr TUR,FW,Freiburg,23,1994,0.4,3,6,50.0,53,35,2,3,66.7,0,0,,1,2,50.0,0,0.1,0.1,-0.1,1,1,2,1,1,0,0.0,0,0,0,0,1,1,0,0,0,0,0,0,0,Matches,6,5,0,0,0,0,1,0,0,0,0,0,3,1,0,0,0,0,0,0,0,1,0,0,0,0,0,2,0,2,0.0,Germany
Orel Mangala,be BEL,MF,Stuttgart,19,1998,8.7,274,353,77.6,4337,977,153,182,84.1,99,121,81.8,19,37,51.4,0,0.3,0.2,-0.3,2,27,3,0,31,28,52.4,7,19,2,11,21,10,8,2,6,18,46,15,0,Matches,353,345,7,7,0,1,2,0,0,0,0,0,274,1,11,2,0,0,17,12,0,2,18,18,0,1,0,43,6,8,42.9,Germany
Oscar Wendt,se SWE,DF,Gladbach,31,1985,27.3,1070,1410,75.9,18912,6826,486,552,88.0,470,576,81.6,103,231,44.6,1,2.0,2.1,-1.0,25,69,16,10,91,54,66.7,31,19,4,30,45,15,46,12,34,27,81,71,0,Matches,1410,1105,297,47,0,6,86,220,29,2,26,0,1070,8,31,2,0,0,31,13,3,86,27,40,0,0,0,101,19,26,42.2,Germany
Pablo Insua,es ESP,DF,Schalke 04,23,1993,0.3,5,6,83.3,105,62,0,0,,4,4,100.0,1,2,50.0,0,0.0,0.0,0.0,0,0,0,0,0,0,,0,0,0,0,0,0,1,1,0,0,0,1,0,Matches,6,6,0,0,0,0,0,0,0,0,0,0,5,0,0,1,0,0,1,0,0,0,0,0,0,0,0,0,0,2,0.0,Germany
Pablo de Blasis,ar ARG,"FW,MF",Mainz 05,29,1988,18.4,532,733,72.6,8697,2295,284,358,79.3,168,225,74.7,55,83,66.3,2,2.1,2.8,-0.1,29,55,14,3,68,39,48.5,19,11,9,16,33,17,33,0,33,10,49,34,0,Matches,733,718,13,5,1,9,20,8,0,0,0,0,532,2,26,2,0,0,26,23,12,20,10,23,1,0,0,110,25,55,31.3,Germany
Palkó Dárdai,hu HUN,"FW,MF",Hertha BSC,18,1999,0.3,7,8,87.5,100,47,5,5,100.0,2,2,100.0,0,0,,0,0.0,0.0,0.0,0,0,0,0,1,0,,0,0,0,0,0,0,0,0,0,0,0,1,0,Matches,8,8,0,0,0,0,0,0,0,0,0,0,7,0,1,1,0,0,1,1,0,0,0,0,0,0,0,0,0,3,0.0,Germany
Panagiotis Retsos,gr GRE,DF,Leverkusen,18,1998,19.1,1006,1208,83.3,17594,7300,471,526,89.5,436,509,85.7,87,130,66.9,3,1.2,1.2,+1.8,7,72,5,1,93,48,71.7,32,14,2,33,46,13,29,8,21,29,77,47,0,Matches,1208,1049,153,28,1,13,16,125,0,0,0,0,1006,6,19,6,0,0,37,19,2,16,29,40,0,2,0,105,42,29,59.2,Germany
Pascal Stenzel,de GER,"MF,DF",Freiburg,21,1996,21.6,863,1109,77.8,19234,5438,260,302,86.1,407,487,83.6,189,286,66.1,0,0.8,1.0,-0.8,17,54,17,8,82,62,59.6,35,25,2,34,57,23,20,3,17,35,97,51,1,Matches,1109,849,255,33,0,29,42,217,5,5,0,0,863,5,33,3,0,0,23,16,0,42,35,45,0,0,0,115,18,22,45.0,Germany
Patrick Herrmann,de GER,"MF,FW",Gladbach,26,1991,12.5,265,386,68.7,4184,1440,134,170,78.8,98,142,69.0,19,37,51.4,1,1.9,1.8,-0.9,14,17,13,9,28,29,58.6,9,13,7,17,29,12,13,0,13,17,46,19,0,Matches,386,349,37,3,0,1,39,33,1,0,0,0,265,0,26,0,0,0,22,14,8,39,17,21,0,0,0,52,11,24,31.4,Germany
Paul Jaeckel,de GER,DF,Wolfsburg,19,1998,3.0,113,149,75.8,2519,793,23,32,71.9,70,78,89.7,18,35,51.4,0,0.3,0.2,-0.3,2,6,3,3,6,3,50.0,3,0,0,1,2,1,5,2,3,1,4,8,0,Matches,149,146,3,2,0,1,4,1,0,0,0,0,113,0,1,0,0,0,3,0,0,4,1,3,0,0,0,7,10,3,76.9,Germany
Paul Verhaegh,nl NED,DF,Wolfsburg,33,1983,29.0,1332,1721,77.4,25277,10338,540,619,87.2,606,730,83.0,171,301,56.8,2,1.7,2.4,+0.3,20,139,26,14,173,45,72.7,21,22,2,24,33,9,38,10,28,33,78,60,0,Matches,1721,1406,308,39,0,17,61,269,0,0,0,0,1332,7,49,6,0,0,20,32,0,61,33,38,0,0,0,90,29,22,56.9,Germany
Paul-Georges Ntep,cm CMR,"FW,MF",Wolfsburg,25,1992,1.8,47,73,64.4,690,148,27,37,73.0,12,16,75.0,4,9,44.4,0,0.4,0.3,-0.4,2,5,3,1,3,2,0.0,0,0,2,0,1,1,3,1,2,1,3,0,0,Matches,73,73,0,0,0,1,8,0,0,0,0,0,47,0,6,2,1,1,7,5,1,8,1,2,0,0,0,10,0,4,0.0,Germany
Pavel Kadeřábek,cz CZE,"FW,DF",Hoffenheim,25,1992,24.4,799,1104,72.4,13158,4851,394,483,81.6,336,440,76.4,51,121,42.1,3,2.7,3.8,+0.3,23,54,24,14,65,44,45.5,22,18,4,20,44,24,27,8,19,34,78,45,1,Matches,1104,877,223,5,1,2,85,218,0,0,0,0,799,4,48,5,0,0,35,21,1,85,34,30,0,0,0,71,56,40,58.3,Germany
Paweł Olkowski,pl POL,DF,Köln,27,1990,5.0,71,149,47.7,1410,756,30,44,68.2,30,60,50.0,10,36,27.8,0,0.0,0.1,0.0,0,11,0,0,8,17,55.6,9,8,0,5,9,4,11,2,9,3,20,17,0,Matches,149,117,31,0,0,0,15,31,0,0,0,0,71,1,8,1,0,0,9,4,0,15,3,12,0,1,0,22,2,8,20.0,Germany
Per Ciljan Skjelbred,no NOR,MF,Hertha BSC,30,1987,24.3,969,1140,85.0,18199,4983,381,442,86.2,435,495,87.9,129,169,76.3,0,0.8,0.8,-0.8,6,107,8,2,100,89,65.6,33,54,2,42,64,22,31,6,25,45,134,23,0,Matches,1140,1095,43,40,1,21,3,2,0,0,0,0,969,2,10,2,0,0,43,14,0,3,45,66,0,1,0,107,22,25,46.8,Germany
Peter Pekarík,sk SVK,DF,Hertha BSC,30,1986,15.3,606,782,77.5,9971,4396,311,344,90.4,243,303,80.2,41,92,44.6,2,1.7,1.4,+0.3,12,60,10,5,65,42,72.4,17,21,4,21,29,8,23,3,20,18,60,44,0,Matches,782,625,155,11,0,0,19,144,0,0,0,0,606,2,31,1,0,0,14,13,0,19,18,33,0,0,0,54,14,13,51.9,Germany
Philipp Bargfrede,de GER,MF,Werder Bremen,28,1989,20.7,764,967,79.0,14873,5480,255,311,82.0,408,476,85.7,93,145,64.1,1,0.8,0.8,+0.2,8,86,4,1,110,60,60.0,29,30,1,33,55,22,35,12,23,47,107,52,0,Matches,967,948,15,15,0,6,4,0,0,0,0,0,764,4,22,5,0,0,42,27,0,4,47,45,0,0,0,139,39,35,52.7,Germany
Philipp Lienhart,at AUT,DF,Freiburg,21,1996,9.6,325,405,80.2,6769,2440,85,96,88.5,192,200,96.0,46,102,45.1,0,0.0,0.1,0.0,1,19,0,0,22,16,35.3,12,4,0,6,17,11,14,9,5,11,27,60,0,Matches,405,392,12,9,0,6,0,3,0,0,0,0,325,1,5,2,0,0,9,5,0,0,11,14,0,0,0,33,15,15,50.0,Germany
Philipp Max,de GER,DF,Augsburg,23,1993,32.9,1116,1698,65.7,20700,9563,495,566,87.5,407,605,67.3,177,425,41.6,12,9.3,9.3,+2.7,79,64,54,41,102,65,57.6,36,19,10,34,59,25,27,8,19,33,98,65,1,Matches,1698,1183,505,68,0,18,318,320,117,52,60,0,1116,10,49,5,0,0,28,16,3,318,33,47,0,0,0,165,25,35,41.7,Germany
Philipp Ochs,de GER,"FW,DF",Hoffenheim,20,1997,0.8,14,22,63.6,215,46,5,9,55.6,6,9,66.7,1,1,100.0,0,0.0,0.0,0.0,1,1,0,0,1,5,50.0,1,3,1,1,2,1,0,0,0,1,6,0,0,Matches,22,22,0,0,0,0,3,0,0,0,0,0,14,0,1,0,0,0,0,0,1,3,1,4,0,0,0,4,1,1,50.0,Germany
Philipp Tschauner,de GER,GK,Hannover 96,31,1985,31.0,810,1151,70.4,24821,19154,110,112,98.2,331,342,96.8,362,687,52.7,0,0.0,0.1,0.0,0,14,0,0,0,1,50.0,1,0,0,1,2,1,2,0,2,0,1,8,5,Matches,1151,760,390,115,0,2,0,0,0,0,0,0,810,1,2,1,0,0,0,6,0,0,0,0,0,0,0,35,1,1,50.0,Germany
Pierre-Emerick Aubameyang,ga GAB,FW,Dortmund,28,1989,15.7,247,341,72.4,3106,525,151,190,79.5,60,90,66.7,9,20,45.0,3,2.3,2.9,+0.7,16,18,8,3,26,5,25.0,1,1,3,2,8,6,16,1,15,3,8,1,0,Matches,341,301,38,0,0,0,23,1,0,0,0,0,247,2,8,1,1,1,17,8,14,23,3,5,1,0,0,16,24,31,43.6,Germany
Pirmin Schwegler,ch SUI,MF,Hannover 96,30,1987,25.8,1023,1364,75.0,17260,6512,460,542,84.9,409,504,81.2,104,228,45.6,6,4.0,4.3,+2.0,47,106,8,0,141,81,60.0,25,55,1,42,70,28,33,9,24,49,130,46,1,Matches,1364,1160,198,105,0,9,122,1,91,38,45,3,1023,6,24,10,0,0,60,54,0,122,49,57,0,0,0,103,40,21,65.6,Germany
Péter Gulácsi,hu HUN,GK,RB Leipzig,27,1990,33.0,767,1105,69.4,23792,19390,117,117,100.0,344,345,99.7,303,634,47.8,0,0.0,0.1,0.0,0,23,0,0,1,0,0.0,0,0,0,0,2,2,0,0,0,0,0,12,4,Matches,1105,791,310,104,0,1,0,0,0,0,0,0,767,4,1,1,0,0,0,0,0,0,0,0,0,0,0,44,5,0,100.0,Germany
Rafał Gikiewicz,pl POL,GK,Freiburg,29,1987,1.7,43,75,57.3,2171,1948,1,2,50.0,7,8,87.5,35,65,53.8,0,0.0,0.0,0.0,0,2,0,0,0,0,,0,0,0,0,0,0,0,0,0,0,0,0,0,Matches,75,46,29,6,0,0,0,0,0,0,0,0,43,0,1,0,0,0,0,0,0,0,0,0,0,0,0,1,0,0,,Germany
Raffael,br BRA,FW,Gladbach,32,1985,23.0,665,807,82.4,9475,2401,398,452,88.1,187,215,87.0,45,66,68.2,1,3.9,3.4,-2.9,34,61,29,4,98,40,47.2,12,23,5,17,36,19,18,0,18,8,48,2,0,Matches,807,762,42,8,2,5,15,5,0,0,0,0,665,3,34,0,0,0,17,35,7,15,8,32,0,0,0,94,3,16,15.8,Germany
Rafinha,br BRA,DF,Bayern Munich,31,1985,20.6,1574,1798,87.5,29194,8017,621,669,92.8,774,862,89.8,163,223,73.1,2,1.7,3.0,+0.3,22,167,20,7,174,39,59.6,24,11,4,28,47,19,17,6,11,32,71,30,0,Matches,1798,1607,190,29,0,13,59,159,2,0,2,0,1574,1,24,4,0,0,23,30,0,59,32,33,0,0,0,117,18,20,47.4,Germany
Ralf Fährmann,de GER,GK,Schalke 04,28,1988,33.5,646,955,67.6,21266,15444,64,64,100.0,269,271,99.3,310,611,50.7,0,0.1,0.1,-0.1,1,12,0,0,0,1,33.3,1,0,0,1,3,2,1,0,1,1,2,12,7,Matches,955,622,328,92,0,1,0,0,0,0,0,0,646,5,1,1,0,0,0,10,0,0,1,0,0,0,0,31,9,0,100.0,Germany
Ramazan Özcan,at AUT,GK,Leverkusen,33,1984,1.0,30,39,76.9,718,479,6,6,100.0,19,19,100.0,5,14,35.7,0,0.0,0.0,0.0,0,1,0,0,0,0,0.0,0,0,0,0,1,1,0,0,0,0,0,0,0,Matches,39,30,9,3,0,0,0,0,0,0,0,0,30,0,0,0,0,0,0,0,0,0,0,0,0,0,0,2,0,0,,Germany
Rani Khedira,de GER,"MF,DF",Augsburg,23,1994,25.3,641,860,74.5,11202,4074,237,305,77.7,318,379,83.9,51,103,49.5,1,0.8,1.1,+0.2,10,48,11,2,84,62,70.2,25,28,9,33,47,14,41,18,23,36,98,96,0,Matches,860,837,22,20,0,3,8,2,0,0,0,0,641,1,20,8,0,0,48,32,1,8,36,47,0,0,0,88,55,61,47.4,Germany
Raphael Framberger,de GER,DF,Augsburg,21,1995,7.7,260,372,69.9,4104,2165,123,150,82.0,104,144,72.2,18,44,40.9,0,1.3,1.3,-1.3,10,24,15,7,38,22,93.8,14,6,2,15,16,1,12,3,9,14,36,15,0,Matches,372,272,100,4,0,0,36,96,0,0,0,0,260,0,16,3,0,0,8,10,0,36,14,18,0,0,0,29,11,11,50.0,Germany
Raphaël Guerreiro,pt POR,"DF,MF",Dortmund,23,1993,6.1,334,418,79.9,4607,1369,192,218,88.1,116,144,80.6,10,30,33.3,1,1.1,0.7,-0.1,9,16,5,1,33,10,40.0,5,4,1,2,5,3,3,0,3,11,21,8,0,Matches,418,353,64,9,0,1,24,41,14,7,4,2,334,1,8,0,0,0,1,8,0,24,11,8,0,0,0,20,3,9,25.0,Germany
Raúl Bobadilla,py PAR,"FW,MF",Gladbach,30,1987,5.0,90,123,73.2,1105,167,58,72,80.6,20,24,83.3,3,6,50.0,0,0.4,0.7,-0.4,6,4,4,2,6,7,50.0,1,3,3,4,8,4,6,0,6,0,7,1,0,Matches,123,115,5,0,1,0,3,1,0,0,0,0,90,3,8,2,0,0,17,12,5,3,0,6,0,0,0,13,5,16,23.8,Germany
Reece Oxford,eng ENG,"DF,MF",Gladbach,18,1998,5.1,208,280,74.3,3813,1374,87,107,81.3,85,112,75.9,30,46,65.2,0,0.1,0.1,-0.1,2,16,3,1,21,8,75.0,3,4,1,3,4,1,4,0,4,9,17,26,1,Matches,280,235,43,5,0,3,4,38,0,0,0,0,208,2,8,1,0,0,9,5,0,4,9,6,0,0,0,23,15,12,55.6,Germany
Renato Steffen,ch SUI,"FW,MF",Wolfsburg,25,1991,7.3,179,232,77.2,3028,599,86,101,85.1,67,87,77.0,17,29,58.6,0,0.2,0.3,-0.2,4,15,2,0,16,10,66.7,6,3,1,8,12,4,6,0,6,5,15,6,0,Matches,232,217,14,1,0,6,9,13,0,0,0,0,179,1,7,3,0,0,20,15,0,9,5,9,0,1,0,22,4,15,21.1,Germany
René Adler,de GER,GK,Mainz 05,32,1985,14.0,283,442,64.0,9161,7415,28,28,100.0,143,148,96.6,112,263,42.6,0,0.3,0.0,-0.3,1,8,0,0,0,1,100.0,1,0,0,1,1,0,0,0,0,0,1,8,1,Matches,442,293,146,29,0,0,0,0,0,0,0,0,283,3,0,0,0,0,1,4,0,0,0,1,0,1,0,33,5,0,100.0,Germany
Rick van Drongelen,nl NED,DF,Hamburger SV,18,1998,16.0,508,701,72.5,10000,3911,165,192,85.9,279,358,77.9,56,121,46.3,0,0.0,0.2,0.0,0,40,3,1,53,30,75.0,23,7,0,21,28,7,20,11,9,19,49,58,1,Matches,701,641,57,25,0,5,5,32,0,0,0,0,508,3,18,4,0,0,11,6,0,5,19,25,0,0,1,73,30,37,44.8,Germany
Ridle Baku,de GER,MF,Mainz 05,19,1998,2.6,67,85,78.8,879,266,37,41,90.2,24,33,72.7,1,4,25.0,0,0.1,0.1,-0.1,1,3,1,0,6,3,0.0,1,1,1,0,1,1,3,0,3,3,6,2,0,Matches,85,84,1,0,0,0,3,1,0,0,0,0,67,0,1,1,0,0,5,4,1,3,3,3,0,0,0,16,2,5,28.6,Germany
Riechedly Bazoer,nl NED,MF,Wolfsburg,20,1996,6.6,212,251,84.5,4065,734,82,93,88.2,95,105,90.5,30,44,68.2,0,0.2,0.4,-0.2,3,19,1,1,13,8,50.0,5,2,1,2,4,2,2,1,1,8,16,4,1,Matches,251,248,3,3,0,4,3,0,0,0,0,0,212,0,2,2,0,0,11,13,2,3,8,7,1,0,0,21,2,9,18.2,Germany
Robert Bauer,de GER,"DF,FW",Werder Bremen,22,1995,10.6,369,503,73.4,7491,3460,124,149,83.2,196,249,78.7,48,84,57.1,0,0.2,0.3,-0.2,4,34,4,3,39,31,60.0,21,9,1,15,25,10,8,2,6,21,52,25,2,Matches,503,430,69,15,0,9,16,54,0,0,0,0,369,4,21,4,0,0,13,11,0,16,21,25,0,0,0,54,9,13,40.9,Germany
Robert Lewandowski,pl POL,FW,Bayern Munich,28,1988,24.1,472,613,77.0,7147,1289,254,320,79.4,173,201,86.1,26,37,70.3,2,2.4,2.5,-0.4,21,41,18,0,71,5,0.0,1,1,3,0,3,3,6,0,6,5,10,10,0,Matches,613,591,18,4,1,2,15,0,0,0,0,0,472,4,26,1,0,0,37,37,25,15,5,3,2,0,0,51,49,61,44.5,Germany
Robert Žulj,at AUT,"MF,FW",Hoffenheim,25,1992,2.3,71,99,71.7,815,210,45,59,76.3,17,21,81.0,0,1,0.0,0,0.2,0.2,-0.2,3,5,1,0,8,3,100.0,1,2,0,1,1,0,3,0,3,0,3,2,0,Matches,99,97,1,1,0,0,2,0,0,0,0,0,71,1,9,1,0,0,5,6,0,2,0,3,0,0,0,12,7,9,43.8,Germany
Robin Hack,de GER,"FW,MF",Hoffenheim,18,1998,0.8,15,23,65.2,290,96,5,8,62.5,5,7,71.4,4,6,66.7,0,0.1,0.1,-0.1,1,0,2,1,1,2,0.0,1,0,1,0,1,1,1,1,0,0,2,1,0,Matches,23,18,5,0,0,1,3,5,0,0,0,0,15,0,1,0,0,0,1,3,0,3,0,2,0,0,0,2,1,1,50.0,Germany
Robin Knoche,de GER,DF,Wolfsburg,25,1992,23.4,1215,1432,84.8,27253,10359,268,311,86.2,700,779,89.9,240,321,74.8,2,0.4,0.6,+1.6,3,75,2,0,91,34,71.4,26,8,0,25,35,10,36,24,12,25,59,89,1,Matches,1432,1393,37,33,0,11,3,4,0,0,0,0,1215,2,8,2,0,0,18,11,1,3,25,20,1,1,1,77,66,37,64.1,Germany
Robin Koch,de GER,"MF,DF",Freiburg,21,1996,21.3,758,977,77.6,15376,5209,222,280,79.3,424,485,87.4,101,182,55.5,1,1.0,0.9,0.0,6,53,2,0,36,34,55.6,21,13,0,10,18,8,27,11,16,35,69,67,0,Matches,977,963,13,13,0,5,1,0,0,0,0,0,758,1,18,3,0,0,31,16,0,1,35,24,0,0,0,106,78,58,57.4,Germany
Robin Quaison,se SWE,FW,Mainz 05,23,1993,15.7,206,297,69.4,3026,611,117,160,73.1,64,80,80.0,10,19,52.6,1,1.3,1.2,-0.3,13,16,5,0,22,17,63.6,1,10,6,7,11,4,16,2,14,7,24,9,0,Matches,297,277,19,0,0,2,7,3,0,0,0,0,206,1,16,3,0,0,31,16,4,7,7,14,0,0,0,35,23,66,25.8,Germany
Robin Zentner,de GER,GK,Mainz 05,22,1994,15.0,320,513,62.4,10448,8876,45,45,100.0,144,148,97.3,130,318,40.9,0,0.0,0.1,0.0,0,18,1,0,0,0,0.0,0,0,0,0,1,1,0,0,0,1,1,10,2,Matches,513,359,153,27,0,0,0,0,0,0,0,0,320,1,0,1,0,0,1,0,0,0,1,0,0,1,0,28,4,2,66.7,Germany
Roman Bürki,ch SUI,GK,Dortmund,26,1990,33.0,940,1297,72.5,25749,19346,159,159,100.0,478,482,99.2,299,642,46.6,0,0.0,0.1,0.0,0,15,0,0,5,1,33.3,1,0,0,1,3,2,1,0,1,0,1,10,4,Matches,1297,957,330,93,0,2,0,0,0,0,0,0,940,10,0,4,0,0,2,5,0,0,0,1,0,2,0,95,6,2,75.0,Germany
Roman Weidenfeller,de GER,GK,Dortmund,36,1980,1.0,19,41,46.3,508,392,5,5,100.0,6,6,100.0,8,30,26.7,0,0.0,0.0,0.0,0,1,0,0,0,0,,0,0,0,0,0,0,0,0,0,0,0,0,1,Matches,41,27,14,6,0,0,0,0,0,0,0,0,19,0,0,0,0,0,0,0,0,0,0,0,0,0,0,1,0,0,,Germany
Ron-Robert Zieler,de GER,GK,Stuttgart,28,1989,34.0,757,1333,56.8,27608,23187,86,87,98.9,288,292,98.6,382,948,40.3,0,0.1,0.1,-0.1,1,46,0,0,0,1,100.0,1,0,0,1,1,0,2,0,2,1,2,14,5,Matches,1333,896,433,133,0,0,0,0,0,0,0,0,757,4,1,3,0,0,0,10,0,0,1,1,0,0,0,75,11,2,84.6,Germany
Rune Jarstein,no NOR,GK,Hertha BSC,32,1984,31.0,634,1134,55.9,24272,20476,39,39,100.0,214,216,99.1,381,876,43.5,0,0.0,0.1,0.0,0,32,0,0,0,1,50.0,1,0,0,1,2,1,0,0,0,0,1,8,5,Matches,1134,784,347,98,0,4,0,0,0,0,0,0,634,3,0,2,0,0,1,6,0,0,0,1,0,0,0,62,9,0,100.0,Germany
Ryan Kent,eng ENG,"FW,MF",Freiburg,20,1996,2.7,42,63,66.7,631,147,24,32,75.0,13,24,54.2,4,5,80.0,0,0.1,0.1,-0.1,1,8,0,0,6,4,40.0,2,1,1,2,5,3,6,0,6,1,5,1,0,Matches,63,63,0,0,0,1,5,0,0,0,0,0,42,0,4,1,0,0,3,3,0,5,1,3,0,0,0,10,1,12,7.7,Germany
Salif Sané,sn SEN,DF,Hannover 96,26,1990,32.0,1459,1813,80.5,30484,12944,414,486,85.2,799,898,89.0,227,374,60.7,1,0.6,1.5,+0.4,10,98,7,1,138,57,62.5,46,10,1,40,64,24,49,29,20,57,114,238,6,Matches,1813,1668,139,127,1,15,4,12,0,0,0,0,1459,6,22,6,0,0,35,36,1,4,57,43,0,1,0,217,174,41,80.9,Germany
Salih Özcan,tr TUR,MF,Köln,19,1998,18.6,720,922,78.1,11749,3369,340,425,80.0,298,362,82.3,53,77,68.8,1,1.7,1.6,-0.7,18,76,14,1,88,56,51.9,24,29,3,28,54,26,27,5,22,29,85,22,1,Matches,922,885,35,32,1,3,1,3,0,0,0,0,720,2,21,5,0,0,52,44,1,1,29,42,0,1,0,115,68,54,55.7,Germany
Salomon Kalou,ci CIV,"FW,MF",Hertha BSC,31,1985,24.5,431,625,69.0,6330,1913,241,317,76.0,144,213,67.6,23,34,67.6,3,2.3,2.0,+0.7,15,50,17,1,73,19,52.9,12,5,2,9,17,8,37,1,36,10,29,29,0,Matches,625,610,10,0,1,2,16,4,0,0,0,0,431,5,37,0,0,0,22,34,11,16,10,11,0,0,0,90,33,63,34.4,Germany
Sandro Wagner,de GER,FW,Bayern Munich,29,1987,8.1,159,215,74.0,2489,300,90,110,81.8,54,73,74.0,11,19,57.9,2,0.5,0.7,+1.5,3,12,2,0,14,9,100.0,3,5,1,1,1,0,4,0,4,2,11,1,0,Matches,215,198,15,0,0,2,2,1,0,0,0,0,159,2,5,1,0,0,23,10,3,2,2,6,0,0,0,7,17,24,41.5,Germany
Sandro Wagner,de GER,FW,Hoffenheim,29,1987,9.7,182,270,67.4,2639,559,98,136,72.1,65,94,69.1,9,16,56.3,3,1.3,1.2,+1.7,18,26,4,0,29,8,83.3,3,5,0,5,6,1,11,3,8,3,11,13,0,Matches,270,238,30,1,1,2,2,2,0,0,0,0,182,2,9,3,0,0,27,26,2,2,3,5,0,0,0,25,44,42,51.2,Germany
Santiago Ascacíbar,ar ARG,MF,Stuttgart,20,1997,26.5,942,1133,83.1,15949,4059,450,505,89.1,402,474,84.8,71,105,67.6,1,0.7,0.9,+0.3,9,90,7,0,92,91,55.4,41,43,7,41,74,33,45,10,35,47,138,38,1,Matches,1133,1112,17,13,0,6,7,4,0,0,0,0,942,4,24,11,1,1,34,58,0,7,47,65,1,0,0,161,27,36,42.9,Germany
Sebastian Jung,de GER,DF,Wolfsburg,27,1990,0.9,17,29,58.6,284,192,9,11,81.8,4,7,57.1,3,7,42.9,0,0.0,0.0,0.0,0,2,1,0,2,2,100.0,1,1,0,1,1,0,0,0,0,0,2,5,0,Matches,29,24,5,1,0,1,0,4,0,0,0,0,17,0,1,1,0,0,1,1,0,0,0,2,0,0,0,4,0,0,,Germany
Sebastian Langkamp,de GER,DF,Hertha BSC,29,1988,10.6,489,565,86.5,10904,4235,107,122,87.7,286,307,93.2,93,128,72.7,0,0.0,0.2,0.0,1,28,0,0,41,15,61.1,9,6,0,11,18,7,7,4,3,21,36,58,1,Matches,565,537,28,27,0,5,0,1,0,0,0,0,489,0,3,2,0,0,11,14,1,0,21,12,0,0,0,27,23,13,63.9,Germany
Sebastian Langkamp,de GER,DF,Werder Bremen,29,1988,4.6,184,214,86.0,3824,1332,47,53,88.7,113,128,88.3,22,29,75.9,0,0.1,0.1,-0.1,1,6,1,0,17,7,100.0,4,3,0,4,4,0,7,5,2,8,15,18,0,Matches,214,204,10,10,0,1,0,0,0,0,0,0,184,0,2,2,0,0,3,5,0,0,8,3,0,0,0,10,8,3,72.7,Germany
Sebastian Maier,de GER,MF,Hannover 96,23,1993,2.9,88,136,64.7,1503,574,46,61,75.4,24,43,55.8,13,23,56.5,0,0.3,0.4,-0.3,3,8,3,1,14,11,16.7,4,7,0,2,12,10,6,1,5,4,15,1,1,Matches,136,119,16,5,0,1,13,3,8,3,5,0,88,1,5,0,0,0,5,1,0,13,4,6,0,1,0,10,5,6,45.5,Germany
Sebastian Rudy,de GER,MF,Bayern Munich,27,1990,16.8,944,1082,87.2,17655,4883,383,419,91.4,439,482,91.1,113,150,75.3,4,1.4,1.7,+2.6,20,112,12,0,121,50,50.9,12,33,5,28,55,27,11,1,10,18,68,7,1,Matches,1082,1022,55,28,0,9,37,2,24,17,4,1,944,5,19,2,0,0,21,15,0,37,18,40,0,0,0,81,18,7,72.0,Germany
Sejad Salihović,ba BIH,MF,Hamburger SV,32,1984,4.1,174,244,71.3,3013,862,90,104,86.5,56,75,74.7,23,51,45.1,1,0.6,0.9,+0.4,8,18,3,2,19,7,0.0,3,3,1,0,3,3,5,0,5,5,12,1,0,Matches,244,201,43,17,0,5,33,7,19,10,6,0,174,0,6,1,0,0,8,4,0,33,5,5,0,0,0,38,7,6,53.8,Germany
Serge Gnabry,de GER,FW,Hoffenheim,22,1995,16.7,404,544,74.3,5886,1785,224,282,79.4,134,171,78.4,24,43,55.8,5,3.4,3.9,+1.6,27,33,22,3,52,32,54.2,10,18,4,13,24,11,15,1,14,8,40,9,2,Matches,544,486,53,7,4,1,27,29,9,6,1,0,404,5,23,0,0,0,20,16,12,27,8,22,2,0,0,58,7,30,18.9,Germany
Sergio Córdova,ve VEN,"FW,MF",Augsburg,19,1997,6.5,114,155,73.5,1402,305,59,75,78.7,34,41,82.9,3,10,30.0,1,0.7,0.6,+0.3,8,9,4,1,11,5,75.0,0,2,3,3,4,1,12,2,10,0,5,6,0,Matches,155,145,8,0,0,0,9,2,0,0,0,0,114,2,7,3,0,0,21,12,7,9,0,5,0,0,0,14,13,29,31.0,Germany
Sergio Gómez,es ESP,MF,Dortmund,16,2000,0.1,7,7,100.0,174,58,2,2,100.0,3,3,100.0,2,2,100.0,0,0.1,0.1,-0.1,1,1,1,0,1,0,,0,0,0,0,0,0,0,0,0,0,0,0,0,Matches,7,6,1,0,0,0,1,0,1,0,1,0,7,0,0,0,0,0,0,0,0,1,0,0,0,0,0,0,0,0,,Germany
Serhou Guirassy,gn GUI,FW,Köln,21,1996,9.5,189,266,71.1,2422,552,115,146,78.8,48,75,64.0,6,11,54.5,0,0.7,0.8,-0.7,7,17,3,0,25,3,20.0,0,2,1,1,5,4,9,1,8,1,4,11,0,Matches,266,255,10,1,0,0,1,0,0,0,0,0,189,1,8,2,0,0,19,34,9,1,1,3,1,1,0,32,52,46,53.1,Germany
Shawn Parker,de GER,"FW,MF",Augsburg,24,1993,0.5,5,9,55.6,70,17,3,6,50.0,2,3,66.7,0,0,,0,0.1,0.0,-0.1,1,0,1,0,1,0,,0,0,0,0,0,0,0,0,0,0,0,0,0,Matches,9,9,0,0,0,0,0,0,0,0,0,0,5,0,0,0,0,0,1,1,2,0,0,0,0,0,0,1,0,0,,Germany
Shinji Kagawa,jp JPN,MF,Dortmund,28,1989,13.0,650,771,84.3,10389,2703,332,353,94.1,225,269,83.6,54,87,62.1,2,2.9,2.4,-0.9,22,77,25,1,109,32,66.7,11,14,7,18,27,9,6,0,6,6,38,2,0,Matches,771,716,53,24,0,5,36,6,22,10,8,2,650,2,10,0,0,0,9,17,1,36,6,22,1,0,0,59,2,15,11.8,Germany
Simon Asta,de GER,MF,Augsburg,16,2001,0.1,4,5,80.0,71,31,1,1,100.0,3,4,75.0,0,0,,0,0.0,0.0,0.0,0,0,0,0,0,2,100.0,2,0,0,2,2,0,1,0,1,0,2,0,0,Matches,5,4,1,0,0,0,0,1,0,0,0,0,4,0,0,0,0,0,0,0,0,0,0,1,0,0,0,0,0,0,,Germany
Simon Falette,gn GUI,DF,Eint Frankfurt,25,1992,24.6,940,1244,75.6,18961,7259,302,355,85.1,512,605,84.6,116,241,48.1,0,0.4,0.3,-0.4,6,96,6,0,109,34,61.3,23,10,1,19,31,12,37,15,22,58,92,134,1,Matches,1244,1178,60,55,0,21,10,5,0,0,0,0,940,6,20,10,1,0,39,25,0,10,58,30,0,0,0,104,72,32,69.2,Germany
Simon Terodde,de GER,FW,Köln,29,1988,12.9,194,304,63.8,2554,469,119,173,68.8,56,86,65.1,5,10,50.0,0,1.1,1.4,-1.1,15,18,3,0,18,11,36.4,3,8,0,4,11,7,3,0,3,4,15,7,0,Matches,304,266,36,0,0,2,2,0,0,0,0,0,194,2,13,2,0,0,31,35,15,2,4,9,1,0,0,17,51,68,42.9,Germany
Simon Terodde,de GER,FW,Stuttgart,29,1988,10.6,159,235,67.7,2221,322,95,131,72.5,49,75,65.3,7,10,70.0,1,1.1,0.6,-0.1,8,12,0,0,12,9,40.0,1,7,1,2,5,3,8,2,6,5,14,8,0,Matches,235,211,23,0,1,4,2,0,0,0,0,0,159,1,10,2,0,0,16,24,15,2,5,6,1,0,0,22,50,60,45.5,Germany
Simon Zoller,de GER,"MF,FW",Köln,26,1991,10.7,213,304,70.1,3244,851,114,142,80.3,68,100,68.0,16,28,57.1,1,0.4,0.7,+0.6,9,16,4,0,21,11,70.0,3,6,2,7,10,3,5,2,3,8,19,9,0,Matches,304,288,16,2,0,1,18,4,0,0,0,0,213,0,17,3,0,0,15,9,6,18,8,7,0,0,0,35,20,16,55.6,Germany
Slobodan Medojević,rs SRB,MF,Eint Frankfurt,26,1990,0.3,10,14,71.4,166,60,4,5,80.0,6,8,75.0,0,1,0.0,0,0.0,0.0,0.0,0,1,0,0,4,0,,0,0,0,0,0,0,0,0,0,0,0,1,0,Matches,14,14,0,0,0,0,0,0,0,0,0,0,10,0,0,0,0,0,0,0,0,0,0,0,0,0,0,1,1,0,100.0,Germany
Sokratis Papastathopoulos,gr GRE,DF,Dortmund,29,1988,26.4,1665,1921,86.7,33580,11781,522,560,93.2,940,1013,92.8,188,311,60.5,0,0.2,0.8,-0.2,5,125,8,1,115,65,83.0,50,13,2,39,47,8,36,11,25,30,95,112,0,Matches,1921,1839,77,66,1,19,3,11,0,0,0,0,1665,5,9,5,1,0,39,33,1,3,30,47,0,1,0,99,78,32,70.9,Germany
Stefan Bell,de GER,DF,Mainz 05,25,1991,24.2,695,937,74.2,14417,6294,221,281,78.6,371,437,84.9,98,194,50.5,0,0.9,1.3,-0.9,9,55,3,0,58,36,69.2,23,13,0,27,39,12,35,18,17,46,82,123,2,Matches,937,893,42,40,1,11,1,1,0,0,0,0,695,2,13,8,0,0,45,19,1,1,46,25,0,0,1,107,83,47,63.8,Germany
Stefan Ilsanker,at AUT,"DF,MF",RB Leipzig,28,1989,14.3,765,921,83.1,13681,5265,330,370,89.2,344,394,87.3,78,129,60.5,1,0.9,1.1,+0.1,9,80,12,1,97,37,56.4,23,11,3,22,39,17,23,10,13,25,62,55,1,Matches,921,875,39,21,2,4,10,18,0,0,0,0,765,7,11,3,1,1,32,13,0,10,25,29,0,0,0,72,36,32,52.9,Germany
Stefan Kießling,de GER,"DF,MF",Leverkusen,33,1984,0.9,15,27,55.6,180,31,10,18,55.6,4,6,66.7,0,1,0.0,0,0.2,0.1,-0.2,2,1,0,0,0,0,,0,0,0,0,0,0,2,0,2,0,0,1,0,Matches,27,27,0,0,1,0,0,0,0,0,0,0,15,0,0,0,0,0,1,3,1,0,0,0,0,0,0,3,7,6,53.8,Germany
Stefan Posch,at AUT,DF,Hoffenheim,20,1997,8.4,410,492,83.3,7523,3045,147,158,93.0,221,249,88.8,35,75,46.7,0,0.0,0.1,0.0,1,22,1,0,25,28,55.6,18,7,3,15,27,12,15,4,11,24,52,30,0,Matches,492,465,27,16,0,3,7,11,0,0,0,0,410,0,3,3,0,0,11,3,0,7,24,21,0,2,0,35,14,10,58.3,Germany
Stephan Ambrosius,gh GHA,DF,Hamburger SV,18,1998,0.5,32,35,91.4,549,119,10,10,100.0,20,20,100.0,1,3,33.3,0,0.0,0.0,0.0,0,0,0,0,2,0,,0,0,0,0,0,0,2,1,1,1,1,4,0,Matches,35,33,1,1,0,1,0,0,0,0,0,0,32,1,0,0,0,0,0,0,1,0,1,0,0,0,0,3,0,2,0.0,Germany
Steven Zuber,ch SUI,"FW,DF",Hoffenheim,25,1991,15.9,703,859,81.8,11485,3922,353,399,88.5,284,338,84.0,50,81,61.7,2,1.3,1.4,+0.7,13,48,17,3,77,40,63.4,22,13,5,26,41,15,18,3,15,17,57,27,0,Matches,859,722,134,15,1,2,33,118,1,0,1,0,703,3,30,2,0,0,11,19,0,33,17,30,0,0,0,71,5,11,31.3,Germany
Suat Serdar,de GER,MF,Mainz 05,20,1997,18.9,442,557,79.4,7477,2067,196,239,82.0,197,226,87.2,37,51,72.5,0,1.2,0.7,-1.2,19,46,6,0,69,59,42.2,21,26,12,27,64,37,38,3,35,21,80,17,1,Matches,557,548,7,1,1,4,5,1,0,0,0,0,442,2,19,3,0,0,36,28,0,5,21,47,0,0,0,94,18,21,46.2,Germany
Sven Bender,de GER,DF,Leverkusen,28,1989,26.1,1375,1604,85.7,26219,9669,499,551,90.6,725,793,91.4,142,232,61.2,0,0.2,0.6,-0.2,4,82,3,0,110,51,76.5,33,18,0,26,34,8,49,21,28,50,101,123,1,Matches,1604,1548,52,50,0,3,0,2,0,0,0,0,1375,4,9,0,0,0,19,18,2,0,50,37,0,0,0,121,78,63,55.3,Germany
Sven Schipplock,de GER,"FW,MF",Hamburger SV,28,1988,3.8,48,83,57.8,556,148,34,49,69.4,10,22,45.5,0,1,0.0,0,0.5,0.3,-0.5,4,5,0,0,3,7,0.0,1,5,1,0,1,1,4,0,4,1,8,3,0,Matches,83,72,10,0,0,0,0,1,0,0,0,0,48,1,3,0,0,0,10,11,0,0,1,6,0,0,0,4,18,19,48.6,Germany
Sven Ulreich,de GER,GK,Bayern Munich,28,1988,29.0,734,951,77.2,20298,15496,117,117,100.0,375,379,98.9,242,449,53.9,0,0.0,0.0,0.0,0,6,0,0,0,1,100.0,1,0,0,1,1,0,0,0,0,3,4,6,1,Matches,951,757,191,37,0,3,0,1,0,0,0,0,734,3,3,1,0,0,1,2,0,0,3,0,0,1,0,84,8,2,80.0,Germany
Sébastien Haller,ci CIV,FW,Eint Frankfurt,23,1994,26.1,452,698,64.8,5973,1106,274,383,71.5,125,206,60.7,19,33,57.6,4,4.1,2.1,-0.1,30,40,12,0,52,25,50.0,4,16,5,7,14,7,17,4,13,8,33,39,0,Matches,698,638,57,1,4,5,6,2,0,0,0,0,452,3,26,2,0,0,55,52,21,6,8,16,0,0,0,78,134,130,50.8,Germany
Takuma Asano,jp JPN,"FW,MF",Stuttgart,22,1994,8.0,131,179,73.2,1891,428,79,105,75.2,38,45,84.4,8,11,72.7,0,1.1,1.1,-1.1,10,6,7,0,17,7,25.0,3,3,1,2,8,6,7,0,7,3,10,2,0,Matches,179,174,4,1,2,0,11,0,0,0,0,0,131,1,13,1,0,0,11,8,13,11,3,5,0,0,0,32,6,31,16.2,Germany
Taleb Tawatha,il ISR,"DF,MF",Eint Frankfurt,25,1992,4.9,153,232,65.9,2664,1375,71,88,80.7,64,96,66.7,15,31,48.4,1,0.7,0.7,+0.3,7,11,5,4,15,12,55.6,7,5,0,5,9,4,7,1,6,6,18,18,0,Matches,232,156,76,3,0,0,24,67,6,1,5,0,153,0,12,1,0,0,7,5,1,24,6,7,0,0,0,19,5,11,31.3,Germany
Tatsuya Ito,jp JPN,"MF,FW",Hamburger SV,20,1997,11.2,296,389,76.1,4219,1331,170,193,88.1,92,131,70.2,18,36,50.0,2,1.2,2.6,+0.8,13,21,27,5,45,16,50.0,4,8,4,11,22,11,28,0,28,6,22,1,0,Matches,389,377,12,3,1,3,27,9,0,0,0,0,296,0,12,1,0,0,15,28,1,27,6,13,1,0,0,54,0,11,0.0,Germany
Theodor Gebre Selassie,cz CZE,"DF,FW",Werder Bremen,30,1986,31.4,1124,1437,78.2,17462,7687,591,704,83.9,460,578,79.6,51,98,52.0,0,1.4,1.8,-1.4,22,89,11,4,114,67,63.2,36,25,6,36,57,21,34,2,32,51,118,83,1,Matches,1437,1109,327,15,0,5,26,312,0,0,0,0,1124,1,36,4,0,0,44,37,2,26,51,41,0,0,0,103,100,83,54.6,Germany
Thiago Alcántara,es ESP,"MF,FW",Bayern Munich,26,1991,13.9,1187,1310,90.6,22947,6128,455,490,92.9,555,595,93.3,159,193,82.4,2,1.9,2.4,+0.1,29,174,17,0,183,45,57.7,11,25,9,15,26,11,22,3,19,27,72,6,1,Matches,1310,1268,39,21,1,33,13,7,8,6,1,0,1187,3,10,3,0,0,24,14,1,13,27,35,1,0,0,77,21,17,55.3,Germany
Thilo Kehrer,de GER,DF,Schalke 04,20,1996,26.3,1018,1230,82.8,20010,7355,329,370,88.9,575,657,87.5,108,181,59.7,0,0.4,0.4,-0.4,11,65,0,0,96,81,67.6,41,36,4,46,68,22,42,12,30,35,116,113,2,Matches,1230,1170,56,27,0,11,3,29,0,0,0,0,1018,4,10,4,0,0,35,29,2,3,35,64,1,0,0,125,55,48,53.4,Germany
Thomas Delaney,dk DEN,MF,Werder Bremen,25,1991,31.1,915,1294,70.7,16872,4962,393,496,79.2,380,504,75.4,123,221,55.7,4,2.8,2.3,+1.2,30,118,26,7,145,79,67.9,27,46,6,36,53,17,37,12,25,43,122,74,4,Matches,1294,1250,34,27,0,11,28,7,0,0,0,0,915,10,40,5,0,0,83,73,6,28,43,61,0,0,0,106,107,73,59.4,Germany
Thomas Kraft,de GER,GK,Hertha BSC,29,1988,3.0,83,137,60.6,2896,2437,4,4,100.0,37,38,97.4,41,93,44.1,0,0.0,0.0,0.0,0,1,0,0,0,0,,0,0,0,0,0,0,0,0,0,0,0,1,0,Matches,137,95,41,13,0,0,0,0,0,0,0,0,83,1,0,1,0,0,0,0,0,0,0,0,0,0,0,6,0,0,,Germany
Thomas Müller,de GER,"MF,FW",Bayern Munich,27,1989,22.3,752,1025,73.4,12046,2671,402,499,80.6,278,371,74.9,52,96,54.2,14,10.3,7.9,+3.7,57,54,45,21,87,35,48.1,10,15,10,13,27,14,17,1,16,7,42,14,1,Matches,1025,989,33,4,1,8,79,14,1,0,0,0,752,3,44,4,0,0,21,14,10,79,7,30,0,0,0,52,33,47,41.3,Germany
Thorgan Hazard,be BEL,"MF,FW",Gladbach,24,1993,32.7,972,1361,71.4,14931,4765,533,652,81.7,291,390,74.6,90,190,47.4,5,6.6,7.5,-1.6,64,69,56,9,124,49,37.0,16,23,10,20,54,34,39,1,38,28,77,18,0,Matches,1361,1198,159,34,6,6,146,35,85,14,62,1,972,4,52,1,0,0,25,55,21,146,28,32,1,0,0,119,31,62,33.3,Germany
Tim Handwerker,de GER,"MF,DF",Köln,19,1998,4.4,97,155,62.6,1588,588,43,55,78.2,43,58,74.1,6,31,19.4,1,1.2,1.5,-0.2,4,6,4,3,8,12,71.4,9,2,1,5,7,2,3,0,3,6,18,10,0,Matches,155,134,21,5,0,0,29,8,8,2,6,0,97,0,6,0,0,0,1,5,1,29,6,7,0,0,0,18,4,7,36.4,Germany
Tim Kleindienst,de GER,"FW,DF",Freiburg,21,1995,12.6,203,369,55.0,2956,775,109,184,59.2,67,110,60.9,10,27,37.0,3,2.3,1.4,+0.7,8,19,10,1,31,22,23.5,6,12,4,4,17,13,17,3,14,6,28,21,0,Matches,369,357,9,0,0,0,9,1,0,0,0,0,203,3,25,2,0,0,31,13,4,9,6,15,0,0,0,27,83,72,53.5,Germany
Timo Baumgartl,de GER,DF,Stuttgart,21,1996,29.0,1273,1555,81.9,26359,10763,377,427,88.3,697,782,89.1,185,314,58.9,0,0.3,0.7,-0.3,6,100,11,3,79,87,74.7,55,29,3,56,75,19,50,21,29,34,121,132,1,Matches,1555,1411,139,76,0,12,8,63,0,0,0,0,1273,5,19,4,0,0,40,28,1,8,34,71,0,1,0,109,73,44,62.4,Germany
Timo Horn,de GER,GK,Köln,24,1993,34.0,626,1094,57.2,24508,21926,67,67,100.0,196,198,99.0,363,821,44.2,0,0.2,0.3,-0.2,3,47,2,0,0,3,50.0,3,0,0,3,6,3,0,0,0,0,3,18,2,Matches,1094,669,417,118,0,0,0,0,0,0,0,0,626,8,0,0,0,0,1,6,0,0,0,2,0,1,0,58,10,1,90.9,Germany
Timo Hübers,de GER,DF,Hannover 96,21,1996,5.0,130,172,75.6,2608,1158,42,53,79.2,64,79,81.0,23,37,62.2,1,0.3,0.1,+0.7,4,10,1,0,13,11,60.0,9,2,0,9,15,6,13,8,5,9,20,31,0,Matches,172,162,9,8,0,0,0,1,0,0,0,0,130,1,3,2,0,0,9,10,1,0,9,10,0,0,0,33,11,8,57.9,Germany
Timo Werner,de GER,FW,RB Leipzig,21,1996,27.7,527,743,70.9,6802,1208,326,405,80.5,133,204,65.2,23,47,48.9,7,4.8,4.9,+2.2,24,23,15,2,43,16,15.8,2,8,6,3,19,16,26,0,26,7,23,11,0,Matches,743,643,97,2,1,4,53,35,1,1,0,0,527,3,36,1,0,0,26,25,38,53,7,11,0,0,0,46,14,24,36.8,Germany
Timothy Chandler,us USA,"DF,FW",Eint Frankfurt,27,1990,21.0,582,919,63.3,10962,4932,242,312,77.6,259,407,63.6,74,153,48.4,4,2.6,3.0,+1.4,25,51,30,20,78,27,64.7,11,13,3,11,17,6,15,0,15,33,60,52,0,Matches,919,704,209,11,0,3,90,197,1,0,0,0,582,6,32,3,0,0,23,19,4,90,33,21,0,0,0,63,31,40,43.7,Germany
Tin Jedvaj,hr CRO,DF,Leverkusen,21,1995,6.7,283,365,77.5,5282,2162,116,131,88.5,127,153,83.0,35,57,61.4,0,0.1,0.2,-0.1,2,37,5,1,40,10,53.3,2,6,2,8,15,7,9,1,8,9,19,18,0,Matches,365,323,40,10,0,4,9,30,0,0,0,0,283,2,16,1,0,0,7,6,1,9,9,6,0,0,0,29,12,13,48.0,Germany
Tobias Sippel,de GER,GK,Gladbach,29,1988,4.8,126,188,67.0,3821,2947,18,18,100.0,65,66,98.5,43,103,41.7,0,0.0,0.0,0.0,1,6,0,0,1,1,50.0,1,0,0,1,2,1,0,0,0,0,1,5,1,Matches,188,139,48,14,0,2,0,0,0,0,0,0,126,1,0,0,0,0,0,0,0,0,0,1,0,0,0,4,0,0,,Germany
Tobias Strobl,de GER,MF,Gladbach,27,1990,1.3,60,69,87.0,1130,323,22,22,100.0,32,36,88.9,6,11,54.5,1,0.6,0.1,+0.4,2,6,1,0,4,3,0.0,0,2,1,0,1,1,2,0,2,6,9,2,0,Matches,69,69,0,0,0,0,0,0,0,0,0,0,60,0,0,0,0,0,1,0,0,0,6,1,0,0,0,6,5,0,100.0,Germany
Tom Starke,de GER,GK,Bayern Munich,36,1981,2.0,39,57,68.4,969,763,5,5,100.0,27,28,96.4,7,24,29.2,0,0.0,0.0,0.0,0,0,0,0,0,0,,0,0,0,0,0,0,0,0,0,0,0,0,0,Matches,57,47,10,1,0,0,0,0,0,0,0,0,39,0,0,0,0,0,0,0,0,0,0,0,0,0,0,1,0,0,,Germany
Tony Jantschke,de GER,DF,Gladbach,27,1990,8.1,309,434,71.2,5585,2412,127,162,78.4,151,198,76.3,28,52,53.8,1,0.1,0.2,+0.9,2,35,2,1,33,13,61.5,9,4,0,8,13,5,10,1,9,6,19,25,0,Matches,434,338,94,10,0,1,11,84,0,0,0,0,309,2,18,2,0,0,8,9,0,11,6,11,0,0,0,21,16,9,64.0,Germany
Törles Knöll,de GER,"MF,FW",Hamburger SV,19,1997,0.2,1,3,33.3,5,0,1,3,33.3,0,0,,0,0,,0,0.0,0.0,0.0,0,0,0,0,0,0,,0,0,0,0,0,0,1,0,1,0,0,0,0,Matches,3,3,0,0,0,0,0,0,0,0,0,0,1,0,0,0,0,0,0,0,0,0,0,0,0,0,0,0,0,2,0.0,Germany
Ulisses Garcia,ch SUI,FW,Werder Bremen,21,1996,1.0,23,32,71.9,376,111,10,13,76.9,11,14,78.6,1,3,33.3,0,0.0,0.0,0.0,0,1,0,0,1,1,50.0,1,0,0,1,2,1,0,0,0,0,1,3,0,Matches,32,20,12,2,0,0,0,10,0,0,0,0,23,0,0,0,0,0,4,0,0,0,0,1,0,0,0,5,2,0,100.0,Germany
Valentin Stocker,ch SUI,MF,Hertha BSC,28,1989,0.6,11,18,61.1,142,18,8,9,88.9,3,7,42.9,0,0,,0,0.0,0.0,0.0,1,2,0,0,1,1,,0,1,0,0,0,0,1,0,1,0,1,0,0,Matches,18,17,0,0,0,0,1,0,0,0,0,0,11,1,1,0,0,0,4,1,0,1,0,0,0,0,0,2,3,2,60.0,Germany
Valentino Lazaro,at AUT,"MF,FW",Hertha BSC,21,1996,20.7,477,694,68.7,7422,2238,251,306,82.0,164,219,74.9,38,108,35.2,5,3.9,3.0,+1.1,29,38,22,11,59,33,48.4,11,12,10,15,31,16,35,2,33,15,48,32,0,Matches,694,605,85,27,0,2,82,17,32,6,21,2,477,4,28,4,0,0,18,14,5,82,15,28,0,0,0,77,20,42,32.3,Germany
Vasilije Janjicic,ch SUI,MF,Hamburger SV,18,1998,3.6,121,150,80.7,1894,653,54,60,90.0,58,70,82.9,3,10,30.0,0,0.1,0.1,-0.1,3,12,2,0,20,14,50.0,5,9,0,2,4,2,6,1,5,3,17,5,0,Matches,150,147,3,2,0,0,0,1,0,0,0,0,121,0,4,1,0,0,6,5,0,0,3,11,0,0,0,29,3,9,25.0,Germany
Vedad Ibišević,ba BIH,FW,Hertha BSC,32,1984,16.1,262,372,70.4,3921,583,142,185,76.8,95,129,73.6,14,21,66.7,4,1.6,1.3,+2.4,14,24,3,0,24,10,57.1,1,5,4,4,7,3,8,1,7,4,14,23,0,Matches,372,332,39,1,0,2,5,0,0,0,0,0,262,1,17,4,1,0,41,24,7,5,4,8,0,0,0,31,50,66,43.1,Germany
Victor Osimhen,ng NGA,"FW,MF",Wolfsburg,18,1998,3.2,57,89,64.0,827,134,36,48,75.0,14,29,48.3,5,7,71.4,0,0.2,0.1,-0.2,1,5,0,0,5,4,40.0,3,1,0,2,5,3,2,1,1,2,6,7,0,Matches,89,86,3,0,0,0,5,0,0,0,0,0,57,0,4,0,0,0,9,8,2,5,2,4,0,0,0,8,20,31,39.2,Germany
Viktor Fischer,dk DEN,"FW,MF",Mainz 05,23,1994,3.7,81,108,75.0,1376,321,39,47,83.0,30,39,76.9,9,11,81.8,0,0.6,0.6,-0.6,5,9,4,1,11,4,40.0,2,1,1,2,5,3,2,0,2,3,7,2,0,Matches,108,104,4,1,0,2,5,0,3,0,1,0,81,0,6,1,0,0,4,2,3,5,3,4,0,0,0,21,2,8,20.0,Germany
Ville Matti Steinmann,de GER,MF,Hamburger SV,22,1995,6.6,350,427,82.0,6208,1623,142,173,82.1,147,172,85.5,42,51,82.4,0,0.2,0.2,-0.2,5,24,2,0,31,16,47.1,6,8,2,8,17,9,6,1,5,18,34,9,1,Matches,427,411,16,14,1,4,0,0,2,0,0,0,350,0,11,2,0,0,14,10,0,0,18,10,0,0,0,41,17,15,53.1,Germany
Vincent Koziello,fr FRA,MF,Köln,21,1995,8.8,470,520,90.4,7825,1666,233,252,92.5,192,207,92.8,32,37,86.5,0,0.4,0.5,-0.4,6,30,6,2,42,28,47.6,6,21,1,10,21,11,9,0,9,10,38,5,1,Matches,520,510,9,8,0,3,4,1,0,0,0,0,470,1,9,3,0,0,16,14,0,4,10,21,0,0,0,44,5,3,62.5,Germany
Vincent Sierro,ch SUI,"MF,FW",Freiburg,21,1995,2.4,43,66,65.2,729,265,20,25,80.0,18,30,60.0,4,8,50.0,0,0.2,0.1,-0.2,4,9,0,0,12,8,44.4,2,6,0,4,9,5,2,1,1,4,12,0,0,Matches,66,64,2,2,0,0,6,0,0,0,0,0,43,0,4,0,0,0,7,1,0,6,4,6,0,0,0,1,3,3,50.0,Germany
Vincenzo Grifo,it ITA,"MF,FW",Gladbach,24,1993,8.7,312,435,71.7,5243,1864,162,187,86.6,109,144,75.7,34,76,44.7,3,2.4,2.0,+0.6,20,23,18,3,44,8,50.0,3,3,2,4,8,4,8,1,7,5,13,6,0,Matches,435,381,51,22,0,5,39,13,16,7,6,0,312,3,14,0,0,0,2,6,2,39,5,5,1,0,0,38,5,5,50.0,Germany
Vladimír Darida,cz CZE,MF,Hertha BSC,26,1990,18.2,765,984,77.7,13878,3625,324,383,84.6,325,388,83.8,85,133,63.9,3,1.9,1.6,+1.1,15,81,12,3,108,38,42.3,11,18,9,11,26,15,22,4,18,24,62,23,0,Matches,984,943,39,32,1,14,22,1,1,0,1,0,765,2,39,2,0,0,31,37,1,22,24,28,0,1,0,101,14,25,35.9,Germany
Walace,br BRA,MF,Hamburger SV,22,1995,14.6,519,656,79.1,8527,2340,240,282,85.1,210,250,84.0,45,78,57.7,2,1.5,0.8,+0.5,12,53,2,1,73,38,43.2,13,23,2,19,44,25,25,3,22,21,59,14,1,Matches,656,631,23,17,2,2,4,6,0,0,0,0,519,2,17,3,0,0,22,6,0,4,21,25,0,0,0,113,29,23,55.8,Germany
Waldemar Anton,de GER,"DF,MF",Hannover 96,21,1996,25.3,966,1217,79.4,19137,6198,314,371,84.6,515,598,86.1,126,204,61.8,0,0.0,0.3,0.0,2,66,2,1,101,65,63.1,39,21,5,41,65,24,56,27,29,39,104,112,3,Matches,1217,1154,60,58,2,9,8,2,0,0,0,0,966,3,26,1,0,0,20,30,0,8,39,49,0,1,0,154,73,46,61.3,Germany
Wendell,br BRA,DF,Leverkusen,24,1993,23.5,1136,1425,79.7,18420,7337,600,673,89.2,440,545,80.7,80,143,55.9,3,2.8,2.7,+0.2,26,89,21,9,123,54,55.2,29,20,5,32,58,26,44,8,36,28,82,58,0,Matches,1425,1171,252,27,2,5,68,204,21,14,5,0,1136,2,45,7,1,0,32,21,1,68,28,41,0,0,0,125,18,22,45.0,Germany
Weston McKennie,us USA,MF,Schalke 04,18,1998,14.0,364,512,71.1,5941,1816,181,226,80.1,146,199,73.4,25,60,41.7,0,0.9,0.8,-0.9,10,36,9,1,55,36,40.6,11,21,4,13,32,19,16,2,14,20,56,32,0,Matches,512,486,22,3,4,3,3,19,0,0,0,0,364,4,16,3,0,0,37,9,0,3,20,23,0,0,0,92,26,21,55.3,Germany
Willi Orban,hu HUN,DF,RB Leipzig,24,1992,23.6,1143,1375,83.1,21677,9111,408,455,89.7,602,691,87.1,117,203,57.6,0,1.4,1.5,-1.4,7,72,0,0,97,49,67.4,35,14,0,29,43,14,45,18,27,28,77,155,1,Matches,1375,1298,75,69,0,5,3,6,0,0,0,0,1143,2,6,5,1,0,27,31,4,3,28,30,0,0,0,91,110,64,63.2,Germany
William,br BRA,DF,Wolfsburg,22,1995,17.9,753,1023,73.6,14932,5957,312,370,84.3,297,375,79.2,129,224,57.6,2,1.8,0.9,+0.2,18,63,18,7,76,76,53.5,43,26,7,46,86,40,41,6,35,46,122,65,1,Matches,1023,827,194,25,0,19,45,169,0,0,0,0,753,2,41,5,1,1,28,24,0,45,46,61,0,1,0,85,21,30,41.2,Germany
Yann Aurel Bisseck,de GER,"DF,MF",Köln,16,2000,1.7,75,82,91.5,1649,417,16,19,84.2,49,49,100.0,10,13,76.9,0,0.0,0.0,0.0,0,12,0,0,9,2,100.0,2,0,0,1,1,0,1,1,0,3,5,8,0,Matches,82,80,2,2,0,1,1,0,0,0,0,0,75,0,0,0,0,0,1,1,0,1,3,2,0,0,0,6,5,2,71.4,Germany
Yann Sommer,ch SUI,GK,Gladbach,28,1988,29.2,918,1256,73.1,26065,18244,119,119,100.0,488,490,99.6,310,644,48.1,0,0.0,0.0,0.0,0,9,0,0,0,0,,0,0,0,0,0,0,0,0,0,3,3,6,3,Matches,1256,943,312,66,0,2,0,0,0,0,0,0,918,1,1,1,0,0,0,3,0,0,3,0,0,0,0,48,8,1,88.9,Germany
Yannick Gerhardt,de GER,"DF,MF",Wolfsburg,23,1994,13.6,489,647,75.6,8458,2593,203,247,82.2,233,288,80.9,38,71,53.5,1,0.8,0.9,+0.2,12,40,5,0,44,37,64.7,18,14,5,22,34,12,25,5,20,15,52,31,0,Matches,647,562,80,7,0,6,24,73,0,0,0,0,489,5,22,1,0,0,10,17,4,24,15,28,1,0,0,49,21,28,42.9,Germany
Yevhen Konoplyanka,ua UKR,"FW,MF",Schalke 04,27,1989,17.4,331,503,65.8,5337,1165,187,234,79.9,110,165,66.7,30,76,39.5,4,4.6,3.7,-0.6,31,18,20,9,50,11,27.3,3,4,4,3,11,8,18,1,17,5,16,6,0,Matches,503,456,44,17,0,3,107,1,24,7,16,1,331,3,28,1,0,0,23,22,4,107,5,9,1,0,0,56,8,21,27.6,Germany
Yoric Ravet,fr FRA,"FW,MF",Freiburg,27,1989,5.5,112,199,56.3,1963,973,52,73,71.2,37,70,52.9,15,42,35.7,2,1.7,0.9,+0.3,17,14,6,2,20,9,42.9,3,6,0,3,7,4,7,0,7,3,12,6,0,Matches,199,164,34,14,0,1,46,1,19,9,8,0,112,1,6,0,1,0,10,6,5,46,3,7,0,0,0,15,10,14,41.7,Germany
Yoshinori Mutō,jp JPN,FW,Mainz 05,25,1992,21.2,255,348,73.3,3394,501,144,186,77.4,82,104,78.8,6,9,66.7,2,2.7,1.6,-0.7,18,9,6,1,26,21,35.7,6,8,7,5,14,9,16,0,16,6,27,12,0,Matches,348,297,50,0,1,0,10,2,0,0,0,0,255,1,14,2,0,0,36,43,16,10,6,15,2,0,0,47,32,62,34.0,Germany
Yunus Mallı,tr TUR,"FW,MF",Wolfsburg,25,1992,24.9,641,854,75.1,9847,2944,320,392,81.6,239,305,78.4,44,91,48.4,4,3.1,5.0,+0.9,29,76,34,11,108,25,48.0,8,14,3,12,25,13,23,0,23,12,37,17,0,Matches,854,798,53,17,3,3,47,8,23,9,10,0,641,3,26,3,0,0,14,44,3,47,12,17,0,0,0,95,11,40,21.6,Germany
Yussuf Poulsen,dk DEN,FW,RB Leipzig,23,1994,18.5,364,592,61.5,3944,842,252,351,71.8,58,119,48.7,7,17,41.2,2,2.5,1.5,-0.5,20,23,9,1,34,23,58.3,2,13,8,7,12,5,24,5,19,9,32,8,0,Matches,592,568,18,0,2,1,12,5,0,0,0,0,364,6,42,1,0,0,32,38,12,12,9,19,0,0,0,50,93,69,57.4,Germany
Yuya Osako,jp JPN,"FW,MF",Köln,27,1990,21.1,449,640,70.2,6924,1908,237,304,78.0,152,209,72.7,35,62,56.5,2,2.1,2.3,-0.1,24,63,22,5,93,13,22.2,4,9,0,4,18,14,13,2,11,8,21,22,0,Matches,640,620,11,2,0,4,25,4,0,0,0,0,449,9,26,3,1,1,24,39,6,25,8,10,0,0,0,71,35,51,40.7,Germany
Yvon Mvogo,ch SUI,GK,RB Leipzig,23,1994,1.0,35,42,83.3,1075,776,8,8,100.0,12,12,100.0,15,22,68.2,0,0.0,0.0,0.0,0,0,0,0,0,0,,0,0,0,0,0,0,0,0,0,0,0,1,1,Matches,42,33,9,2,0,1,0,0,0,0,0,0,35,0,0,0,0,0,0,0,0,0,0,0,0,0,0,4,0,0,,Germany
Zlatko Junuzović,at AUT,"MF,FW",Werder Bremen,29,1987,18.1,544,781,69.7,9039,3253,285,343,83.1,195,270,72.2,50,116,43.1,4,3.5,3.1,+0.5,40,73,30,8,118,35,47.4,17,12,6,18,38,20,23,2,21,18,53,12,0,Matches,781,684,93,27,1,7,82,15,49,23,21,0,544,4,35,2,0,0,26,27,4,82,18,23,0,0,0,78,8,18,30.8,Germany
Ádám Szalai,hu HUN,FW,Hoffenheim,29,1987,10.0,157,214,73.4,1840,424,95,123,77.2,43,57,75.4,1,5,20.0,1,0.8,0.9,+0.2,12,10,4,0,18,8,40.0,1,4,3,2,5,3,9,2,7,0,8,10,0,Matches,214,197,16,0,1,0,1,0,0,0,0,0,157,1,6,2,0,0,14,22,12,1,0,7,0,0,0,7,30,33,47.6,Germany
Çağlar Söyüncü,tr TUR,DF,Freiburg,21,1996,23.9,930,1146,81.2,19509,6915,279,317,88.0,502,567,88.5,135,236,57.2,0,0.0,0.2,0.0,0,55,1,0,62,42,57.7,26,15,1,15,26,11,30,20,10,54,96,91,2,Matches,1146,1093,53,51,0,21,2,2,0,0,0,0,930,0,18,5,2,1,26,18,2,2,54,26,0,0,0,98,52,37,58.4,Germany
Ömer Toprak,tr TUR,DF,Dortmund,28,1989,22.4,1665,1856,89.7,32564,11233,525,569,92.3,946,1012,93.5,176,243,72.4,1,0.8,0.9,+0.2,5,132,2,0,111,36,89.7,29,6,1,26,29,3,27,16,11,21,57,104,1,Matches,1856,1803,49,47,1,11,0,2,0,0,0,0,1665,4,10,1,0,0,20,25,0,0,21,25,0,0,0,145,78,34,69.6,Germany
Łukasz Piszczek,pl POL,DF,Dortmund,32,1985,23.8,1265,1609,78.6,21799,7203,571,661,86.4,544,676,80.5,119,200,59.5,3,2.5,2.3,+0.5,17,95,26,9,121,51,57.7,23,23,5,30,52,22,39,11,28,42,93,64,1,Matches,1609,1342,264,21,0,2,56,243,0,0,0,0,1265,3,37,3,0,0,22,24,2,56,42,37,1,0,0,91,63,37,63.0,Germany
