passportArea,weight,firstName,middleName,lastName,currentTeamId,birthDate,height,role,birthArea,player_id,foot,shortName,currentNationalTeamId,player_name,matched_name,Player,Nation,Pos,Squad,Age,Born,90s,Cmp_Total_Passing,Att_Total_Passing,Cmp%_Total,TotDist,PrgDist,Cmp_Short_Passing,Att_Short_Passing,Cmp%_Short,Cmp_Medium_Passing,Att_Medium_Passing,Cmp%_Medium,Cmp_Long_Passing,Att_Long_Passing,Cmp%_Long,Ast,xAG,xA,A-xAG,KP,1/3,PPA,CrsPA,PrgP,Tkl_Tackles,Tkl,TklW_Defense,Def 3rd,Mid 3rd,Att 3rd,Tkl_Challenges,Att_Defense,Tkl%,Lost_Defense,Blocks_Defense,Sh,Pass,Int_Defense,Tkl+Int,Clr,Att_PassingTypes,Live,Dead,FK,TB,Sw,Crs_PassingTypes,TI,CK,In,Out,Str,Cmp_PassingTypes,Off_PassingTypes,Blocks_PassingTypes,CrdY,CrdR,2CrdY,Fls,Fld,Off_Misc,Crs_Misc,Int_Misc,TklW_Misc,PKwon,PKcon,OG,Recov,Won,Lost_Misc,Won%,League
"{'name': 'Senegal', 'id': '686', 'alpha3code': 'SEN', 'alpha2code': 'SN'}",73,Malang,,Sarr,3775,1999-01-23,182,"{'code2': 'DF', 'code3': 'DEF', 'name': 'Defender'}","{'name': 'France', 'id': '250', 'alpha3code': 'FRA', 'alpha2code': 'FR'}",393228,left,M. Sarr,4423,Malang Sarr,Malang Sarr,Malang Sarr,fr FRA,DF,Nice,18,1999,14.7,980,1110,88.3,19706,7496,339,362,93.6,495,538,92.0,136,185,73.5,0,0.4,0.4,-0.4,5,55,2,1,72,24,44.4,17,7,0,8,18,10,14,6,8,31,55,44,2,Matches,1110,1050,59,27,1,23,11,32,0,0,0,0,980,1,14,1,0,0,13,16,0,11,31,18,0,1,0,100,28,16,63.6,France
"{'name': 'France', 'id': '250', 'alpha3code': 'FRA', 'alpha2code': 'FR'}",74,Alexander,,Djiku,3783,1994-08-09,182,"{'code2': 'DF', 'code3': 'DEF', 'name': 'Defender'}","{'name': 'France', 'id': '250', 'alpha3code': 'FRA', 'alpha2code': 'FR'}",229427,right,A. Djiku,null,Alexander Djiku,Alexander Djiku,Alexander Djiku,gh GHA,DF,Caen,22,1994,28.0,1042,1297,80.3,21167,8596,347,414,83.8,527,627,84.1,155,224,69.2,0,0.1,0.2,-0.1,3,75,4,1,123,65,48.1,52,11,2,25,52,27,34,5,29,57,122,155,2,Matches,1297,1240,52,43,0,10,5,9,0,0,0,0,1042,5,2,10,0,0,43,39,0,5,57,43,0,0,0,187,81,48,62.8,France
"{'name': 'Iceland', 'id': '352', 'alpha3code': 'ISL', 'alpha2code': 'IS'}",84,Kolbeinn,,Sig\u00fe\u00f3rsson,3770,1990-03-14,186,"{'code2': 'FW', 'code3': 'FWD', 'name': 'Forward'}","{'name': 'Iceland', 'id': '352', 'alpha3code': 'ISL', 'alpha2code': 'IS'}",66,right,K. Sig\u00fe\u00f3rsson,null,Kolbeinn Sigþórsson,Kolbeinn Sigþórsson,Kolbeinn Sigþórsson,is ISL,FW,Nantes,27,1990,0.3,6,10,60.0,68,0,5,7,71.4,1,2,50.0,0,0,,0,0.0,0.0,0.0,0,0,0,0,0,0,,0,0,0,0,0,0,0,0,0,1,1,0,0,Matches,10,10,0,0,0,0,0,0,0,0,0,0,6,0,1,0,0,0,0,0,1,0,1,0,0,0,0,1,3,2,60.0,France
"{'name': 'France', 'id': '250', 'alpha3code': 'FRA', 'alpha2code': 'FR'}",74,Charles,,Traor\u00e9,3795,1992-01-01,180,"{'code2': 'DF', 'code3': 'DEF', 'name': 'Defender'}","{'name': 'Mali', 'id': '466', 'alpha3code': 'MLI', 'alpha2code': 'ML'}",393284,left,C. Traor\u00e9,null,Charles Traoré,Charles Traore,Charles Traore,ml MLI,DF,Troyes,25,1992,33.3,1314,1756,74.8,21470,9461,668,758,88.1,490,635,77.2,114,250,45.6,3,3.5,2.3,-0.5,20,97,23,10,129,60,46.4,46,9,5,26,56,30,52,16,36,57,117,171,0,Matches,1756,1343,405,26,0,9,67,379,0,0,0,0,1314,8,40,8,1,0,31,28,1,67,57,32,0,0,0,222,40,35,53.3,France
"{'name': 'Sweden', 'id': '752', 'alpha3code': 'SWE', 'alpha2code': 'SE'}",78,Ola,,Toivonen,3780,1986-07-03,192,"{'code2': 'FW', 'code3': 'FWD', 'name': 'Forward'}","{'name': 'Sweden', 'id': '752', 'alpha3code': 'SWE', 'alpha2code': 'SE'}",123,right,O. Toivonen,7047,Ola Toivonen,Ola Toivonen,Ola Toivonen,se SWE,"FW,MF",Toulouse,31,1986,8.9,231,326,70.9,3712,956,127,170,74.7,71,99,71.7,24,35,68.6,0,0.4,0.8,-0.4,8,31,8,1,41,4,0.0,1,0,3,0,7,7,2,0,2,2,6,12,0,Matches,326,309,14,2,4,1,3,4,1,0,0,0,231,3,6,2,0,0,27,9,6,3,2,4,1,0,0,27,42,34,55.3,France
"{'name': 'Morocco', 'id': '504', 'alpha3code': 'MAR', 'alpha2code': 'MA'}",78,Yacine,,Bammou,3770,1991-09-11,188,"{'code2': 'FW', 'code3': 'FWD', 'name': 'Forward'}","{'name': 'France', 'id': '250', 'alpha3code': 'FRA', 'alpha2code': 'FR'}",229697,right,Y. Bammou,null,Yacine Bammou,Yacine Bammou,Yacine Bammou,ma MAR,"MF,FW",Nantes,25,1991,8.1,191,272,70.2,2632,653,117,140,83.6,48,65,73.8,13,31,41.9,0,0.2,0.5,-0.2,6,8,7,1,18,18,28.6,6,10,2,4,14,10,16,4,12,6,24,9,0,Matches,272,270,0,0,1,4,17,0,0,0,0,0,191,2,17,2,1,1,19,8,5,17,6,11,0,0,0,52,10,20,33.3,France
"{'name': 'Korea Republic', 'id': '410', 'alpha3code': 'KOR', 'alpha2code': 'KR'}",82,Hyun-Jun,,Suk,3795,1991-06-29,190,"{'code2': 'FW', 'code3': 'FWD', 'name': 'Forward'}","{'name': 'Korea Republic', 'id': '410', 'alpha3code': 'KOR', 'alpha2code': 'KR'}",382,right,Suk Hyun-Jun,null,Hyun-Jun Suk,Suk Hyun-jun,Suk Hyun-jun,kr KOR,FW,Troyes,26,1991,13.3,170,317,53.6,1997,498,115,166,69.3,33,81,40.7,6,12,50.0,0,0.9,0.5,-0.9,12,9,4,1,17,6,11.1,2,2,2,1,9,8,10,0,10,1,7,7,0,Matches,317,283,32,1,0,1,15,0,0,0,0,0,170,2,22,5,0,0,44,34,4,15,1,5,0,0,0,29,75,68,52.4,France
"{'name': 'Gambia', 'id': '270', 'alpha3code': 'GMB', 'alpha2code': 'GM'}",56,Ablie,,Jallow,3777,1998-11-14,166,"{'code2': 'MD', 'code3': 'MID', 'name': 'Midfielder'}","{'name': 'Gambia', 'id': '270', 'alpha3code': 'GMB', 'alpha2code': 'GM'}",376908,left,A. Jallow,null,Ablie Jallow,Ablie Jallow,Ablie Jallow,gm GAM,FW,Metz,18,1998,1.4,36,45,80.0,703,168,9,13,69.2,24,26,92.3,2,4,50.0,0,0.9,0.8,-0.9,2,1,2,1,2,1,0.0,1,0,0,0,5,5,1,0,1,3,4,1,0,Matches,45,45,0,0,0,0,3,0,0,0,0,0,36,0,2,0,0,0,2,3,0,3,3,1,0,0,0,8,4,0,100.0,France
"{'name': ""C\\u00f4te d'Ivoire"", 'id': '384', 'alpha3code': 'CIV', 'alpha2code': 'CI'}",73,Hamza,,Mendyl,2449,1997-10-21,179,"{'code2': 'DF', 'code3': 'DEF', 'name': 'Defender'}","{'name': 'Morocco', 'id': '504', 'alpha3code': 'MAR', 'alpha2code': 'MA'}",426702,left,H. Mendyl,16216,Hamza Mendyl,Hamza Mendyl,Hamza Mendyl,ma MAR,"DF,MF",Lille,19,1997,9.5,318,413,77.0,4864,1666,162,182,89.0,116,138,84.1,21,51,41.2,0,0.9,0.8,-0.9,3,13,6,1,20,18,55.0,12,6,0,11,20,9,5,0,5,17,35,26,0,Matches,413,335,76,3,0,1,33,73,0,0,0,0,318,2,13,2,1,0,11,3,0,33,17,10,0,1,0,45,6,9,40.0,France
"{'name': 'France', 'id': '250', 'alpha3code': 'FRA', 'alpha2code': 'FR'}",71,Martin,,Terrier,3779,1997-03-04,183,"{'code2': 'FW', 'code3': 'FWD', 'name': 'Forward'}","{'name': 'France', 'id': '250', 'alpha3code': 'FRA', 'alpha2code': 'FR'}",394006,right,M. Terrier,4425,Martin Terrier,Martin Terrier,Martin Terrier,fr FRA,"FW,MF",Strasbourg,20,1997,18.6,367,500,73.4,5330,1170,206,252,81.7,109,149,73.2,23,39,59.0,3,3.4,2.1,-0.4,28,18,13,2,36,42,32.1,16,23,3,9,28,19,11,1,10,14,56,6,0,Matches,500,480,16,1,5,8,21,4,3,3,0,0,367,4,14,3,0,0,30,28,8,21,14,30,1,0,0,59,48,52,48.0,France
"{'name': 'France', 'id': '250', 'alpha3code': 'FRA', 'alpha2code': 'FR'}",65,Patrick,,Burner,3775,1996-04-11,170,"{'code2': 'DF', 'code3': 'DEF', 'name': 'Defender'}","{'name': 'Martinique', 'id': '474', 'alpha3code': 'MTQ', 'alpha2code': 'MQ'}",328488,right,P. Burner,null,Patrick Burner,Patrick Burner,Patrick Burner,mq MTQ,DF,Nice,21,1996,10.0,552,641,86.1,8389,2947,316,343,92.1,199,217,91.7,28,57,49.1,0,0.5,0.5,-0.5,11,43,7,3,44,18,35.0,13,5,0,7,20,13,6,0,6,13,31,23,0,Matches,641,534,105,18,0,1,15,87,0,0,0,0,552,2,14,2,0,0,10,14,0,15,13,12,0,1,0,53,9,9,50.0,France
"{'name': 'France', 'id': '250', 'alpha3code': 'FRA', 'alpha2code': 'FR'}",64,Samuel,,Grandsir,3795,1996-08-14,168,"{'code2': 'FW', 'code3': 'FWD', 'name': 'Forward'}","{'name': 'France', 'id': '250', 'alpha3code': 'FRA', 'alpha2code': 'FR'}",295761,right,S. Grandsir,4425,Samuel Grandsir,Samuel Grandsir,Samuel Grandsir,fr FRA,"FW,MF",Troyes,20,1996,28.9,663,943,70.3,9643,2818,385,461,83.5,186,255,72.9,43,106,40.6,4,4.0,3.7,0.0,33,56,40,12,108,69,28.8,39,18,12,21,73,52,31,3,28,23,92,19,1,Matches,943,917,22,0,6,13,83,12,4,0,0,0,663,4,48,3,0,0,52,44,13,83,23,43,0,0,0,173,12,45,21.1,France
"{'name': 'Poland', 'id': '616', 'alpha3code': 'POL', 'alpha2code': 'PL'}",72,Mariusz,,St\u0119pi\u0144ski,3165,1995-05-12,183,"{'code2': 'FW', 'code3': 'FWD', 'name': 'Forward'}","{'name': 'Poland', 'id': '616', 'alpha3code': 'POL', 'alpha2code': 'PL'}",99511,right,M. St\u0119pi\u0144ski,null,Mariusz Stępiński,Mariusz Stępiński,Mariusz Stępiński,pl POL,FW,Nantes,22,1995,0.0,1,2,50.0,6,0,1,1,100.0,0,1,0.0,0,0,,0,0.0,0.0,0.0,0,0,0,0,0,0,,0,0,0,0,0,0,0,0,0,0,0,0,0,Matches,2,2,0,0,0,0,0,0,0,0,0,0,1,0,0,0,0,0,0,0,0,0,0,0,0,0,0,0,1,0,100.0,France
"{'name': 'Poland', 'id': '616', 'alpha3code': 'POL', 'alpha2code': 'PL'}",88,Igor,,Lewczuk,3772,1985-05-30,189,"{'code2': 'DF', 'code3': 'DEF', 'name': 'Defender'}","{'name': 'Poland', 'id': '616', 'alpha3code': 'POL', 'alpha2code': 'PL'}",99633,right,I. Lewczuk,null,Igor Lewczuk,Igor Lewczuk,Igor Lewczuk,pl POL,DF,Bordeaux,32,1985,4.9,152,191,79.6,2490,1032,75,79,94.9,60,81,74.1,11,23,47.8,0,0.7,1.0,-0.7,6,6,5,3,11,9,50.0,5,3,1,3,6,3,2,2,0,7,16,11,0,Matches,191,163,28,5,0,1,11,23,0,0,0,0,152,0,1,3,0,0,17,2,0,11,7,7,0,1,0,14,3,6,33.3,France
"{'name': 'Congo DR', 'id': '180', 'alpha3code': 'COD', 'alpha2code': 'CD'}",72,Youri,,Tielemans,19830,1997-05-07,176,"{'code2': 'MD', 'code3': 'MID', 'name': 'Midfielder'}","{'name': 'Belgium', 'id': '56', 'alpha3code': 'BEL', 'alpha2code': 'BE'}",263802,right,Y. Tielemans,5629,Youri Tielemans,Youri Tielemans,Youri Tielemans,be BEL,MF,Monaco,20,1997,17.4,676,848,79.7,11712,3668,325,372,87.4,259,324,79.9,71,103,68.9,1,1.1,1.3,-0.1,17,81,5,0,109,47,30.9,14,28,5,17,55,38,24,5,19,34,81,20,1,Matches,848,817,27,16,8,9,24,6,4,3,1,0,676,4,18,1,0,0,34,26,0,24,34,24,0,0,0,119,24,21,53.3,France
"{'name': 'Ghana', 'id': '288', 'alpha3code': 'GHA', 'alpha2code': 'GH'}",71,Kenny,,Tete,3766,1995-10-09,180,"{'code2': 'DF', 'code3': 'DEF', 'name': 'Defender'}","{'name': 'Netherlands', 'id': '528', 'alpha3code': 'NLD', 'alpha2code': 'NL'}",1712,right,K. Tete,664,Kenny Tete,Kenny Tete,Kenny Tete,nl NED,DF,Lyon,21,1995,17.9,854,1073,79.6,13473,4486,468,518,90.3,284,365,77.8,71,117,60.7,4,2.7,2.1,1.3,14,45,20,13,74,37,57.7,24,10,3,15,26,11,20,7,13,29,66,52,0,Matches,1073,879,193,14,3,7,57,179,0,0,0,0,854,1,30,3,0,0,21,20,5,57,29,25,0,0,0,111,20,21,48.8,France
"{'name': 'Morocco', 'id': '504', 'alpha3code': 'MAR', 'alpha2code': 'MA'}",80,Oussama,,Tannane,3782,1994-03-23,177,"{'code2': 'FW', 'code3': 'FWD', 'name': 'Forward'}","{'name': 'Netherlands', 'id': '528', 'alpha3code': 'NLD', 'alpha2code': 'NL'}",1751,left,O. Tannane,null,Oussama Tannane,Oussama Tannane,Oussama Tannane,ma MAR,FW,Saint-Étienne,23,1994,2.3,69,95,72.6,1090,273,35,45,77.8,24,30,80.0,6,12,50.0,1,0.6,0.7,0.4,3,8,1,0,11,12,40.0,4,5,3,2,5,3,2,0,2,3,15,2,0,Matches,95,83,11,4,0,1,7,2,5,2,2,1,69,1,2,1,0,0,6,6,3,7,3,6,0,0,0,14,0,0,,France
"{'name': 'Congo DR', 'id': '180', 'alpha3code': 'COD', 'alpha2code': 'CD'}",67,Presnel,,Kimpembe,3767,1995-08-13,183,"{'code2': 'DF', 'code3': 'DEF', 'name': 'Defender'}","{'name': 'France', 'id': '250', 'alpha3code': 'FRA', 'alpha2code': 'FR'}",231138,left,P. Kimpembe,4418,Presnel Kimpembe,Presnel Kimpembe,Presnel Kimpembe,fr FRA,DF,Paris S-G,21,1995,26.9,1783,1875,95.1,30578,9566,767,794,96.6,784,802,97.8,154,185,83.2,0,0.2,0.6,-0.2,4,60,4,1,108,39,64.3,20,18,1,9,14,5,17,10,7,24,63,80,1,Matches,1875,1784,91,80,0,22,6,11,0,0,0,0,1783,0,11,8,2,2,34,48,1,6,24,28,0,2,0,169,31,23,57.4,France
"{'name': 'France', 'id': '250', 'alpha3code': 'FRA', 'alpha2code': 'FR'}",71,Yoel,,Armougom,3783,1998-06-05,173,"{'code2': 'DF', 'code3': 'DEF', 'name': 'Defender'}","{'name': 'Reunion', 'id': '638', 'alpha3code': 'REU', 'alpha2code': 'RE'}",493412,left,Y. Armougom,null,Yoel Armougom,Yoël Armougom,Yoël Armougom,fr FRA,"DF,MF",Caen,19,1998,1.5,52,84,61.9,782,350,32,42,76.2,14,23,60.9,3,9,33.3,0,0.1,0.1,-0.1,1,5,3,1,6,2,100.0,0,1,1,1,1,0,1,1,0,1,3,2,1,Matches,84,56,28,1,0,1,9,26,1,0,1,0,52,0,8,0,0,0,2,2,0,9,1,1,0,0,0,5,3,3,50.0,France
"{'name': 'New Caledonia', 'id': '540', 'alpha3code': 'NCL', 'alpha2code': 'NC'}",74,George,,Gope-Fenepej,3789,1988-10-23,182,"{'code2': 'FW', 'code3': 'FWD', 'name': 'Forward'}","{'name': 'New Caledonia', 'id': '540', 'alpha3code': 'NCL', 'alpha2code': 'NC'}",132972,right,G. Gope-Fenepej,null,George Gope-Fenepej,Georges Gope-Fenepej,Georges Gope-Fenepej,nc NCL,FW,Amiens,28,1988,0.5,11,18,61.1,101,45,11,16,68.8,0,0,,0,1,0.0,0,0.0,0.0,0.0,1,0,2,1,1,0,,0,0,0,0,0,0,0,0,0,0,0,0,0,Matches,18,18,0,0,2,0,1,0,0,0,0,0,11,0,1,0,0,0,2,0,0,1,0,0,0,0,0,1,0,1,0.0,France
"{'name': 'France', 'id': '250', 'alpha3code': 'FRA', 'alpha2code': 'FR'}",78,Marcus,,Coco,3785,1996-06-24,184,"{'code2': 'MD', 'code3': 'MID', 'name': 'Midfielder'}","{'name': 'Guadeloupe', 'id': '312', 'alpha3code': 'GLP', 'alpha2code': 'GP'}",330387,right,M. Coco,null,Marcus Coco,Marcus Coco,Marcus Coco,fr FRA,"FW,MF",Guingamp,21,1996,17.6,451,620,72.7,5798,1514,260,313,83.1,105,158,66.5,28,56,50.0,2,2.2,1.6,-0.2,18,30,17,8,54,40,20.0,17,13,10,7,35,28,22,3,19,15,55,9,0,Matches,620,606,10,3,1,2,50,7,0,0,0,0,451,4,17,5,0,0,44,28,4,50,15,28,1,0,0,108,33,42,44.0,France
"{'name': 'Slovakia', 'id': '703', 'alpha3code': 'SVK', 'alpha2code': 'SK'}",70,Tom\u00e1\u0161,,Hubo\u010dan,4488,1985-09-17,184,"{'code2': 'DF', 'code3': 'DEF', 'name': 'Defender'}","{'name': 'Slovakia', 'id': '703', 'alpha3code': 'SVK', 'alpha2code': 'SK'}",101555,right,T. Hubo\u010dan,14496,Tomáš Hubočan,Tomáš Hubočan,Tomáš Hubočan,sk SVK,DF,Marseille,31,1985,1.0,26,34,76.5,363,87,17,20,85.0,9,13,69.2,0,1,0.0,0,0.0,0.0,0.0,0,0,0,0,1,1,0.0,1,0,0,0,4,4,0,0,0,0,1,1,0,Matches,34,28,6,0,0,0,1,6,0,0,0,0,26,0,0,1,0,0,1,0,0,1,0,0,0,0,0,1,4,1,80.0,France
"{'name': 'Morocco', 'id': '504', 'alpha3code': 'MAR', 'alpha2code': 'MA'}",90,Adil,,Rami,3771,1985-12-27,190,"{'code2': 'DF', 'code3': 'DEF', 'name': 'Defender'}","{'name': 'France', 'id': '250', 'alpha3code': 'FRA', 'alpha2code': 'FR'}",3276,right,A. Rami,4418,Adil Rami,Adil Rami,Adil Rami,fr FRA,DF,Marseille,31,1985,32.8,1618,1875,86.3,30451,10942,652,697,93.5,685,749,91.5,226,344,65.7,2,2.0,1.2,0.0,9,65,2,0,78,39,53.7,22,15,2,22,41,19,25,19,6,45,84,163,3,Matches,1875,1799,72,69,2,32,2,2,0,0,0,0,1618,4,14,5,0,0,34,23,1,2,45,29,0,0,1,196,92,46,66.7,France
"{'name': 'Mali', 'id': '466', 'alpha3code': 'MLI', 'alpha2code': 'ML'}",67,Lassana,,Diarra,3767,1985-03-10,173,"{'code2': 'MD', 'code3': 'MID', 'name': 'Midfielder'}","{'name': 'France', 'id': '250', 'alpha3code': 'FRA', 'alpha2code': 'FR'}",3315,right,L. Diarra,null,Lassana Diarra,Lassana Diarra,Lassana Diarra,fr FRA,MF,Paris S-G,32,1985,6.7,471,513,91.8,8681,2341,192,201,95.5,186,200,93.0,71,77,92.2,1,0.2,0.3,0.8,4,45,2,0,39,12,66.7,4,7,1,8,12,4,3,1,2,6,18,6,0,Matches,513,506,5,5,1,6,0,0,0,0,0,0,471,2,4,4,0,0,22,4,0,0,6,4,0,0,0,38,10,12,45.5,France
"{'name': 'Poland', 'id': '616', 'alpha3code': 'POL', 'alpha2code': 'PL'}",74,Layvin,,Kurzawa,3767,1992-09-04,182,"{'code2': 'DF', 'code3': 'DEF', 'name': 'Defender'}","{'name': 'France', 'id': '250', 'alpha3code': 'FRA', 'alpha2code': 'FR'}",134540,left,L. Kurzawa,null,Layvin Kurzawa,Layvin Kurzawa,Layvin Kurzawa,fr FRA,DF,Paris S-G,24,1992,18.9,954,1128,84.6,10993,3229,614,680,90.3,202,255,79.2,18,37,48.6,1,1.6,1.6,-0.6,12,32,8,2,53,44,38.5,20,15,9,15,39,24,16,3,13,35,79,41,2,Matches,1128,948,172,17,2,1,39,155,0,0,0,0,954,8,18,1,0,0,31,11,0,39,35,32,0,0,0,101,33,26,55.9,France
"{'name': ""C\\u00f4te d'Ivoire"", 'id': '384', 'alpha3code': 'CIV', 'alpha2code': 'CI'}",87,Lacina,,Traor\u00e9,,1990-08-20,203,"{'code2': 'FW', 'code3': 'FWD', 'name': 'Forward'}","{'name': ""C\\u00f4te d'Ivoire"", 'id': '384', 'alpha3code': 'CIV', 'alpha2code': 'CI'}",101795,right,L. Traor\u00e9,null,Lacina Traoré,Lacina Traoré,Lacina Traoré,ci CIV,FW,Amiens,27,1990,8.7,114,214,53.3,1628,383,67,115,58.3,26,52,50.0,12,20,60.0,2,0.7,0.5,1.3,11,18,3,0,16,9,42.9,2,3,4,3,7,4,6,3,3,2,11,21,0,Matches,214,207,6,0,0,0,1,0,0,0,0,0,114,1,7,1,0,0,25,15,9,1,2,9,1,0,0,17,70,48,59.3,France
"{'name': 'France', 'id': '250', 'alpha3code': 'FRA', 'alpha2code': 'FR'}",86,J\u00e9r\u00e9my,,Toulalan,,1983-09-10,183,"{'code2': 'MD', 'code3': 'MID', 'name': 'Midfielder'}","{'name': 'France', 'id': '250', 'alpha3code': 'FRA', 'alpha2code': 'FR'}",3573,right,J. Toulalan,null,Jérémy Toulalan,Jérémy Toulalan,Jérémy Toulalan,fr FRA,DF,Bordeaux,33,1983,21.0,889,1051,84.6,17997,8242,324,342,94.7,428,473,90.5,125,212,59.0,0,0.1,0.2,-0.1,2,68,1,1,91,43,43.6,35,7,1,17,39,22,25,16,9,28,71,121,0,Matches,1051,1004,43,42,1,25,3,1,0,0,0,0,889,4,5,4,0,0,21,15,0,3,28,25,0,1,1,147,24,25,49.0,France
"{'name': 'Mali', 'id': '466', 'alpha3code': 'MLI', 'alpha2code': 'ML'}",82,Boubakary,,Soumar\u00e9,3776,1999-02-27,188,"{'code2': 'MD', 'code3': 'MID', 'name': 'Midfielder'}","{'name': 'France', 'id': '250', 'alpha3code': 'FRA', 'alpha2code': 'FR'}",397033,right,B. Soumar\u00e9,4423,Boubakary Soumaré,Boubakary Soumaré,Boubakary Soumaré,fr FRA,MF,Lille,18,1999,5.7,295,347,85.0,4910,1415,143,158,90.5,117,132,88.6,29,38,76.3,0,0.1,0.2,-0.1,3,29,2,0,34,13,21.4,8,5,0,3,14,11,8,1,7,7,20,6,1,Matches,347,344,2,2,1,0,1,0,0,0,0,0,295,1,7,1,0,0,9,6,0,1,7,9,0,0,0,29,9,2,81.8,France
"{'name': 'Algeria', 'id': '12', 'alpha3code': 'DZA', 'alpha2code': 'DZ'}",70,Houssem,,Aouar,3766,1998-06-30,175,"{'code2': 'MD', 'code3': 'MID', 'name': 'Midfielder'}","{'name': 'France', 'id': '250', 'alpha3code': 'FRA', 'alpha2code': 'FR'}",397046,right,H. Aouar,4425,Houssem Aouar,Houssem Aouar,Houssem Aouar,dz ALG,"MF,FW",Lyon,19,1998,27.0,1331,1571,84.7,20059,5306,718,800,89.8,467,527,88.6,81,124,65.3,5,4.5,2.6,0.5,37,137,19,1,195,66,30.3,22,39,5,20,66,46,30,0,30,39,105,34,0,Matches,1571,1532,35,25,7,7,14,2,8,5,2,0,1331,4,28,1,0,0,20,46,6,14,39,42,0,0,0,198,22,30,42.3,France
"{'name': 'Brazil', 'id': '76', 'alpha3code': 'BRA', 'alpha2code': 'BR'}",92,L\u00e9o,,Lacroix,6407,1992-02-27,197,"{'code2': 'DF', 'code3': 'DEF', 'name': 'Defender'}","{'name': 'Switzerland', 'id': '756', 'alpha3code': 'CHE', 'alpha2code': 'CH'}",134951,right,L. Lacroix,null,Léo Lacroix,Léo Lacroix,Léo Lacroix,ch SUI,DF,Saint-Étienne,25,1992,8.6,303,355,85.4,6518,2482,88,100,88.0,163,178,91.6,51,70,72.9,0,0.1,0.0,-0.1,2,13,0,0,21,13,55.6,8,5,0,5,9,4,6,3,3,11,24,54,1,Matches,355,344,10,10,0,5,0,0,0,0,0,0,303,1,3,3,1,0,10,3,4,0,11,8,0,0,0,36,20,13,60.6,France
"{'name': 'Croatia', 'id': '191', 'alpha3code': 'HRV', 'alpha2code': 'HR'}",81,Mateo,,Pavlovi\u0107,3799,1990-06-09,194,"{'code2': 'DF', 'code3': 'DEF', 'name': 'Defender'}","{'name': 'Bosnia-Herzegovina', 'id': '70', 'alpha3code': 'BIH', 'alpha2code': 'BA'}",69525,right,M. Pavlovi\u0107,null,Mateo Pavlović,Mateo Pavlović,Mateo Pavlović,ba BIH,DF,Angers,27,1990,21.8,745,891,83.6,14186,5736,267,297,89.9,389,424,91.7,80,148,54.1,0,0.1,0.2,-0.1,3,25,2,0,59,13,35.0,10,3,0,7,20,13,14,11,3,21,34,120,0,Matches,891,852,36,34,0,4,0,1,0,0,0,0,745,3,5,8,0,0,30,10,0,0,21,7,0,1,0,117,68,30,69.4,France
"{'name': 'Congo DR', 'id': '180', 'alpha3code': 'COD', 'alpha2code': 'CD'}",71,Samuel,,Moutoussamy,3770,1996-08-12,176,"{'code2': 'MD', 'code3': 'MID', 'name': 'Midfielder'}","{'name': 'France', 'id': '250', 'alpha3code': 'FRA', 'alpha2code': 'FR'}",299154,left,S. Moutoussamy,null,Samuel Moutoussamy,Samuel Moutoussamy,Samuel Moutoussamy,cd COD,MF,Nantes,20,1996,4.8,123,153,80.4,2069,704,56,65,86.2,49,57,86.0,12,19,63.2,0,0.2,0.6,-0.2,5,11,6,2,26,15,62.5,6,7,2,5,8,3,7,1,6,3,18,4,0,Matches,153,140,13,0,0,2,3,13,0,0,0,0,123,0,0,0,0,0,5,2,0,3,3,7,0,0,0,20,6,3,66.7,France
"{'name': 'Chad', 'id': '148', 'alpha3code': 'TCD', 'alpha2code': 'TD'}",77,Kevin,,N'Doram,19830,1996-01-22,185,"{'code2': 'MD', 'code3': 'MID', 'name': 'Midfielder'}","{'name': 'France', 'id': '250', 'alpha3code': 'FRA', 'alpha2code': 'FR'}",331923,right,K. N'Doram,null,Kevin N'Doram,Kévin N'Doram,Kévin N'Doram,fr FRA,"MF,DF",Monaco,21,1996,8.0,381,435,87.6,7442,2225,148,167,88.6,174,190,91.6,55,68,80.9,0,0.1,0.1,-0.1,2,28,0,0,42,16,25.0,6,9,1,6,24,18,6,2,4,16,32,29,0,Matches,435,417,18,18,2,10,0,0,0,0,0,0,381,0,3,3,0,0,11,12,0,0,16,10,0,0,0,48,18,11,62.1,France
"{'name': 'Croatia', 'id': '191', 'alpha3code': 'HRV', 'alpha2code': 'HR'}",84,Danijel,,Suba\u0161i\u0107,19830,1984-10-27,191,"{'code2': 'GK', 'code3': 'GKP', 'name': 'Goalkeeper'}","{'name': 'Croatia', 'id': '191', 'alpha3code': 'HRV', 'alpha2code': 'HR'}",135747,right,D. Suba\u0161i\u0107,9598,Danijel Subašić,Danijel Subašić,Danijel Subašić,hr CRO,GK,Monaco,32,1984,32.7,642,921,69.7,20096,15299,67,68,98.5,313,314,99.7,262,537,48.8,0,0.0,0.0,0.0,1,10,0,0,0,0,0.0,0,0,0,0,2,2,1,0,1,0,0,13,2,Matches,921,561,359,94,0,6,0,0,0,0,0,0,642,1,1,3,0,0,0,5,0,0,0,0,0,0,0,31,8,1,88.9,France
"{'name': 'Slovenia', 'id': '705', 'alpha3code': 'SVN', 'alpha2code': 'SI'}",68,Jan,,Repas,3783,1997-03-19,171,"{'code2': 'MD', 'code3': 'MID', 'name': 'Midfielder'}","{'name': 'Slovenia', 'id': '705', 'alpha3code': 'SVN', 'alpha2code': 'SI'}",234138,right,J. Repas,12052,Jan Repas,Jan Repas,Jan Repas,si SVN,"MF,FW",Caen,20,1997,10.0,166,237,70.0,2621,636,83,107,77.6,60,79,75.9,12,21,57.1,0,0.6,0.3,-0.6,10,19,5,0,25,14,22.2,5,5,4,4,18,14,10,0,10,7,21,3,0,Matches,237,223,13,0,0,3,16,5,0,0,0,0,166,1,9,1,0,0,19,19,0,16,7,11,0,1,0,47,8,22,26.7,France
"{'name': 'Mali', 'id': '466', 'alpha3code': 'MLI', 'alpha2code': 'ML'}",72,Adama,,Traor\u00e9,19830,1995-06-28,180,"{'code2': 'MD', 'code3': 'MID', 'name': 'Midfielder'}","{'name': 'Mali', 'id': '466', 'alpha3code': 'MLI', 'alpha2code': 'ML'}",266917,left,A. Traor\u00e9,19001,Adama Traoré,Adama Traoré,Adama Traoré,ml MLI,"MF,FW",Monaco,22,1995,2.1,61,74,82.4,930,225,31,36,86.1,22,24,91.7,5,9,55.6,0,0.0,0.2,0.0,1,4,1,0,8,6,25.0,0,4,2,1,4,3,3,0,3,3,9,1,0,Matches,74,69,5,0,1,0,2,0,3,2,0,0,61,0,0,1,0,0,1,6,0,2,3,4,0,0,0,14,2,1,66.7,France
"{'name': 'Morocco', 'id': '504', 'alpha3code': 'MAR', 'alpha2code': 'MA'}",73,Yassine,,El Ghanassy,3770,1990-07-12,173,"{'code2': 'MD', 'code3': 'MID', 'name': 'Midfielder'}","{'name': 'Belgium', 'id': '56', 'alpha3code': 'BEL', 'alpha2code': 'BE'}",37714,right,Y. El Ghanassy,null,Yassine El Ghanassy,Yassine El Ghanassy,Yassine El Ghanassy,be BEL,"MF,FW",Nantes,27,1990,7.2,230,293,78.5,3447,1066,133,151,88.1,74,96,77.1,12,21,57.1,0,1.2,2.0,-1.2,14,18,13,2,40,7,25.0,1,3,3,1,4,3,1,0,1,4,11,4,0,Matches,293,280,10,4,2,0,25,2,4,1,2,0,230,3,6,1,0,0,10,18,0,25,4,4,0,0,0,39,4,6,40.0,France
"{'name': 'Belgium', 'id': '56', 'alpha3code': 'BEL', 'alpha2code': 'BE'}",79,Guillaume,,Gillet,12509,1984-03-09,186,"{'code2': 'MD', 'code3': 'MID', 'name': 'Midfielder'}","{'name': 'Belgium', 'id': '56', 'alpha3code': 'BEL', 'alpha2code': 'BE'}",37734,right,G. Gillet,null,Guillaume Gillet,Guillaume Gillet,Guillaume Gillet,be BEL,MF,Nantes,33,1984,0.2,12,12,100.0,171,33,10,10,100.0,1,1,100.0,1,1,100.0,0,0.0,0.0,0.0,0,1,1,0,1,0,,0,0,0,0,0,0,1,1,0,0,0,0,0,Matches,12,12,0,0,0,0,0,0,0,0,0,0,12,0,0,1,0,0,1,0,0,0,0,0,0,0,0,0,0,0,,France
"{'name': 'Bosnia-Herzegovina', 'id': '70', 'alpha3code': 'BIH', 'alpha2code': 'BA'}",61,Danijel,,Mili\u010devi\u0107,3777,1986-01-05,171,"{'code2': 'MD', 'code3': 'MID', 'name': 'Midfielder'}","{'name': 'Switzerland', 'id': '756', 'alpha3code': 'CHE', 'alpha2code': 'CH'}",37796,right,D. Mili\u010devi\u0107,10001,Danijel Miličević,Danijel Milićević,Danijel Milićević,ba BIH,"MF,FW",Metz,31,1986,7.9,215,336,64.0,4096,1239,100,130,76.9,81,108,75.0,33,82,40.2,3,1.9,2.1,1.1,21,26,12,3,41,8,11.1,0,4,4,1,9,8,5,0,5,3,11,2,0,Matches,336,274,59,22,1,2,63,3,30,14,13,0,215,3,13,0,0,0,5,10,0,63,3,4,1,0,0,35,7,13,35.0,France
"{'name': 'Belgium', 'id': '56', 'alpha3code': 'BEL', 'alpha2code': 'BE'}",82,Thomas,,Meunier,3767,1991-09-12,190,"{'code2': 'DF', 'code3': 'DEF', 'name': 'Defender'}","{'name': 'Belgium', 'id': '56', 'alpha3code': 'BEL', 'alpha2code': 'BE'}",37824,right,T. Meunier,5629,Thomas Meunier,Thomas Meunier,Thomas Meunier,be BEL,DF,Paris S-G,25,1991,17.5,950,1161,81.8,12297,3898,565,621,91.0,235,317,74.1,47,76,61.8,4,4.4,4.3,-0.4,21,61,26,14,79,38,52.9,22,12,4,18,34,16,7,2,5,18,56,54,2,Matches,1161,1005,153,16,4,6,75,136,1,0,0,0,950,3,25,3,0,0,29,5,2,75,18,21,0,1,0,93,23,11,67.6,France
"{'name': 'Japan', 'id': '392', 'alpha3code': 'JPN', 'alpha2code': 'JP'}",74,Eiji,,Kawashima,,1983-03-20,185,"{'code2': 'GK', 'code3': 'GKP', 'name': 'Goalkeeper'}","{'name': 'Japan', 'id': '392', 'alpha3code': 'JPN', 'alpha2code': 'JP'}",37896,right,E. Kawashima,12913,Eiji Kawashima,Eiji Kawashima,Eiji Kawashima,jp JPN,GK,Metz,34,1983,28.5,503,893,56.3,19623,16915,20,20,100.0,176,181,97.2,307,689,44.6,0,0.0,0.1,0.0,1,9,2,0,0,1,33.3,1,0,0,1,3,2,0,0,0,3,4,9,2,Matches,893,531,361,124,0,1,0,0,0,0,0,0,503,1,2,0,1,0,1,3,0,0,3,1,0,0,0,40,1,3,25.0,France
"{'name': 'Belgium', 'id': '56', 'alpha3code': 'BEL', 'alpha2code': 'BE'}",74,Stef,,Peeters,3783,1992-02-09,188,"{'code2': 'MD', 'code3': 'MID', 'name': 'Midfielder'}","{'name': 'Belgium', 'id': '56', 'alpha3code': 'BEL', 'alpha2code': 'BE'}",38015,left,S. Peeters,null,Stef Peeters,Stef Peeters,Stef Peeters,be BEL,MF,Caen,25,1992,12.3,348,555,62.7,6624,2858,151,185,81.6,130,176,73.9,58,143,40.6,2,2.9,2.5,-0.9,31,57,9,0,73,22,19.4,6,14,2,6,31,25,17,3,14,7,29,11,0,Matches,555,447,102,40,3,9,96,1,58,22,30,3,348,6,22,4,0,0,23,5,0,96,7,11,0,0,0,69,7,7,50.0,France
"{'name': 'Togo', 'id': '764', 'alpha3code': 'TGO', 'alpha2code': 'TG'}",79,Serge,,Gakp\u00e9,,1987-05-07,177,"{'code2': 'FW', 'code3': 'FWD', 'name': 'Forward'}","{'name': 'France', 'id': '250', 'alpha3code': 'FRA', 'alpha2code': 'FR'}",38095,right,S. Gakp\u00e9,null,Serge Gakpé,Serge Gakpé,Serge Gakpé,tg TOG,"FW,MF",Amiens,30,1987,20.3,348,508,68.5,4988,1791,204,265,77.0,114,156,73.1,16,33,48.5,3,1.1,1.0,1.9,17,39,9,1,58,16,22.2,9,7,0,6,27,21,18,1,17,10,26,15,0,Matches,508,500,8,2,1,2,27,4,2,0,2,0,348,0,23,1,0,0,18,16,8,27,10,11,0,0,0,89,17,38,30.9,France
"{'name': 'France', 'id': '250', 'alpha3code': 'FRA', 'alpha2code': 'FR'}",73,David,,Alcibiade,,1991-09-26,177,"{'code2': 'DF', 'code3': 'DEF', 'name': 'Defender'}","{'name': 'France', 'id': '250', 'alpha3code': 'FRA', 'alpha2code': 'FR'}",28251,,D. Alcibiade,null,David Alcibiade,David Alcibiade,David Alcibiade,fr FRA,DF,Nantes,25,1991,2.3,69,93,74.2,1265,669,27,30,90.0,31,38,81.6,9,22,40.9,1,0.4,0.2,0.6,2,6,2,1,6,9,50.0,5,3,1,2,4,2,5,3,2,7,16,8,0,Matches,93,74,19,2,1,2,5,17,0,0,0,0,69,0,0,0,0,0,2,2,1,5,7,5,0,0,0,10,5,1,83.3,France
"{'name': 'France', 'id': '250', 'alpha3code': 'FRA', 'alpha2code': 'FR'}",72,Willem,,Geubbels,3766,2001-08-16,185,"{'code2': 'FW', 'code3': 'FWD', 'name': 'Forward'}","{'name': 'France', 'id': '250', 'alpha3code': 'FRA', 'alpha2code': 'FR'}",497355,right,W. Geubbels,null,Willem Geubbels,Willem Geubbels,Willem Geubbels,fr FRA,"FW,MF",Lyon,15,2001,0.4,6,10,60.0,69,4,4,6,66.7,2,3,66.7,0,0,,0,0.0,0.0,0.0,0,0,0,0,0,2,0.0,1,1,0,0,1,1,0,0,0,0,2,0,0,Matches,10,10,0,0,0,0,0,0,0,0,0,0,6,0,0,0,0,0,0,0,0,0,0,2,0,0,0,1,0,0,,France
"{'name': 'Cameroon', 'id': '120', 'alpha3code': 'CMR', 'alpha2code': 'CM'}",78,Andr\u00e9-Frank,,Zambo Anguissa,3771,1995-11-16,184,"{'code2': 'MD', 'code3': 'MID', 'name': 'Midfielder'}","{'name': 'Cameroon', 'id': '120', 'alpha3code': 'CMR', 'alpha2code': 'CM'}",366401,right,A. Zambo Anguissa,null,André-Frank Zambo Anguissa,Andre-Frank Zambo Anguissa,Andre-Frank Zambo Anguissa,cm CMR,MF,Marseille,21,1995,27.1,1583,1814,87.3,20334,6457,957,1054,90.8,413,470,87.9,56,83,67.5,0,3.2,1.4,-3.2,28,112,12,4,145,88,34.0,23,57,8,32,94,62,50,7,43,67,155,46,3,Matches,1814,1777,31,23,2,2,15,8,0,0,0,0,1583,6,23,4,0,0,58,57,0,15,67,65,0,0,0,257,68,41,62.4,France
"{'name': 'France', 'id': '250', 'alpha3code': 'FRA', 'alpha2code': 'FR'}",75,Jeff,,Reine-Adelaide,3799,1998-01-17,183,"{'code2': 'MD', 'code3': 'MID', 'name': 'Midfielder'}","{'name': 'France', 'id': '250', 'alpha3code': 'FRA', 'alpha2code': 'FR'}",366542,right,J. Reine-Adelaide,4426,Jeff Reine-Adelaide,Jeff Reine-Adélaïde,Jeff Reine-Adélaïde,fr FRA,MF,Angers,19,1998,4.9,126,158,79.7,1692,613,95,109,87.2,23,27,85.2,6,8,75.0,0,0.4,0.5,-0.4,5,12,5,0,29,13,35.3,7,5,1,6,17,11,7,2,5,1,14,9,0,Matches,158,150,7,2,1,1,0,4,0,0,0,0,126,1,4,0,0,0,7,14,1,0,1,8,0,0,0,28,8,10,44.4,France
"{'name': 'South Africa', 'id': '710', 'alpha3code': 'ZAF', 'alpha2code': 'ZA'}",80,Lebo,,Mothiba,3776,1996-01-28,182,"{'code2': 'FW', 'code3': 'FWD', 'name': 'Forward'}","{'name': 'South Africa', 'id': '710', 'alpha3code': 'ZAF', 'alpha2code': 'ZA'}",366546,right,L. Mothiba,null,Lebo Mothiba,Lebo Mothiba,Lebo Mothiba,za RSA,FW,Lille,21,1996,13.2,254,313,81.2,2675,226,159,182,87.4,47,67,70.1,6,8,75.0,0,0.9,0.6,-0.9,13,9,3,0,10,8,0.0,4,0,4,0,7,7,6,2,4,2,10,11,0,Matches,313,275,36,0,2,0,2,0,0,0,0,0,254,2,3,1,0,0,22,18,9,2,2,5,0,0,0,18,20,37,35.1,France
"{'name': 'France', 'id': '250', 'alpha3code': 'FRA', 'alpha2code': 'FR'}",77,J\u00e9r\u00e9my,,Gelin,3774,1997-04-24,182,"{'code2': 'DF', 'code3': 'DEF', 'name': 'Defender'}","{'name': 'France', 'id': '250', 'alpha3code': 'FRA', 'alpha2code': 'FR'}",301013,right,J. Gelin,null,Jérémy Gelin,Jérémy Gélin,Jérémy Gélin,fr FRA,"DF,MF",Rennes,20,1997,25.7,1164,1391,83.7,25989,9504,293,323,90.7,622,683,91.1,231,347,66.6,2,0.6,0.9,1.4,13,123,8,0,139,37,37.7,22,14,1,20,53,33,22,12,10,37,74,92,3,Matches,1391,1347,40,38,3,33,3,2,0,0,0,0,1164,4,11,2,0,0,33,16,1,3,37,18,0,0,0,151,40,32,55.6,France
"{'name': 'France', 'id': '250', 'alpha3code': 'FRA', 'alpha2code': 'FR'}",68,Romain,,Perraud,3775,1997-09-22,173,"{'code2': 'DF', 'code3': 'DEF', 'name': 'Defender'}","{'name': 'France', 'id': '250', 'alpha3code': 'FRA', 'alpha2code': 'FR'}",301016,left,R. Perraud,4426,Romain Perraud,Romain Perraud,Romain Perraud,fr FRA,FW,Nice,19,1997,0.0,2,3,66.7,35,25,1,2,50.0,1,1,100.0,0,0,,0,0.0,0.0,0.0,0,1,0,0,1,0,,0,0,0,0,0,0,0,0,0,0,0,0,0,Matches,3,2,1,0,0,0,0,1,0,0,0,0,2,0,0,0,0,0,0,0,0,0,0,0,0,0,0,0,0,0,,France
"{'name': 'France', 'id': '250', 'alpha3code': 'FRA', 'alpha2code': 'FR'}",88,Marcus,,Thuram,3785,1997-08-06,192,"{'code2': 'FW', 'code3': 'FWD', 'name': 'Forward'}","{'name': 'Italy', 'id': '380', 'alpha3code': 'ITA', 'alpha2code': 'IT'}",301017,right,M. Thuram,null,Marcus Thuram,Marcus Thuram,Marcus Thuram,fr FRA,FW,Guingamp,19,1997,21.4,348,520,66.9,4246,1039,193,269,71.7,97,149,65.1,9,16,56.3,1,2.4,1.8,-1.4,23,19,15,1,47,20,24.0,6,10,4,6,25,19,14,0,14,5,25,12,0,Matches,520,474,39,1,2,0,19,3,0,0,0,0,348,7,15,2,0,0,45,39,17,19,5,15,3,0,0,54,61,62,49.6,France
"{'name': 'Serbia', 'id': '688', 'alpha3code': 'SRB', 'alpha2code': 'RS'}",75,Vahid,,Selimovic,3777,1997-04-03,190,"{'code2': 'DF', 'code3': 'DEF', 'name': 'Defender'}","{'name': 'Luxembourg', 'id': '442', 'alpha3code': 'LUX', 'alpha2code': 'LU'}",366563,right,V. Selimovic,null,Vahid Selimovic,Vahid Selimović,Vahid Selimović,lu LUX,DF,Metz,20,1997,11.7,380,469,81.0,8456,3320,95,108,88.0,212,243,87.2,73,110,66.4,0,0.0,0.1,0.0,0,33,1,0,31,20,78.6,10,9,1,11,14,3,10,8,2,17,37,58,1,Matches,469,441,27,16,0,5,0,11,0,0,0,0,380,1,5,4,1,1,22,8,0,0,17,14,0,0,1,65,7,14,33.3,France
"{'name': ""C\\u00f4te d'Ivoire"", 'id': '384', 'alpha3code': 'CIV', 'alpha2code': 'CI'}",89,Joris,,Gnagnon,3774,1997-01-13,182,"{'code2': 'DF', 'code3': 'DEF', 'name': 'Defender'}","{'name': 'France', 'id': '250', 'alpha3code': 'FRA', 'alpha2code': 'FR'}",366581,right,J. Gnagnon,null,Joris Gnagnon,Joris Gnagnon,Joris Gnagnon,fr FRA,DF,Rennes,20,1997,32.4,1179,1301,90.6,22102,6680,367,391,93.9,686,722,95.0,97,147,66.0,2,0.2,0.2,1.8,4,29,0,0,70,42,67.7,29,9,4,21,31,10,22,16,6,29,71,154,2,Matches,1301,1253,45,42,0,8,1,3,0,0,0,0,1179,3,3,3,0,0,25,27,2,1,29,29,0,0,1,130,70,35,66.7,France
"{'name': 'France', 'id': '250', 'alpha3code': 'FRA', 'alpha2code': 'FR'}",67,Lassana,,Coulibaly,3799,1996-04-10,175,"{'code2': 'MD', 'code3': 'MID', 'name': 'Midfielder'}","{'name': 'Mali', 'id': '466', 'alpha3code': 'MLI', 'alpha2code': 'ML'}",366760,right,L. Coulibaly,19001,Lassana Coulibaly,Lassana Coulibaly,Lassana Coulibaly,ml MLI,MF,Angers,21,1996,9.3,249,312,79.8,3461,1133,153,176,86.9,73,86,84.9,8,18,44.4,2,1.2,0.5,0.8,10,17,9,2,38,26,28.6,13,10,3,10,35,25,15,1,14,8,34,10,0,Matches,312,308,4,4,1,1,7,0,0,0,0,0,249,0,12,1,0,0,18,19,1,7,8,17,0,0,0,49,10,10,50.0,France
"{'name': 'Finland', 'id': '246', 'alpha3code': 'FIN', 'alpha2code': 'FI'}",80,Timo,,Stavitski,3783,1999-07-17,180,"{'code2': 'MD', 'code3': 'MID', 'name': 'Midfielder'}","{'name': 'Finland', 'id': '246', 'alpha3code': 'FIN', 'alpha2code': 'FI'}",399576,right,T. Stavitski,5051,Timo Stavitski,Timo Stavitski,Timo Stavitski,fi FIN,"MF,FW",Caen,18,1999,4.5,84,128,65.6,1021,155,48,58,82.8,23,41,56.1,2,8,25.0,0,0.3,0.4,-0.3,6,1,5,3,5,4,6.3,1,1,2,1,16,15,7,0,7,3,7,1,0,Matches,128,128,0,0,0,0,19,0,0,0,0,0,84,0,7,1,0,0,4,5,7,19,3,3,0,0,0,16,3,10,23.1,France
"{'name': 'Guinea', 'id': '324', 'alpha3code': 'GIN', 'alpha2code': 'GN'}",75,Issiaga,,Sylla,3780,1994-01-01,180,"{'code2': 'DF', 'code3': 'DEF', 'name': 'Defender'}","{'name': 'Guinea', 'id': '324', 'alpha3code': 'GIN', 'alpha2code': 'GN'}",203113,left,I. Sylla,null,Issiaga Sylla,Issiaga Sylla,Issiaga Sylla,gn GUI,"DF,FW",Toulouse,23,1994,17.8,606,857,70.7,10176,4446,283,344,82.3,260,353,73.7,47,109,43.1,3,2.0,2.0,1.0,20,75,21,16,105,44,40.4,22,16,6,19,47,28,31,4,27,34,78,65,1,Matches,857,695,155,15,0,3,73,139,1,0,1,0,606,7,25,5,0,0,25,12,4,73,34,32,0,0,0,108,48,31,60.8,France
"{'name': 'France', 'id': '250', 'alpha3code': 'FRA', 'alpha2code': 'FR'}",71,Nicolas,,Janvier,3774,1998-08-11,173,"{'code2': 'MD', 'code3': 'MID', 'name': 'Midfielder'}","{'name': 'France', 'id': '250', 'alpha3code': 'FRA', 'alpha2code': 'FR'}",367146,right,N. Janvier,null,Nicolas Janvier,Nicolas Janvier,Nicolas Janvier,fr FRA,MF,Rennes,18,1998,0.8,37,46,80.4,584,124,20,22,90.9,8,14,57.1,5,6,83.3,0,0.0,0.0,0.0,0,5,0,0,2,4,50.0,1,1,2,1,2,1,1,0,1,1,5,0,0,Matches,46,46,0,0,0,0,0,0,0,0,0,0,37,0,0,0,0,0,1,2,0,0,1,1,0,0,0,3,1,2,33.3,France
"{'name': 'Mauritania', 'id': '478', 'alpha3code': 'MRT', 'alpha2code': 'MR'}",84,Bingourou,,Kamara,3779,1996-10-21,193,"{'code2': 'GK', 'code3': 'GKP', 'name': 'Goalkeeper'}","{'name': 'France', 'id': '250', 'alpha3code': 'FRA', 'alpha2code': 'FR'}",301635,right,B. Kamara,4425,Bingourou Kamara,Bingourou Kamara,Bingourou Kamara,sn SEN,GK,Strasbourg,20,1996,18.8,389,619,62.8,13453,10666,30,32,93.8,162,165,98.2,197,421,46.8,0,0.0,0.0,0.0,0,5,0,0,0,0,0.0,0,0,0,0,2,2,0,0,0,1,1,6,3,Matches,619,403,215,47,0,1,0,0,0,0,0,0,389,1,0,2,0,0,1,2,0,0,1,0,0,0,0,19,1,1,50.0,France
"{'name': 'Senegal', 'id': '686', 'alpha3code': 'SEN', 'alpha2code': 'SN'}",71,Ibrahima,,Niane,3777,1999-03-11,187,"{'code2': 'FW', 'code3': 'FWD', 'name': 'Forward'}","{'name': 'Senegal', 'id': '686', 'alpha3code': 'SEN', 'alpha2code': 'SN'}",498357,right,I. Niane,19318,Ibrahima Niane,Ibrahima Niane,Ibrahima Niane,sn SEN,"FW,MF",Metz,18,1999,9.4,191,269,71.0,2819,634,102,134,76.1,71,93,76.3,9,21,42.9,1,1.1,1.1,-0.1,9,19,5,3,21,6,25.0,4,1,1,2,8,6,6,0,6,4,10,8,0,Matches,269,263,5,1,0,2,15,1,0,0,0,0,191,1,9,1,0,0,14,28,2,15,4,5,0,0,0,44,28,36,43.8,France
"{'name': 'Guinea', 'id': '324', 'alpha3code': 'GIN', 'alpha2code': 'GN'}",77,Fran\u00e7ois,,Kamano,3772,1996-05-01,175,"{'code2': 'FW', 'code3': 'FWD', 'name': 'Forward'}","{'name': 'Guinea', 'id': '324', 'alpha3code': 'GIN', 'alpha2code': 'GN'}",334552,right,F. Kamano,null,François Kamano,François Kamano,François Kamano,gn GUI,FW,Bordeaux,21,1996,22.4,529,686,77.1,7079,1297,326,382,85.3,146,181,80.7,20,45,44.4,4,2.6,2.7,1.4,27,19,19,5,52,32,28.6,11,14,7,10,35,25,18,2,16,15,47,8,0,Matches,686,665,19,4,4,5,60,3,10,7,1,0,529,2,24,4,0,0,38,36,16,60,15,24,2,0,0,110,12,24,33.3,France
"{'name': 'Algeria', 'id': '12', 'alpha3code': 'DZA', 'alpha2code': 'DZ'}",75,Ramy,,Bensebaini,3774,1995-04-16,186,"{'code2': 'DF', 'code3': 'DEF', 'name': 'Defender'}","{'name': 'Algeria', 'id': '12', 'alpha3code': 'DZA', 'alpha2code': 'DZ'}",334720,left,R. Bensebaini,16009,Ramy Bensebaini,Ramy Bensebaini,Ramy Bensebaini,dz ALG,DF,Rennes,22,1995,26.0,1084,1449,74.8,19103,7006,463,543,85.3,480,595,80.7,104,225,46.2,1,2.1,1.4,-1.1,9,76,12,7,107,56,47.3,31,21,4,26,55,29,24,16,8,37,93,177,1,Matches,1449,1231,213,45,0,13,62,168,0,0,0,0,1084,5,33,6,0,0,38,40,4,62,37,39,0,3,1,164,71,29,71.0,France
"{'name': 'France', 'id': '250', 'alpha3code': 'FRA', 'alpha2code': 'FR'}",65,Thomas,,Carrique,3772,1999-02-26,170,"{'code2': 'DF', 'code3': 'DEF', 'name': 'Defender'}","{'name': 'France', 'id': '250', 'alpha3code': 'FRA', 'alpha2code': 'FR'}",499295,right,T. Carrique,null,Thomas Carrique,Thomas Carrique,Thomas Carrique,fr FRA,DF,Bordeaux,18,1999,1.0,39,49,79.6,505,260,29,34,85.3,8,10,80.0,1,3,33.3,0,0.0,0.0,0.0,1,3,1,1,5,1,33.3,0,1,0,1,3,2,0,0,0,2,3,3,0,Matches,49,36,13,1,0,0,5,12,0,0,0,0,39,0,1,0,0,0,1,0,0,5,2,0,0,0,0,2,1,6,14.3,France
"{'name': 'Serbia', 'id': '688', 'alpha3code': 'SRB', 'alpha2code': 'RS'}",75,Milan,,Gaji\u0107,3772,1996-01-28,178,"{'code2': 'DF', 'code3': 'DEF', 'name': 'Defender'}","{'name': 'Serbia', 'id': '688', 'alpha3code': 'SRB', 'alpha2code': 'RS'}",237267,right,M. Gaji\u0107,17324,Milan Gajić,Milan Gajić,Milan Gajić,rs SRB,DF,Bordeaux,21,1996,4.0,145,199,72.9,2195,1222,78,92,84.8,54,70,77.1,8,17,47.1,1,0.0,0.1,1.0,1,11,2,0,15,6,50.0,4,2,0,2,4,2,7,0,7,4,10,14,0,Matches,199,142,55,2,0,0,7,53,0,0,0,0,145,2,11,0,0,0,4,0,1,7,4,3,0,0,0,16,4,5,44.4,France
"{'name': 'Algeria', 'id': '12', 'alpha3code': 'DZA', 'alpha2code': 'DZ'}",77,Mehdi,,Abeid,3804,1992-08-06,178,"{'code2': 'MD', 'code3': 'MID', 'name': 'Midfielder'}","{'name': 'France', 'id': '250', 'alpha3code': 'FRA', 'alpha2code': 'FR'}",7986,right,M. Abeid,null,Mehdi Abeid,Mehdi Abeid,Mehdi Abeid,dz ALG,MF,Dijon,24,1992,13.1,513,605,84.8,8787,2345,231,264,87.5,219,245,89.4,44,62,71.0,1,0.3,0.3,0.7,7,33,1,0,49,23,25.0,8,14,1,8,32,24,11,6,5,18,41,25,2,Matches,605,587,17,12,0,5,6,3,2,1,0,0,513,1,8,2,0,0,29,16,2,6,18,15,0,0,0,93,13,16,44.8,France
"{'name': 'Cameroon', 'id': '120', 'alpha3code': 'CMR', 'alpha2code': 'CM'}",70,Beno\u00eet,,Assou-Ekotto,,1984-03-24,178,"{'code2': 'DF', 'code3': 'DEF', 'name': 'Defender'}","{'name': 'France', 'id': '250', 'alpha3code': 'FRA', 'alpha2code': 'FR'}",8268,left,B. Assou-Ekotto,null,Benoît Assou-Ekotto,Benoît Assou-Ekotto,Benoît Assou-Ekotto,cm CMR,DF,Metz,33,1984,11.7,472,636,74.2,11591,5508,110,131,84.0,238,283,84.1,122,211,57.8,0,0.5,1.2,-0.5,8,68,8,5,50,12,33.3,5,6,1,5,15,10,7,4,3,46,58,21,0,Matches,636,500,132,26,0,21,21,106,0,0,0,0,472,4,11,2,2,1,11,9,1,21,46,9,0,0,0,86,3,8,27.3,France
"{'name': 'Benin', 'id': '204', 'alpha3code': 'BEN', 'alpha2code': 'BJ'}",72,St\u00e9phane,,Sess\u00e8gnon,4494,1984-06-01,172,"{'code2': 'MD', 'code3': 'MID', 'name': 'Midfielder'}","{'name': 'Benin', 'id': '204', 'alpha3code': 'BEN', 'alpha2code': 'BJ'}",8533,right,S. Sess\u00e8gnon,18884,Stéphane Sessègnon,Stéphane Sessègnon,Stéphane Sessègnon,bj BEN,"MF,FW",Montpellier,33,1984,10.9,392,502,78.1,6781,1664,206,230,89.6,128,161,79.5,47,81,58.0,2,1.0,0.9,1.0,17,49,12,2,70,4,14.3,2,2,0,1,7,6,0,0,0,0,4,2,0,Matches,502,446,53,20,9,5,30,10,21,8,10,0,392,3,11,1,0,0,8,20,0,30,0,4,0,0,0,59,6,9,40.0,France
"{'name': 'Macedonia FYR', 'id': '807', 'alpha3code': 'MKD', 'alpha2code': 'MK'}",72,Alexander,,Ka\u010danikli\u0107,3770,1991-08-13,181,"{'code2': 'MD', 'code3': 'MID', 'name': 'Midfielder'}","{'name': 'Sweden', 'id': '752', 'alpha3code': 'SWE', 'alpha2code': 'SE'}",8899,left,A. Ka\u010danikli\u0107,null,Alexander Kačaniklić,Alexander Kačaniklić,Alexander Kačaniklić,se SWE,"MF,FW",Nantes,25,1991,3.5,64,94,68.1,786,272,32,42,76.2,18,34,52.9,2,4,50.0,1,0.2,0.7,0.8,3,5,4,2,7,8,50.0,7,1,0,5,10,5,5,2,3,6,14,7,0,Matches,94,90,4,0,1,0,12,1,2,2,0,0,64,0,1,0,0,0,2,4,2,12,6,5,0,0,0,13,3,2,60.0,France
"{'name': 'France', 'id': '250', 'alpha3code': 'FRA', 'alpha2code': 'FR'}",65,Corentin,,Jean,3780,1995-07-15,170,"{'code2': 'FW', 'code3': 'FWD', 'name': 'Forward'}","{'name': 'France', 'id': '250', 'alpha3code': 'FRA', 'alpha2code': 'FR'}",134512,right,C. Jean,null,Corentin Jean,Corentin Jean,Corentin Jean,fr FRA,"FW,MF",Toulouse,22,1995,18.8,343,523,65.6,5464,1682,190,238,79.8,99,155,63.9,38,83,45.8,2,2.8,3.1,-0.8,26,25,20,12,41,12,23.8,4,7,1,5,21,16,14,1,13,14,26,10,0,Matches,523,459,63,22,2,5,80,9,25,8,13,2,343,1,26,3,0,0,15,39,6,80,14,8,2,0,0,78,15,32,31.9,France
"{'name': 'France', 'id': '250', 'alpha3code': 'FRA', 'alpha2code': 'FR'}",70,Fr\u00e9d\u00e9ric,,Guilbert,3783,1994-12-24,178,"{'code2': 'DF', 'code3': 'DEF', 'name': 'Defender'}","{'name': 'France', 'id': '250', 'alpha3code': 'FRA', 'alpha2code': 'FR'}",28908,right,F. Guilbert,null,Frédéric Guilbert,Frederic Guilbert,Frederic Guilbert,fr FRA,DF,Caen,22,1994,36.0,1064,1554,68.5,19275,8006,482,572,84.3,419,600,69.8,132,262,50.4,2,1.7,2.0,0.3,16,81,29,20,124,136,47.6,71,58,7,50,105,55,43,13,30,88,224,136,0,Matches,1554,1179,368,6,0,14,125,362,0,0,0,0,1064,7,57,12,0,0,58,37,1,125,88,89,0,0,0,219,97,66,59.5,France
"{'name': 'France', 'id': '250', 'alpha3code': 'FRA', 'alpha2code': 'FR'}",60,Enzo,,Loiodice,3804,2000-11-27,176,"{'code2': 'MD', 'code3': 'MID', 'name': 'Midfielder'}","{'name': 'France', 'id': '250', 'alpha3code': 'FRA', 'alpha2code': 'FR'}",566942,left,E. Loiodice,null,Enzo Loiodice,Enzo Loiodice,Enzo Loiodice,fr FRA,MF,Dijon,16,2000,1.9,86,106,81.1,1507,263,35,43,81.4,40,43,93.0,7,12,58.3,0,0.1,0.0,-0.1,1,5,0,0,11,9,57.1,4,5,0,4,7,3,0,0,0,2,11,0,0,Matches,106,106,0,0,0,2,1,0,0,0,0,0,86,0,1,0,0,0,1,2,0,1,2,5,0,0,0,12,2,4,33.3,France
"{'name': ""C\\u00f4te d'Ivoire"", 'id': '384', 'alpha3code': 'CIV', 'alpha2code': 'CI'}",71,Jean Eud\u00e8s,,Aholou,3779,1994-03-20,186,"{'code2': 'MD', 'code3': 'MID', 'name': 'Midfielder'}","{'name': ""C\\u00f4te d'Ivoire"", 'id': '384', 'alpha3code': 'CIV', 'alpha2code': 'CI'}",141172,left,J. Aholou,null,Jean Eudès Aholou,Jean-Eudes Aholou,Jean-Eudes Aholou,ci CIV,MF,Strasbourg,23,1994,33.4,1162,1359,85.5,20915,5421,495,555,89.2,473,526,89.9,146,196,74.5,0,1.0,0.8,-1.0,13,101,5,0,131,70,30.9,32,37,1,17,55,38,29,7,22,75,145,58,1,Matches,1359,1332,22,19,4,18,5,3,0,0,0,0,1162,5,14,4,0,0,46,49,1,5,75,34,0,0,0,261,48,47,50.5,France
"{'name': 'Portugal', 'id': '620', 'alpha3code': 'PRT', 'alpha2code': 'PT'}",78,Gil,,Basti\u00e3o Dias,3176,1996-09-28,183,"{'code2': 'FW', 'code3': 'FWD', 'name': 'Forward'}","{'name': 'Portugal', 'id': '620', 'alpha3code': 'PRT', 'alpha2code': 'PT'}",338249,left,Gil Dias,9910,Gil Bastião Dias,Gil Bastião Dias,Gil Bastião Dias,pt POR,MF,Monaco,20,1996,0.1,1,1,100.0,12,6,1,1,100.0,0,0,,0,0,,0,0.0,0.0,0.0,0,0,0,0,0,1,,0,1,0,0,0,0,0,0,0,0,1,0,0,Matches,1,1,0,0,0,0,0,0,0,0,0,0,1,0,0,0,0,0,0,0,0,0,0,1,0,0,0,0,0,0,,France
"{'name': 'Brazil', 'id': '76', 'alpha3code': 'BRA', 'alpha2code': 'BR'}",77,Andrei,,Girotto,3770,1992-02-17,186,"{'code2': 'MD', 'code3': 'MID', 'name': 'Midfielder'}","{'name': 'Brazil', 'id': '76', 'alpha3code': 'BRA', 'alpha2code': 'BR'}",43515,right,Andrei Girotto,null,Andrei Girotto,Andrei Girotto,Andrei Girotto,br BRA,MF,Nantes,25,1992,16.9,490,652,75.2,8218,2688,254,300,84.7,166,203,81.8,56,96,58.3,1,0.6,0.8,0.4,13,69,7,3,78,57,40.4,15,37,5,21,52,31,32,7,25,15,72,45,1,Matches,652,637,9,9,1,13,8,0,0,0,0,0,490,6,18,8,0,0,33,20,0,8,15,38,1,1,0,96,39,28,58.2,France
"{'name': 'France', 'id': '250', 'alpha3code': 'FRA', 'alpha2code': 'FR'}",82,Alban,,Lafont,3780,1999-01-23,193,"{'code2': 'GK', 'code3': 'GKP', 'name': 'Goalkeeper'}","{'name': 'Burkina Faso', 'id': '854', 'alpha3code': 'BFA', 'alpha2code': 'BF'}",404213,right,A. Lafont,4423,Alban Lafont,Alban Lafont,Alban Lafont,fr FRA,GK,Toulouse,18,1999,38.0,812,1266,64.1,29531,25138,66,66,100.0,326,331,98.5,420,860,48.8,0,0.0,0.2,0.0,1,45,1,0,3,1,25.0,1,0,0,1,4,3,0,0,0,2,3,20,5,Matches,1266,740,522,190,0,1,0,1,0,0,0,0,812,4,4,3,0,0,1,7,0,0,2,0,0,1,0,80,4,0,100.0,France
"{'name': 'France', 'id': '250', 'alpha3code': 'FRA', 'alpha2code': 'FR'}",77,Boubacar,,Kamara,3771,1999-11-23,184,"{'code2': 'DF', 'code3': 'DEF', 'name': 'Defender'}","{'name': 'France', 'id': '250', 'alpha3code': 'FRA', 'alpha2code': 'FR'}",404216,right,B. Kamara,4423,Boubacar Kamara,Boubacar Kamara,Boubacar Kamara,fr FRA,"DF,MF",Marseille,17,1999,5.1,252,288,87.5,3763,1279,137,148,92.6,87,94,92.6,15,25,60.0,1,0.3,0.1,0.7,1,6,2,0,9,14,66.7,9,5,0,8,12,4,7,3,4,3,17,18,0,Matches,288,263,23,11,0,1,2,12,0,0,0,0,252,2,1,1,0,0,8,4,0,2,3,14,0,0,0,31,10,9,52.6,France
"{'name': 'Comoros', 'id': '174', 'alpha3code': 'COM', 'alpha2code': 'KM'}",70,Myziane,,Maolida,3766,1999-02-14,180,"{'code2': 'FW', 'code3': 'FWD', 'name': 'Forward'}","{'name': 'France', 'id': '250', 'alpha3code': 'FRA', 'alpha2code': 'FR'}",404226,right,M. Maolida,4423,Myziane Maolida,Myziane Maolida,Myziane Maolida,km COM,"FW,MF",Lyon,18,1999,3.7,109,141,77.3,1242,276,75,88,85.2,21,30,70.0,3,5,60.0,0,0.9,0.8,-0.9,7,6,4,1,10,5,0.0,3,2,0,0,2,2,1,0,1,0,5,0,0,Matches,141,136,5,0,3,0,5,3,0,0,0,0,109,0,3,0,0,0,3,1,2,5,0,5,0,0,0,11,2,6,25.0,France
"{'name': 'France', 'id': '250', 'alpha3code': 'FRA', 'alpha2code': 'FR'}",0,Ervin,,Taha,3772,1999-03-14,180,"{'code2': 'FW', 'code3': 'FWD', 'name': 'Forward'}","{'name': 'France', 'id': '250', 'alpha3code': 'FRA', 'alpha2code': 'FR'}",404227,right,E. Taha,null,Ervin Taha,Ervin Taha,Ervin Taha,fr FRA,FW,Bordeaux,18,1999,0.4,11,16,68.8,153,39,8,11,72.7,3,3,100.0,0,1,0.0,0,0.0,0.0,0.0,0,1,0,0,2,1,0.0,0,1,0,0,1,1,0,0,0,0,1,0,0,Matches,16,15,0,0,0,0,1,0,0,0,0,0,11,1,0,0,0,0,0,0,0,1,0,1,0,0,0,0,0,2,0.0,France
"{'name': 'France', 'id': '250', 'alpha3code': 'FRA', 'alpha2code': 'FR'}",77,Hicham,,Mahou,3775,1999-07-02,180,"{'code2': 'MD', 'code3': 'MID', 'name': 'Midfielder'}","{'name': 'France', 'id': '250', 'alpha3code': 'FRA', 'alpha2code': 'FR'}",437011,right,H. Mahou,null,Hicham Mahou,Hicham Mahou,Hicham Mahou,fr FRA,"MF,FW",Nice,18,1999,0.6,21,27,77.8,329,46,10,12,83.3,8,9,88.9,1,3,33.3,0,0.0,0.1,0.0,0,1,1,0,2,1,33.3,1,0,0,1,3,2,0,0,0,3,4,0,0,Matches,27,26,1,0,0,0,1,1,0,0,0,0,21,0,1,0,0,0,1,0,0,1,3,1,0,0,0,3,0,1,0.0,France
"{'name': 'France', 'id': '250', 'alpha3code': 'FRA', 'alpha2code': 'FR'}",74,Jessy,,Deminguet,3783,1998-01-07,178,"{'code2': 'MD', 'code3': 'MID', 'name': 'Midfielder'}","{'name': 'France', 'id': '250', 'alpha3code': 'FRA', 'alpha2code': 'FR'}",437636,left,J. Deminguet,4426,Jessy Deminguet,Jessy Deminguet,Jessy Deminguet,fr FRA,"MF,FW",Caen,19,1998,5.9,137,220,62.3,2269,590,78,87,89.7,43,64,67.2,12,44,27.3,1,0.9,1.1,0.1,9,9,4,4,15,12,28.6,4,6,2,4,14,10,5,0,5,10,22,13,0,Matches,220,191,24,7,0,1,39,4,13,2,11,0,137,5,12,2,0,0,8,9,3,39,10,9,0,0,0,37,7,4,63.6,France
"{'name': 'Senegal', 'id': '686', 'alpha3code': 'SEN', 'alpha2code': 'SN'}",69,Lemouya,,Goudiaby,3777,1997-01-09,178,"{'code2': 'MD', 'code3': 'MID', 'name': 'Midfielder'}","{'name': 'France', 'id': '250', 'alpha3code': 'FRA', 'alpha2code': 'FR'}",470517,right,L. Goudiaby,null,Lemouya Goudiaby,Lemouya Goudiaby,Lemouya Goudiaby,sn SEN,DF,Metz,20,1997,0.9,30,43,69.8,448,201,16,19,84.2,12,21,57.1,1,2,50.0,0,0.0,0.0,0.0,0,1,1,0,4,2,33.3,0,2,0,1,3,2,2,1,1,0,2,3,0,Matches,43,24,19,1,0,0,1,18,0,0,0,0,30,0,0,0,0,0,0,1,0,1,0,1,0,0,0,2,0,0,,France
"{'name': 'France', 'id': '250', 'alpha3code': 'FRA', 'alpha2code': 'FR'}",73,Baptiste,,Santamaria,3799,1995-03-09,183,"{'code2': 'MD', 'code3': 'MID', 'name': 'Midfielder'}","{'name': 'France', 'id': '250', 'alpha3code': 'FRA', 'alpha2code': 'FR'}",274344,right,B. Santamaria,34101,Baptiste Santamaria,Baptiste Santamaria,Baptiste Santamaria,fr FRA,MF,Angers,22,1995,28.8,929,1191,78.0,16225,5157,456,537,84.9,343,424,80.9,110,176,62.5,0,0.8,1.4,-0.8,17,107,7,2,134,59,27.7,25,29,5,23,83,60,39,8,31,43,102,48,2,Matches,1191,1184,4,1,4,12,16,2,1,1,0,0,929,3,16,6,0,0,48,50,1,16,43,40,0,0,0,179,43,34,55.8,France
"{'name': 'Niger', 'id': '562', 'alpha3code': 'NER', 'alpha2code': 'NE'}",77,Seybou,,Koita,3789,1994-04-15,180,"{'code2': 'FW', 'code3': 'FWD', 'name': 'Forward'}","{'name': 'Niger', 'id': '562', 'alpha3code': 'NER', 'alpha2code': 'NE'}",274345,right,S. Koita,null,Seybou Koita,Seybou Koita,Seybou Koita,ne NIG,FW,Amiens,23,1994,2.4,40,58,69.0,521,135,20,26,76.9,9,13,69.2,3,6,50.0,0,0.1,0.1,-0.1,2,2,2,0,7,1,100.0,1,0,0,1,1,0,0,0,0,0,1,2,0,Matches,58,53,5,0,0,1,2,0,0,0,0,0,40,0,3,0,0,0,2,2,2,2,0,1,0,0,0,9,5,8,38.5,France
"{'name': 'French Guiana', 'id': '254', 'alpha3code': 'GUF', 'alpha2code': 'GF'}",85,Yoann,,Salmier,3779,1992-11-21,188,"{'code2': 'DF', 'code3': 'DEF', 'name': 'Defender'}","{'name': 'France', 'id': '250', 'alpha3code': 'FRA', 'alpha2code': 'FR'}",339964,right,Y. Salmier,null,Yoann Salmier,Yoann Salmier,Yoann Salmier,gf GUF,DF,Strasbourg,24,1992,12.3,457,540,84.6,9722,3300,122,130,93.8,254,283,89.8,74,115,64.3,1,0.1,0.2,0.9,2,13,3,0,29,15,41.7,10,5,0,5,12,7,11,6,5,26,41,62,1,Matches,540,523,15,15,0,12,0,0,0,0,0,0,457,2,1,2,0,0,13,7,0,0,26,13,0,0,0,45,11,10,52.4,France
"{'name': 'Algeria', 'id': '12', 'alpha3code': 'DZA', 'alpha2code': 'DZ'}",65,Farid,,Boulaya,3777,1993-02-25,180,"{'code2': 'MD', 'code3': 'MID', 'name': 'Midfielder'}","{'name': 'France', 'id': '250', 'alpha3code': 'FRA', 'alpha2code': 'FR'}",209014,right,F. Boulaya,null,Farid Boulaya,Farid Boulaya,Farid Boulaya,dz ALG,"MF,FW",Metz,24,1993,2.0,65,90,72.2,1328,287,23,31,74.2,32,40,80.0,9,11,81.8,1,0.1,0.2,0.9,2,10,2,2,7,5,50.0,4,1,0,3,6,3,1,0,1,1,6,2,0,Matches,90,82,8,4,0,3,6,1,3,2,1,0,65,0,7,0,0,0,4,3,0,6,1,1,0,0,0,10,1,0,100.0,France
"{'name': 'Croatia', 'id': '191', 'alpha3code': 'HRV', 'alpha2code': 'HR'}",72,Adrien,,Thomasson,3770,1993-12-10,177,"{'code2': 'MD', 'code3': 'MID', 'name': 'Midfielder'}","{'name': 'France', 'id': '250', 'alpha3code': 'FRA', 'alpha2code': 'FR'}",209028,right,A. Thomasson,null,Adrien Thomasson,Adrien Thomasson,Adrien Thomasson,fr FRA,"MF,FW",Nantes,23,1993,28.6,994,1330,74.7,13939,3726,565,676,83.6,315,405,77.8,47,97,48.5,3,3.2,2.7,-0.2,32,72,20,7,128,71,30.1,41,23,7,22,73,51,58,4,54,18,89,20,0,Matches,1330,1302,22,3,5,4,55,18,0,0,0,0,994,6,40,4,0,0,28,31,6,55,18,52,1,0,0,203,13,34,27.7,France
"{'name': ""C\\u00f4te d'Ivoire"", 'id': '384', 'alpha3code': 'CIV', 'alpha2code': 'CI'}",72,Kouadio Yves,,Dabila,3776,1997-01-01,183,"{'code2': 'DF', 'code3': 'DEF', 'name': 'Defender'}","{'name': ""C\\u00f4te d'Ivoire"", 'id': '384', 'alpha3code': 'CIV', 'alpha2code': 'CI'}",372904,right,K. Dabila,null,Kouadio Yves Dabila,Kouadio-Yves Dabila,Kouadio-Yves Dabila,ci CIV,DF,Lille,20,1997,10.5,432,517,83.6,7954,3019,162,173,93.6,210,241,87.1,50,86,58.1,0,0.1,0.1,-0.1,4,8,1,1,19,20,60.0,14,4,2,6,10,4,14,6,8,10,30,46,0,Matches,517,487,30,9,1,2,9,21,0,0,0,0,432,0,6,1,0,0,14,0,0,9,10,11,0,0,0,59,15,15,50.0,France
"{'name': 'France', 'id': '250', 'alpha3code': 'FRA', 'alpha2code': 'FR'}",73,Morgan,,Sanson,3771,1994-08-18,180,"{'code2': 'MD', 'code3': 'MID', 'name': 'Midfielder'}","{'name': 'France', 'id': '250', 'alpha3code': 'FRA', 'alpha2code': 'FR'}",209086,right,M. Sanson,null,Morgan Sanson,Morgan Sanson,Morgan Sanson,fr FRA,MF,Marseille,22,1994,24.1,831,1078,77.1,11776,2886,448,514,87.2,221,295,74.9,65,114,57.0,2,3.6,3.2,-1.6,37,69,26,10,94,64,29.6,13,34,17,21,71,50,30,0,30,25,89,5,1,Matches,1078,1041,30,12,11,16,82,10,7,7,0,0,831,7,23,8,0,0,46,60,6,82,25,40,0,0,0,134,21,37,36.2,France
"{'name': 'Senegal', 'id': '686', 'alpha3code': 'SEN', 'alpha2code': 'SN'}",70,Abdallah,,N'Dour,3779,1993-12-20,186,"{'code2': 'DF', 'code3': 'DEF', 'name': 'Defender'}","{'name': 'Senegal', 'id': '686', 'alpha3code': 'SEN', 'alpha2code': 'SN'}",209095,left,A. N'Dour,null,Abdallah N'Dour,Abdallah N'dour,Abdallah N'dour,sn SEN,DF,Strasbourg,23,1993,2.8,95,129,73.6,1530,641,55,61,90.2,24,31,77.4,12,25,48.0,0,0.2,0.2,-0.2,4,4,4,3,9,9,50.0,6,3,0,5,10,5,6,1,5,2,11,5,0,Matches,129,101,28,0,0,2,13,28,0,0,0,0,95,0,5,2,1,0,4,6,0,13,2,5,0,0,0,18,1,2,33.3,France
"{'name': 'France', 'id': '250', 'alpha3code': 'FRA', 'alpha2code': 'FR'}",71,Adrien,,Rabiot,3767,1995-04-03,188,"{'code2': 'MD', 'code3': 'MID', 'name': 'Midfielder'}","{'name': 'France', 'id': '250', 'alpha3code': 'FRA', 'alpha2code': 'FR'}",209117,left,A. Rabiot,null,Adrien Rabiot,Adrien Rabiot,Adrien Rabiot,fr FRA,MF,Paris S-G,22,1995,26.2,2040,2228,91.6,31387,8488,1022,1091,93.7,730,776,94.1,154,183,84.2,5,3.7,3.7,1.3,26,155,26,6,199,59,41.7,27,23,9,15,36,21,29,10,19,33,92,22,1,Matches,2228,2183,41,28,6,13,20,12,1,0,0,0,2040,4,20,2,0,0,36,22,0,20,33,36,0,0,0,187,32,18,64.0,France
"{'name': 'Gabon', 'id': '266', 'alpha3code': 'GAB', 'alpha2code': 'GA'}",64,Johann,,Obiang,3795,1993-07-05,170,"{'code2': 'DF', 'code3': 'DEF', 'name': 'Defender'}","{'name': 'France', 'id': '250', 'alpha3code': 'FRA', 'alpha2code': 'FR'}",209207,left,J. Obiang,null,Johann Obiang,Johann Obiang,Johann Obiang,ga GAB,DF,Troyes,24,1993,5.2,180,263,68.4,2768,1359,96,110,87.3,59,93,63.4,14,35,40.0,0,0.1,0.1,-0.1,2,10,2,2,25,13,46.2,9,2,2,6,13,7,9,1,8,7,20,15,0,Matches,263,203,60,2,1,0,19,58,0,0,0,0,180,0,8,1,0,0,7,5,0,19,7,9,0,0,0,17,5,11,31.3,France
"{'name': 'France', 'id': '250', 'alpha3code': 'FRA', 'alpha2code': 'FR'}",70,Flavien,,Tait,3799,1993-02-02,175,"{'code2': 'MD', 'code3': 'MID', 'name': 'Midfielder'}","{'name': 'France', 'id': '250', 'alpha3code': 'FRA', 'alpha2code': 'FR'}",209209,right,F. Tait,null,Flavien Tait,Flavien Tait,Flavien Tait,fr FRA,MF,Angers,24,1993,24.8,692,980,70.6,10610,3380,398,477,83.4,192,279,68.8,69,124,55.6,3,5.3,4.1,-2.3,37,65,29,7,103,50,23.1,26,18,6,18,78,60,43,4,39,20,70,17,1,Matches,980,902,73,15,10,4,102,17,39,20,16,0,692,5,40,4,1,1,29,50,3,102,20,36,0,0,0,160,2,17,10.5,France
"{'name': 'Senegal', 'id': '686', 'alpha3code': 'SEN', 'alpha2code': 'SN'}",94,Alexandre,,Mendy,3772,1994-03-20,185,"{'code2': 'FW', 'code3': 'FWD', 'name': 'Forward'}","{'name': 'France', 'id': '250', 'alpha3code': 'FRA', 'alpha2code': 'FR'}",274970,right,A. Mendy,null,Alexandre Mendy,Alexandre Mendy,Alexandre Mendy,gw GNB,FW,Bordeaux,23,1994,8.8,127,178,71.3,1757,218,66,91,72.5,45,55,81.8,4,7,57.1,0,0.7,0.7,-0.7,7,7,2,0,13,4,16.7,1,2,1,1,6,5,5,1,4,1,5,4,0,Matches,178,162,16,0,1,1,2,0,0,0,0,0,127,0,4,2,0,0,17,7,14,2,1,4,0,0,0,28,34,50,40.5,France
"{'name': 'France', 'id': '250', 'alpha3code': 'FRA', 'alpha2code': 'FR'}",70,Moussa,,Sylla,19830,1999-11-25,181,"{'code2': 'FW', 'code3': 'FWD', 'name': 'Forward'}","{'name': 'France', 'id': '250', 'alpha3code': 'FRA', 'alpha2code': 'FR'}",471589,right,M. Sylla,null,Moussa Sylla,Moussa Sylla,Moussa Sylla,ml MLI,FW,Monaco,17,1999,3.4,39,69,56.5,491,104,28,44,63.6,8,15,53.3,1,1,100.0,0,0.1,0.2,-0.1,3,3,4,0,7,0,0.0,0,0,0,0,2,2,2,0,2,0,0,1,0,Matches,69,64,5,0,1,0,2,1,0,0,0,0,39,0,3,1,0,0,8,4,2,2,0,0,0,0,0,8,12,16,42.9,France
"{'name': 'France', 'id': '250', 'alpha3code': 'FRA', 'alpha2code': 'FR'}",79,Enzo,,Crivelli,3783,1995-02-06,184,"{'code2': 'FW', 'code3': 'FWD', 'name': 'Forward'}","{'name': 'France', 'id': '250', 'alpha3code': 'FRA', 'alpha2code': 'FR'}",275032,right,E. Crivelli,null,Enzo Crivelli,Enzo Crivelli,Enzo Crivelli,fr FRA,FW,Angers,22,1995,11.4,163,261,62.5,1984,359,118,165,71.5,30,54,55.6,4,8,50.0,1,0.7,0.5,0.3,12,9,5,1,19,13,20.0,2,6,5,1,5,4,4,0,4,2,15,6,0,Matches,261,248,12,0,1,0,5,0,0,0,0,0,163,1,7,6,1,0,27,20,6,5,2,9,0,0,0,20,49,61,44.5,France
"{'name': 'France', 'id': '250', 'alpha3code': 'FRA', 'alpha2code': 'FR'}",79,Enzo,,Crivelli,3783,1995-02-06,184,"{'code2': 'FW', 'code3': 'FWD', 'name': 'Forward'}","{'name': 'France', 'id': '250', 'alpha3code': 'FRA', 'alpha2code': 'FR'}",275032,right,E. Crivelli,null,Enzo Crivelli,Enzo Crivelli,Enzo Crivelli,fr FRA,FW,Caen,22,1995,8.1,84,145,57.9,1040,139,44,73,60.3,25,36,69.4,1,5,20.0,0,0.2,0.3,-0.2,4,4,1,0,6,4,20.0,2,1,1,1,5,4,1,0,1,2,6,2,0,Matches,145,136,9,1,0,1,1,0,0,0,0,0,84,0,5,2,0,0,12,11,3,1,2,2,1,0,0,13,32,38,45.7,France
"{'name': 'Luxembourg', 'id': '442', 'alpha3code': 'LUX', 'alpha2code': 'LU'}",60,Vincent,,Thill,3777,2000-02-04,168,"{'code2': 'MD', 'code3': 'MID', 'name': 'Midfielder'}","{'name': 'Luxembourg', 'id': '442', 'alpha3code': 'LUX', 'alpha2code': 'LU'}",406156,left,V. Thill,14768,Vincent Thill,Vincent Thill,Vincent Thill,lu LUX,MF,Metz,17,2000,0.3,14,17,82.4,231,13,5,7,71.4,9,10,90.0,0,0,,0,0.0,0.0,0.0,0,2,0,0,1,0,,0,0,0,0,0,0,0,0,0,0,0,0,0,Matches,17,16,1,1,0,0,0,0,0,0,0,0,14,0,0,0,0,0,0,0,0,0,0,0,0,0,0,2,0,0,,France
"{'name': 'Morocco', 'id': '504', 'alpha3code': 'MAR', 'alpha2code': 'MA'}",67,Imad,,Faraj,3776,1999-02-11,172,"{'code2': 'MD', 'code3': 'MID', 'name': 'Midfielder'}","{'name': 'France', 'id': '250', 'alpha3code': 'FRA', 'alpha2code': 'FR'}",471771,right,I. Faraj,33157,Imad Faraj,Imad Faraj,Imad Faraj,ma MAR,"MF,DF",Lille,18,1999,1.8,60,81,74.1,847,290,37,41,90.2,17,27,63.0,3,7,42.9,1,1.0,0.5,0.0,3,5,3,2,6,5,50.0,2,1,2,4,8,4,1,0,1,4,9,3,0,Matches,81,71,10,0,0,0,7,10,0,0,0,0,60,0,2,0,0,0,1,3,1,7,4,2,0,0,0,9,2,3,40.0,France
"{'name': 'France', 'id': '250', 'alpha3code': 'FRA', 'alpha2code': 'FR'}",65,L\u00e9o,,Dubois,3766,1994-09-14,178,"{'code2': 'DF', 'code3': 'DEF', 'name': 'Defender'}","{'name': 'France', 'id': '250', 'alpha3code': 'FRA', 'alpha2code': 'FR'}",242446,right,L. Dubois,null,Léo Dubois,Leo Dubois,Leo Dubois,fr FRA,DF,Nantes,22,1994,33.6,1403,1998,70.2,24776,12947,708,789,89.7,471,645,73.0,192,443,43.3,4,6.7,6.0,-2.7,58,138,41,22,171,50,42.6,33,15,2,20,47,27,47,13,34,50,100,99,2,Matches,1998,1462,528,78,0,13,251,367,81,20,55,0,1403,8,64,5,0,0,24,30,2,251,50,39,1,1,0,228,34,35,49.3,France
"{'name': 'Tunisia', 'id': '788', 'alpha3code': 'TUN', 'alpha2code': 'TN'}",68,Sa\u00eef-Eddine,,Khaoui,3771,1995-04-27,182,"{'code2': 'MD', 'code3': 'MID', 'name': 'Midfielder'}","{'name': 'France', 'id': '250', 'alpha3code': 'FRA', 'alpha2code': 'FR'}",275243,left,S. Khaoui,16276,Saîf-Eddine Khaoui,Saîf-Eddine Khaoui,Saîf-Eddine Khaoui,tn TUN,"MF,FW",Troyes,22,1995,21.7,483,746,64.7,7098,3108,273,346,78.9,128,197,65.0,40,106,37.7,2,2.6,2.6,-0.6,31,53,16,1,72,57,30.0,22,27,8,15,50,35,12,2,10,27,84,9,0,Matches,746,626,113,37,5,3,104,4,71,34,31,0,483,7,25,1,0,0,40,26,1,104,27,25,0,0,0,119,9,20,31.0,France
"{'name': 'France', 'id': '250', 'alpha3code': 'FRA', 'alpha2code': 'FR'}",71,Eden,,Massouema,3804,1997-06-29,184,"{'code2': 'MD', 'code3': 'MID', 'name': 'Midfielder'}","{'name': 'France', 'id': '250', 'alpha3code': 'FRA', 'alpha2code': 'FR'}",373817,right,E. Massouema,null,Eden Massouema,Eden Massouema,Eden Massouema,cg CGO,"MF,FW",Dijon,20,1997,2.1,51,71,71.8,834,189,26,34,76.5,21,27,77.8,4,6,66.7,0,0.3,0.2,-0.3,2,5,1,0,5,2,100.0,2,0,0,2,2,0,3,0,3,5,7,2,0,Matches,71,69,1,1,1,0,0,0,0,0,0,0,51,1,1,1,0,0,6,2,0,0,5,1,0,0,0,6,4,2,66.7,France
"{'name': 'France', 'id': '250', 'alpha3code': 'FRA', 'alpha2code': 'FR'}",75,Quentin,,Boisgard,3780,1997-03-17,174,"{'code2': 'MD', 'code3': 'MID', 'name': 'Midfielder'}","{'name': 'France', 'id': '250', 'alpha3code': 'FRA', 'alpha2code': 'FR'}",374118,right,Q. Boisgard,null,Quentin Boisgard,Quentin Boisgard,Quentin Boisgard,fr FRA,MF,Toulouse,20,1997,2.0,55,87,63.2,732,238,33,43,76.7,13,22,59.1,4,7,57.1,0,0.1,0.1,-0.1,2,9,2,0,11,2,0.0,0,2,0,0,3,3,2,0,2,0,2,1,0,Matches,87,84,3,0,0,0,9,0,2,1,1,0,55,0,7,1,0,0,4,3,1,9,0,2,0,0,0,8,4,5,44.4,France
"{'name': 'Morocco', 'id': '504', 'alpha3code': 'MAR', 'alpha2code': 'MA'}",75,K\u00e9vin,,Malcuit,3776,1991-07-31,178,"{'code2': 'DF', 'code3': 'DEF', 'name': 'Defender'}","{'name': 'France', 'id': '250', 'alpha3code': 'FRA', 'alpha2code': 'FR'}",144867,right,K. Malcuit,null,Kévin Malcuit,Kévin Malcuit,Kévin Malcuit,ma MAR,DF,Lille,26,1991,20.2,944,1200,78.7,14167,5915,540,609,88.7,301,376,80.1,60,128,46.9,6,3.5,3.4,2.5,25,71,20,12,110,51,68.0,31,16,4,17,25,8,13,5,8,38,89,47,0,Matches,1200,1021,177,24,1,6,67,153,0,0,0,0,944,2,37,2,0,0,12,32,5,67,38,37,1,0,1,147,13,12,52.0,France
"{'name': 'France', 'id': '250', 'alpha3code': 'FRA', 'alpha2code': 'FR'}",88,Christopher,,Jullien,3780,1993-03-22,196,"{'code2': 'DF', 'code3': 'DEF', 'name': 'Defender'}","{'name': 'France', 'id': '250', 'alpha3code': 'FRA', 'alpha2code': 'FR'}",144884,right,C. Jullien,null,Christopher Jullien,Christopher Jullien,Christopher Jullien,fr FRA,DF,Toulouse,24,1993,28.9,983,1248,78.8,22850,10072,240,275,87.3,519,595,87.2,220,354,62.1,2,0.7,0.7,1.3,9,88,5,1,103,36,46.9,27,9,0,15,32,17,29,19,10,40,76,182,5,Matches,1248,1191,52,48,0,29,2,4,0,0,0,0,983,5,5,7,0,0,31,7,1,2,40,25,0,0,0,138,124,40,75.6,France
"{'name': 'Martinique', 'id': '474', 'alpha3code': 'MTQ', 'alpha2code': 'MQ'}",73,Ludovic,,Blas,3785,1997-12-31,180,"{'code2': 'MD', 'code3': 'MID', 'name': 'Midfielder'}","{'name': 'France', 'id': '250', 'alpha3code': 'FRA', 'alpha2code': 'FR'}",340920,left,L. Blas,null,Ludovic Blas,Ludovic Blas,Ludovic Blas,fr FRA,MF,Guingamp,19,1997,19.9,829,975,85.0,14653,3717,377,413,91.3,316,355,89.0,102,142,71.8,2,1.5,1.2,0.5,18,80,11,2,128,23,19.4,10,12,1,7,36,29,15,3,12,19,42,9,1,Matches,975,949,20,11,1,11,7,4,2,1,0,0,829,6,16,3,1,1,28,33,4,7,19,14,0,0,0,127,19,33,36.5,France
"{'name': 'Guadeloupe', 'id': '312', 'alpha3code': 'GLP', 'alpha2code': 'GP'}",67,Allan,,Saint-Maximin,3775,1997-03-12,173,"{'code2': 'FW', 'code3': 'FWD', 'name': 'Forward'}","{'name': 'France', 'id': '250', 'alpha3code': 'FRA', 'alpha2code': 'FR'}",276211,right,A. Saint-Maximin,null,Allan Saint-Maximin,Allan Saint-Maximin,Allan Saint-Maximin,fr FRA,MF,Monaco,20,1997,0.2,3,4,75.0,49,13,2,3,66.7,1,1,100.0,0,0,,0,0.3,0.1,-0.3,1,0,1,1,0,0,,0,0,0,0,0,0,0,0,0,0,0,0,0,Matches,4,4,0,0,0,0,1,0,0,0,0,0,3,0,0,0,0,0,0,1,1,1,0,0,0,0,0,1,0,2,0.0,France
"{'name': 'Guadeloupe', 'id': '312', 'alpha3code': 'GLP', 'alpha2code': 'GP'}",67,Allan,,Saint-Maximin,3775,1997-03-12,173,"{'code2': 'FW', 'code3': 'FWD', 'name': 'Forward'}","{'name': 'France', 'id': '250', 'alpha3code': 'FRA', 'alpha2code': 'FR'}",276211,right,A. Saint-Maximin,null,Allan Saint-Maximin,Allan Saint-Maximin,Allan Saint-Maximin,fr FRA,"FW,MF",Nice,20,1997,25.0,674,918,73.4,10752,2368,381,464,82.1,232,310,74.8,44,75,58.7,7,4.9,5.3,2.1,46,24,38,10,85,18,42.9,13,2,3,12,28,16,12,1,11,11,29,10,0,Matches,918,900,9,0,1,22,70,7,2,0,2,0,674,9,38,1,0,0,9,39,5,70,11,14,2,0,0,110,10,15,40.0,France
"{'name': ""C\\u00f4te d'Ivoire"", 'id': '384', 'alpha3code': 'CIV', 'alpha2code': 'CI'}",77,Ibrahim,,Sangar\u00e9,3780,1997-12-02,191,"{'code2': 'MD', 'code3': 'MID', 'name': 'Midfielder'}","{'name': ""C\\u00f4te d'Ivoire"", 'id': '384', 'alpha3code': 'CIV', 'alpha2code': 'CI'}",375001,right,I. Sangar\u00e9,null,Ibrahim Sangaré,Ibrahim Sangaré,Ibrahim Sangaré,ci CIV,MF,Toulouse,19,1997,17.6,609,829,73.5,11514,3818,253,307,82.4,239,310,77.1,95,163,58.3,2,1.4,1.3,0.6,19,98,8,1,126,72,42.0,35,34,3,29,69,40,33,7,26,24,96,19,1,Matches,829,805,23,13,7,10,15,6,0,0,0,0,609,1,18,5,0,0,39,22,0,15,24,47,0,1,0,145,28,25,52.8,France
"{'name': 'France', 'id': '250', 'alpha3code': 'FRA', 'alpha2code': 'FR'}",75,Quentin,,Cornette,3789,1994-01-17,172,"{'code2': 'FW', 'code3': 'FWD', 'name': 'Forward'}","{'name': 'France', 'id': '250', 'alpha3code': 'FRA', 'alpha2code': 'FR'}",243931,right,Q. Cornette,null,Quentin Cornette,Quentin Cornette,Quentin Cornette,fr FRA,"FW,MF",Amiens,23,1994,5.0,97,139,69.8,1212,470,55,65,84.6,26,36,72.2,4,14,28.6,2,0.9,0.5,1.1,6,16,2,0,20,11,23.1,5,3,3,3,13,10,7,0,7,3,14,5,0,Matches,139,132,4,1,1,0,6,0,3,2,1,0,97,3,2,1,0,0,10,10,0,6,3,8,0,0,0,37,1,5,16.7,France
"{'name': 'Italy', 'id': '380', 'alpha3code': 'ITA', 'alpha2code': 'IT'}",75,Diego,,Contento,3772,1990-05-01,177,"{'code2': 'DF', 'code3': 'DEF', 'name': 'Defender'}","{'name': 'Germany', 'id': '276', 'alpha3code': 'DEU', 'alpha2code': 'DE'}",14717,left,D. Contento,null,Diego Contento,Diego Contento,Diego Contento,de GER,"DF,MF",Bordeaux,27,1990,1.2,25,32,78.1,398,174,16,17,94.1,6,9,66.7,3,5,60.0,1,0.4,0.2,0.6,1,1,0,0,1,3,100.0,1,2,0,1,1,0,2,1,1,1,4,9,0,Matches,32,28,4,0,0,0,1,4,0,0,0,0,25,0,1,0,0,0,0,0,0,1,1,0,0,0,0,4,0,2,0.0,France
"{'name': 'Italy', 'id': '380', 'alpha3code': 'ITA', 'alpha2code': 'IT'}",71,Valent\u00edn,,Vada,3772,1996-03-06,175,"{'code2': 'MD', 'code3': 'MID', 'name': 'Midfielder'}","{'name': 'Argentina', 'id': '32', 'alpha3code': 'ARG', 'alpha2code': 'AR'}",276920,right,V. Vada,null,Valentín Vada,Valentín Vada,Valentín Vada,ar ARG,MF,Bordeaux,21,1996,9.6,511,610,83.8,7517,1929,281,305,92.1,147,176,83.5,36,65,55.4,1,0.4,0.7,0.6,7,45,8,2,59,22,25.0,7,14,1,8,32,24,8,1,7,6,28,5,1,Matches,610,549,61,25,2,8,34,5,24,13,6,0,511,0,10,4,0,0,16,20,1,34,6,11,0,0,0,57,4,8,33.3,France
"{'name': ""C\\u00f4te d'Ivoire"", 'id': '384', 'alpha3code': 'CIV', 'alpha2code': 'CI'}",72,Jonathan,,Bamba,3782,1996-03-26,175,"{'code2': 'FW', 'code3': 'FWD', 'name': 'Forward'}","{'name': 'France', 'id': '250', 'alpha3code': 'FRA', 'alpha2code': 'FR'}",276944,right,J. Bamba,4425,Jonathan Bamba,Jonathan Bamba,Jonathan Bamba,ci CIV,FW,Saint-Étienne,21,1996,28.6,908,1219,74.5,13594,3340,496,581,85.4,289,371,77.9,72,139,51.8,8,8.7,5.9,-0.7,54,71,30,5,109,30,19.7,18,11,1,12,61,49,30,4,26,19,49,17,0,Matches,1219,1075,132,36,8,2,107,28,53,18,15,1,908,12,42,1,0,0,30,48,20,107,19,21,2,0,0,160,24,44,35.3,France
"{'name': 'United States', 'id': '840', 'alpha3code': 'USA', 'alpha2code': 'US'}",83,Neven,,Suboti\u0107,3782,1988-12-10,191,"{'code2': 'DF', 'code3': 'DEF', 'name': 'Defender'}","{'name': 'Serbia', 'id': '688', 'alpha3code': 'SRB', 'alpha2code': 'RS'}",14801,right,N. Suboti\u0107,null,Neven Subotić,Neven Subotić,Neven Subotić,rs SRB,DF,Saint-Étienne,28,1988,16.0,712,833,85.5,15268,4948,200,212,94.3,383,426,89.9,123,180,68.3,1,0.9,1.1,0.1,4,32,2,0,31,23,37.0,16,7,0,10,27,17,13,9,4,18,41,96,1,Matches,833,821,11,11,1,4,1,0,0,0,0,0,712,1,4,1,0,0,6,5,0,1,18,14,0,0,0,86,45,22,67.2,France
"{'name': 'Senegal', 'id': '686', 'alpha3code': 'SEN', 'alpha2code': 'SN'}",74,Adama,,Diakhaby,19830,1996-07-05,188,"{'code2': 'FW', 'code3': 'FWD', 'name': 'Forward'}","{'name': 'France', 'id': '250', 'alpha3code': 'FRA', 'alpha2code': 'FR'}",276978,left,A. Diakhaby,4425,Adama Diakhaby,Adama Diakhaby,Adama Diakhaby,fr FRA,FW,Monaco,21,1996,9.4,140,211,66.4,1900,360,94,112,83.9,37,60,61.7,6,16,37.5,3,0.6,0.5,2.4,8,5,4,2,7,23,37.5,6,12,5,6,16,10,13,0,13,13,36,5,0,Matches,211,204,5,0,2,1,20,3,0,0,0,0,140,2,11,2,1,0,15,14,10,20,13,15,0,0,0,39,15,27,35.7,France
"{'name': 'Senegal', 'id': '686', 'alpha3code': 'SEN', 'alpha2code': 'SN'}",73,Ferland,,Mendy,3766,1995-06-08,178,"{'code2': 'DF', 'code3': 'DEF', 'name': 'Defender'}","{'name': 'France', 'id': '250', 'alpha3code': 'FRA', 'alpha2code': 'FR'}",276979,left,F. Mendy,null,Ferland Mendy,Ferland Mendy,Ferland Mendy,fr FRA,DF,Lyon,22,1995,23.6,1341,1575,85.1,19206,5697,803,862,93.2,428,511,83.8,65,103,63.1,5,2.4,2.3,2.6,27,85,25,10,131,45,64.5,29,13,3,20,31,11,18,5,13,25,70,43,0,Matches,1575,1339,230,21,0,4,58,209,0,0,0,0,1341,6,37,4,0,0,30,46,0,58,25,28,1,3,0,149,37,25,59.7,France
"{'name': 'Belgium', 'id': '56', 'alpha3code': 'BEL', 'alpha2code': 'BE'}",77,Isaac,,Mbenza,3787,1996-03-08,187,"{'code2': 'FW', 'code3': 'FWD', 'name': 'Forward'}","{'name': 'France', 'id': '250', 'alpha3code': 'FRA', 'alpha2code': 'FR'}",276983,right,I. Mbenza,5635,Isaac Mbenza,Isaac Mbenza,Isaac Mbenza,be BEL,"FW,MF",Montpellier,21,1996,23.3,424,652,65.0,7259,1410,230,283,81.3,123,188,65.4,57,126,45.2,0,1.6,1.4,-1.6,29,27,9,5,45,16,37.5,4,8,4,6,16,10,8,1,7,4,20,5,0,Matches,652,566,82,32,1,4,122,2,43,10,30,0,424,4,26,4,0,0,12,19,13,122,4,11,0,0,0,69,7,11,38.9,France
"{'name': 'Germany', 'id': '276', 'alpha3code': 'DEU', 'alpha2code': 'DE'}",72,Julian,,Draxler,3767,1993-09-20,187,"{'code2': 'MD', 'code3': 'MID', 'name': 'Midfielder'}","{'name': 'Germany', 'id': '276', 'alpha3code': 'DEU', 'alpha2code': 'DE'}",14862,right,J. Draxler,3148,Julian Draxler,Julian Draxler,Julian Draxler,de GER,"MF,FW",Paris S-G,23,1993,18.9,1255,1378,91.1,18371,3579,666,701,95.0,398,430,92.6,84,110,76.4,5,4.5,3.5,0.5,25,85,25,1,117,20,18.8,4,13,3,6,32,26,18,2,16,28,48,8,0,Matches,1378,1319,52,7,14,13,25,8,36,10,6,1,1255,7,12,1,0,0,14,10,2,25,28,14,0,0,0,108,10,9,52.6,France
"{'name': 'Italy', 'id': '380', 'alpha3code': 'ITA', 'alpha2code': 'IT'}",89,Diego,,Benaglio,19830,1983-09-08,194,"{'code2': 'GK', 'code3': 'GKP', 'name': 'Goalkeeper'}","{'name': 'Switzerland', 'id': '756', 'alpha3code': 'CHE', 'alpha2code': 'CH'}",14913,right,D. Benaglio,null,Diego Benaglio,Diego Benaglio,Diego Benaglio,ch SUI,GK,Monaco,33,1983,2.5,49,65,75.4,1413,1050,7,7,100.0,23,23,100.0,19,35,54.3,0,0.0,0.0,0.0,0,1,0,0,0,0,,0,0,0,0,0,0,0,0,0,0,0,0,0,Matches,65,36,29,6,0,0,0,0,0,0,0,0,49,0,0,0,0,0,0,0,0,0,0,0,0,0,0,3,0,1,0.0,France
"{'name': 'South Africa', 'id': '710', 'alpha3code': 'ZAF', 'alpha2code': 'ZA'}",70,Keagan,,Dolly,3787,1993-01-22,170,"{'code2': 'FW', 'code3': 'FWD', 'name': 'Forward'}","{'name': 'South Africa', 'id': '710', 'alpha3code': 'ZAF', 'alpha2code': 'ZA'}",244335,left,K. Dolly,16424,Keagan Dolly,Keagan Dolly,Keagan Dolly,za RSA,"MF,FW",Montpellier,24,1993,9.8,340,446,76.2,5199,1619,192,220,87.3,105,133,78.9,27,54,50.0,2,1.6,1.5,0.4,28,30,11,6,46,12,9.1,2,7,3,1,11,10,11,0,11,1,13,2,0,Matches,446,380,64,8,0,3,64,17,35,3,25,0,340,2,15,1,0,0,3,2,2,64,1,7,0,0,0,49,6,12,33.3,France
"{'name': 'South Africa', 'id': '710', 'alpha3code': 'ZAF', 'alpha2code': 'ZA'}",76,Bongani,,Zungu,3789,1992-10-09,184,"{'code2': 'MD', 'code3': 'MID', 'name': 'Midfielder'}","{'name': 'South Africa', 'id': '710', 'alpha3code': 'ZAF', 'alpha2code': 'ZA'}",244357,right,B. Zungu,16424,Bongani Zungu,Bongani Zungu,Bongani Zungu,za RSA,MF,Amiens,24,1992,23.2,897,1096,81.8,16698,4636,378,430,87.9,367,429,85.5,121,170,71.2,0,0.4,0.4,-0.4,12,66,2,1,90,54,42.9,21,26,7,24,56,32,30,5,25,38,92,41,2,Matches,1096,1065,27,26,0,26,12,1,0,0,0,0,897,4,13,5,0,0,37,23,0,12,38,37,0,0,0,177,30,32,48.4,France
"{'name': 'France', 'id': '250', 'alpha3code': 'FRA', 'alpha2code': 'FR'}",78,Fallou,,Diagne,3777,1989-08-14,185,"{'code2': 'DF', 'code3': 'DEF', 'name': 'Defender'}","{'name': 'Senegal', 'id': '686', 'alpha3code': 'SEN', 'alpha2code': 'SN'}",14990,right,F. Diagne,null,Fallou Diagne,Fallou Diagne,Fallou Diagne,sn SEN,"DF,MF",Metz,27,1989,24.9,794,1019,77.9,19726,7477,161,192,83.9,394,469,84.0,238,345,69.0,1,0.4,0.8,0.6,8,70,2,0,62,33,31.8,21,12,0,7,22,15,33,18,15,46,79,116,3,Matches,1019,973,41,39,0,25,2,1,0,0,0,0,794,5,9,8,2,0,29,5,2,2,46,20,0,0,0,163,62,30,67.4,France
"{'name': 'Croatia', 'id': '191', 'alpha3code': 'HRV', 'alpha2code': 'HR'}",90,Ivan,,Santini,3783,1989-05-21,190,"{'code2': 'FW', 'code3': 'FWD', 'name': 'Forward'}","{'name': 'Croatia', 'id': '191', 'alpha3code': 'HRV', 'alpha2code': 'HR'}",15004,right,I. Santini,null,Ivan Santini,Ivan Santini,Ivan Santini,hr CRO,FW,Caen,28,1989,30.9,452,717,63.0,5861,897,269,400,67.3,124,189,65.6,17,27,63.0,1,1.4,1.2,-0.4,24,29,4,0,45,19,13.8,5,8,6,4,29,25,13,5,8,4,23,33,0,Matches,717,695,20,0,2,1,4,1,0,0,0,0,452,2,20,3,0,0,79,53,18,4,4,12,2,0,0,70,111,164,40.4,France
"{'name': 'Germany', 'id': '276', 'alpha3code': 'DEU', 'alpha2code': 'DE'}",88,Kevin,,Trapp,3767,1990-07-08,189,"{'code2': 'GK', 'code3': 'GKP', 'name': 'Goalkeeper'}","{'name': 'Germany', 'id': '276', 'alpha3code': 'DEU', 'alpha2code': 'DE'}",15062,right,K. Trapp,3148,Kevin Trapp,Kevin Trapp,Kevin Trapp,de GER,GK,Paris S-G,27,1990,4.0,85,92,92.4,1808,1270,19,19,100.0,57,58,98.3,8,13,61.5,0,0.0,0.0,0.0,0,0,0,0,0,0,,0,0,0,0,0,0,0,0,0,0,0,1,0,Matches,92,67,25,4,0,1,0,0,0,0,0,0,85,0,1,0,0,0,0,1,0,0,0,0,0,0,0,10,1,0,100.0,France
"{'name': 'France', 'id': '250', 'alpha3code': 'FRA', 'alpha2code': 'FR'}",83,Lucas,,Tousart,3766,1997-04-29,185,"{'code2': 'MD', 'code3': 'MID', 'name': 'Midfielder'}","{'name': 'France', 'id': '250', 'alpha3code': 'FRA', 'alpha2code': 'FR'}",342743,right,L. Tousart,4425,Lucas Tousart,Lucas Tousart,Lucas Tousart,fr FRA,MF,Lyon,20,1997,34.8,1323,1545,85.6,22331,5495,584,664,88.0,587,651,90.2,108,144,75.0,0,0.6,0.5,-0.6,13,75,5,0,105,98,38.8,41,55,2,38,98,60,41,16,25,52,150,79,0,Matches,1545,1508,34,33,5,11,5,1,0,0,0,0,1323,3,18,8,0,0,41,21,0,5,52,59,0,1,0,201,73,49,59.8,France
"{'name': 'Morocco', 'id': '504', 'alpha3code': 'MAR', 'alpha2code': 'MA'}",90,Anwar,,El Ghazi,3776,1995-05-03,189,"{'code2': 'FW', 'code3': 'FWD', 'name': 'Forward'}","{'name': 'Netherlands', 'id': '528', 'alpha3code': 'NLD', 'alpha2code': 'NL'}",286553,right,A. El Ghazi,null,Anwar El Ghazi,Anwar El Ghazi,Anwar El Ghazi,nl NED,"FW,MF",Lille,22,1995,18.3,440,645,68.2,6222,1883,264,315,83.8,108,163,66.3,32,81,39.5,4,3.1,2.7,0.9,25,22,19,7,55,23,31.0,7,13,3,9,29,20,11,1,10,7,30,7,1,Matches,645,561,79,11,1,3,103,25,42,19,16,0,440,5,34,2,0,0,17,15,3,103,7,18,0,0,0,53,17,27,38.6,France
"{'name': 'France', 'id': '250', 'alpha3code': 'FRA', 'alpha2code': 'FR'}",73,Morgan,,Poaty,3787,1997-07-15,177,"{'code2': 'DF', 'code3': 'DEF', 'name': 'Defender'}","{'name': 'France', 'id': '250', 'alpha3code': 'FRA', 'alpha2code': 'FR'}",343116,left,M. Poaty,null,Morgan Poaty,Morgan Poaty,Morgan Poaty,cg CGO,DF,Montpellier,20,1997,1.9,69,96,71.9,1118,380,31,37,83.8,31,38,81.6,5,13,38.5,0,0.1,0.2,-0.1,1,2,3,2,6,0,0.0,0,0,0,0,1,1,5,3,2,1,1,2,0,Matches,96,75,21,2,0,0,11,19,0,0,0,0,69,0,4,1,0,0,2,3,0,11,1,0,0,0,0,11,1,1,50.0,France
"{'name': 'France', 'id': '250', 'alpha3code': 'FRA', 'alpha2code': 'FR'}",69,Pierre,,Lees Melou,3775,1993-05-25,185,"{'code2': 'MD', 'code3': 'MID', 'name': 'Midfielder'}","{'name': 'France', 'id': '250', 'alpha3code': 'FRA', 'alpha2code': 'FR'}",277629,right,P. Lees Melou,null,Pierre Lees Melou,Pierre Lees-Melou,Pierre Lees-Melou,fr FRA,"MF,FW",Nice,24,1993,32.1,1319,1626,81.1,22460,5642,648,719,90.1,460,549,83.8,149,241,61.8,6,5.4,4.9,0.6,57,120,24,2,163,78,35.5,29,39,10,27,76,49,52,11,41,34,112,38,2,Matches,1626,1535,87,14,2,31,108,9,63,20,41,0,1319,4,32,6,1,0,55,37,8,108,34,47,1,0,1,176,13,31,29.5,France
"{'name': 'Tunisia', 'id': '788', 'alpha3code': 'TUN', 'alpha2code': 'TN'}",71,Bassem ,,Srarfi,3775,1997-06-25,176,"{'code2': 'MD', 'code3': 'MID', 'name': 'Midfielder'}","{'name': 'Tunisia', 'id': '788', 'alpha3code': 'TUN', 'alpha2code': 'TN'}",408827,left,B. Srarfi,16276,Bassem  Srarfi,Bassem Srarfi,Bassem Srarfi,tn TUN,"FW,MF",Nice,20,1997,9.7,302,373,81.0,4547,869,173,191,90.6,102,126,81.0,18,27,66.7,0,0.8,0.9,-0.8,7,13,7,2,23,17,28.6,6,9,2,4,14,10,12,0,12,7,24,6,1,Matches,373,370,3,2,0,4,17,0,1,0,0,0,302,0,17,1,0,0,15,20,4,17,7,11,1,0,0,36,6,11,35.3,France
"{'name': 'France', 'id': '250', 'alpha3code': 'FRA', 'alpha2code': 'FR'}",76,Rona\u00ebl,,Pierre-Gabriel,3782,1998-06-13,177,"{'code2': 'DF', 'code3': 'DEF', 'name': 'Defender'}","{'name': 'France', 'id': '250', 'alpha3code': 'FRA', 'alpha2code': 'FR'}",396616,right,R. Pierre-Gabriel,4425,Ronaël Pierre-Gabriel,Ronaël Pierre-Gabriel,Ronaël Pierre-Gabriel,fr FRA,DF,Saint-Étienne,19,1998,13.0,523,642,81.5,8211,3177,268,302,88.7,212,250,84.8,29,55,52.7,0,0.3,0.4,-0.3,6,35,4,1,52,43,60.7,33,7,3,17,28,11,11,2,9,9,52,35,0,Matches,642,490,147,10,1,1,12,137,0,0,0,0,523,5,14,2,1,0,14,15,0,12,9,31,0,1,0,48,7,15,31.8,France
"{'name': 'Cape Verde Islands', 'id': '132', 'alpha3code': 'CPV', 'alpha2code': 'CV'}",85,Steven,,Fort\u00e8s,3780,1992-04-17,192,"{'code2': 'DF', 'code3': 'DEF', 'name': 'Defender'}","{'name': 'France', 'id': '250', 'alpha3code': 'FRA', 'alpha2code': 'FR'}",270306,right,Steven Fort\u00e8s,null,Steven Fortès,Steven Fortes,Steven Fortes,cv CPV,DF,Toulouse,25,1992,1.7,64,79,81.0,1384,697,16,17,94.1,36,42,85.7,11,19,57.9,0,0.0,0.0,0.0,0,13,0,0,12,4,33.3,3,1,0,1,3,2,0,0,0,3,7,6,0,Matches,79,77,2,2,0,0,0,0,0,0,0,0,64,0,0,1,0,0,3,0,0,0,3,2,0,0,0,17,1,2,33.3,France
"{'name': 'Algeria', 'id': '12', 'alpha3code': 'DZA', 'alpha2code': 'DZ'}",82,Far\u00e8s,,Bahlouli,3776,1995-04-08,182,"{'code2': 'MD', 'code3': 'MID', 'name': 'Midfielder'}","{'name': 'France', 'id': '250', 'alpha3code': 'FRA', 'alpha2code': 'FR'}",245807,right,F. Bahlouli,null,Farès Bahlouli,Farès Bahlouli,Farès Bahlouli,fr FRA,"MF,FW",Lille,22,1995,3.4,99,152,65.1,1813,591,48,58,82.8,30,49,61.2,16,31,51.6,0,0.7,0.5,-0.7,11,6,4,2,9,10,28.6,4,3,3,2,7,5,7,0,7,1,11,1,0,Matches,152,124,27,8,0,2,35,0,19,6,12,0,99,1,6,2,0,0,12,10,3,35,1,8,0,0,0,15,1,3,25.0,France
"{'name': 'Gambia', 'id': '270', 'alpha3code': 'GMB', 'alpha2code': 'GM'}",83,Saidy,,Janko,3782,1995-10-22,181,"{'code2': 'DF', 'code3': 'DEF', 'name': 'Defender'}","{'name': 'Switzerland', 'id': '756', 'alpha3code': 'CHE', 'alpha2code': 'CH'}",278867,right,S. Janko,null,Saidy Janko,Saidy Janko,Saidy Janko,gm GAM,DF,Saint-Étienne,21,1995,15.8,623,813,76.6,9228,3076,384,434,88.5,198,265,74.7,29,66,43.9,0,0.8,0.9,-0.8,4,54,11,7,61,43,58.3,25,14,4,14,24,10,21,1,20,14,57,50,0,Matches,813,618,194,10,0,1,57,183,1,0,0,0,623,1,33,4,0,0,23,12,0,57,14,30,0,1,0,82,16,17,48.5,France
"{'name': 'France', 'id': '250', 'alpha3code': 'FRA', 'alpha2code': 'FR'}",70,Jules,,Kound\u00e9,3772,1998-11-12,178,"{'code2': 'DF', 'code3': 'DEF', 'name': 'Defender'}","{'name': 'France', 'id': '250', 'alpha3code': 'FRA', 'alpha2code': 'FR'}",410062,right,J. Kound\u00e9,null,Jules Koundé,Jules Koundé,Jules Koundé,fr FRA,DF,Bordeaux,18,1998,17.7,704,844,83.4,13655,5363,276,297,92.9,323,356,90.7,95,167,56.9,0,0.1,0.3,-0.1,3,52,3,0,63,26,76.5,19,7,0,13,17,4,14,11,3,14,40,97,0,Matches,844,817,25,25,4,12,1,0,0,0,0,0,704,2,6,1,0,0,9,6,1,1,14,19,0,0,0,106,30,34,46.9,France
"{'name': 'Switzerland', 'id': '756', 'alpha3code': 'CHE', 'alpha2code': 'CH'}",76,Vincent,,R\u00fcfli,3804,1988-01-22,180,"{'code2': 'DF', 'code3': 'DEF', 'name': 'Defender'}","{'name': 'Switzerland', 'id': '756', 'alpha3code': 'CHE', 'alpha2code': 'CH'}",49921,right,V. R\u00fcfli,null,Vincent Rüfli,Vincent Rüfli,Vincent Rüfli,ch SUI,"DF,FW",Dijon,29,1988,0.3,10,13,76.9,204,91,2,4,50.0,8,9,88.9,0,0,,0,0.0,0.0,0.0,0,1,0,0,1,4,100.0,3,1,0,3,3,0,1,0,1,1,5,0,0,Matches,13,8,5,0,0,0,0,5,0,0,0,0,10,0,0,0,0,0,3,0,0,0,1,1,0,0,0,1,0,1,0.0,France
"{'name': 'Czech Republic', 'id': '203', 'alpha3code': 'CZE', 'alpha2code': 'CZ'}",95,Tom\u00e1\u0161,,Koubek,3774,1992-08-26,198,"{'code2': 'GK', 'code3': 'GKP', 'name': 'Goalkeeper'}","{'name': 'Czech Republic', 'id': '203', 'alpha3code': 'CZE', 'alpha2code': 'CZ'}",82690,right,T. Koubek,11555,Tomáš Koubek,Tomáš Koubek,Tomáš Koubek,cz CZE,GK,Rennes,24,1992,34.0,571,973,58.7,19917,16051,57,58,98.3,228,236,96.6,285,676,42.2,0,0.0,0.1,0.0,0,24,0,0,0,0,0.0,0,0,0,0,1,1,0,0,0,3,3,22,3,Matches,973,574,399,130,0,6,0,0,0,0,0,0,571,0,2,0,0,0,1,3,0,0,3,0,0,1,0,49,16,1,94.1,France
"{'name': 'Senegal', 'id': '686', 'alpha3code': 'SEN', 'alpha2code': 'SN'}",80,Seydou,,Sy,19830,1995-12-12,192,"{'code2': 'GK', 'code3': 'GKP', 'name': 'Goalkeeper'}","{'name': 'Senegal', 'id': '686', 'alpha3code': 'SEN', 'alpha2code': 'SN'}",344927,right,S. Sy,null,Seydou Sy,Seydou Sy,Seydou Sy,sn SEN,GK,Monaco,21,1995,2.8,60,93,64.5,2042,1691,8,8,100.0,21,21,100.0,31,63,49.2,0,0.0,0.0,0.0,0,0,0,0,0,0,,0,0,0,0,0,0,0,0,0,0,0,2,0,Matches,93,46,46,10,0,0,0,0,0,0,0,0,60,1,0,1,0,0,0,0,0,0,0,0,0,0,0,2,1,1,50.0,France
"{'name': 'Tunisia', 'id': '788', 'alpha3code': 'TUN', 'alpha2code': 'TN'}",69,Ellyes,,Skhiri,3787,1995-05-10,185,"{'code2': 'MD', 'code3': 'MID', 'name': 'Midfielder'}","{'name': 'France', 'id': '250', 'alpha3code': 'FRA', 'alpha2code': 'FR'}",246946,right,E. Skhiri,16276,Ellyes Skhiri,Ellyes Skhiri,Ellyes Skhiri,tn TUN,MF,Montpellier,22,1995,33.9,1355,1584,85.5,23643,6048,644,724,89.0,503,565,89.0,166,207,80.2,1,1.4,1.2,-0.4,32,128,18,1,178,89,42.0,34,47,8,37,88,51,59,10,49,77,166,57,4,Matches,1584,1552,28,26,7,27,8,2,0,0,0,0,1355,4,26,8,0,0,37,31,0,8,77,54,0,0,0,225,35,34,50.7,France
"{'name': 'France', 'id': '250', 'alpha3code': 'FRA', 'alpha2code': 'FR'}",58,Vincent,,Koziello,2463,1995-10-28,168,"{'code2': 'MD', 'code3': 'MID', 'name': 'Midfielder'}","{'name': 'France', 'id': '250', 'alpha3code': 'FRA', 'alpha2code': 'FR'}",279734,right,V. Koziello,null,Vincent Koziello,Vincent Koziello,Vincent Koziello,fr FRA,MF,Nice,21,1995,9.0,557,593,93.9,9518,2251,266,283,94.0,231,239,96.7,48,51,94.1,0,0.3,0.5,-0.3,7,43,1,0,44,16,31.3,9,5,2,5,16,11,8,3,5,19,35,7,1,Matches,593,575,17,14,1,3,0,3,0,0,0,0,557,1,6,3,0,0,11,13,1,0,19,8,0,0,0,59,3,13,18.8,France
"{'name': 'Algeria', 'id': '12', 'alpha3code': 'DZA', 'alpha2code': 'DZ'}",58,Maxime,,Lopez,3771,1997-12-04,167,"{'code2': 'MD', 'code3': 'MID', 'name': 'Midfielder'}","{'name': 'France', 'id': '250', 'alpha3code': 'FRA', 'alpha2code': 'FR'}",280115,right,M. Lopez,4425,Maxime Lopez,Maxime Lopez,Maxime Lopez,fr FRA,"MF,FW",Marseille,19,1997,15.3,1292,1439,89.8,17990,5891,761,795,95.7,337,381,88.5,87,127,68.5,1,1.7,2.4,-0.7,30,120,21,8,159,30,21.4,12,12,6,12,56,44,16,2,14,7,37,6,1,Matches,1439,1375,59,27,5,7,46,9,21,9,7,0,1292,5,7,2,0,0,32,18,1,46,7,20,0,0,0,98,2,11,15.4,France
"{'name': 'France', 'id': '250', 'alpha3code': 'FRA', 'alpha2code': 'FR'}",69,J\u00e9r\u00e9mie,,Porsan-Clemente,3787,1997-12-16,179,"{'code2': 'FW', 'code3': 'FWD', 'name': 'Forward'}","{'name': 'Martinique', 'id': '474', 'alpha3code': 'MTQ', 'alpha2code': 'MQ'}",280116,right,J. Porsan-Clemente,null,Jérémie Porsan-Clemente,Jérémie Porsan-Clémenté,Jérémie Porsan-Clémenté,mq MTQ,DF,Montpellier,19,1997,1.0,24,40,60.0,353,150,15,18,83.3,6,13,46.2,2,6,33.3,0,0.1,0.0,-0.1,1,1,0,0,1,3,100.0,1,2,0,2,2,0,1,0,1,1,4,4,1,Matches,40,29,11,0,0,0,5,11,0,0,0,0,24,0,0,1,0,0,1,1,0,5,1,2,0,0,0,7,3,2,60.0,France
"{'name': 'France', 'id': '250', 'alpha3code': 'FRA', 'alpha2code': 'FR'}",70,R\u00e9mi,,Walter,3795,1995-04-26,174,"{'code2': 'MD', 'code3': 'MID', 'name': 'Midfielder'}","{'name': 'France', 'id': '250', 'alpha3code': 'FRA', 'alpha2code': 'FR'}",149053,left,R. Walter,null,Rémi Walter,Rémi Walter,Rémi Walter,fr FRA,"MF,FW",Nice,22,1995,5.5,206,234,88.0,3283,666,104,112,92.9,81,89,91.0,14,20,70.0,0,0.1,0.2,-0.1,4,21,3,1,20,11,42.9,4,6,1,3,7,4,2,1,1,5,16,3,0,Matches,234,230,4,1,0,3,2,2,1,1,0,0,206,0,4,0,0,0,10,0,0,2,5,7,0,0,0,32,7,7,50.0,France
"{'name': 'France', 'id': '250', 'alpha3code': 'FRA', 'alpha2code': 'FR'}",70,R\u00e9mi,,Walter,3795,1995-04-26,174,"{'code2': 'MD', 'code3': 'MID', 'name': 'Midfielder'}","{'name': 'France', 'id': '250', 'alpha3code': 'FRA', 'alpha2code': 'FR'}",149053,left,R. Walter,null,Rémi Walter,Rémi Walter,Rémi Walter,fr FRA,MF,Troyes,22,1995,11.1,351,427,82.2,5649,1538,193,218,88.5,109,129,84.5,34,51,66.7,1,0.1,0.2,0.9,2,39,2,1,36,23,8.7,9,13,1,2,23,21,7,3,4,11,34,14,0,Matches,427,417,10,9,0,4,7,0,1,1,0,0,351,0,5,1,0,0,10,7,0,7,11,10,0,0,0,91,9,32,22.0,France
"{'name': 'Mauritius', 'id': '480', 'alpha3code': 'MUS', 'alpha2code': 'MU'}",65,Wesley,,Sa\u00efd,3804,1995-04-19,171,"{'code2': 'FW', 'code3': 'FWD', 'name': 'Forward'}","{'name': 'France', 'id': '250', 'alpha3code': 'FRA', 'alpha2code': 'FR'}",149054,right,W. Sa\u00efd,null,Wesley Saïd,Wesley Saïd,Wesley Saïd,fr FRA,"FW,MF",Dijon,22,1995,20.4,376,506,74.3,5189,1178,219,260,84.2,115,160,71.9,16,41,39.0,2,2.1,2.0,-0.1,14,29,8,0,46,33,26.9,17,11,5,7,26,19,15,1,14,15,48,4,0,Matches,506,466,36,3,4,0,19,6,2,1,0,0,376,4,9,4,0,0,38,18,7,19,15,22,1,0,0,72,8,15,34.8,France
"{'name': 'Martinique', 'id': '474', 'alpha3code': 'MTQ', 'alpha2code': 'MQ'}",71,Tristan,,Dingom\u00e9,3795,1991-02-17,174,"{'code2': 'MD', 'code3': 'MID', 'name': 'Midfielder'}","{'name': 'France', 'id': '250', 'alpha3code': 'FRA', 'alpha2code': 'FR'}",149062,left,T. Dingom\u00e9,null,Tristan Dingomé,Tristan Dingomé,Tristan Dingomé,cm CMR,MF,Troyes,26,1991,13.2,479,602,79.6,8577,2742,200,228,87.7,210,244,86.1,53,84,63.1,0,1.3,1.1,-1.3,14,57,12,2,68,25,38.5,12,9,4,5,13,8,12,0,12,12,37,16,1,Matches,602,590,9,4,3,3,21,2,2,0,0,0,479,3,17,4,0,0,15,8,1,21,12,20,0,0,0,88,7,10,41.2,France
"{'name': 'France', 'id': '250', 'alpha3code': 'FRA', 'alpha2code': 'FR'}",84,Yoan,,Cardinale,3775,1994-03-27,181,"{'code2': 'GK', 'code3': 'GKP', 'name': 'Goalkeeper'}","{'name': 'France', 'id': '250', 'alpha3code': 'FRA', 'alpha2code': 'FR'}",214609,right,Y. Cardinale,null,Yoan Cardinale,Yoan Cardinale,Yoan Cardinale,fr FRA,GK,Nice,23,1994,10.0,235,283,83.0,6442,5059,43,43,100.0,113,115,98.3,79,125,63.2,0,0.0,0.0,0.0,0,1,0,0,1,0,,0,0,0,0,0,0,0,0,0,0,0,0,3,Matches,283,174,109,18,0,0,0,0,0,0,0,0,235,0,0,2,0,0,0,1,0,0,0,0,0,0,0,10,1,0,100.0,France
"{'name': 'Sweden', 'id': '752', 'alpha3code': 'SWE', 'alpha2code': 'SE'}",84,Karl-Johan,,Johnsson,3785,1990-01-28,187,"{'code2': 'GK', 'code3': 'GKP', 'name': 'Goalkeeper'}","{'name': 'Sweden', 'id': '752', 'alpha3code': 'SWE', 'alpha2code': 'SE'}",50771,right,K. Johnsson,7047,Karl-Johan Johnsson,Karl-Johan Johnsson,Karl-Johan Johnsson,se SWE,GK,Guingamp,27,1990,38.0,749,1178,63.6,28129,22176,49,49,100.0,264,267,98.9,433,856,50.6,0,0.1,0.1,-0.1,2,22,2,0,0,0,0.0,0,0,0,0,1,1,0,0,0,0,0,14,4,Matches,1178,743,432,124,0,9,0,0,0,0,0,0,749,3,0,0,0,0,0,6,0,0,0,0,0,0,0,38,9,1,90.0,France
"{'name': 'France', 'id': '250', 'alpha3code': 'FRA', 'alpha2code': 'FR'}",73,Valentin,,Eysseric,3176,1992-03-25,181,"{'code2': 'MD', 'code3': 'MID', 'name': 'Midfielder'}","{'name': 'France', 'id': '250', 'alpha3code': 'FRA', 'alpha2code': 'FR'}",149076,right,V. Eysseric,null,Valentin Eysseric,Valentin Eysseric,Valentin Eysseric,fr FRA,FW,Nice,25,1992,1.0,58,76,76.3,969,258,29,34,85.3,19,22,86.4,7,14,50.0,0,0.2,0.2,-0.2,2,10,0,0,9,0,,0,0,0,0,0,0,4,0,4,1,1,0,0,Matches,76,66,10,4,0,3,10,0,6,2,4,0,58,0,2,0,0,0,1,0,1,10,1,0,0,0,0,3,0,1,0.0,France
"{'name': 'Togo', 'id': '764', 'alpha3code': 'TGO', 'alpha2code': 'TG'}",70,Jordan,,Amavi,3771,1994-03-09,176,"{'code2': 'DF', 'code3': 'DEF', 'name': 'Defender'}","{'name': 'France', 'id': '250', 'alpha3code': 'FRA', 'alpha2code': 'FR'}",214628,left,J. Amavi,null,Jordan Amavi,Jordan Amavi,Jordan Amavi,fr FRA,DF,Marseille,23,1994,24.4,1102,1370,80.4,16812,4999,585,645,90.7,379,472,80.3,84,139,60.4,5,2.0,2.0,3.0,21,57,17,9,90,52,41.1,32,12,8,23,56,33,28,11,17,45,97,86,1,Matches,1370,1133,229,26,2,5,60,203,0,0,0,0,1102,8,37,7,0,0,30,22,1,60,45,35,0,1,0,170,42,21,66.7,France
"{'name': 'Mali', 'id': '466', 'alpha3code': 'MLI', 'alpha2code': 'ML'}",72,Almamy,,Tour\u00e9,19830,1996-04-28,183,"{'code2': 'DF', 'code3': 'DEF', 'name': 'Defender'}","{'name': 'Mali', 'id': '466', 'alpha3code': 'MLI', 'alpha2code': 'ML'}",149101,right,A. Tour\u00e9,null,Almamy Touré,Almamy Touré,Almamy Touré,ml MLI,DF,Monaco,21,1996,13.9,464,657,70.6,7362,3894,243,296,82.1,180,250,72.0,31,69,44.9,5,2.6,1.7,2.4,17,40,12,8,62,51,60.0,31,13,7,18,30,12,15,2,13,22,73,61,0,Matches,657,509,143,9,1,3,46,134,0,0,0,0,464,5,20,3,0,0,28,4,2,46,22,29,0,1,0,82,32,22,59.3,France
"{'name': 'Turkey', 'id': '792', 'alpha3code': 'TUR', 'alpha2code': 'TR'}",69,Jimmy,,Durmaz,3780,1989-03-22,180,"{'code2': 'MD', 'code3': 'MID', 'name': 'Midfielder'}","{'name': 'Sweden', 'id': '752', 'alpha3code': 'SWE', 'alpha2code': 'SE'}",50812,left,J. Durmaz,7047,Jimmy Durmaz,Jimmy Durmaz,Jimmy Durmaz,se SWE,"MF,FW",Toulouse,28,1989,11.4,364,538,67.7,6180,2178,203,252,80.6,116,178,65.2,41,85,48.2,3,2.2,2.0,0.8,22,50,17,5,60,16,42.9,5,5,6,6,14,8,2,0,2,14,30,9,0,Matches,538,464,71,31,2,6,60,14,23,17,6,0,364,3,22,5,0,0,24,14,0,60,14,9,1,0,0,65,10,8,55.6,France
"{'name': 'Mali', 'id': '466', 'alpha3code': 'MLI', 'alpha2code': 'ML'}",74,Bakaye,,Dibassy,3789,1989-08-11,183,"{'code2': 'DF', 'code3': 'DEF', 'name': 'Defender'}","{'name': 'France', 'id': '250', 'alpha3code': 'FRA', 'alpha2code': 'FR'}",214710,left,B. Dibassy,19001,Bakaye Dibassy,Bakaye Dibassy,Bakaye Dibassy,ml MLI,DF,Amiens,27,1989,30.9,979,1268,77.2,16387,7447,481,538,89.4,404,496,81.5,70,158,44.3,1,0.7,1.3,0.3,9,56,6,2,87,71,48.0,45,22,4,24,50,26,52,26,26,58,129,148,0,Matches,1268,1041,218,27,0,0,36,191,0,0,0,0,979,9,37,4,0,0,33,23,4,36,58,51,0,1,0,193,39,54,41.9,France
"{'name': ""C\\u00f4te d'Ivoire"", 'id': '384', 'alpha3code': 'CIV', 'alpha2code': 'CI'}",73,Nicolas,,P\u00e9p\u00e9,3776,1995-09-29,183,"{'code2': 'FW', 'code3': 'FWD', 'name': 'Forward'}","{'name': 'France', 'id': '250', 'alpha3code': 'FRA', 'alpha2code': 'FR'}",247671,right,N. P\u00e9p\u00e9,null,Nicolas Pépé,Nicolas Pépé,Nicolas Pépé,ci CIV,"FW,MF",Lille,22,1995,31.6,824,1051,78.4,10708,2370,484,554,87.4,191,253,75.5,46,88,52.3,4,3.9,3.0,0.1,40,46,33,7,90,30,26.2,14,11,5,11,42,31,23,0,23,10,40,20,0,Matches,1051,974,74,21,6,11,58,19,11,4,4,1,824,3,31,5,0,0,29,81,26,58,10,18,1,0,0,107,27,53,33.8,France
"{'name': 'Central African Republic', 'id': '140', 'alpha3code': 'CAF', 'alpha2code': 'CF'}",81,C\u00e9dric,,Yamber\u00e9,3804,1990-11-06,191,"{'code2': 'DF', 'code3': 'DEF', 'name': 'Defender'}","{'name': 'France', 'id': '250', 'alpha3code': 'FRA', 'alpha2code': 'FR'}",215036,right,C. Yamber\u00e9,null,Cédric Yamberé,Cédric Yamberé,Cédric Yamberé,cf CTA,DF,Dijon,26,1990,31.4,1084,1329,81.6,22536,7638,359,404,88.9,546,600,91.0,161,283,56.9,0,0.3,0.4,-0.3,7,79,6,0,90,58,47.1,46,12,0,16,34,18,24,16,8,54,112,138,5,Matches,1329,1272,56,51,0,30,2,5,0,0,0,0,1084,1,14,7,2,0,28,32,0,2,54,42,1,4,1,151,65,49,57.0,France
"{'name': 'Senegal', 'id': '686', 'alpha3code': 'SEN', 'alpha2code': 'SN'}",68,Adama,,Mbengue,3783,1993-12-01,178,"{'code2': 'DF', 'code3': 'DEF', 'name': 'Defender'}","{'name': 'Senegal', 'id': '686', 'alpha3code': 'SEN', 'alpha2code': 'SN'}",215281,left,A. Mbengue,19314,Adama Mbengue,Adama Mbengue,Adama Mbengue,sn SEN,DF,Caen,23,1993,17.7,529,838,63.1,9279,5163,248,296,83.8,215,319,67.4,55,153,35.9,0,2.1,1.3,-2.1,11,43,13,8,78,71,63.1,48,18,5,41,65,24,21,1,20,28,99,50,0,Matches,838,615,217,7,0,10,89,209,1,0,0,0,529,6,46,2,1,0,38,24,0,89,28,48,0,0,0,152,18,16,52.9,France
"{'name': 'France', 'id': '250', 'alpha3code': 'FRA', 'alpha2code': 'FR'}",70,Ihsan,,Sacko,3775,1997-07-19,183,"{'code2': 'FW', 'code3': 'FWD', 'name': 'Forward'}","{'name': 'France', 'id': '250', 'alpha3code': 'FRA', 'alpha2code': 'FR'}",412701,right,I. Sacko,null,Ihsan Sacko,Ihsan Sacko,Ihsan Sacko,fr FRA,"FW,MF",Nice,20,1997,2.9,67,87,77.0,975,157,42,49,85.7,22,24,91.7,2,5,40.0,1,0.6,0.2,0.4,2,3,1,0,5,1,0.0,0,1,0,0,1,1,1,0,1,2,3,1,0,Matches,87,85,1,1,1,0,1,0,0,0,0,0,67,1,5,1,0,0,3,10,1,1,2,1,0,0,0,11,1,7,12.5,France
"{'name': 'France', 'id': '250', 'alpha3code': 'FRA', 'alpha2code': 'FR'}",70,Ihsan,,Sacko,3775,1997-07-19,183,"{'code2': 'FW', 'code3': 'FWD', 'name': 'Forward'}","{'name': 'France', 'id': '250', 'alpha3code': 'FRA', 'alpha2code': 'FR'}",412701,right,I. Sacko,null,Ihsan Sacko,Ihsan Sacko,Ihsan Sacko,fr FRA,"FW,MF",Strasbourg,20,1997,7.9,140,199,70.4,1952,361,80,100,80.0,43,62,69.4,6,15,40.0,0,0.7,1.0,-0.7,5,6,3,0,13,10,20.0,6,0,4,2,10,8,2,0,2,5,15,6,0,Matches,199,189,8,0,1,1,6,3,0,0,0,0,140,2,8,1,0,0,10,14,2,6,5,8,0,0,0,42,13,20,39.4,France
"{'name': 'Congo DR', 'id': '180', 'alpha3code': 'COD', 'alpha2code': 'CD'}",68,Christopher,,Nkunku,3767,1997-11-14,178,"{'code2': 'MD', 'code3': 'MID', 'name': 'Midfielder'}","{'name': 'France', 'id': '250', 'alpha3code': 'FRA', 'alpha2code': 'FR'}",347200,right,C. Nkunku,null,Christopher Nkunku,Christopher Nkunku,Christopher Nkunku,fr FRA,"FW,MF",Paris S-G,19,1997,7.0,326,361,90.3,4354,946,194,208,93.3,85,89,95.5,17,28,60.7,0,0.7,0.6,-0.7,4,22,7,0,31,5,21.4,2,2,1,3,14,11,8,2,6,5,10,2,1,Matches,361,347,13,2,1,2,10,4,7,1,5,0,326,1,3,0,0,0,12,9,2,10,5,2,0,0,0,31,4,4,50.0,France
"{'name': 'Slovenia', 'id': '705', 'alpha3code': 'SVN', 'alpha2code': 'SI'}",83,Robert,,Beri\u010d,3782,1991-06-17,188,"{'code2': 'FW', 'code3': 'FWD', 'name': 'Forward'}","{'name': 'Slovenia', 'id': '705', 'alpha3code': 'SVN', 'alpha2code': 'SI'}",85438,right,R. Beri\u010d,12046,Robert Berič,Robert Berić,Robert Berić,si SVN,FW,Saint-Étienne,26,1991,11.6,126,182,69.2,1379,214,75,104,72.1,23,34,67.6,4,5,80.0,1,0.7,0.8,0.3,4,4,0,0,7,6,6.3,1,3,2,1,16,15,9,1,8,5,11,4,0,Matches,182,159,23,1,0,1,3,2,0,0,0,0,126,0,9,0,0,0,27,21,15,3,5,4,1,0,0,24,16,35,31.4,France
"{'name': 'Mali', 'id': '466', 'alpha3code': 'MLI', 'alpha2code': 'ML'}",80,Yves,,Bissouma,3776,1996-08-30,182,"{'code2': 'MD', 'code3': 'MID', 'name': 'Midfielder'}","{'name': ""C\\u00f4te d'Ivoire"", 'id': '384', 'alpha3code': 'CIV', 'alpha2code': 'CI'}",413582,right,Y. Bissouma,19001,Yves Bissouma,Yves Bissouma,Yves Bissouma,ml MLI,"MF,DF",Lille,20,1996,17.3,876,1042,84.1,14330,4194,410,459,89.3,333,385,86.5,81,110,73.6,1,0.7,1.1,0.3,11,91,7,0,113,67,48.7,30,32,5,19,39,20,13,2,11,31,98,31,1,Matches,1042,973,61,19,9,6,8,42,0,0,0,0,876,8,20,3,0,0,37,11,4,8,31,50,0,0,0,122,22,11,66.7,France
"{'name': 'France', 'id': '250', 'alpha3code': 'FRA', 'alpha2code': 'FR'}",65,Nicolas,,Basin,3777,1998-07-22,169,"{'code2': 'DF', 'code3': 'DEF', 'name': 'Defender'}","{'name': 'France', 'id': '250', 'alpha3code': 'FRA', 'alpha2code': 'FR'}",396628,left,N. Basin,null,Nicolas Basin,Nicolas Basin,Nicolas Basin,fr FRA,DF,Metz,19,1998,3.5,114,164,69.5,1971,892,58,67,86.6,44,58,75.9,12,35,34.3,0,0.1,0.1,-0.1,2,11,2,2,11,9,44.4,5,3,1,4,9,5,6,3,3,8,17,14,0,Matches,164,131,32,1,0,1,8,31,0,0,0,0,114,1,6,1,0,0,2,3,0,8,8,7,0,0,0,19,6,3,66.7,France
"{'name': 'France', 'id': '250', 'alpha3code': 'FRA', 'alpha2code': 'FR'}",73,Val\u00e8re,,Germain,3771,1990-04-17,180,"{'code2': 'FW', 'code3': 'FWD', 'name': 'Forward'}","{'name': 'France', 'id': '250', 'alpha3code': 'FRA', 'alpha2code': 'FR'}",134494,right,V. Germain,null,Valère Germain,Valère Germain,Valère Germain,fr FRA,FW,Marseille,27,1990,24.1,394,542,72.7,4640,754,214,275,77.8,85,125,68.0,16,31,51.6,5,4.9,2.9,0.1,24,16,15,4,36,16,16.7,5,7,4,3,18,15,11,0,11,6,22,19,0,Matches,542,497,42,1,7,2,26,9,0,0,0,0,394,3,10,2,0,0,24,15,12,26,6,11,1,0,0,54,50,100,33.3,France
"{'name': 'France', 'id': '250', 'alpha3code': 'FRA', 'alpha2code': 'FR'}",89,Mike,,Maignan,3776,1995-07-03,191,"{'code2': 'GK', 'code3': 'GKP', 'name': 'Goalkeeper'}","{'name': 'French Guiana', 'id': '254', 'alpha3code': 'GUF', 'alpha2code': 'GF'}",134496,right,M. Maignan,null,Mike Maignan,Mike Maignan,Mike Maignan,fr FRA,GK,Lille,22,1995,33.7,909,1155,78.7,24726,18430,132,133,99.2,498,503,99.0,272,510,53.3,0,0.0,0.0,0.0,0,9,0,0,0,1,100.0,1,0,0,1,1,0,0,0,0,0,1,8,6,Matches,1155,789,365,79,0,7,0,0,0,0,0,0,909,1,1,0,1,0,0,9,0,0,0,1,0,0,0,69,12,4,75.0,France
"{'name': 'France', 'id': '250', 'alpha3code': 'FRA', 'alpha2code': 'FR'}",61,Alois,,Confais,3795,1996-09-07,174,"{'code2': 'MD', 'code3': 'MID', 'name': 'Midfielder'}","{'name': 'France', 'id': '250', 'alpha3code': 'FRA', 'alpha2code': 'FR'}",249926,right,A. Confais,null,Alois Confais,Alois Confais,Alois Confais,fr FRA,"MF,DF",Troyes,20,1996,6.8,222,279,79.6,3924,1015,98,120,81.7,88,103,85.4,29,42,69.0,0,0.0,0.2,0.0,2,24,4,3,27,8,33.3,7,1,0,3,9,6,7,4,3,4,12,15,1,Matches,279,268,11,4,0,3,10,7,0,0,0,0,222,0,4,1,0,0,9,7,0,10,4,6,0,0,0,31,8,10,44.4,France
"{'name': 'Slovenia', 'id': '705', 'alpha3code': 'SVN', 'alpha2code': 'SI'}",78,Rene,,Krhin,3770,1990-05-21,189,"{'code2': 'MD', 'code3': 'MID', 'name': 'Midfielder'}","{'name': 'Slovenia', 'id': '705', 'alpha3code': 'SVN', 'alpha2code': 'SI'}",20685,right,R. Krhin,12046,Rene Krhin,Rene Krhin,Rene Krhin,si SVN,MF,Nantes,27,1990,14.6,424,508,83.5,6711,2207,225,248,90.7,144,176,81.8,36,52,69.2,0,0.2,0.3,-0.2,2,30,5,0,36,18,17.6,7,11,0,3,17,14,11,2,9,16,34,39,0,Matches,508,494,13,13,0,8,0,0,0,0,0,0,424,1,5,5,0,0,17,24,1,0,16,12,0,0,0,66,41,45,47.7,France
"{'name': 'Senegal', 'id': '686', 'alpha3code': 'SEN', 'alpha2code': 'SN'}",68,Nampalys,,Mendy,3775,1992-06-23,168,"{'code2': 'MD', 'code3': 'MID', 'name': 'Midfielder'}","{'name': 'France', 'id': '250', 'alpha3code': 'FRA', 'alpha2code': 'FR'}",134542,right,N. Mendy,null,Nampalys Mendy,Nampalys Mendy,Nampalys Mendy,sn SEN,MF,Nice,25,1992,10.7,672,744,90.3,11391,2841,316,338,93.5,280,302,92.7,60,78,76.9,1,0.1,0.2,0.9,2,63,0,0,64,13,29.4,8,5,0,5,17,12,9,1,8,13,26,10,1,Matches,744,728,15,15,0,10,2,0,0,0,0,0,672,1,6,2,0,0,17,15,0,2,13,6,0,0,0,53,3,3,50.0,France
"{'name': 'Serbia', 'id': '688', 'alpha3code': 'SRB', 'alpha2code': 'RS'}",79,Stevan,,Joveti\u0107,19830,1989-11-02,183,"{'code2': 'FW', 'code3': 'FWD', 'name': 'Forward'}","{'name': 'Montenegro', 'id': '499', 'alpha3code': 'MNE', 'alpha2code': 'ME'}",20948,right,S. Joveti\u0107,17371,Stevan Jovetić,Stevan Jovetić,Stevan Jovetić,me MNE,FW,Monaco,27,1989,8.4,172,257,66.9,2499,641,102,141,72.3,50,74,67.6,9,17,52.9,1,0.4,0.6,0.6,8,16,8,0,32,4,0.0,0,3,1,0,9,9,5,0,5,3,7,3,0,Matches,257,250,5,0,3,2,4,3,0,0,0,0,172,2,7,1,0,0,15,11,7,4,3,4,0,0,0,36,26,31,45.6,France
"{'name': 'Germany', 'id': '276', 'alpha3code': 'DEU', 'alpha2code': 'DE'}",80,Kamil,,Glik,19830,1988-02-03,190,"{'code2': 'DF', 'code3': 'DEF', 'name': 'Defender'}","{'name': 'Poland', 'id': '616', 'alpha3code': 'POL', 'alpha2code': 'PL'}",21097,right,K. Glik,13869,Kamil Glik,Kamil Glik,Kamil Glik,pl POL,DF,Monaco,29,1988,36.0,1365,1689,80.8,28576,11346,379,418,90.7,771,869,88.7,204,374,54.5,3,1.5,0.7,1.5,8,71,3,0,94,36,51.7,22,12,2,15,29,14,28,18,10,54,90,279,2,Matches,1689,1631,51,48,1,20,0,3,0,0,0,0,1365,7,5,8,0,0,41,32,2,0,54,23,1,1,0,140,89,58,60.5,France
"{'name': 'Guinea', 'id': '324', 'alpha3code': 'GIN', 'alpha2code': 'GN'}",88,Abdoulaye,,Tour\u00e9,3770,1994-03-03,186,"{'code2': 'MD', 'code3': 'MID', 'name': 'Midfielder'}","{'name': 'France', 'id': '250', 'alpha3code': 'FRA', 'alpha2code': 'FR'}",217874,right,A. Tour\u00e9,null,Abdoulaye Touré,Abdoulaye Touré,Abdoulaye Touré,gn GUI,MF,Nantes,23,1994,31.2,1075,1372,78.4,18398,6247,491,572,85.8,407,502,81.1,125,197,63.5,1,0.9,1.4,0.1,19,154,15,4,184,74,34.3,28,38,8,23,67,44,40,10,30,62,136,49,1,Matches,1372,1353,14,12,2,19,19,1,0,0,0,0,1075,5,27,3,0,0,53,54,0,19,62,52,1,0,0,254,61,34,64.2,France
"{'name': 'Italy', 'id': '380', 'alpha3code': 'ITA', 'alpha2code': 'IT'}",60,Marco,,Verratti,3767,1992-11-05,165,"{'code2': 'MD', 'code3': 'MID', 'name': 'Midfielder'}","{'name': 'Italy', 'id': '380', 'alpha3code': 'ITA', 'alpha2code': 'IT'}",21383,right,M. Verratti,null,Marco Verratti,Marco Verratti,Marco Verratti,it ITA,MF,Paris S-G,24,1992,19.1,1876,2074,90.5,28816,9429,995,1056,94.2,580,622,93.2,166,210,79.0,3,2.2,3.4,0.8,28,161,41,1,193,51,21.8,20,25,6,12,55,43,25,6,19,26,77,11,3,Matches,2074,1992,71,52,28,13,9,14,5,0,1,0,1876,11,19,9,1,1,31,53,1,9,26,33,0,0,0,115,7,7,50.0,France
"{'name': 'Senegal', 'id': '686', 'alpha3code': 'SEN', 'alpha2code': 'SN'}",68,Isma\u00efla,,Sarr,3774,1998-02-25,178,"{'code2': 'MD', 'code3': 'MID', 'name': 'Midfielder'}","{'name': 'Senegal', 'id': '686', 'alpha3code': 'SEN', 'alpha2code': 'SN'}",448079,right,I. Sarr,19314,Ismaïla Sarr,Ismaila Sarr,Ismaila Sarr,sn SEN,"FW,MF",Rennes,19,1998,20.6,328,441,74.4,4116,943,199,239,83.3,86,121,71.1,12,25,48.0,3,2.8,2.2,0.2,17,17,14,3,34,20,24.1,5,10,5,7,29,22,17,0,17,9,29,3,1,Matches,441,431,9,1,2,0,35,2,0,0,0,0,328,1,18,2,0,0,21,64,20,35,9,10,2,0,0,92,11,32,25.6,France
"{'name': 'Tunisia', 'id': '788', 'alpha3code': 'TUN', 'alpha2code': 'TN'}",79,Oussama,,Haddadi,3804,1992-01-28,184,"{'code2': 'DF', 'code3': 'DEF', 'name': 'Defender'}","{'name': 'Tunisia', 'id': '788', 'alpha3code': 'TUN', 'alpha2code': 'TN'}",120717,left,O. Haddadi,16276,Oussama Haddadi,Oussama Haddadi,Oussama Haddadi,tn TUN,DF,Dijon,25,1992,27.8,1055,1416,74.5,19074,6789,487,564,86.3,403,527,76.5,140,232,60.3,1,1.5,1.5,-0.5,25,59,32,14,93,44,29.8,33,9,2,14,47,33,29,12,17,43,87,79,1,Matches,1416,1148,262,21,0,21,82,241,0,0,0,0,1055,6,48,6,1,0,44,13,3,82,43,29,0,2,0,182,17,28,37.8,France
"{'name': 'France', 'id': '250', 'alpha3code': 'FRA', 'alpha2code': 'FR'}",93,St\u00e9phane,,Ruffier,3782,1986-09-27,188,"{'code2': 'GK', 'code3': 'GKP', 'name': 'Goalkeeper'}","{'name': 'France', 'id': '250', 'alpha3code': 'FRA', 'alpha2code': 'FR'}",25845,right,S. Ruffier,null,Stéphane Ruffier,Stéphane Ruffier,Stéphane Ruffier,fr FRA,GK,Saint-Étienne,30,1986,34.6,782,1142,68.5,23734,17900,78,79,98.7,379,382,99.2,325,677,48.0,0,0.0,0.0,0.0,0,4,0,0,0,0,,0,0,0,0,0,0,0,0,0,0,0,14,1,Matches,1142,761,380,104,0,3,0,0,0,0,0,0,782,1,3,1,1,0,0,1,0,0,0,0,0,0,0,52,4,2,66.7,France
"{'name': 'Italy', 'id': '380', 'alpha3code': 'ITA', 'alpha2code': 'IT'}",78,Pietro,,Pellegri,19830,2001-03-17,188,"{'code2': 'FW', 'code3': 'FWD', 'name': 'Forward'}","{'name': 'Italy', 'id': '380', 'alpha3code': 'ITA', 'alpha2code': 'IT'}",481329,right,P. Pellegri,null,Pietro Pellegri,Pietro Pellegri,Pietro Pellegri,it ITA,FW,Monaco,16,2001,0.3,3,7,42.9,25,1,1,3,33.3,1,1,100.0,0,0,,0,0.0,0.0,0.0,0,0,0,0,0,0,0.0,0,0,0,0,2,2,1,0,1,0,0,0,0,Matches,7,7,0,0,0,0,0,0,0,0,0,0,3,0,1,0,0,0,1,2,0,0,0,0,0,0,0,0,1,4,20.0,France
"{'name': 'France', 'id': '250', 'alpha3code': 'FRA', 'alpha2code': 'FR'}",71,Adama,,Niane,3795,1993-06-16,181,"{'code2': 'FW', 'code3': 'FWD', 'name': 'Forward'}","{'name': 'Mali', 'id': '466', 'alpha3code': 'MLI', 'alpha2code': 'ML'}",219350,right,A. Niane,19001,Adama Niane,Adama Niane,Adama Niane,ml MLI,FW,Troyes,24,1993,24.0,381,573,66.5,4813,671,240,320,75.0,91,142,64.1,14,25,56.0,2,1.5,0.9,0.5,17,17,6,2,27,22,23.1,5,10,7,6,26,20,11,2,9,9,31,13,0,Matches,573,512,60,0,1,2,12,3,0,0,0,0,381,1,16,6,0,0,36,28,31,12,9,12,2,0,0,78,74,189,28.1,France
"{'name': 'France', 'id': '250', 'alpha3code': 'FRA', 'alpha2code': 'FR'}",75,Stanley,,Nsoki,3767,1999-04-09,185,"{'code2': 'DF', 'code3': 'DEF', 'name': 'Defender'}","{'name': 'France', 'id': '250', 'alpha3code': 'FRA', 'alpha2code': 'FR'}",397030,left,S. Nsoki,null,Stanley Nsoki,Stanley N'Soki,Stanley N'Soki,fr FRA,DF,Paris S-G,18,1999,0.3,16,16,100.0,202,102,9,9,100.0,5,5,100.0,0,0,,0,0.0,0.0,0.0,0,0,0,0,1,0,0.0,0,0,0,0,1,1,0,0,0,0,0,1,0,Matches,16,16,0,0,0,0,0,0,0,0,0,0,16,0,0,0,0,0,0,0,0,0,0,0,0,0,0,2,0,0,,France
"{'name': 'Guyana', 'id': '328', 'alpha3code': 'GUY', 'alpha2code': 'GY'}",77,Martin,,Braithwaite,1620,1991-06-05,177,"{'code2': 'FW', 'code3': 'FWD', 'name': 'Forward'}","{'name': 'Denmark', 'id': '208', 'alpha3code': 'DNK', 'alpha2code': 'DK'}",55968,right,M. Braithwaite,7712,Martin Braithwaite,Martin Braithwaite,Martin Braithwaite,dk DEN,FW,Bordeaux,26,1991,10.2,151,212,71.2,2040,339,94,125,75.2,39,56,69.6,9,11,81.8,3,2.3,1.5,0.7,7,9,1,1,13,6,16.7,0,4,2,1,6,5,6,2,4,0,6,3,0,Matches,212,196,15,0,0,1,9,0,0,0,0,0,151,1,5,3,0,0,13,7,4,9,0,4,0,0,0,25,20,27,42.6,France
"{'name': 'France', 'id': '250', 'alpha3code': 'FRA', 'alpha2code': 'FR'}",81,Nolan,,Roux,3777,1988-03-01,182,"{'code2': 'FW', 'code3': 'FWD', 'name': 'Forward'}","{'name': 'France', 'id': '250', 'alpha3code': 'FRA', 'alpha2code': 'FR'}",25716,right,N. Roux,null,Nolan Roux,Nolan Roux,Nolan Roux,fr FRA,"FW,MF",Metz,29,1988,31.5,541,807,67.0,9076,2090,288,381,75.6,197,302,65.2,44,70,62.9,1,1.9,1.2,-0.9,26,61,17,3,81,24,18.4,8,10,6,7,38,31,32,2,30,25,49,22,0,Matches,807,777,27,1,2,11,20,3,0,0,0,0,541,3,20,8,0,0,47,60,17,20,25,17,0,0,0,124,67,91,42.4,France
"{'name': 'France', 'id': '250', 'alpha3code': 'FRA', 'alpha2code': 'FR'}",82,Andy,,Delort,3780,1991-10-09,182,"{'code2': 'FW', 'code3': 'FWD', 'name': 'Forward'}","{'name': 'France', 'id': '250', 'alpha3code': 'FRA', 'alpha2code': 'FR'}",25745,right,A. Delort,null,Andy Delort,Andy Delort,Andy Delort,dz ALG,FW,Toulouse,25,1991,25.9,472,841,56.1,6911,1841,271,408,66.4,135,237,57.0,36,112,32.1,5,5.1,4.3,-0.1,44,38,23,11,62,20,21.1,2,9,9,4,19,15,10,0,10,12,32,22,0,Matches,841,746,93,28,0,6,112,10,19,8,10,0,472,2,38,5,0,0,70,31,29,112,12,13,0,2,0,60,98,100,49.5,France
"{'name': 'Denmark', 'id': '208', 'alpha3code': 'DNK', 'alpha2code': 'DK'}",80,Lukas,,Lerager,3772,1993-07-12,185,"{'code2': 'MD', 'code3': 'MID', 'name': 'Midfielder'}","{'name': 'Denmark', 'id': '208', 'alpha3code': 'DNK', 'alpha2code': 'DK'}",56441,right,L. Lerager,7712,Lukas Lerager,Lukas Lerager,Lukas Lerager,dk DEN,MF,Bordeaux,24,1993,36.5,1221,1608,75.9,19356,6341,608,732,83.1,454,576,78.8,92,162,56.8,1,2.5,3.2,-1.5,24,127,23,2,180,107,30.8,33,61,13,33,107,74,44,8,36,67,174,66,1,Matches,1608,1564,34,31,6,13,20,3,0,0,0,0,1221,10,30,8,0,0,72,53,5,20,67,74,0,0,0,225,99,75,56.9,France
"{'name': 'Comoros', 'id': '174', 'alpha3code': 'COM', 'alpha2code': 'KM'}",70,Zaydou,,Youssouf,3772,1999-07-11,178,"{'code2': 'MD', 'code3': 'MID', 'name': 'Midfielder'}","{'name': 'France', 'id': '250', 'alpha3code': 'FRA', 'alpha2code': 'FR'}",482491,left,Z. Youssouf,null,Zaydou Youssouf,Zaydou Youssouf,Zaydou Youssouf,km COM,FW,Bordeaux,18,1999,1.5,36,53,67.9,552,108,23,31,74.2,8,12,66.7,4,9,44.4,0,0.0,0.0,0.0,1,2,0,0,4,3,50.0,2,1,0,1,2,1,1,0,1,1,4,1,0,Matches,53,49,4,1,0,0,2,3,0,0,0,0,36,0,0,2,0,0,3,3,0,2,1,1,0,0,0,7,2,0,100.0,France
"{'name': 'France', 'id': '250', 'alpha3code': 'FRA', 'alpha2code': 'FR'}",78,Alexis,,Blin,3780,1996-09-16,184,"{'code2': 'MD', 'code3': 'MID', 'name': 'Midfielder'}","{'name': 'France', 'id': '250', 'alpha3code': 'FRA', 'alpha2code': 'FR'}",253333,right,A. Blin,null,Alexis Blin,Alexis Blin,Alexis Blin,fr FRA,MF,Toulouse,20,1996,21.0,597,774,77.1,9623,3549,317,381,83.2,212,269,78.8,49,88,55.7,3,1.4,1.6,1.6,7,91,7,4,98,57,31.9,23,30,4,22,69,47,27,6,21,31,88,31,0,Matches,774,754,16,11,0,6,15,5,0,0,0,0,597,4,11,5,0,0,31,37,0,15,31,37,1,1,0,129,33,36,47.8,France
"{'name': 'Algeria', 'id': '12', 'alpha3code': 'DZA', 'alpha2code': 'DZ'}",72,Amine,,Gouiri,3766,2000-02-16,180,"{'code2': 'FW', 'code3': 'FWD', 'name': 'Forward'}","{'name': 'France', 'id': '250', 'alpha3code': 'FRA', 'alpha2code': 'FR'}",449985,right,A. Gouiri,4423,Amine Gouiri,Amine Gouiri,Amine Gouiri,dz ALG,"FW,MF",Lyon,17,2000,0.9,16,20,80.0,214,24,10,10,100.0,4,4,100.0,1,1,100.0,0,0.1,0.0,-0.1,2,1,1,0,2,1,0.0,1,0,0,0,1,1,0,0,0,2,3,0,0,Matches,20,20,0,0,0,1,1,0,0,0,0,0,16,0,2,0,0,0,1,1,0,1,2,1,0,0,0,4,0,2,0.0,France
"{'name': 'Senegal', 'id': '686', 'alpha3code': 'SEN', 'alpha2code': 'SN'}",92,Issa,,Diop,3780,1997-01-09,194,"{'code2': 'DF', 'code3': 'DEF', 'name': 'Defender'}","{'name': 'France', 'id': '250', 'alpha3code': 'FRA', 'alpha2code': 'FR'}",286380,right,I. Diop,4425,Issa Diop,Issa Diop,Issa Diop,fr FRA,DF,Toulouse,20,1997,34.0,989,1247,79.3,20054,8739,325,371,87.6,517,598,86.5,136,248,54.8,0,0.6,0.8,-0.6,5,91,4,2,106,58,43.8,35,22,1,21,48,27,38,25,13,76,134,128,0,Matches,1247,1167,76,74,0,14,2,2,0,0,0,0,989,4,14,8,0,0,31,24,1,2,76,43,0,0,1,200,57,36,61.3,France
"{'name': 'Ghana', 'id': '288', 'alpha3code': 'GHA', 'alpha2code': 'GH'}",75,Enock,,Kwateng,3770,1997-04-09,183,"{'code2': 'DF', 'code3': 'DEF', 'name': 'Defender'}","{'name': 'France', 'id': '250', 'alpha3code': 'FRA', 'alpha2code': 'FR'}",286381,right,E. Kwateng,null,Enock Kwateng,Enock Kwateng,Enock Kwateng,fr FRA,DF,Nantes,20,1997,1.0,26,41,63.4,416,251,11,13,84.6,14,20,70.0,1,6,16.7,0,0.0,0.0,0.0,0,0,0,0,3,8,63.6,6,2,0,7,11,4,2,0,2,1,9,7,0,Matches,41,33,8,0,0,0,0,8,0,0,0,0,26,0,1,0,0,0,0,0,0,0,1,6,0,0,0,10,1,0,100.0,France
"{'name': 'France', 'id': '250', 'alpha3code': 'FRA', 'alpha2code': 'FR'}",63,Cl\u00e9ment,,Michelin,3780,1997-05-11,178,"{'code2': 'DF', 'code3': 'DEF', 'name': 'Defender'}","{'name': 'France', 'id': '250', 'alpha3code': 'FRA', 'alpha2code': 'FR'}",286382,right,C. Michelin,4426,Clément Michelin,Clément Michelin,Clément Michelin,fr FRA,DF,Toulouse,20,1997,3.1,85,122,69.7,1761,893,36,42,85.7,36,47,76.6,13,29,44.8,0,0.3,0.2,-0.3,2,11,3,1,17,11,63.6,7,4,0,7,11,4,3,1,2,4,15,12,0,Matches,122,99,23,0,0,4,11,23,0,0,0,0,85,0,3,2,0,0,8,2,0,11,4,7,0,0,0,13,8,9,47.1,France
"{'name': 'Congo DR', 'id': '180', 'alpha3code': 'COD', 'alpha2code': 'CD'}",61,Arnaud,,Lusamba,3775,1997-01-04,180,"{'code2': 'MD', 'code3': 'MID', 'name': 'Midfielder'}","{'name': 'France', 'id': '250', 'alpha3code': 'FRA', 'alpha2code': 'FR'}",286388,right,A. Lusamba,null,Arnaud Lusamba,Arnaud Lusamba,Arnaud Lusamba,cd COD,MF,Nice,20,1997,1.8,75,92,81.5,1109,249,42,50,84.0,21,23,91.3,6,6,100.0,0,0.1,0.1,-0.1,3,7,1,0,8,12,42.9,4,6,2,3,7,4,5,0,5,1,13,1,0,Matches,92,91,1,1,0,0,0,0,0,0,0,0,75,0,2,0,0,0,3,3,0,0,1,9,0,0,0,14,0,1,0.0,France
"{'name': 'France', 'id': '250', 'alpha3code': 'FRA', 'alpha2code': 'FR'}",75,Matthieu,,Udol,3777,1996-03-20,178,"{'code2': 'DF', 'code3': 'DEF', 'name': 'Defender'}","{'name': 'France', 'id': '250', 'alpha3code': 'FRA', 'alpha2code': 'FR'}",286506,left,M. Udol,null,Matthieu Udol,Matthieu Udol,Matthieu Udol,fr FRA,DF,Metz,21,1996,3.9,130,176,73.9,2269,964,62,65,95.4,54,68,79.4,12,34,35.3,0,0.0,0.1,0.0,0,10,1,0,5,14,35.7,13,1,0,5,14,9,10,2,8,5,19,17,0,Matches,176,141,34,0,0,0,14,34,0,0,0,0,130,1,5,0,0,0,8,1,0,14,5,8,0,0,0,20,4,3,57.1,France
"{'name': 'Belgium', 'id': '56', 'alpha3code': 'BEL', 'alpha2code': 'BE'}",77,Baptiste,,Guillaume,3799,1995-06-16,189,"{'code2': 'FW', 'code3': 'FWD', 'name': 'Forward'}","{'name': 'Belgium', 'id': '56', 'alpha3code': 'BEL', 'alpha2code': 'BE'}",253784,right,B. Guillaume,null,Baptiste Guillaume,Baptiste Guillaume,Baptiste Guillaume,be BEL,"FW,MF",Angers,22,1995,5.1,53,89,59.6,607,135,38,52,73.1,11,25,44.0,0,1,0.0,2,0.9,0.4,1.1,4,2,3,0,9,4,0.0,0,2,2,0,5,5,4,1,3,2,6,1,0,Matches,89,86,3,0,0,0,2,0,0,0,0,0,53,0,1,3,0,0,19,5,4,2,2,1,0,0,0,6,24,25,49.0,France
"{'name': 'Italy', 'id': '380', 'alpha3code': 'ITA', 'alpha2code': 'IT'}",63,Gabriel,,Boschilia,19830,1996-03-05,172,"{'code2': 'MD', 'code3': 'MID', 'name': 'Midfielder'}","{'name': 'Brazil', 'id': '76', 'alpha3code': 'BRA', 'alpha2code': 'BR'}",255320,left,Boschilia,6388,Gabriel Boschilia,Gabriel Boschilia,Gabriel Boschilia,br BRA,"FW,MF",Monaco,21,1996,0.9,34,43,79.1,449,69,25,28,89.3,6,8,75.0,3,6,50.0,0,0.1,0.0,-0.1,2,1,0,0,3,4,25.0,1,2,1,1,4,3,1,0,1,0,4,0,0,Matches,43,42,1,0,1,0,1,1,0,0,0,0,34,0,1,0,0,0,1,3,0,1,0,1,0,0,0,7,0,2,0.0,France
"{'name': 'Cameroon', 'id': '120', 'alpha3code': 'CMR', 'alpha2code': 'CM'}",80,Felix,,Eboa Eboa,3785,1997-04-17,186,"{'code2': 'DF', 'code3': 'DEF', 'name': 'Defender'}","{'name': 'Cameroon', 'id': '120', 'alpha3code': 'CMR', 'alpha2code': 'CM'}",286915,right,F. Eboa Eboa,null,Felix Eboa Eboa,Félix Eboa Eboa,Félix Eboa Eboa,cm CMR,DF,Guingamp,20,1997,16.9,556,719,77.3,10631,4112,212,248,85.5,251,306,82.0,81,133,60.9,0,0.5,0.4,-0.5,4,27,4,1,53,19,50.0,12,7,0,8,16,8,21,11,10,39,58,119,2,Matches,719,646,71,16,0,4,13,55,0,0,0,0,556,2,14,2,0,0,16,8,0,13,39,11,0,1,0,89,63,32,66.3,France
"{'name': 'France', 'id': '250', 'alpha3code': 'FRA', 'alpha2code': 'FR'}",70,Fod\u00e9 ,,Ballo Tour\u00e9,3776,1997-01-03,182,"{'code2': 'DF', 'code3': 'DEF', 'name': 'Defender'}","{'name': 'France', 'id': '250', 'alpha3code': 'FRA', 'alpha2code': 'FR'}",286917,left,F. Tour\u00e9,null,Fodé  Ballo Touré,Fodé Ballo-Touré,Fodé Ballo-Touré,sn SEN,DF,Lille,20,1997,22.8,1017,1228,82.8,13958,4654,618,679,91.0,306,372,82.3,37,68,54.4,0,0.7,0.5,-0.7,7,52,11,5,72,50,44.7,29,16,5,21,47,26,27,2,25,28,78,47,1,Matches,1228,994,233,19,0,2,44,213,1,0,0,0,1017,1,38,5,1,0,29,19,7,44,28,36,0,2,1,132,26,30,46.4,France
"{'name': 'Congo DR', 'id': '180', 'alpha3code': 'COD', 'alpha2code': 'CD'}",75,Jean-Victor,,Makengo,3775,1998-06-12,177,"{'code2': 'MD', 'code3': 'MID', 'name': 'Midfielder'}","{'name': 'France', 'id': '250', 'alpha3code': 'FRA', 'alpha2code': 'FR'}",352992,left,J. Makengo,4426,Jean-Victor Makengo,Jean-Victor Makengo,Jean-Victor Makengo,fr FRA,"FW,MF",Nice,19,1998,2.7,96,110,87.3,1402,257,60,65,92.3,29,34,85.3,4,7,57.1,0,0.0,0.1,0.0,0,5,1,0,11,4,50.0,2,2,0,1,2,1,1,0,1,3,7,1,1,Matches,110,110,0,0,0,1,5,0,0,0,0,0,96,0,1,1,0,0,5,4,0,5,3,2,0,0,0,10,3,6,33.3,France
"{'name': 'Portugal', 'id': '620', 'alpha3code': 'PRT', 'alpha2code': 'PT'}",81,Anthony,,Lopes,3766,1990-10-01,184,"{'code2': 'GK', 'code3': 'GKP', 'name': 'Goalkeeper'}","{'name': 'France', 'id': '250', 'alpha3code': 'FRA', 'alpha2code': 'FR'}",25382,left,A. Lopes,9905,Anthony Lopes,Anthony Lopes,Anthony Lopes,pt POR,GK,Lyon,26,1990,34.0,834,1052,79.3,22891,15194,87,87,100.0,485,489,99.2,259,470,55.1,0,0.0,0.0,0.0,0,5,1,0,1,0,,0,0,0,0,0,0,0,0,0,1,1,17,4,Matches,1052,721,328,88,0,3,0,1,0,0,0,0,834,3,0,1,0,0,1,3,0,0,1,0,0,1,0,47,7,0,100.0,France
"{'name': 'France', 'id': '250', 'alpha3code': 'FRA', 'alpha2code': 'FR'}",78,R\u00e9my,,Vercoutre,,1980-06-26,185,"{'code2': 'GK', 'code3': 'GKP', 'name': 'Goalkeeper'}","{'name': 'France', 'id': '250', 'alpha3code': 'FRA', 'alpha2code': 'FR'}",25384,right,R. Vercoutre,null,Rémy Vercoutre,Rémy Vercoutre,Rémy Vercoutre,fr FRA,GK,Caen,37,1980,34.5,621,1064,58.4,26113,22663,17,18,94.4,169,172,98.3,435,870,50.0,0,0.0,0.1,0.0,1,32,1,0,0,2,100.0,2,0,0,2,2,0,0,0,0,2,4,14,2,Matches,1064,619,443,183,0,4,0,0,0,0,0,0,621,2,1,1,1,0,0,2,0,0,2,2,0,0,1,26,7,1,87.5,France
"{'name': 'France', 'id': '250', 'alpha3code': 'FRA', 'alpha2code': 'FR'}",82,Bakary,,Kon\u00e9,3779,1988-04-27,188,"{'code2': 'DF', 'code3': 'DEF', 'name': 'Defender'}","{'name': 'Burkina Faso', 'id': '854', 'alpha3code': 'BFA', 'alpha2code': 'BF'}",25392,right,B. Kon\u00e9,null,Bakary Koné,Bakary Koné,Bakary Koné,bf BFA,DF,Strasbourg,29,1988,27.4,877,1030,85.1,18998,6959,236,264,89.4,471,512,92.0,158,226,69.9,0,0.0,0.3,0.0,1,40,5,1,51,26,38.7,23,3,0,12,31,19,20,10,10,33,59,122,2,Matches,1030,995,31,29,1,12,1,2,0,0,0,0,877,4,5,3,0,0,23,17,2,1,33,17,1,2,0,106,49,32,60.5,France
"{'name': 'Algeria', 'id': '12', 'alpha3code': 'DZA', 'alpha2code': 'DZ'}",71,Mehdi,,Zeffane,3774,1992-05-19,176,"{'code2': 'DF', 'code3': 'DEF', 'name': 'Defender'}","{'name': 'France', 'id': '250', 'alpha3code': 'FRA', 'alpha2code': 'FR'}",25399,right,M. Zeffane,null,Mehdi Zeffane,Mehdi Zeffane,Mehdi Zeffane,dz ALG,"DF,MF",Rennes,25,1992,11.0,451,585,77.1,7204,2891,244,279,87.5,161,198,81.3,35,78,44.9,1,0.8,0.7,0.2,6,29,4,3,43,17,36.0,10,5,2,9,25,16,10,2,8,12,29,44,0,Matches,585,486,96,6,1,6,23,90,0,0,0,0,451,3,11,0,0,0,7,4,1,23,12,12,0,0,0,72,12,13,48.0,France
"{'name': 'France', 'id': '250', 'alpha3code': 'FRA', 'alpha2code': 'FR'}",70,Jordan,,Ferri,3766,1992-03-12,172,"{'code2': 'MD', 'code3': 'MID', 'name': 'Midfielder'}","{'name': 'France', 'id': '250', 'alpha3code': 'FRA', 'alpha2code': 'FR'}",25403,right,J. Ferri,null,Jordan Ferri,Jordan Ferri,Jordan Ferri,fr FRA,MF,Lyon,25,1992,7.1,480,546,87.9,7894,2355,239,253,94.5,185,212,87.3,39,47,83.0,1,0.8,0.7,0.2,8,56,5,1,73,20,35.0,8,11,1,7,20,13,11,1,10,5,25,11,2,Matches,546,533,12,7,4,6,5,4,1,0,0,0,480,1,7,4,0,0,16,9,0,5,5,11,0,0,0,50,6,6,50.0,France
"{'name': 'France', 'id': '250', 'alpha3code': 'FRA', 'alpha2code': 'FR'}",82,Yoann ,,Gourcuff,3774,1986-07-11,185,"{'code2': 'MD', 'code3': 'MID', 'name': 'Midfielder'}","{'name': 'France', 'id': '250', 'alpha3code': 'FRA', 'alpha2code': 'FR'}",25406,right,Y. Gourcuff,null,Yoann  Gourcuff,Yoann Gourcuff,Yoann Gourcuff,fr FRA,"MF,FW",Rennes,31,1986,4.7,170,199,85.4,2401,561,92,105,87.6,53,60,88.3,10,15,66.7,2,0.9,1.1,1.1,5,9,4,2,23,7,0.0,1,3,3,0,2,2,5,0,5,2,9,2,0,Matches,199,185,12,0,2,0,8,2,4,3,1,0,170,2,3,0,0,0,3,6,0,8,2,5,0,0,0,19,3,7,30.0,France
"{'name': 'France', 'id': '250', 'alpha3code': 'FRA', 'alpha2code': 'FR'}",72,Cl\u00e9ment,,Grenier,3785,1991-01-07,186,"{'code2': 'MD', 'code3': 'MID', 'name': 'Midfielder'}","{'name': 'France', 'id': '250', 'alpha3code': 'FRA', 'alpha2code': 'FR'}",25407,right,C. Grenier,null,Clément Grenier,Clément Grenier,Clément Grenier,fr FRA,MF,Guingamp,26,1991,13.4,521,774,67.3,8945,3310,257,308,83.4,161,225,71.6,73,162,45.1,4,3.9,2.6,0.1,35,68,18,3,108,23,28.6,3,13,7,12,42,30,16,1,15,14,37,15,1,Matches,774,674,92,32,1,3,94,1,51,17,27,3,521,8,24,2,0,0,23,16,2,94,14,14,0,1,0,81,16,21,43.2,France
"{'name': 'France', 'id': '250', 'alpha3code': 'FRA', 'alpha2code': 'FR'}",72,Cl\u00e9ment,,Grenier,3785,1991-01-07,186,"{'code2': 'MD', 'code3': 'MID', 'name': 'Midfielder'}","{'name': 'France', 'id': '250', 'alpha3code': 'FRA', 'alpha2code': 'FR'}",25407,right,C. Grenier,null,Clément Grenier,Clément Grenier,Clément Grenier,fr FRA,FW,Lyon,26,1991,0.1,3,6,50.0,50,12,2,3,66.7,1,2,50.0,0,1,0.0,0,0.0,0.0,0.0,0,0,0,0,1,1,,1,0,0,0,0,0,0,0,0,0,1,0,0,Matches,6,4,2,1,0,0,0,1,0,0,0,0,3,0,1,0,0,0,1,2,0,0,0,1,0,0,0,2,0,0,,France
"{'name': 'Mali', 'id': '466', 'alpha3code': 'MLI', 'alpha2code': 'ML'}",79,Alassane,,Pl\u00e9a,3775,1993-03-10,181,"{'code2': 'FW', 'code3': 'FWD', 'name': 'Forward'}","{'name': 'France', 'id': '250', 'alpha3code': 'FRA', 'alpha2code': 'FR'}",25410,right,A. Pl\u00e9a,null,Alassane Pléa,Alassane Pléa,Alassane Pléa,fr FRA,FW,Nice,24,1993,33.8,817,1047,78.0,11969,2696,478,560,85.4,237,293,80.9,52,78,66.7,5,3.0,2.9,2.0,30,71,26,1,117,15,15.6,5,7,3,5,32,27,14,3,11,8,23,21,0,Matches,1047,994,46,0,10,13,15,6,0,0,0,0,817,7,33,6,0,0,43,60,15,15,8,9,1,0,0,83,21,55,27.6,France
"{'name': 'Martinique', 'id': '474', 'alpha3code': 'MTQ', 'alpha2code': 'MQ'}",84,Jimmy,,Briand,3785,1985-08-02,181,"{'code2': 'FW', 'code3': 'FWD', 'name': 'Forward'}","{'name': 'France', 'id': '250', 'alpha3code': 'FRA', 'alpha2code': 'FR'}",25411,right,J. Briand,null,Jimmy Briand,Jimmy Briand,Jimmy Briand,fr FRA,FW,Guingamp,31,1985,35.7,744,1012,73.5,8982,2146,455,561,81.1,176,237,74.3,20,48,41.7,2,2.4,2.3,-0.4,28,44,20,1,84,33,9.5,13,15,5,4,42,38,17,2,15,12,45,51,0,Matches,1012,937,67,10,8,1,19,15,0,0,0,0,744,8,32,4,0,0,48,95,36,19,12,21,1,1,0,141,63,108,36.8,France
"{'name': 'Philippines', 'id': '608', 'alpha3code': 'PHL', 'alpha2code': 'PH'}",94,Alphonse,,Ar\u00e9ola,3767,1993-02-27,195,"{'code2': 'GK', 'code3': 'GKP', 'name': 'Goalkeeper'}","{'name': 'France', 'id': '250', 'alpha3code': 'FRA', 'alpha2code': 'FR'}",25418,right,A. Ar\u00e9ola,4418,Alphonse Aréola,Alphonse Areola,Alphonse Areola,fr FRA,GK,Paris S-G,24,1993,34.0,833,899,92.7,18928,12913,153,154,99.4,514,518,99.2,156,217,71.9,0,0.0,0.0,0.0,0,2,0,0,0,0,0.0,0,0,0,0,1,1,0,0,0,0,0,7,4,Matches,899,608,291,51,0,0,0,0,0,0,0,0,833,0,0,0,0,0,0,2,0,0,0,0,0,0,0,88,7,0,100.0,France
"{'name': 'France', 'id': '250', 'alpha3code': 'FRA', 'alpha2code': 'FR'}",81,Milan,,Bi\u0161evac,3777,1983-08-31,185,"{'code2': 'DF', 'code3': 'DEF', 'name': 'Defender'}","{'name': 'Serbia', 'id': '688', 'alpha3code': 'SRB', 'alpha2code': 'RS'}",25423,right,M. Bi\u0161evac,null,Milan Biševac,Milan Biševac,Milan Biševac,rs SRB,DF,Metz,33,1983,7.9,270,328,82.3,6525,3096,52,59,88.1,138,147,93.9,77,115,67.0,0,0.1,0.3,-0.1,2,31,2,1,26,7,71.4,5,1,1,5,7,2,2,0,2,5,12,43,0,Matches,328,305,23,23,0,4,2,0,0,0,0,0,270,0,3,1,0,0,4,4,1,2,5,5,0,1,0,46,4,8,33.3,France
"{'name': 'France', 'id': '250', 'alpha3code': 'FRA', 'alpha2code': 'FR'}",70,Christophe,,Jallet,3775,1983-10-31,178,"{'code2': 'DF', 'code3': 'DEF', 'name': 'Defender'}","{'name': 'France', 'id': '250', 'alpha3code': 'FRA', 'alpha2code': 'FR'}",25427,right,C. Jallet,null,Christophe Jallet,Christophe Jallet,Christophe Jallet,fr FRA,DF,Nice,33,1983,13.0,703,835,84.2,10874,3733,394,428,92.1,256,309,82.8,37,57,64.9,0,0.7,0.4,-0.7,9,51,7,2,78,29,42.3,21,8,0,11,26,15,18,6,12,16,45,47,0,Matches,835,718,113,13,0,9,22,100,0,0,0,0,703,4,10,4,0,0,12,4,2,22,16,21,0,1,0,67,20,14,58.8,France
"{'name': 'France', 'id': '250', 'alpha3code': 'FRA', 'alpha2code': 'FR'}",90,Mathieu,,Bodmer,3789,1982-11-22,190,"{'code2': 'DF', 'code3': 'DEF', 'name': 'Defender'}","{'name': 'France', 'id': '250', 'alpha3code': 'FRA', 'alpha2code': 'FR'}",25433,right,M. Bodmer,null,Mathieu Bodmer,Mathieu Bodmer,Mathieu Bodmer,fr FRA,"DF,MF",Amiens,34,1982,4.4,218,274,79.6,3647,1494,114,129,88.4,80,98,81.6,22,36,61.1,0,0.3,0.3,-0.3,6,21,5,0,30,6,83.3,5,1,0,5,6,1,6,3,3,1,7,15,0,Matches,274,259,13,13,1,1,1,0,0,0,0,0,218,2,2,2,0,0,10,3,0,1,1,3,0,0,0,23,7,11,38.9,France
"{'name': 'Angola', 'id': '24', 'alpha3code': 'AGO', 'alpha2code': 'AO'}",70,Blaise,,Matuidi,3159,1987-04-09,175,"{'code2': 'MD', 'code3': 'MID', 'name': 'Midfielder'}","{'name': 'France', 'id': '250', 'alpha3code': 'FRA', 'alpha2code': 'FR'}",25437,left,B. Matuidi,4418,Blaise Matuidi,Blaise Matuidi,Blaise Matuidi,fr FRA,MF,Paris S-G,30,1987,0.3,14,17,82.4,151,43,13,14,92.9,0,1,0.0,1,1,100.0,0,0.0,0.0,0.0,0,0,0,0,0,1,,1,0,0,0,0,0,2,1,1,0,1,0,0,Matches,17,16,1,1,0,0,0,0,0,0,0,0,14,0,0,0,0,0,0,1,1,0,0,1,0,0,0,0,1,0,100.0,France
"{'name': 'Italy', 'id': '380', 'alpha3code': 'ITA', 'alpha2code': 'IT'}",83,Thiago,,Motta,,1982-08-28,187,"{'code2': 'MD', 'code3': 'MID', 'name': 'Midfielder'}","{'name': 'Brazil', 'id': '76', 'alpha3code': 'BRA', 'alpha2code': 'BR'}",25439,left,T. Motta,null,Thiago Motta,Thiago Motta,Thiago Motta,it ITA,MF,Paris S-G,34,1982,12.8,1250,1336,93.6,20149,6616,593,620,95.6,481,502,95.8,105,122,86.1,1,0.3,0.6,0.7,11,120,4,0,132,28,33.3,14,11,3,8,24,16,15,6,9,21,49,26,1,Matches,1336,1316,20,19,0,10,0,1,0,0,0,0,1250,0,9,3,1,0,27,14,1,0,21,21,0,1,0,61,23,28,45.1,France
"{'name': 'Mali', 'id': '466', 'alpha3code': 'MLI', 'alpha2code': 'ML'}",85,Kalifa,,Coulibaly,3770,1991-08-21,197,"{'code2': 'FW', 'code3': 'FWD', 'name': 'Forward'}","{'name': 'Mali', 'id': '466', 'alpha3code': 'MLI', 'alpha2code': 'ML'}",25444,right,K. Coulibaly,19001,Kalifa Coulibaly,Kalifa Coulibaly,Kalifa Coulibaly,ml MLI,FW,Nantes,25,1991,3.8,53,92,57.6,694,250,26,40,65.0,11,27,40.7,5,10,50.0,0,0.7,0.8,-0.7,5,5,6,2,11,6,50.0,3,1,2,2,4,2,0,0,0,0,6,6,0,Matches,92,90,2,0,0,0,4,1,0,0,0,0,53,0,3,0,0,0,8,2,3,4,0,6,0,0,0,7,25,24,51.0,France
"{'name': 'Guadeloupe', 'id': '312', 'alpha3code': 'GLP', 'alpha2code': 'GP'}",80,J\u00e9r\u00f4me,,Roussillon,3787,1993-01-06,175,"{'code2': 'DF', 'code3': 'DEF', 'name': 'Defender'}","{'name': 'France', 'id': '250', 'alpha3code': 'FRA', 'alpha2code': 'FR'}",25457,left,J. Roussillon,null,Jérôme Roussillon,Jérôme Roussillon,Jérôme Roussillon,fr FRA,DF,Montpellier,24,1993,20.9,762,1015,75.1,12107,5429,425,482,88.2,259,335,77.3,58,122,47.5,3,3.8,3.4,-0.8,27,49,22,14,80,40,57.7,17,19,4,15,26,11,26,3,23,15,55,52,0,Matches,1015,770,241,25,1,9,94,205,11,2,8,0,762,4,45,2,0,0,10,28,5,94,15,27,0,0,0,106,11,16,40.7,France
"{'name': 'Portugal', 'id': '620', 'alpha3code': 'PRT', 'alpha2code': 'PT'}",62,Vincent,,Nogueira,3779,1988-01-16,170,"{'code2': 'MD', 'code3': 'MID', 'name': 'Midfielder'}","{'name': 'France', 'id': '250', 'alpha3code': 'FRA', 'alpha2code': 'FR'}",25467,right,V. Nogueira,null,Vincent Nogueira,Vincent Nogueira,Vincent Nogueira,fr FRA,MF,Strasbourg,29,1988,0.7,36,42,85.7,667,118,16,18,88.9,15,15,100.0,4,7,57.1,0,0.0,0.0,0.0,0,0,0,0,5,0,,0,0,0,0,0,0,0,0,0,0,0,2,0,Matches,42,41,1,1,0,3,0,0,0,0,0,0,36,0,0,0,0,0,0,3,0,0,0,0,0,0,0,6,0,0,,France
"{'name': 'Bosnia-Herzegovina', 'id': '70', 'alpha3code': 'BIH', 'alpha2code': 'BA'}",73,Sanjin,,Prci\u0107,3774,1993-11-20,181,"{'code2': 'MD', 'code3': 'MID', 'name': 'Midfielder'}","{'name': 'France', 'id': '250', 'alpha3code': 'FRA', 'alpha2code': 'FR'}",25470,right,S. Prci\u0107,null,Sanjin Prcić,Sanjin Prcić,Sanjin Prcić,ba BIH,MF,Rennes,23,1993,17.4,805,929,86.7,15355,4330,328,357,91.9,316,344,91.9,131,176,74.4,2,0.4,0.8,1.6,7,104,10,2,118,37,20.5,9,24,4,8,39,31,19,5,14,30,67,25,0,Matches,929,905,20,19,1,25,5,0,0,0,0,0,805,4,8,3,0,0,14,10,0,5,30,18,0,0,0,140,11,11,50.0,France
"{'name': 'France', 'id': '250', 'alpha3code': 'FRA', 'alpha2code': 'FR'}",83,Thomas,,Monconduit,3789,1991-02-10,184,"{'code2': 'MD', 'code3': 'MID', 'name': 'Midfielder'}","{'name': 'France', 'id': '250', 'alpha3code': 'FRA', 'alpha2code': 'FR'}",25492,right,T. Monconduit,null,Thomas Monconduit,Thomas Monconduit,Thomas Monconduit,fr FRA,MF,Amiens,26,1991,32.8,1136,1449,78.4,19186,6245,554,656,84.5,416,510,81.6,120,187,64.2,3,2.3,2.3,0.7,23,119,19,2,165,81,39.1,33,43,5,34,87,53,52,17,35,55,136,81,2,Matches,1449,1400,46,35,10,20,14,2,0,0,0,0,1136,3,25,7,1,0,64,46,2,14,55,49,1,0,0,198,50,31,61.7,France
"{'name': ""C\\u00f4te d'Ivoire"", 'id': '384', 'alpha3code': 'CIV', 'alpha2code': 'CI'}",80,Soualiho,,Me\u00eft\u00e9,3772,1994-03-17,187,"{'code2': 'MD', 'code3': 'MID', 'name': 'Midfielder'}","{'name': 'France', 'id': '250', 'alpha3code': 'FRA', 'alpha2code': 'FR'}",25504,right,S. Me\u00eft\u00e9,null,Soualiho Meïté,Soualiho Meïté,Soualiho Meïté,fr FRA,MF,Bordeaux,23,1994,14.8,593,711,83.4,9182,1871,321,359,89.4,199,226,88.1,47,70,67.1,2,1.2,1.0,0.8,15,36,7,2,60,25,28.1,4,19,2,9,32,23,22,6,16,23,48,13,1,Matches,711,689,19,18,6,8,10,1,0,0,0,0,593,3,14,0,0,0,20,22,0,10,23,13,0,1,0,127,29,17,63.0,France
"{'name': ""C\\u00f4te d'Ivoire"", 'id': '384', 'alpha3code': 'CIV', 'alpha2code': 'CI'}",80,Soualiho,,Me\u00eft\u00e9,3772,1994-03-17,187,"{'code2': 'MD', 'code3': 'MID', 'name': 'Midfielder'}","{'name': 'France', 'id': '250', 'alpha3code': 'FRA', 'alpha2code': 'FR'}",25504,right,S. Me\u00eft\u00e9,null,Soualiho Meïté,Soualiho Meïté,Soualiho Meïté,fr FRA,MF,Monaco,23,1994,1.1,36,44,81.8,576,184,21,23,91.3,11,12,91.7,2,5,40.0,0,0.0,0.0,0.0,1,3,0,0,1,2,40.0,1,1,0,2,5,3,1,0,1,3,5,3,0,Matches,44,43,1,1,0,1,0,0,0,0,0,0,36,0,2,0,0,0,2,2,0,0,3,1,0,0,0,5,0,2,0.0,France
"{'name': ""C\\u00f4te d'Ivoire"", 'id': '384', 'alpha3code': 'CIV', 'alpha2code': 'CI'}",74,Yaya,,Sanogo,3780,1993-01-27,191,"{'code2': 'FW', 'code3': 'FWD', 'name': 'Forward'}","{'name': 'France', 'id': '250', 'alpha3code': 'FRA', 'alpha2code': 'FR'}",25517,right,Y. Sanogo,null,Yaya Sanogo,Yaya Sanogo,Yaya Sanogo,fr FRA,FW,Toulouse,24,1993,16.8,179,320,55.9,2494,539,109,172,63.4,54,95,56.8,9,16,56.3,0,0.4,0.4,-0.4,12,23,7,0,33,11,27.3,1,5,5,3,11,8,6,1,5,6,17,14,1,Matches,320,308,12,1,1,3,5,0,0,0,0,0,179,0,18,6,0,0,53,41,12,5,6,6,2,0,0,44,82,80,50.6,France
"{'name': 'France', 'id': '250', 'alpha3code': 'FRA', 'alpha2code': 'FR'}",87,Maxime,,Dup\u00e9,3770,1993-03-04,186,"{'code2': 'GK', 'code3': 'GKP', 'name': 'Goalkeeper'}","{'name': 'France', 'id': '250', 'alpha3code': 'FRA', 'alpha2code': 'FR'}",25519,right,M. Dup\u00e9,null,Maxime Dupé,Maxime Dupé,Maxime Dupé,fr FRA,GK,Nantes,24,1993,1.0,12,22,54.5,510,450,1,1,100.0,3,3,100.0,8,18,44.4,0,0.0,0.0,0.0,0,0,0,0,0,0,,0,0,0,0,0,0,0,0,0,0,0,2,0,Matches,22,13,9,1,0,0,0,0,0,0,0,0,12,0,0,0,0,0,0,0,0,0,0,0,0,0,0,1,0,0,,France
"{'name': 'Poland', 'id': '616', 'alpha3code': 'POL', 'alpha2code': 'PL'}",80,Erwin,,Zelazny,3795,1991-09-22,186,"{'code2': 'GK', 'code3': 'GKP', 'name': 'Goalkeeper'}","{'name': 'France', 'id': '250', 'alpha3code': 'FRA', 'alpha2code': 'FR'}",25521,right,E. Zelazny,null,Erwin Zelazny,Erwin Zelazny,Erwin Zelazny,fr FRA,GK,Troyes,25,1991,17.0,377,655,57.6,13744,10439,17,17,100.0,149,149,100.0,211,488,43.2,0,0.0,0.0,0.0,0,11,0,0,0,1,50.0,1,0,0,1,2,1,0,0,0,2,3,10,1,Matches,655,378,276,103,0,1,0,0,0,0,0,0,377,1,0,2,0,0,0,5,0,0,2,1,0,0,0,14,4,2,66.7,France
"{'name': 'Portugal', 'id': '620', 'alpha3code': 'PRT', 'alpha2code': 'PT'}",77,Jonathan,,Martins-Pereira,3785,1986-01-30,182,"{'code2': 'DF', 'code3': 'DEF', 'name': 'Defender'}","{'name': 'France', 'id': '250', 'alpha3code': 'FRA', 'alpha2code': 'FR'}",25526,right,J. Martins-Pereira,null,Jonathan Martins-Pereira,Jonathan Martins Pereira,Jonathan Martins Pereira,fr FRA,DF,Guingamp,31,1986,12.6,574,721,79.6,8688,4065,317,345,91.9,191,255,74.9,40,76,52.6,0,1.3,1.9,-1.3,16,51,14,7,57,34,34.8,21,10,3,8,23,15,9,3,6,37,71,39,1,Matches,721,564,156,24,1,1,35,132,0,0,0,0,574,1,10,2,0,0,16,17,0,35,37,18,0,0,0,78,20,7,74.1,France
"{'name': 'France', 'id': '250', 'alpha3code': 'FRA', 'alpha2code': 'FR'}",73,Vincent,,Bessat,,1985-11-08,178,"{'code2': 'MD', 'code3': 'MID', 'name': 'Midfielder'}","{'name': 'France', 'id': '250', 'alpha3code': 'FRA', 'alpha2code': 'FR'}",25532,left,V. Bessat,null,Vincent Bessat,Vincent Bessat,Vincent Bessat,fr FRA,"DF,MF",Caen,31,1985,17.4,711,952,74.7,11566,4942,387,435,89.0,252,328,76.8,60,132,45.5,1,1.4,2.1,-0.4,19,52,26,20,85,41,45.8,23,16,2,22,48,26,19,1,18,18,59,18,0,Matches,952,759,190,17,0,5,120,161,12,5,5,0,711,3,30,2,0,0,16,5,2,120,18,27,0,1,0,119,5,26,16.1,France
"{'name': 'Senegal', 'id': '686', 'alpha3code': 'SEN', 'alpha2code': 'SN'}",73,Issa,,Cissokho,,1985-02-23,173,"{'code2': 'DF', 'code3': 'DEF', 'name': 'Defender'}","{'name': 'France', 'id': '250', 'alpha3code': 'FRA', 'alpha2code': 'FR'}",25534,right,I. Cissokho,null,Issa Cissokho,Issa Cissokho,Issa Cissokho,sn SEN,DF,Amiens,32,1985,18.1,610,805,75.8,10340,4442,305,337,90.5,246,326,75.5,50,116,43.1,0,0.4,0.5,-0.4,10,39,9,7,49,31,56.3,22,9,0,18,32,14,18,8,10,34,65,87,1,Matches,805,615,186,30,0,5,30,156,0,0,0,0,610,4,9,3,0,0,16,19,0,30,34,23,0,0,0,110,16,26,38.1,France
"{'name': 'France', 'id': '250', 'alpha3code': 'FRA', 'alpha2code': 'FR'}",82,Steve,,Mandanda,3771,1985-03-28,185,"{'code2': 'GK', 'code3': 'GKP', 'name': 'Goalkeeper'}","{'name': 'Congo DR', 'id': '180', 'alpha3code': 'COD', 'alpha2code': 'CD'}",25552,right,S. Mandanda,4418,Steve Mandanda,Steve Mandanda,Steve Mandanda,fr FRA,GK,Marseille,32,1985,30.0,630,892,70.6,18498,13723,65,65,100.0,320,326,98.2,244,493,49.5,0,0.0,0.0,0.0,0,10,0,0,0,0,,0,0,0,0,0,0,0,0,0,0,0,10,3,Matches,892,627,261,75,0,3,0,0,0,0,0,0,630,4,3,0,0,0,1,2,0,0,0,0,0,1,0,34,7,0,100.0,France
"{'name': 'France', 'id': '250', 'alpha3code': 'FRA', 'alpha2code': 'FR'}",71,J\u00e9r\u00e9my,,Morel,3766,1984-04-02,172,"{'code2': 'DF', 'code3': 'DEF', 'name': 'Defender'}","{'name': 'France', 'id': '250', 'alpha3code': 'FRA', 'alpha2code': 'FR'}",25557,left,J. Morel,null,Jérémy Morel,Jérémy Morel,Jérémy Morel,mg MAD,DF,Lyon,33,1984,32.4,1788,1974,90.6,35362,14897,567,603,94.0,997,1055,94.5,206,270,76.3,0,0.1,0.3,-0.1,2,89,1,0,113,39,78.3,23,15,1,18,23,5,28,23,5,46,85,129,5,Matches,1974,1899,70,64,2,7,0,6,0,0,0,0,1788,5,16,4,0,0,26,23,1,0,46,27,0,2,1,179,55,33,62.5,France
"{'name': 'France', 'id': '250', 'alpha3code': 'FRA', 'alpha2code': 'FR'}",68,Morgan,,Amalfitano,,1985-03-20,176,"{'code2': 'MD', 'code3': 'MID', 'name': 'Midfielder'}","{'name': 'France', 'id': '250', 'alpha3code': 'FRA', 'alpha2code': 'FR'}",25562,right,M. Amalfitano,null,Morgan Amalfitano,Morgan Amalfitano,Morgan Amalfitano,fr FRA,"MF,FW",Rennes,32,1985,8.3,221,277,79.8,2834,864,135,145,93.1,57,70,81.4,9,31,29.0,0,0.5,0.4,-0.5,6,23,4,1,24,8,40.0,3,3,2,2,5,3,6,0,6,4,12,7,0,Matches,277,261,15,5,3,0,19,8,1,1,0,0,221,1,5,2,2,1,8,14,0,19,4,5,0,0,0,39,2,12,14.3,France
"{'name': 'France', 'id': '250', 'alpha3code': 'FRA', 'alpha2code': 'FR'}",71,Jaroslav,,Pla\u0161il,3772,1982-01-05,184,"{'code2': 'MD', 'code3': 'MID', 'name': 'Midfielder'}","{'name': 'Czech Republic', 'id': '203', 'alpha3code': 'CZE', 'alpha2code': 'CZ'}",25596,right,J. Pla\u0161il,null,Jaroslav Plašil,Jaroslav Plašil,Jaroslav Plašil,cz CZE,MF,Bordeaux,35,1982,11.6,582,671,86.7,9422,2809,283,317,89.3,227,250,90.8,44,56,78.6,1,1.5,0.8,-0.5,14,56,11,3,77,24,22.6,7,17,0,7,31,24,18,6,12,21,45,15,0,Matches,671,650,18,14,5,3,9,1,2,2,0,0,582,3,8,2,0,0,13,15,0,9,21,14,0,0,0,88,7,10,41.2,France
"{'name': 'Croatia', 'id': '191', 'alpha3code': 'HRV', 'alpha2code': 'HR'}",80,Gr\u00e9gory,,Sertic,3771,1989-08-05,183,"{'code2': 'MD', 'code3': 'MID', 'name': 'Midfielder'}","{'name': 'France', 'id': '250', 'alpha3code': 'FRA', 'alpha2code': 'FR'}",25598,right,G. Sertic,null,Grégory Sertic,Grégory Sertic,Grégory Sertic,fr FRA,"DF,MF",Marseille,27,1989,3.9,171,196,87.2,2929,1065,71,74,95.9,72,75,96.0,18,29,62.1,0,0.1,0.2,-0.1,1,12,1,0,9,5,33.3,3,2,0,2,6,4,8,7,1,6,11,23,0,Matches,196,190,5,5,1,1,0,0,0,0,0,0,171,1,3,1,0,0,10,3,0,0,6,3,0,1,0,19,9,6,60.0,France
"{'name': 'Italy', 'id': '380', 'alpha3code': 'ITA', 'alpha2code': 'IT'}",75,Emiliano,,Sala,3770,1990-10-30,187,"{'code2': 'FW', 'code3': 'FWD', 'name': 'Forward'}","{'name': 'Argentina', 'id': '32', 'alpha3code': 'ARG', 'alpha2code': 'AR'}",25605,right,E. Sala,null,Emiliano Sala,Emiliano Sala,Emiliano Sala,ar ARG,FW,Nantes,26,1990,33.7,519,846,61.3,5992,1357,319,464,68.8,103,184,56.0,19,33,57.6,4,2.7,1.7,1.3,35,37,18,3,67,19,15.2,3,9,7,5,33,28,27,3,24,9,28,50,0,Matches,846,812,23,0,5,1,9,0,0,0,0,0,519,11,35,4,1,1,50,58,32,9,9,11,0,0,0,95,119,200,37.3,France
"{'name': 'Tunisia', 'id': '788', 'alpha3code': 'TUN', 'alpha2code': 'TN'}",72,Chaouki,,Ben Saada,3795,1984-07-01,170,"{'code2': 'MD', 'code3': 'MID', 'name': 'Midfielder'}","{'name': 'France', 'id': '250', 'alpha3code': 'FRA', 'alpha2code': 'FR'}",25616,left,C. Ben Saada,null,Chaouki Ben Saada,Chaouki Ben Saada,Chaouki Ben Saada,tn TUN,"FW,MF",Troyes,33,1984,3.8,146,196,74.5,2537,794,73,85,85.9,42,56,75.0,22,34,64.7,0,1.0,0.9,-1.0,10,18,8,2,26,11,18.2,5,3,3,2,11,9,3,0,3,2,13,3,0,Matches,196,182,12,3,3,5,15,3,6,3,1,2,146,2,7,3,0,0,10,3,0,15,2,8,0,0,0,21,2,4,33.3,France
"{'name': 'France', 'id': '250', 'alpha3code': 'FRA', 'alpha2code': 'FR'}",75,Ludovic,,Baal,3774,1986-05-24,176,"{'code2': 'DF', 'code3': 'DEF', 'name': 'Defender'}","{'name': 'French Guiana', 'id': '254', 'alpha3code': 'GUF', 'alpha2code': 'GF'}",25625,left,L. Baal,18799,Ludovic Baal,Ludovic Baal,Ludovic Baal,gf GUF,DF,Rennes,31,1986,12.9,655,856,76.5,9942,5065,354,399,88.7,233,305,76.4,42,102,41.2,0,1.0,0.6,-1.0,7,57,7,1,85,41,37.1,29,8,4,13,35,22,13,2,11,15,56,37,1,Matches,856,689,164,21,0,0,23,143,0,0,0,0,655,3,12,0,0,0,11,15,1,23,15,27,0,0,0,104,28,14,66.7,France
"{'name': 'France', 'id': '250', 'alpha3code': 'FRA', 'alpha2code': 'FR'}",88,Beno\u00eet,,Costil,3772,1987-07-03,187,"{'code2': 'GK', 'code3': 'GKP', 'name': 'Goalkeeper'}","{'name': 'France', 'id': '250', 'alpha3code': 'FRA', 'alpha2code': 'FR'}",25632,right,B. Costil,null,Benoît Costil,Benoît Costil,Benoît Costil,fr FRA,GK,Bordeaux,30,1987,36.0,760,1172,64.8,25754,20060,56,56,100.0,356,360,98.9,348,754,46.2,0,0.1,0.1,-0.1,2,14,1,0,0,0,0.0,0,0,0,0,2,2,0,0,0,3,3,13,4,Matches,1172,768,402,107,0,4,0,0,0,0,0,0,760,2,0,1,0,0,0,3,0,0,3,0,0,0,0,49,4,2,66.7,France
"{'name': 'Senegal', 'id': '686', 'alpha3code': 'SEN', 'alpha2code': 'SN'}",82,Abdoulaye,,Diallo,3774,1992-03-30,191,"{'code2': 'GK', 'code3': 'GKP', 'name': 'Goalkeeper'}","{'name': 'France', 'id': '250', 'alpha3code': 'FRA', 'alpha2code': 'FR'}",25633,right,A. Diallo,19314,Abdoulaye Diallo,Abdoulaye Diallo,Abdoulaye Diallo,sn SEN,GK,Rennes,25,1992,3.0,56,78,71.8,1818,1405,9,9,100.0,23,23,100.0,24,45,53.3,0,0.0,0.0,0.0,0,1,0,0,0,0,,0,0,0,0,0,0,0,0,0,0,0,4,1,Matches,78,49,29,9,0,0,0,0,0,0,0,0,56,0,1,0,0,0,0,0,0,0,0,0,0,0,0,4,0,1,0.0,France
"{'name': 'France', 'id': '250', 'alpha3code': 'FRA', 'alpha2code': 'FR'}",73,Romain,,Danz\u00e9,3774,1986-07-03,184,"{'code2': 'DF', 'code3': 'DEF', 'name': 'Defender'}","{'name': 'France', 'id': '250', 'alpha3code': 'FRA', 'alpha2code': 'FR'}",25637,right,R. Danz\u00e9,null,Romain Danzé,Romain Danzé,Romain Danzé,fr FRA,DF,Rennes,31,1986,7.6,344,448,76.8,5596,2281,170,198,85.9,137,171,80.1,27,54,50.0,0,0.1,0.1,-0.1,3,30,1,0,33,12,61.5,3,4,5,8,13,5,11,2,9,3,15,34,0,Matches,448,356,90,6,0,3,18,84,0,0,0,0,344,2,9,2,0,0,7,1,0,18,3,7,0,0,0,31,14,9,60.9,France
"{'name': 'Guadeloupe', 'id': '312', 'alpha3code': 'GLP', 'alpha2code': 'GP'}",78,Dimitri,,Foulquier,3779,1993-03-23,183,"{'code2': 'DF', 'code3': 'DEF', 'name': 'Defender'}","{'name': 'France', 'id': '250', 'alpha3code': 'FRA', 'alpha2code': 'FR'}",25638,right,D. Foulquier,null,Dimitri Foulquier,Dimitri Foulquier,Dimitri Foulquier,fr FRA,DF,Strasbourg,24,1993,13.8,532,678,78.5,8216,3079,295,335,88.1,181,216,83.8,35,82,42.7,2,1.6,0.9,0.4,8,36,10,3,52,25,41.2,15,8,2,7,17,10,15,4,11,14,39,33,0,Matches,678,526,151,8,0,3,25,143,0,0,0,0,532,1,24,2,0,0,20,7,1,25,14,12,0,0,0,75,5,8,38.5,France
"{'name': 'Martinique', 'id': '474', 'alpha3code': 'MTQ', 'alpha2code': 'MQ'}",84,K\u00e9vin,,Th\u00e9ophile Catherine,3782,1989-10-28,183,"{'code2': 'DF', 'code3': 'DEF', 'name': 'Defender'}","{'name': 'France', 'id': '250', 'alpha3code': 'FRA', 'alpha2code': 'FR'}",25643,right,K. Th\u00e9ophile Catherine,null,Kévin Théophile Catherine,Kévin Théophile-Catherine,Kévin Théophile-Catherine,fr FRA,DF,Saint-Étienne,27,1989,24.1,913,1115,81.9,18147,6558,325,352,92.3,459,502,91.4,124,237,52.3,0,0.3,0.6,-0.3,4,65,7,0,77,36,45.8,23,13,0,11,24,13,19,15,4,31,67,113,1,Matches,1115,1060,49,20,1,17,2,29,0,0,0,0,913,6,7,6,0,0,25,13,0,2,31,27,0,2,0,133,41,29,58.6,France
"{'name': 'France', 'id': '250', 'alpha3code': 'FRA', 'alpha2code': 'FR'}",76,Julien,,F\u00e9ret,3783,1982-07-05,187,"{'code2': 'MD', 'code3': 'MID', 'name': 'Midfielder'}","{'name': 'France', 'id': '250', 'alpha3code': 'FRA', 'alpha2code': 'FR'}",25647,right,J. F\u00e9ret,null,Julien Féret,Julien Féret,Julien Féret,fr FRA,MF,Caen,35,1982,34.0,1308,1722,76.0,24889,8214,536,641,83.6,527,650,81.1,204,333,61.3,1,4.9,4.4,-3.9,68,177,25,7,272,40,18.7,10,25,5,14,75,61,52,7,45,49,89,58,2,Matches,1722,1548,162,63,6,28,129,7,74,24,45,2,1308,12,23,3,0,0,22,32,0,129,49,27,1,1,0,287,86,61,58.5,France
"{'name': 'Congo', 'id': '178', 'alpha3code': 'COG', 'alpha2code': 'CG'}",82,Yann,,M'Vila,3782,1990-06-29,182,"{'code2': 'MD', 'code3': 'MID', 'name': 'Midfielder'}","{'name': 'France', 'id': '250', 'alpha3code': 'FRA', 'alpha2code': 'FR'}",25649,right,Y. M'Vila,null,Yann M'Vila,Yann M'Vila,Yann M'Vila,fr FRA,MF,Saint-Étienne,27,1990,16.4,1140,1302,87.6,21969,6955,458,497,92.2,488,537,90.9,167,216,77.3,0,0.1,0.6,-0.1,3,100,9,1,139,26,29.2,11,12,3,7,24,17,13,1,12,31,57,56,0,Matches,1302,1262,33,28,2,23,6,5,0,0,0,0,1140,7,10,1,0,0,9,20,0,6,31,16,0,0,0,96,19,14,57.6,France
"{'name': 'France', 'id': '250', 'alpha3code': 'FRA', 'alpha2code': 'FR'}",68,Vincent,,Pajot,3782,1990-09-18,180,"{'code2': 'MD', 'code3': 'MID', 'name': 'Midfielder'}","{'name': 'France', 'id': '250', 'alpha3code': 'FRA', 'alpha2code': 'FR'}",25650,right,V. Pajot,null,Vincent Pajot,Vincent Pajot,Vincent Pajot,fr FRA,MF,Saint-Étienne,26,1990,14.3,436,567,76.9,7483,1999,207,261,79.3,177,219,80.8,43,59,72.9,2,1.8,1.2,0.2,10,23,4,0,58,24,17.6,9,13,2,3,17,14,21,9,12,24,48,34,0,Matches,567,547,18,11,2,6,6,3,0,0,0,0,436,2,11,5,1,0,36,18,1,6,24,16,0,0,0,63,72,48,60.0,France
"{'name': 'Cameroon', 'id': '120', 'alpha3code': 'CMR', 'alpha2code': 'CM'}",88,St\u00e9phane,,Bahoken,3779,1992-05-28,185,"{'code2': 'FW', 'code3': 'FWD', 'name': 'Forward'}","{'name': 'France', 'id': '250', 'alpha3code': 'FRA', 'alpha2code': 'FR'}",25673,right,S. Bahoken,null,Stéphane Bahoken,Stéphane Bahoken,Stéphane Bahoken,cm CMR,FW,Strasbourg,25,1992,18.5,234,340,68.8,3132,700,143,173,82.7,64,90,71.1,10,21,47.6,1,1.7,1.7,-0.7,13,7,17,8,22,16,18.2,3,8,5,4,22,18,18,1,17,9,25,1,0,Matches,340,313,27,2,0,0,42,4,1,0,0,0,234,0,24,5,0,0,46,20,21,42,9,11,0,1,0,48,28,54,34.1,France
"{'name': 'France', 'id': '250', 'alpha3code': 'FRA', 'alpha2code': 'FR'}",76,Mathieu,,Debuchy,3782,1985-07-28,177,"{'code2': 'DF', 'code3': 'DEF', 'name': 'Defender'}","{'name': 'France', 'id': '250', 'alpha3code': 'FRA', 'alpha2code': 'FR'}",25700,right,M. Debuchy,null,Mathieu Debuchy,Mathieu Debuchy,Mathieu Debuchy,fr FRA,DF,Saint-Étienne,32,1985,14.6,588,800,73.5,8869,3578,335,387,86.6,190,269,70.6,43,86,50.0,0,1.2,2.1,-1.2,14,31,17,10,59,34,56.7,22,8,4,17,30,13,16,10,6,27,61,73,0,Matches,800,619,176,2,0,0,51,174,0,0,0,0,588,5,28,1,0,0,22,13,2,51,27,25,0,1,1,82,61,28,68.5,France
"{'name': 'France', 'id': '250', 'alpha3code': 'FRA', 'alpha2code': 'FR'}",72,Florent,,Balmont,3804,1980-02-02,168,"{'code2': 'MD', 'code3': 'MID', 'name': 'Midfielder'}","{'name': 'France', 'id': '250', 'alpha3code': 'FRA', 'alpha2code': 'FR'}",25704,right,F. Balmont,null,Florent Balmont,Florent Balmont,Florent Balmont,fr FRA,MF,Dijon,37,1980,9.6,430,525,81.9,6716,2036,220,238,92.4,160,191,83.8,30,65,46.2,3,1.7,1.7,1.3,7,39,8,3,75,14,16.0,4,9,1,4,25,21,15,1,14,8,22,5,0,Matches,525,493,31,20,1,5,18,6,3,0,2,1,430,1,9,3,0,0,9,16,0,18,8,9,0,0,0,78,0,2,0.0,France
"{'name': 'France', 'id': '250', 'alpha3code': 'FRA', 'alpha2code': 'FR'}",77,Dimitri ,,Payet,3771,1987-03-29,175,"{'code2': 'MD', 'code3': 'MID', 'name': 'Midfielder'}","{'name': 'Reunion', 'id': '638', 'alpha3code': 'REU', 'alpha2code': 'RE'}",25714,right,D. Payet,null,Dimitri  Payet,Dimitri Payet,Dimitri Payet,fr FRA,"MF,FW",Marseille,30,1987,26.1,1225,1665,73.6,20226,7263,577,672,85.9,370,506,73.1,165,307,53.7,14,14.4,12.8,-0.4,121,130,70,22,209,22,21.6,5,13,4,8,37,29,19,2,17,19,41,7,1,Matches,1665,1409,247,88,42,17,235,17,127,38,61,2,1225,9,28,6,0,0,17,54,4,235,19,11,3,0,0,134,6,18,25.0,France
"{'name': 'France', 'id': '250', 'alpha3code': 'FRA', 'alpha2code': 'FR'}",82,Ronny,,Rodelin,3783,1989-11-18,192,"{'code2': 'FW', 'code3': 'FWD', 'name': 'Forward'}","{'name': 'Reunion', 'id': '638', 'alpha3code': 'REU', 'alpha2code': 'RE'}",25715,right,R. Rodelin,null,Ronny Rodelin,Ronny Rodelin,Ronny Rodelin,fr FRA,"FW,MF",Caen,27,1989,35.1,952,1372,69.4,17131,5216,446,585,76.2,368,500,73.6,118,198,59.6,6,7.4,5.6,-1.4,59,133,37,11,220,33,19.0,7,18,8,8,42,34,21,2,19,28,61,41,1,Matches,1372,1321,40,1,5,41,78,12,0,0,0,0,952,11,36,1,0,0,23,32,13,78,28,22,0,0,0,175,140,90,60.9,France
"{'name': 'Guinea', 'id': '324', 'alpha3code': 'GIN', 'alpha2code': 'GN'}",65,Bouna,,Sarr,3771,1992-01-31,177,"{'code2': 'MD', 'code3': 'MID', 'name': 'Midfielder'}","{'name': 'France', 'id': '250', 'alpha3code': 'FRA', 'alpha2code': 'FR'}",25743,right,B. Sarr,null,Bouna Sarr,Bouna Sarr,Bouna Sarr,sn SEN,"DF,FW",Marseille,25,1992,19.9,1136,1330,85.4,15061,4971,723,783,92.3,277,332,83.4,55,101,54.5,3,2.8,2.8,0.2,29,51,31,19,67,65,57.9,42,20,3,22,38,16,20,4,16,32,97,53,2,Matches,1330,1128,202,19,1,1,84,174,9,3,4,0,1136,0,25,5,0,0,37,25,4,84,32,42,1,0,0,163,37,33,52.9,France
"{'name': 'France', 'id': '250', 'alpha3code': 'FRA', 'alpha2code': 'FR'}",82,Jonathan,,Rivierez,3777,1989-05-18,181,"{'code2': 'DF', 'code3': 'DEF', 'name': 'Defender'}","{'name': 'France', 'id': '250', 'alpha3code': 'FRA', 'alpha2code': 'FR'}",26138,right,J. Rivierez,null,Jonathan Rivierez,Jonathan Rivierez,Jonathan Rivierez,mq MTQ,DF,Metz,28,1989,22.9,727,963,75.5,14177,7056,266,303,87.8,376,472,79.7,83,162,51.2,0,0.4,0.7,-0.4,9,79,16,10,74,81,51.3,50,26,5,41,80,39,21,7,14,39,120,73,0,Matches,963,743,218,14,0,7,25,204,0,0,0,0,727,2,22,6,0,0,33,14,0,25,39,59,0,1,0,132,21,23,47.7,France
"{'name': 'Italy', 'id': '380', 'alpha3code': 'ITA', 'alpha2code': 'IT'}",82,Andrea,,Raggi,19830,1984-06-24,187,"{'code2': 'DF', 'code3': 'DEF', 'name': 'Defender'}","{'name': 'Italy', 'id': '380', 'alpha3code': 'ITA', 'alpha2code': 'IT'}",20677,right,A. Raggi,null,Andrea Raggi,Andrea Raggi,Andrea Raggi,it ITA,DF,Monaco,33,1984,17.9,571,766,74.5,10728,4225,230,259,88.8,274,351,78.1,60,135,44.4,0,0.2,0.4,-0.2,3,43,3,3,51,20,37.0,15,4,1,10,27,17,12,6,6,31,51,66,0,Matches,766,614,150,21,0,5,23,129,0,0,0,0,571,2,14,3,0,0,10,12,2,23,31,10,0,0,0,79,13,14,48.1,France
"{'name': 'France', 'id': '250', 'alpha3code': 'FRA', 'alpha2code': 'FR'}",70,Yannick,,Cahuzac,3780,1985-01-18,178,"{'code2': 'MD', 'code3': 'MID', 'name': 'Midfielder'}","{'name': 'France', 'id': '250', 'alpha3code': 'FRA', 'alpha2code': 'FR'}",25764,right,Y. Cahuzac,null,Yannick Cahuzac,Yannick Cahuzac,Yannick Cahuzac,fr FRA,MF,Toulouse,32,1985,16.9,467,568,82.2,8111,2615,217,255,85.1,193,223,86.5,47,67,70.1,0,0.4,0.5,-0.4,4,46,1,1,47,39,57.7,20,19,0,15,26,11,29,10,19,30,69,42,0,Matches,568,542,22,16,0,5,2,1,0,0,0,0,467,4,4,5,0,0,26,28,0,2,30,28,0,0,0,94,29,28,50.9,France
"{'name': 'France', 'id': '250', 'alpha3code': 'FRA', 'alpha2code': 'FR'}",70,Florian,,Thauvin,3771,1993-01-26,179,"{'code2': 'FW', 'code3': 'FWD', 'name': 'Forward'}","{'name': 'France', 'id': '250', 'alpha3code': 'FRA', 'alpha2code': 'FR'}",25770,left,F. Thauvin,4418,Florian Thauvin,Florian Thauvin,Florian Thauvin,fr FRA,FW,Marseille,24,1993,32.8,1314,1838,71.5,17574,5783,753,865,87.1,299,435,68.7,92,245,37.6,11,12.2,9.8,-1.2,77,135,58,17,210,44,32.6,16,20,8,15,46,31,22,1,21,17,61,20,0,Matches,1838,1669,156,38,29,18,203,19,75,52,8,2,1314,13,65,7,0,0,26,52,18,203,17,28,1,0,0,150,15,31,32.6,France
"{'name': 'Tunisia', 'id': '788', 'alpha3code': 'TUN', 'alpha2code': 'TN'}",76,Wahbi,,Khazri,3782,1991-02-08,182,"{'code2': 'MD', 'code3': 'MID', 'name': 'Midfielder'}","{'name': 'France', 'id': '250', 'alpha3code': 'FRA', 'alpha2code': 'FR'}",25776,right,W. Khazri,16276,Wahbi Khazri,Wahbi Khazri,Wahbi Khazri,tn TUN,"FW,MF",Rennes,26,1991,21.3,528,729,72.4,8742,1994,270,320,84.4,130,185,70.3,77,126,61.1,2,3.8,3.1,-1.8,33,51,12,4,64,26,17.9,7,10,9,7,39,32,29,0,29,7,33,7,0,Matches,729,634,90,32,9,20,64,9,37,21,8,2,528,5,22,8,1,0,38,52,17,64,7,18,0,0,0,109,15,30,33.3,France
"{'name': 'France', 'id': '250', 'alpha3code': 'FRA', 'alpha2code': 'FR'}",89,Yohann,,Pel\u00e9,3771,1982-11-04,196,"{'code2': 'GK', 'code3': 'GKP', 'name': 'Goalkeeper'}","{'name': 'France', 'id': '250', 'alpha3code': 'FRA', 'alpha2code': 'FR'}",25781,right,Y. Pel\u00e9,null,Yohann Pelé,Yohann Pelé,Yohann Pelé,fr FRA,GK,Marseille,34,1982,8.2,181,235,77.0,5245,4025,21,21,100.0,90,91,98.9,69,122,56.6,0,0.0,0.0,0.0,0,0,0,0,0,0,0.0,0,0,0,0,1,1,0,0,0,1,1,2,0,Matches,235,161,74,13,0,0,0,0,0,0,0,0,181,0,0,1,0,0,0,2,0,0,1,0,0,0,0,17,5,0,100.0,France
"{'name': 'Tunisia', 'id': '788', 'alpha3code': 'TUN', 'alpha2code': 'TN'}",84,Aymen,,Abdennour,3771,1989-08-06,187,"{'code2': 'DF', 'code3': 'DEF', 'name': 'Defender'}","{'name': 'Tunisia', 'id': '788', 'alpha3code': 'TUN', 'alpha2code': 'TN'}",25784,left,A. Abdennour,null,Aymen Abdennour,Aymen Abdennour,Aymen Abdennour,tn TUN,DF,Marseille,27,1989,5.5,310,333,93.1,5550,1557,126,128,98.4,148,155,95.5,24,34,70.6,0,0.0,0.0,0.0,0,8,0,0,12,7,57.1,5,2,0,4,7,3,5,5,0,4,11,20,0,Matches,333,325,7,7,0,3,0,0,0,0,0,0,310,1,2,3,0,0,9,6,0,0,4,3,0,0,0,32,7,7,50.0,France
"{'name': 'Guadeloupe', 'id': '312', 'alpha3code': 'GLP', 'alpha2code': 'GP'}",80,Daniel,,Congr\u00e9,3787,1985-04-05,185,"{'code2': 'DF', 'code3': 'DEF', 'name': 'Defender'}","{'name': 'France', 'id': '250', 'alpha3code': 'FRA', 'alpha2code': 'FR'}",25786,right,D. Congr\u00e9,null,Daniel Congré,Daniel Congré,Daniel Congré,fr FRA,DF,Montpellier,32,1985,29.3,1059,1277,82.9,19777,7912,436,488,89.3,490,567,86.4,121,190,63.7,0,0.2,0.4,-0.2,6,79,3,2,121,62,52.5,36,24,2,31,59,28,29,16,13,56,118,124,2,Matches,1277,1214,59,44,0,17,15,15,0,0,0,0,1059,4,10,4,0,0,25,26,1,15,56,46,0,0,0,161,70,39,64.2,France
"{'name': 'Senegal', 'id': '686', 'alpha3code': 'SEN', 'alpha2code': 'SN'}",79,Cheikh,,M'Bengue,3782,1988-07-23,182,"{'code2': 'DF', 'code3': 'DEF', 'name': 'Defender'}","{'name': 'France', 'id': '250', 'alpha3code': 'FRA', 'alpha2code': 'FR'}",25789,left,C. M'Bengue,null,Cheikh M'Bengue,Cheikh M'Bengue,Cheikh M'Bengue,sn SEN,DF,Saint-Étienne,29,1988,5.4,170,228,74.6,3036,1328,75,88,85.2,81,103,78.6,14,29,48.3,0,0.3,0.3,-0.3,1,13,2,0,20,8,100.0,8,0,0,4,4,0,6,4,2,8,16,22,1,Matches,228,165,60,5,1,0,4,55,0,0,0,0,170,3,3,2,0,0,11,3,0,4,8,4,0,0,0,21,9,2,81.8,France
"{'name': 'Burkina Faso', 'id': '854', 'alpha3code': 'BFA', 'alpha2code': 'BF'}",77,Steeve,,Yago,3780,1992-12-16,180,"{'code2': 'DF', 'code3': 'DEF', 'name': 'Defender'}","{'name': 'France', 'id': '250', 'alpha3code': 'FRA', 'alpha2code': 'FR'}",25791,right,S. Yago,null,Steeve Yago,Steeve Yago,Steeve Yago,bf BFA,DF,Toulouse,24,1992,17.5,570,734,77.7,9213,4743,324,373,86.9,188,236,79.7,47,97,48.5,0,0.6,0.6,-0.6,6,54,10,4,67,49,54.1,28,17,4,20,37,17,16,7,9,34,83,64,1,Matches,734,522,211,24,1,2,18,187,0,0,0,0,570,1,20,7,0,0,42,25,1,18,34,36,0,0,1,93,16,12,57.1,France
"{'name': 'France', 'id': '250', 'alpha3code': 'FRA', 'alpha2code': 'FR'}",70,\u00c9tienne,,Didot,3785,1983-07-24,176,"{'code2': 'MD', 'code3': 'MID', 'name': 'Midfielder'}","{'name': 'France', 'id': '250', 'alpha3code': 'FRA', 'alpha2code': 'FR'}",25800,right,\u00c9. Didot,null,Étienne Didot,Étienne Didot,Étienne Didot,fr FRA,MF,Guingamp,34,1983,18.0,822,1039,79.1,14167,4473,381,422,90.3,321,385,83.4,85,163,52.1,1,1.2,1.1,-0.2,14,84,12,4,98,54,46.5,20,33,1,20,43,23,21,7,14,19,73,29,0,Matches,1039,961,69,46,1,23,28,12,10,4,2,0,822,9,17,4,0,0,26,18,1,28,19,33,0,0,0,114,20,18,52.6,France
"{'name': 'France', 'id': '250', 'alpha3code': 'FRA', 'alpha2code': 'FR'}",77,Franck,,Tabanou,3785,1989-01-30,178,"{'code2': 'MD', 'code3': 'MID', 'name': 'Midfielder'}","{'name': 'France', 'id': '250', 'alpha3code': 'FRA', 'alpha2code': 'FR'}",25805,left,F. Tabanou,null,Franck Tabanou,Franck Tabanou,Franck Tabanou,fr FRA,DF,Guingamp,28,1989,11.6,458,627,73.0,8277,3662,206,226,91.2,176,245,71.8,61,116,52.6,2,1.2,1.5,0.8,9,34,10,7,43,23,38.5,17,5,1,10,26,16,5,3,2,26,49,48,0,Matches,627,467,156,21,0,5,53,133,2,1,1,0,458,4,16,5,0,0,18,15,3,53,26,17,0,0,0,56,21,19,52.5,France
"{'name': 'France', 'id': '250', 'alpha3code': 'FRA', 'alpha2code': 'FR'}",76,Emmanuel,,Rivi\u00e8re,3777,1990-03-03,182,"{'code2': 'FW', 'code3': 'FWD', 'name': 'Forward'}","{'name': 'Martinique', 'id': '474', 'alpha3code': 'MTQ', 'alpha2code': 'MQ'}",25809,right,E. Rivi\u00e8re,null,Emmanuel Rivière,Emmanuel Rivière,Emmanuel Rivière,fr FRA,FW,Metz,27,1990,22.3,425,632,67.2,5989,559,268,371,72.2,120,185,64.9,18,31,58.1,2,2.0,1.0,0.0,17,15,7,0,28,10,8.3,1,6,3,1,12,11,8,0,8,2,12,5,0,Matches,632,584,47,0,2,1,3,0,0,0,0,0,425,1,18,1,0,0,43,16,8,3,2,3,0,0,0,55,101,169,37.4,France
"{'name': 'France', 'id': '250', 'alpha3code': 'FRA', 'alpha2code': 'FR'}",76,Benjamin,,Andr\u00e9,3774,1990-08-03,180,"{'code2': 'MD', 'code3': 'MID', 'name': 'Midfielder'}","{'name': 'France', 'id': '250', 'alpha3code': 'FRA', 'alpha2code': 'FR'}",25826,right,B. Andr\u00e9,null,Benjamin André,Benjamin André,Benjamin André,fr FRA,MF,Rennes,26,1990,33.5,1482,1900,78.0,22361,5876,801,955,83.9,465,585,79.5,113,177,63.8,3,1.9,1.6,1.1,34,162,23,5,234,93,38.1,36,50,7,43,113,70,56,4,52,57,150,96,1,Matches,1900,1841,47,32,10,25,21,11,0,0,0,0,1482,12,39,11,1,1,72,48,1,21,57,54,0,0,0,259,187,151,55.3,France
"{'name': 'France', 'id': '250', 'alpha3code': 'FRA', 'alpha2code': 'FR'}",77,Paul,,Lasne,3787,1989-01-16,186,"{'code2': 'MD', 'code3': 'MID', 'name': 'Midfielder'}","{'name': 'France', 'id': '250', 'alpha3code': 'FRA', 'alpha2code': 'FR'}",25829,left,P. Lasne,null,Paul Lasne,Paul Lasne,Paul Lasne,fr FRA,MF,Montpellier,28,1989,34.0,1442,1809,79.7,26036,7644,673,771,87.3,546,659,82.9,189,290,65.2,2,2.5,2.6,-0.5,37,173,30,9,242,68,22.2,27,39,2,12,54,42,20,1,19,57,125,26,0,Matches,1809,1754,46,26,10,43,52,18,2,0,2,0,1442,9,29,10,0,0,59,71,0,52,57,45,1,0,0,233,55,48,53.4,France
"{'name': 'France', 'id': '250', 'alpha3code': 'FRA', 'alpha2code': 'FR'}",65,Fr\u00e9d\u00e9ric,,Sammaritano,3804,1986-03-23,162,"{'code2': 'MD', 'code3': 'MID', 'name': 'Midfielder'}","{'name': 'France', 'id': '250', 'alpha3code': 'FRA', 'alpha2code': 'FR'}",25835,right,F. Sammaritano,null,Frédéric Sammaritano,Frédéric Sammaritano,Frédéric Sammaritano,fr FRA,"FW,MF",Dijon,31,1986,15.9,466,608,76.6,7135,1978,269,308,87.3,130,165,78.8,44,68,64.7,4,2.3,1.9,1.7,24,46,21,7,76,29,27.8,17,9,3,10,36,26,14,0,14,5,34,15,0,Matches,608,584,21,9,1,4,45,5,7,5,1,0,466,3,29,1,0,0,14,22,5,45,5,25,0,0,0,92,3,23,11.5,France
"{'name': 'France', 'id': '250', 'alpha3code': 'FRA', 'alpha2code': 'FR'}",70,Yoann,,Andreu,3799,1989-05-03,178,"{'code2': 'DF', 'code3': 'DEF', 'name': 'Defender'}","{'name': 'France', 'id': '250', 'alpha3code': 'FRA', 'alpha2code': 'FR'}",25846,right,Y. Andreu,null,Yoann Andreu,Yoann Andreu,Yoann Andreu,fr FRA,DF,Angers,28,1989,23.0,946,1216,77.8,14091,6398,548,605,90.6,314,418,75.1,53,124,42.7,2,1.9,1.7,0.1,14,55,17,14,87,48,41.0,40,6,2,16,39,23,23,5,18,37,85,75,1,Matches,1216,951,261,8,0,5,59,253,0,0,0,0,946,4,29,4,0,0,21,15,0,59,37,30,0,0,0,145,31,23,57.4,France
"{'name': 'France', 'id': '250', 'alpha3code': 'FRA', 'alpha2code': 'FR'}",80,Lo\u00efc,,Perrin,3782,1985-08-07,181,"{'code2': 'DF', 'code3': 'DEF', 'name': 'Defender'}","{'name': 'France', 'id': '250', 'alpha3code': 'FRA', 'alpha2code': 'FR'}",25864,right,L. Perrin,null,Loïc Perrin,Loïc Perrin,Loïc Perrin,fr FRA,DF,Saint-Étienne,31,1985,27.4,1360,1544,88.1,26094,11794,520,557,93.4,666,722,92.2,158,225,70.2,1,0.5,0.9,0.5,7,68,6,1,82,39,67.7,28,10,1,21,31,10,35,22,13,36,75,142,1,Matches,1544,1476,63,61,1,10,2,2,0,0,0,0,1360,5,15,3,0,0,16,28,0,2,36,26,0,0,0,161,76,35,68.5,France
"{'name': 'Guadeloupe', 'id': '312', 'alpha3code': 'GLP', 'alpha2code': 'GP'}",79,J\u00e9r\u00e9my,,Sorbon,3785,1983-08-05,183,"{'code2': 'DF', 'code3': 'DEF', 'name': 'Defender'}","{'name': 'France', 'id': '250', 'alpha3code': 'FRA', 'alpha2code': 'FR'}",25883,right,J. Sorbon,null,Jérémy Sorbon,Jérémy Sorbon,Jérémy Sorbon,fr FRA,DF,Guingamp,33,1983,29.0,954,1110,85.9,19863,7051,291,321,90.7,470,528,89.0,174,224,77.7,0,0.6,0.2,-0.6,5,40,1,0,60,32,31.3,24,7,1,10,32,22,37,24,13,53,85,152,4,Matches,1110,1046,59,58,0,12,0,1,0,0,0,0,954,5,5,1,0,0,18,16,1,0,53,19,0,0,0,155,38,21,64.4,France
"{'name': 'Algeria', 'id': '12', 'alpha3code': 'DZA', 'alpha2code': 'DZ'}",76,Romain,,Hamouma,3782,1987-03-29,178,"{'code2': 'FW', 'code3': 'FWD', 'name': 'Forward'}","{'name': 'France', 'id': '250', 'alpha3code': 'FRA', 'alpha2code': 'FR'}",25889,right,R. Hamouma,null,Romain Hamouma,Romain Hamouma,Romain Hamouma,fr FRA,FW,Saint-Étienne,30,1987,20.5,469,662,70.8,7053,1990,253,306,82.7,138,191,72.3,45,93,48.4,3,4.8,3.6,-1.8,34,30,15,7,45,19,4.5,7,6,6,1,22,21,15,4,11,13,32,8,1,Matches,662,556,103,30,3,2,106,12,50,17,28,1,469,3,23,4,0,0,17,37,12,106,13,13,1,0,0,72,18,32,36.0,France
"{'name': 'France', 'id': '250', 'alpha3code': 'FRA', 'alpha2code': 'FR'}",75,Benjamin,,Nivet,3795,1977-01-02,178,"{'code2': 'MD', 'code3': 'MID', 'name': 'Midfielder'}","{'name': 'France', 'id': '250', 'alpha3code': 'FRA', 'alpha2code': 'FR'}",25891,right,B. Nivet,null,Benjamin Nivet,Benjamin Nivet,Benjamin Nivet,fr FRA,"MF,FW",Troyes,40,1977,15.2,542,717,75.6,8005,2754,296,349,84.8,161,199,80.9,45,76,59.2,2,2.2,2.4,-0.2,28,66,21,2,96,31,21.6,12,14,5,11,51,40,18,1,17,16,47,20,0,Matches,717,683,32,13,8,1,30,4,15,9,1,0,542,2,29,0,0,0,23,24,1,30,16,14,0,0,0,79,16,24,40.0,France
"{'name': 'France', 'id': '250', 'alpha3code': 'FRA', 'alpha2code': 'FR'}",64,Julian,,Palmieri,3777,1987-12-17,170,"{'code2': 'DF', 'code3': 'DEF', 'name': 'Defender'}","{'name': 'France', 'id': '250', 'alpha3code': 'FRA', 'alpha2code': 'FR'}",25919,left,J. Palmieri,null,Julian Palmieri,Julian Palmieri,Julian Palmieri,fr FRA,DF,Metz,30,1986,12.5,459,602,76.2,8263,3719,201,232,86.6,221,282,78.4,36,74,48.6,0,0.6,0.6,-0.6,9,59,13,6,56,29,58.6,17,9,3,17,29,12,16,2,14,22,51,31,0,Matches,602,464,136,11,0,4,29,125,0,0,0,0,459,2,20,4,1,0,24,10,0,29,22,15,0,0,0,60,11,10,52.4,France
"{'name': 'Mali', 'id': '466', 'alpha3code': 'MLI', 'alpha2code': 'ML'}",85,Mamadou,,Samassa,3795,1990-02-16,198,"{'code2': 'GK', 'code3': 'GKP', 'name': 'Goalkeeper'}","{'name': 'France', 'id': '250', 'alpha3code': 'FRA', 'alpha2code': 'FR'}",25930,right,M. Samassa,null,Mamadou Samassa,Mamadou Samassa,Mamadou Samassa,ml MLI,GK,Troyes,27,1990,21.0,363,664,54.7,13069,10358,17,17,100.0,148,150,98.7,195,489,39.9,0,0.0,0.0,0.0,1,7,0,0,1,0,0.0,0,0,0,0,2,2,0,0,0,0,0,12,3,Matches,664,364,295,111,0,0,0,0,0,0,0,0,363,5,0,1,0,0,0,4,0,0,0,0,0,0,0,16,5,0,100.0,France
"{'name': 'France', 'id': '250', 'alpha3code': 'FRA', 'alpha2code': 'FR'}",74,Fran\u00e7ois,,Bellugou,3795,1987-04-25,188,"{'code2': 'DF', 'code3': 'DEF', 'name': 'Defender'}","{'name': 'France', 'id': '250', 'alpha3code': 'FRA', 'alpha2code': 'FR'}",25937,right,F. Bellugou,null,François Bellugou,François Bellugou,François Bellugou,fr FRA,MF,Troyes,30,1987,24.2,789,1000,78.9,14366,3771,336,395,85.1,331,379,87.3,95,163,58.3,0,0.2,0.4,-0.2,6,61,4,0,84,48,42.9,23,21,4,21,49,28,20,6,14,28,76,45,0,Matches,1000,982,15,15,2,15,4,0,0,0,0,0,789,3,19,6,1,0,31,12,0,4,28,33,0,0,0,149,49,52,48.5,France
"{'name': 'France', 'id': '250', 'alpha3code': 'FRA', 'alpha2code': 'FR'}",79,Charly,,Charrier,,1986-05-27,181,"{'code2': 'MD', 'code3': 'MID', 'name': 'Midfielder'}","{'name': 'France', 'id': '250', 'alpha3code': 'FRA', 'alpha2code': 'FR'}",25938,right,C. Charrier,null,Charly Charrier,Charly Charrier,Charly Charrier,fr FRA,"MF,FW",Amiens,31,1986,1.2,54,72,75.0,792,125,31,40,77.5,12,14,85.7,5,11,45.5,0,0.0,0.1,0.0,1,4,0,0,7,1,0.0,1,0,0,0,2,2,1,0,1,2,3,0,0,Matches,72,70,2,1,1,2,1,1,0,0,0,0,54,0,1,0,0,0,1,1,2,1,2,0,0,0,0,8,0,0,,France
"{'name': 'France', 'id': '250', 'alpha3code': 'FRA', 'alpha2code': 'FR'}",68,Thibault,,Giresse,,1981-05-25,172,"{'code2': 'MD', 'code3': 'MID', 'name': 'Midfielder'}","{'name': 'France', 'id': '250', 'alpha3code': 'FRA', 'alpha2code': 'FR'}",25941,left,T. Giresse,null,Thibault Giresse,Thibault Giresse,Thibault Giresse,fr FRA,"FW,MF",Guingamp,36,1981,0.3,12,19,63.2,146,47,7,8,87.5,2,3,66.7,1,3,33.3,0,0.0,0.1,0.0,0,2,0,0,0,0,,0,0,0,0,0,0,0,0,0,1,1,0,0,Matches,19,16,3,0,0,0,3,1,2,2,0,0,12,0,3,0,0,0,0,1,0,3,1,0,0,0,0,4,0,0,,France
"{'name': 'France', 'id': '250', 'alpha3code': 'FRA', 'alpha2code': 'FR'}",74,Christophe,,Kerbrat,3785,1986-04-02,185,"{'code2': 'DF', 'code3': 'DEF', 'name': 'Defender'}","{'name': 'France', 'id': '250', 'alpha3code': 'FRA', 'alpha2code': 'FR'}",25943,right,C. Kerbrat,null,Christophe Kerbrat,Christophe Kerbrat,Christophe Kerbrat,fr FRA,DF,Guingamp,30,1986,36.9,1370,1658,82.6,28582,12444,447,480,93.1,643,730,88.1,244,388,62.9,0,0.1,0.7,-0.1,4,114,2,0,136,62,53.8,47,14,1,35,65,30,49,40,9,62,124,249,2,Matches,1658,1560,90,82,1,37,4,8,0,0,0,0,1370,8,7,4,0,0,11,29,0,4,62,45,0,1,0,189,35,54,39.3,France
"{'name': 'Guinea', 'id': '324', 'alpha3code': 'GIN', 'alpha2code': 'GN'}",73,Ba\u00efssama,,Sankoh,3783,1992-03-20,180,"{'code2': 'DF', 'code3': 'DEF', 'name': 'Defender'}","{'name': 'France', 'id': '250', 'alpha3code': 'FRA', 'alpha2code': 'FR'}",25947,right,B. Sankoh,null,Baïssama Sankoh,Baissama Sankoh,Baissama Sankoh,gn GUI,"MF,DF",Caen,25,1992,17.1,423,541,78.2,7047,1944,174,214,81.3,205,240,85.4,24,43,55.8,0,1.2,0.7,-1.2,8,30,4,1,52,27,28.6,8,18,1,8,28,20,20,8,12,25,52,64,1,Matches,541,532,8,5,1,3,4,2,0,0,0,0,423,1,7,3,0,0,27,29,0,4,25,19,0,0,0,120,33,35,48.5,France
"{'name': 'France', 'id': '250', 'alpha3code': 'FRA', 'alpha2code': 'FR'}",78,Mathieu,,Deplagne,3795,1991-10-01,183,"{'code2': 'DF', 'code3': 'DEF', 'name': 'Defender'}","{'name': 'France', 'id': '250', 'alpha3code': 'FRA', 'alpha2code': 'FR'}",25990,right,M. Deplagne,null,Mathieu Deplagne,Mathieu Deplagne,Mathieu Deplagne,fr FRA,DF,Troyes,25,1991,26.8,1071,1352,79.2,16436,7488,598,668,89.5,358,448,79.9,75,148,50.7,2,1.4,1.2,0.6,14,79,12,8,115,52,41.7,33,14,5,20,48,28,26,10,16,60,112,95,2,Matches,1352,1037,311,27,0,9,54,284,0,0,0,0,1071,4,32,5,1,1,21,26,0,54,60,38,0,1,1,144,49,39,55.7,France
"{'name': 'France', 'id': '250', 'alpha3code': 'FRA', 'alpha2code': 'FR'}",77,Mapou,,Yanga-Mbiwa,3766,1989-05-15,184,"{'code2': 'DF', 'code3': 'DEF', 'name': 'Defender'}","{'name': 'Central African Republic', 'id': '140', 'alpha3code': 'CAF', 'alpha2code': 'CF'}",25996,right,M. Yanga-Mbiwa,null,Mapou Yanga-Mbiwa,Mapou Yanga-Mbiwa,Mapou Yanga-Mbiwa,fr FRA,DF,Lyon,28,1989,1.4,97,104,93.3,1790,630,39,42,92.9,46,47,97.9,11,14,78.6,0,0.0,0.0,0.0,0,0,0,0,6,3,100.0,3,0,0,1,1,0,0,0,0,1,4,2,0,Matches,104,99,5,3,0,0,0,2,0,0,0,0,97,0,0,1,0,0,2,1,0,0,1,2,0,0,0,14,0,1,0.0,France
"{'name': 'France', 'id': '250', 'alpha3code': 'FRA', 'alpha2code': 'FR'}",68,R\u00e9my,,Cabella,3782,1990-03-08,171,"{'code2': 'MD', 'code3': 'MID', 'name': 'Midfielder'}","{'name': 'France', 'id': '250', 'alpha3code': 'FRA', 'alpha2code': 'FR'}",25999,right,R. Cabella,null,Rémy Cabella,Rémy Cabella,Rémy Cabella,fr FRA,"FW,MF",Marseille,27,1990,0.7,30,37,81.1,384,142,18,19,94.7,6,12,50.0,1,1,100.0,0,0.0,0.1,0.0,0,5,1,0,5,7,50.0,2,2,3,2,4,2,0,0,0,1,8,0,0,Matches,37,36,1,0,0,0,0,1,0,0,0,0,30,0,0,0,0,0,2,2,0,0,1,4,0,0,0,4,0,0,,France
"{'name': 'France', 'id': '250', 'alpha3code': 'FRA', 'alpha2code': 'FR'}",68,R\u00e9my,,Cabella,3782,1990-03-08,171,"{'code2': 'MD', 'code3': 'MID', 'name': 'Midfielder'}","{'name': 'France', 'id': '250', 'alpha3code': 'FRA', 'alpha2code': 'FR'}",25999,right,R. Cabella,null,Rémy Cabella,Rémy Cabella,Rémy Cabella,fr FRA,"MF,FW",Saint-Étienne,27,1990,25.1,1243,1571,79.1,18836,5305,696,795,87.5,398,491,81.1,97,159,61.0,6,6.0,6.3,0.0,49,151,37,4,208,58,23.3,29,22,7,17,73,56,31,0,31,14,72,4,2,Matches,1571,1454,105,53,8,10,69,16,30,9,8,0,1243,12,41,3,0,0,19,68,5,69,14,39,0,0,0,152,9,25,26.5,France
"{'name': 'Mali', 'id': '466', 'alpha3code': 'MLI', 'alpha2code': 'ML'}",81,Bryan,,Dabo,3176,1992-02-18,186,"{'code2': 'MD', 'code3': 'MID', 'name': 'Midfielder'}","{'name': 'France', 'id': '250', 'alpha3code': 'FRA', 'alpha2code': 'FR'}",26000,right,B. Dabo,null,Bryan Dabo,Bryan Dabo,Bryan Dabo,bf BFA,"MF,FW",Saint-Étienne,25,1992,14.3,498,645,77.2,7653,1844,279,346,80.6,180,217,82.9,28,46,60.9,0,0.7,0.5,-0.7,14,43,8,2,65,25,24.1,12,10,3,7,29,22,12,1,11,11,36,22,0,Matches,645,613,30,10,0,2,9,17,1,1,0,0,498,2,17,10,0,0,33,39,2,9,11,16,1,0,0,73,35,22,61.4,France
"{'name': 'Benin', 'id': '204', 'alpha3code': 'BEN', 'alpha2code': 'BJ'}",69,Jonathan,,Tinhan,3795,1989-06-01,178,"{'code2': 'FW', 'code3': 'FWD', 'name': 'Forward'}","{'name': 'France', 'id': '250', 'alpha3code': 'FRA', 'alpha2code': 'FR'}",26006,right,J. Tinhan,null,Jonathan Tinhan,Jonathan Tinhan,Jonathan Tinhan,bj BEN,"MF,FW",Troyes,28,1989,0.8,11,22,50.0,111,32,5,9,55.6,3,6,50.0,0,1,0.0,0,0.0,0.0,0.0,1,1,1,0,1,1,0.0,0,1,0,0,1,1,1,0,1,1,2,0,0,Matches,22,22,0,0,0,0,4,0,0,0,0,0,11,0,2,1,0,0,3,1,0,4,1,0,0,0,0,2,1,11,8.3,France
"{'name': 'Senegal', 'id': '686', 'alpha3code': 'SEN', 'alpha2code': 'SN'}",75,Souleymane,,Camara,3787,1982-12-22,174,"{'code2': 'FW', 'code3': 'FWD', 'name': 'Forward'}","{'name': 'Senegal', 'id': '686', 'alpha3code': 'SEN', 'alpha2code': 'SN'}",26008,right,S. Camara,null,Souleymane Camara,Souleymane Camara,Souleymane Camara,sn SEN,FW,Montpellier,34,1982,10.4,171,266,64.3,2451,490,99,124,79.8,49,82,59.8,12,21,57.1,2,0.9,0.6,1.1,11,12,5,0,21,6,0.0,0,5,1,0,3,3,3,1,2,2,8,15,0,Matches,266,249,12,0,2,4,11,1,0,0,0,0,171,5,14,1,0,0,12,20,11,11,2,4,0,0,0,28,31,40,43.7,France
"{'name': 'France', 'id': '250', 'alpha3code': 'FRA', 'alpha2code': 'FR'}",78,Benjamin,,Lecomte,3787,1991-04-26,186,"{'code2': 'GK', 'code3': 'GKP', 'name': 'Goalkeeper'}","{'name': 'France', 'id': '250', 'alpha3code': 'FRA', 'alpha2code': 'FR'}",26016,right,B. Lecomte,null,Benjamin Lecomte,Benjamin Lecomte,Benjamin Lecomte,fr FRA,GK,Montpellier,26,1991,38.0,806,1152,70.0,26929,21721,81,82,98.8,305,314,97.1,419,751,55.8,0,0.2,0.0,-0.2,3,13,0,0,2,1,,1,0,0,0,0,0,1,0,1,0,1,14,1,Matches,1152,748,400,131,0,4,0,1,0,0,0,0,806,4,0,1,0,0,3,4,0,0,0,1,0,1,0,37,20,1,95.2,France
"{'name': 'French Guiana', 'id': '254', 'alpha3code': 'GUF', 'alpha2code': 'GF'}",89,Simon,,Falette,2462,1992-02-19,184,"{'code2': 'DF', 'code3': 'DEF', 'name': 'Defender'}","{'name': 'France', 'id': '250', 'alpha3code': 'FRA', 'alpha2code': 'FR'}",26021,left,S. Falette,18799,Simon Falette,Simon Falette,Simon Falette,gn GUI,DF,Metz,25,1992,1.0,62,67,92.5,1510,500,15,16,93.8,30,31,96.8,17,20,85.0,0,0.0,0.0,0.0,0,2,0,0,2,0,,0,0,0,0,0,0,0,0,0,1,1,8,0,Matches,67,62,5,3,0,4,0,2,0,0,0,0,62,0,0,0,0,0,1,0,0,0,1,0,0,0,0,10,2,1,66.7,France
"{'name': 'New Caledonia', 'id': '540', 'alpha3code': 'NCL', 'alpha2code': 'NC'}",87,Wesley,,Lautoa,3804,1987-08-25,182,"{'code2': 'DF', 'code3': 'DEF', 'name': 'Defender'}","{'name': 'France', 'id': '250', 'alpha3code': 'FRA', 'alpha2code': 'FR'}",26024,right,W. Lautoa,null,Wesley Lautoa,Wesley Lautoa,Wesley Lautoa,nc NCL,"DF,MF",Dijon,29,1987,6.9,235,285,82.5,4324,1278,96,109,88.1,104,117,88.9,28,43,65.1,0,0.0,0.1,0.0,0,8,2,0,18,17,50.0,11,6,0,6,12,6,10,4,6,19,36,24,1,Matches,285,277,8,7,0,3,0,1,0,0,0,0,235,0,5,1,0,0,10,9,0,0,19,13,0,1,0,36,12,12,50.0,France
"{'name': 'France', 'id': '250', 'alpha3code': 'FRA', 'alpha2code': 'FR'}",74,Yann,,Jouffre,,1984-07-23,176,"{'code2': 'MD', 'code3': 'MID', 'name': 'Midfielder'}","{'name': 'France', 'id': '250', 'alpha3code': 'FRA', 'alpha2code': 'FR'}",26033,left,Y. Jouffre,null,Yann Jouffre,Yann Jouffre,Yann Jouffre,fr FRA,"FW,MF",Metz,33,1984,3.1,158,190,83.2,3162,1107,66,75,88.0,62,70,88.6,30,43,69.8,0,0.5,0.5,-0.5,6,28,3,2,18,3,16.7,0,2,1,1,6,5,5,1,4,3,6,2,0,Matches,190,162,26,8,0,4,18,8,10,5,2,0,158,2,1,0,0,0,2,4,1,18,3,2,0,0,0,19,1,1,50.0,France
"{'name': 'Rwanda', 'id': '646', 'alpha3code': 'RWA', 'alpha2code': 'RW'}",81,K\u00e9vin,,Monnet-Paquet,3782,1988-08-19,184,"{'code2': 'FW', 'code3': 'FWD', 'name': 'Forward'}","{'name': 'France', 'id': '250', 'alpha3code': 'FRA', 'alpha2code': 'FR'}",26042,right,K. Monnet-Paquet,null,Kévin Monnet-Paquet,Kévin Monnet-Paquet,Kévin Monnet-Paquet,fr FRA,"FW,MF",Saint-Étienne,28,1988,19.6,522,689,75.8,6807,1824,362,424,85.4,123,167,73.7,17,29,58.6,3,1.7,1.9,1.3,22,30,20,3,55,33,22.9,9,19,5,11,48,37,15,2,13,13,46,23,1,Matches,689,673,15,3,0,1,29,12,0,0,0,0,522,1,32,0,0,0,33,14,5,29,13,25,0,0,0,97,34,70,32.7,France
"{'name': 'Togo', 'id': '764', 'alpha3code': 'TGO', 'alpha2code': 'TG'}",83,Gilles,,Sunu,3799,1991-03-30,181,"{'code2': 'FW', 'code3': 'FWD', 'name': 'Forward'}","{'name': 'France', 'id': '250', 'alpha3code': 'FRA', 'alpha2code': 'FR'}",26044,right,G. Sunu,null,Gilles Sunu,Gilles Sunu,Gilles Sunu,tg TOG,"MF,FW",Angers,26,1991,7.3,194,257,75.5,2718,706,119,141,84.4,57,78,73.1,11,18,61.1,0,0.6,0.6,-0.6,7,19,9,3,30,4,0.0,1,3,0,0,4,4,7,0,7,3,7,3,0,Matches,257,246,10,2,0,2,19,5,0,0,0,0,194,1,12,4,0,0,13,16,2,19,3,4,0,0,0,30,16,22,42.1,France
"{'name': 'France', 'id': '250', 'alpha3code': 'FRA', 'alpha2code': 'FR'}",72,Landry,,Bonnefoi,,1983-09-20,184,"{'code2': 'GK', 'code3': 'GKP', 'name': 'Goalkeeper'}","{'name': 'France', 'id': '250', 'alpha3code': 'FRA', 'alpha2code': 'FR'}",26046,right,L. Bonnefoi,null,Landry Bonnefoi,Landry Bonnefoi,Landry Bonnefoi,fr FRA,GK,Strasbourg,33,1983,3.0,48,74,64.9,1689,1412,4,4,100.0,18,18,100.0,26,51,51.0,0,0.0,0.0,0.0,0,3,0,0,0,0,,0,0,0,0,0,0,0,0,0,0,0,2,0,Matches,74,39,34,6,0,0,0,0,0,0,0,0,48,1,0,0,0,0,0,0,0,0,0,0,0,0,0,4,1,1,50.0,France
"{'name': 'France', 'id': '250', 'alpha3code': 'FRA', 'alpha2code': 'FR'}",72,Julien,,Ielsch,3789,1983-03-05,173,"{'code2': 'DF', 'code3': 'DEF', 'name': 'Defender'}","{'name': 'France', 'id': '250', 'alpha3code': 'FRA', 'alpha2code': 'FR'}",26055,left,J. Ielsch,null,Julien Ielsch,Julien Ielsch,Julien Ielsch,fr FRA,"MF,DF",Amiens,34,1983,6.8,153,232,65.9,2250,1144,82,101,81.2,57,77,74.0,6,29,20.7,0,0.5,0.7,-0.5,6,20,4,2,27,28,28.0,12,11,5,7,25,18,16,3,13,11,39,15,2,Matches,232,218,14,3,1,0,5,11,0,0,0,0,153,0,13,4,0,0,14,5,0,5,11,18,0,0,0,55,3,9,25.0,France
"{'name': 'France', 'id': '250', 'alpha3code': 'FRA', 'alpha2code': 'FR'}",76,Jonas,,Martin,3779,1990-04-09,184,"{'code2': 'MD', 'code3': 'MID', 'name': 'Midfielder'}","{'name': 'France', 'id': '250', 'alpha3code': 'FRA', 'alpha2code': 'FR'}",26065,right,J. Martin,null,Jonas Martin,Jonas Martin,Jonas Martin,fr FRA,MF,Strasbourg,27,1990,33.6,1480,1771,83.6,24025,6164,744,835,89.1,521,599,87.0,141,202,69.8,2,2.9,3.0,-0.9,42,126,24,2,163,73,31.5,41,28,4,17,54,37,30,3,27,33,106,36,0,Matches,1771,1650,116,53,10,19,50,30,20,8,11,0,1480,5,34,6,0,0,55,40,3,50,33,50,1,0,0,216,46,64,41.8,France
"{'name': 'France', 'id': '250', 'alpha3code': 'FRA', 'alpha2code': 'FR'}",77,Lo\u00efc,,Puyo,3799,1988-12-19,182,"{'code2': 'MD', 'code3': 'MID', 'name': 'Midfielder'}","{'name': 'France', 'id': '250', 'alpha3code': 'FRA', 'alpha2code': 'FR'}",26068,left,L. Puyo,null,Loïc Puyo,Loïc Puyo,Loïc Puyo,fr FRA,MF,Angers,28,1988,1.9,87,118,73.7,1785,599,32,39,82.1,35,43,81.4,17,28,60.7,0,0.3,0.1,-0.3,5,18,3,1,20,9,75.0,2,5,2,3,4,1,7,3,4,4,13,2,0,Matches,118,113,5,3,1,4,7,0,2,2,0,0,87,0,3,0,0,0,8,2,0,7,4,5,0,0,0,18,0,5,0.0,France
"{'name': 'Haiti', 'id': '332', 'alpha3code': 'HTI', 'alpha2code': 'HT'}",78,Herv\u00e9,,Bazile,3783,1990-03-18,181,"{'code2': 'FW', 'code3': 'FWD', 'name': 'Forward'}","{'name': 'France', 'id': '250', 'alpha3code': 'FRA', 'alpha2code': 'FR'}",26069,left,H. Bazile,17881,Hervé Bazile,Hervé Bazile,Hervé Bazile,ht HAI,"MF,FW",Caen,27,1990,9.7,178,320,55.6,3158,894,95,112,84.8,55,97,56.7,25,86,29.1,1,1.1,1.1,-0.1,14,15,9,7,18,21,33.3,9,7,5,5,15,10,22,0,22,15,36,8,0,Matches,320,275,44,9,0,7,107,1,34,22,12,0,178,1,15,1,0,0,15,15,5,107,15,15,0,0,0,53,4,10,28.6,France
"{'name': 'France', 'id': '250', 'alpha3code': 'FRA', 'alpha2code': 'FR'}",93,Florentin,,Pogba,,1990-08-19,189,"{'code2': 'DF', 'code3': 'DEF', 'name': 'Defender'}","{'name': 'Guinea', 'id': '324', 'alpha3code': 'GIN', 'alpha2code': 'GN'}",26085,left,F. Pogba,null,Florentin Pogba,Florentin Pogba,Florentin Pogba,gn GUI,DF,Saint-Étienne,26,1990,3.6,119,154,77.3,2268,1118,47,51,92.2,53,65,81.5,18,36,50.0,0,0.2,0.1,-0.2,2,9,3,3,13,6,60.0,4,2,0,3,5,2,2,2,0,1,7,12,0,Matches,154,134,20,6,0,3,10,14,0,0,0,0,119,0,1,1,0,0,2,3,1,10,1,0,0,1,0,24,7,1,87.5,France
"{'name': ""C\\u00f4te d'Ivoire"", 'id': '384', 'alpha3code': 'CIV', 'alpha2code': 'CI'}",87,Isma\u00ebl,,Traor\u00e9,3799,1986-08-18,184,"{'code2': 'DF', 'code3': 'DEF', 'name': 'Defender'}","{'name': 'France', 'id': '250', 'alpha3code': 'FRA', 'alpha2code': 'FR'}",26086,right,I. Traor\u00e9,null,Ismaël Traoré,Ismaël Traoré,Ismaël Traoré,ci CIV,DF,Angers,30,1986,31.7,932,1118,83.4,19655,7773,246,271,90.8,546,602,90.7,132,212,62.3,1,0.3,0.2,0.7,4,32,3,1,42,54,48.3,40,13,1,14,29,15,25,10,15,52,106,132,2,Matches,1118,1086,27,26,0,2,3,1,0,0,0,0,932,5,17,2,0,0,25,4,0,3,52,32,0,1,1,199,41,36,53.2,France
"{'name': 'France', 'id': '250', 'alpha3code': 'FRA', 'alpha2code': 'FR'}",80,Micka\u00ebl,,Le Bihan,3775,1990-05-16,184,"{'code2': 'FW', 'code3': 'FWD', 'name': 'Forward'}","{'name': 'France', 'id': '250', 'alpha3code': 'FRA', 'alpha2code': 'FR'}",26093,right,M. Le Bihan,null,Mickaël Le Bihan,Mickaël Le Bihan,Mickaël Le Bihan,fr FRA,"FW,MF",Nice,27,1990,1.2,41,48,85.4,648,76,20,20,100.0,16,18,88.9,4,6,66.7,0,0.2,0.2,-0.2,3,3,0,0,2,0,0.0,0,0,0,0,3,3,0,0,0,1,1,0,0,Matches,48,47,1,0,0,1,3,0,0,0,0,0,41,0,1,0,0,0,1,2,0,3,1,0,0,0,0,3,1,4,20.0,France
"{'name': 'Tunisia', 'id': '788', 'alpha3code': 'TUN', 'alpha2code': 'TN'}",75,Na\u00efm,,Sliti,3804,1992-07-27,173,"{'code2': 'MD', 'code3': 'MID', 'name': 'Midfielder'}","{'name': 'France', 'id': '250', 'alpha3code': 'FRA', 'alpha2code': 'FR'}",26100,right,N. Sliti,16276,Naïm Sliti,Naïm Sliti,Naïm Sliti,tn TUN,"FW,MF",Dijon,25,1992,25.4,625,930,67.2,10640,4029,313,392,79.8,198,280,70.7,81,168,48.2,6,5.2,4.7,0.8,59,57,49,10,117,47,38.5,20,17,10,20,52,32,22,2,20,13,60,7,0,Matches,930,764,153,61,17,6,112,10,72,23,29,1,625,13,32,2,0,0,23,65,10,112,13,32,2,1,0,125,14,37,27.5,France
"{'name': 'Italy', 'id': '380', 'alpha3code': 'ITA', 'alpha2code': 'IT'}",79,Thomas,,Mangani,3799,1987-04-29,183,"{'code2': 'MD', 'code3': 'MID', 'name': 'Midfielder'}","{'name': 'France', 'id': '250', 'alpha3code': 'FRA', 'alpha2code': 'FR'}",26120,left,T. Mangani,null,Thomas Mangani,Thomas Mangani,Thomas Mangani,fr FRA,MF,Angers,30,1987,33.6,1541,2151,71.6,27836,11309,718,831,86.4,565,753,75.0,206,429,48.0,6,6.2,7.0,-0.2,63,195,25,7,272,92,23.3,35,46,11,28,120,92,40,5,35,40,132,45,1,Matches,2151,1877,265,142,10,31,181,13,89,47,27,0,1541,9,57,7,0,0,50,31,2,181,40,59,0,1,0,221,33,50,39.8,France
"{'name': 'France', 'id': '250', 'alpha3code': 'FRA', 'alpha2code': 'FR'}",75,Benjamin,,Jeannot,3804,1992-01-22,183,"{'code2': 'FW', 'code3': 'FWD', 'name': 'Forward'}","{'name': 'France', 'id': '250', 'alpha3code': 'FRA', 'alpha2code': 'FR'}",26124,right,B. Jeannot,null,Benjamin Jeannot,Benjamin Jeannot,Benjamin Jeannot,fr FRA,FW,Dijon,25,1992,15.6,250,354,70.6,3384,617,153,201,76.1,68,93,73.1,11,25,44.0,1,1.5,1.2,-0.5,12,17,4,0,34,12,7.7,5,6,1,1,13,12,9,3,6,6,18,26,0,Matches,354,314,40,1,3,3,5,7,0,0,0,0,250,0,7,4,0,0,24,17,14,5,6,7,0,0,0,39,48,79,37.8,France
"{'name': 'France', 'id': '250', 'alpha3code': 'FRA', 'alpha2code': 'FR'}",79,Brice,,Samba,3783,1994-04-25,186,"{'code2': 'GK', 'code3': 'GKP', 'name': 'Goalkeeper'}","{'name': 'Congo', 'id': '178', 'alpha3code': 'COG', 'alpha2code': 'CG'}",26131,left,B. Samba,null,Brice Samba,Brice Samba,Brice Samba,fr FRA,GK,Caen,23,1994,3.5,67,103,65.0,2602,2293,2,2,100.0,26,27,96.3,39,74,52.7,0,0.0,0.0,0.0,0,4,0,0,0,0,,0,0,0,0,0,0,0,0,0,0,0,2,0,Matches,103,65,38,9,0,0,0,0,0,0,0,0,67,0,0,0,0,0,0,0,0,0,0,0,0,0,0,5,1,0,100.0,France
"{'name': ""C\\u00f4te d'Ivoire"", 'id': '384', 'alpha3code': 'CIV', 'alpha2code': 'CI'}",78,Prince-D\u00e9sir,,Gouano,3789,1993-12-24,186,"{'code2': 'DF', 'code3': 'DEF', 'name': 'Defender'}","{'name': 'France', 'id': '250', 'alpha3code': 'FRA', 'alpha2code': 'FR'}",26134,right,P. Gouano,null,Prince-Désir Gouano,Prince-Désir Gouano,Prince-Désir Gouano,fr FRA,DF,Amiens,23,1993,30.5,860,1079,79.7,16195,6316,291,330,88.2,489,562,87.0,70,157,44.6,0,0.1,0.2,-0.1,2,20,2,1,46,42,71.0,32,8,2,22,31,9,58,47,11,49,91,191,6,Matches,1079,1038,37,37,0,3,2,0,0,0,0,0,860,4,8,4,3,2,26,26,0,2,49,29,0,0,0,166,92,67,57.9,France
"{'name': 'France', 'id': '250', 'alpha3code': 'FRA', 'alpha2code': 'FR'}",77,Maxime,,Le Marchand,3775,1989-10-11,185,"{'code2': 'DF', 'code3': 'DEF', 'name': 'Defender'}","{'name': 'France', 'id': '250', 'alpha3code': 'FRA', 'alpha2code': 'FR'}",26135,left,M. Le Marchand,null,Maxime Le Marchand,Maxime Le Marchand,Maxime Le Marchand,fr FRA,DF,Nice,27,1989,28.2,1732,1973,87.8,29947,10804,774,820,94.4,799,874,91.4,127,221,57.5,3,0.6,0.8,2.4,11,99,11,5,122,48,48.8,28,18,2,20,41,21,36,13,23,65,113,105,4,Matches,1973,1808,164,44,0,18,32,120,0,0,0,0,1732,1,22,4,0,0,23,18,0,32,65,36,0,1,0,177,51,23,68.9,France
"{'name': 'Senegal', 'id': '686', 'alpha3code': 'SEN', 'alpha2code': 'SN'}",71,Djibril,,Sidib\u00e9,19830,1992-07-29,182,"{'code2': 'DF', 'code3': 'DEF', 'name': 'Defender'}","{'name': 'France', 'id': '250', 'alpha3code': 'FRA', 'alpha2code': 'FR'}",26196,right,D. Sidib\u00e9,4418,Djibril Sidibé,Djibril Sidibé,Djibril Sidibé,fr FRA,DF,Monaco,25,1992,23.9,1414,1688,83.8,21783,8826,787,867,90.8,518,606,85.5,80,138,58.0,7,4.3,3.0,2.7,32,112,35,10,187,59,51.1,24,27,8,23,45,22,20,4,16,46,105,52,1,Matches,1688,1404,280,30,4,16,58,249,1,0,0,0,1414,4,32,4,0,0,34,37,0,58,46,39,0,2,0,170,41,21,66.1,France
"{'name': 'France', 'id': '250', 'alpha3code': 'FRA', 'alpha2code': 'FR'}",88,Jessy,,Moulin,3782,1986-01-13,185,"{'code2': 'GK', 'code3': 'GKP', 'name': 'Goalkeeper'}","{'name': 'France', 'id': '250', 'alpha3code': 'FRA', 'alpha2code': 'FR'}",26216,right,J. Moulin,null,Jessy Moulin,Jessy Moulin,Jessy Moulin,fr FRA,GK,Saint-Étienne,31,1986,3.4,79,138,57.2,2955,2409,6,6,100.0,31,33,93.9,42,99,42.4,0,0.0,0.0,0.0,0,2,0,0,0,0,,0,0,0,0,0,0,0,0,0,0,0,3,2,Matches,138,72,66,22,0,0,0,0,0,0,0,0,79,0,0,1,0,0,1,2,0,0,0,0,0,1,0,1,2,0,100.0,France
"{'name': 'France', 'id': '250', 'alpha3code': 'FRA', 'alpha2code': 'FR'}",93,Alexandre,,Letellier,6408,1990-12-11,193,"{'code2': 'GK', 'code3': 'GKP', 'name': 'Goalkeeper'}","{'name': 'France', 'id': '250', 'alpha3code': 'FRA', 'alpha2code': 'FR'}",26245,right,A. Letellier,null,Alexandre Letellier,Alexandre Letellier,Alexandre Letellier,fr FRA,GK,Angers,26,1990,13.0,218,334,65.3,8207,6835,17,18,94.4,81,81,100.0,119,234,50.9,0,0.0,0.0,0.0,0,5,0,0,0,0,,0,0,0,0,0,0,0,0,0,0,0,1,2,Matches,334,189,145,43,0,0,0,0,0,0,0,0,218,0,0,0,0,0,0,1,0,0,0,0,0,0,0,5,1,0,100.0,France
"{'name': 'France', 'id': '250', 'alpha3code': 'FRA', 'alpha2code': 'FR'}",70,Vincent,,Manceau,3799,1989-07-10,176,"{'code2': 'DF', 'code3': 'DEF', 'name': 'Defender'}","{'name': 'France', 'id': '250', 'alpha3code': 'FRA', 'alpha2code': 'FR'}",26265,right,V. Manceau,null,Vincent Manceau,Vincent Manceau,Vincent Manceau,fr FRA,DF,Angers,28,1989,33.0,1329,1737,76.5,21362,9091,730,805,90.7,474,614,77.2,105,240,43.8,0,2.1,1.7,-2.1,22,74,25,10,130,84,55.3,56,22,6,42,76,34,34,2,32,34,118,103,0,Matches,1737,1275,457,34,4,6,62,423,0,0,0,0,1329,5,43,0,0,0,25,29,1,62,34,49,0,1,0,195,30,26,53.6,France
"{'name': 'France', 'id': '250', 'alpha3code': 'FRA', 'alpha2code': 'FR'}",89,Nicolas,,Pallois,3770,1987-09-19,189,"{'code2': 'DF', 'code3': 'DEF', 'name': 'Defender'}","{'name': 'France', 'id': '250', 'alpha3code': 'FRA', 'alpha2code': 'FR'}",26276,left,N. Pallois,null,Nicolas Pallois,Nicolas Pallois,Nicolas Pallois,fr FRA,DF,Nantes,29,1987,27.0,585,811,72.1,12990,5790,179,212,84.4,267,333,80.2,129,235,54.9,3,0.5,0.2,2.5,9,53,1,0,60,39,50.0,25,9,5,18,36,18,34,19,15,35,74,182,3,Matches,811,771,38,32,0,13,3,6,0,0,0,0,585,2,10,8,2,2,13,5,0,3,35,28,0,1,1,176,35,30,53.8,France
"{'name': 'Algeria', 'id': '12', 'alpha3code': 'DZA', 'alpha2code': 'DZ'}",77,Zin\u00e9dine,,Machach,3187,1996-01-05,184,"{'code2': 'MD', 'code3': 'MID', 'name': 'Midfielder'}","{'name': 'France', 'id': '250', 'alpha3code': 'FRA', 'alpha2code': 'FR'}",288423,right,Z. Machach,null,Zinédine Machach,Zinédine Machach,Zinédine Machach,fr FRA,"FW,MF",Toulouse,21,1996,2.1,30,47,63.8,525,205,17,21,81.0,10,14,71.4,3,8,37.5,0,0.3,0.2,-0.3,1,3,1,1,7,7,80.0,5,1,1,4,5,1,1,0,1,2,9,2,0,Matches,47,44,1,0,0,1,7,1,0,0,0,0,30,2,3,2,0,0,8,2,0,7,2,3,0,0,0,18,0,4,0.0,France
"{'name': 'Portugal', 'id': '620', 'alpha3code': 'PRT', 'alpha2code': 'PT'}",79,Anthony,,Gon\u00e7alves,3779,1986-03-06,178,"{'code2': 'MD', 'code3': 'MID', 'name': 'Midfielder'}","{'name': 'France', 'id': '250', 'alpha3code': 'FRA', 'alpha2code': 'FR'}",26285,right,A. Gon\u00e7alves,null,Anthony Gonçalves,Anthony Gonçalves,Anthony Gonçalves,fr FRA,"MF,FW",Strasbourg,31,1986,19.5,543,825,65.8,8858,3218,285,336,84.8,193,269,71.7,47,147,32.0,1,2.1,2.2,-1.1,28,45,25,11,80,50,30.0,14,32,4,15,50,35,27,0,27,25,75,27,0,Matches,825,752,66,10,0,2,144,36,19,2,15,0,543,7,42,5,0,0,49,17,2,144,25,31,0,0,0,115,24,32,42.9,France
"{'name': 'France', 'id': '250', 'alpha3code': 'FRA', 'alpha2code': 'FR'}",72,Romain,,Amalfitano,3804,1989-08-27,175,"{'code2': 'MD', 'code3': 'MID', 'name': 'Midfielder'}","{'name': 'France', 'id': '250', 'alpha3code': 'FRA', 'alpha2code': 'FR'}",26311,right,R. Amalfitano,null,Romain Amalfitano,Romain Amalfitano,Romain Amalfitano,fr FRA,MF,Dijon,27,1989,30.0,1148,1412,81.3,22413,6357,449,505,88.9,481,537,89.6,181,281,64.4,3,1.8,2.0,1.2,23,121,23,4,146,59,36.2,18,38,3,25,69,44,29,7,22,85,144,35,2,Matches,1412,1379,25,16,8,26,20,6,2,0,1,0,1148,8,28,5,0,0,35,52,0,20,85,37,0,0,0,228,13,29,31.0,France
"{'name': 'France', 'id': '250', 'alpha3code': 'FRA', 'alpha2code': 'FR'}",82,Lucas,,Deaux,3785,1988-12-26,188,"{'code2': 'MD', 'code3': 'MID', 'name': 'Midfielder'}","{'name': 'France', 'id': '250', 'alpha3code': 'FRA', 'alpha2code': 'FR'}",26314,right,L. Deaux,null,Lucas Deaux,Lucas Deaux,Lucas Deaux,fr FRA,MF,Guingamp,28,1988,21.6,971,1210,80.2,16802,5211,474,543,87.3,331,412,80.3,121,170,71.2,1,1.6,1.5,-0.6,14,105,15,2,144,62,29.9,21,37,4,20,67,47,41,6,35,32,94,19,0,Matches,1210,1159,45,36,1,20,23,5,4,2,0,0,971,6,21,7,1,1,39,22,4,23,32,45,0,0,0,148,55,43,56.1,France
"{'name': 'France', 'id': '250', 'alpha3code': 'FRA', 'alpha2code': 'FR'}",82,Paul,,Baysse,3772,1988-05-18,185,"{'code2': 'DF', 'code3': 'DEF', 'name': 'Defender'}","{'name': 'France', 'id': '250', 'alpha3code': 'FRA', 'alpha2code': 'FR'}",26332,right,P. Baysse,null,Paul Baysse,Paul Baysse,Paul Baysse,fr FRA,DF,Bordeaux,29,1988,6.3,260,302,86.1,5495,1860,77,86,89.5,123,133,92.5,52,69,75.4,0,0.0,0.0,0.0,0,20,0,0,35,4,20.0,3,1,0,1,5,4,4,3,1,7,11,38,1,Matches,302,290,11,11,0,4,1,0,0,0,0,0,260,1,2,0,1,0,7,1,0,1,7,2,0,1,0,42,24,13,64.9,France
"{'name': 'France', 'id': '250', 'alpha3code': 'FRA', 'alpha2code': 'FR'}",85,Baptiste,,Reynet,3804,1990-10-28,185,"{'code2': 'GK', 'code3': 'GKP', 'name': 'Goalkeeper'}","{'name': 'France', 'id': '250', 'alpha3code': 'FRA', 'alpha2code': 'FR'}",26365,right,B. Reynet,null,Baptiste Reynet,Baptiste Reynet,Baptiste Reynet,fr FRA,GK,Dijon,26,1990,38.0,1202,1651,72.8,37659,28287,134,135,99.3,570,576,99.0,496,932,53.2,0,0.3,0.1,-0.3,1,34,1,0,0,6,71.4,5,1,0,5,7,2,2,0,2,2,8,35,1,Matches,1651,1158,487,164,0,3,0,0,0,0,0,0,1202,6,0,3,0,0,0,7,0,0,2,4,0,0,0,56,12,3,80.0,France
"{'name': 'Italy', 'id': '380', 'alpha3code': 'ITA', 'alpha2code': 'IT'}",68,Abdoulaye,,Bamba,3799,1990-04-25,182,"{'code2': 'DF', 'code3': 'DEF', 'name': 'Defender'}","{'name': ""C\\u00f4te d'Ivoire"", 'id': '384', 'alpha3code': 'CIV', 'alpha2code': 'CI'}",26368,right,A. Bamba,null,Abdoulaye Bamba,Abdoulaye Bamba,Abdoulaye Bamba,ci CIV,DF,Angers,27,1990,17.0,657,854,76.9,9646,4317,393,431,91.2,225,294,76.5,27,86,31.4,0,0.5,0.8,-0.5,6,46,5,1,70,29,53.3,23,6,0,16,30,14,8,1,7,11,40,52,0,Matches,854,644,206,9,0,1,35,197,0,0,0,0,657,4,23,2,0,0,21,18,2,35,11,22,0,1,0,81,17,13,56.7,France
"{'name': 'France', 'id': '250', 'alpha3code': 'FRA', 'alpha2code': 'FR'}",76,C\u00e9dric,,Varrault,,1980-01-30,182,"{'code2': 'DF', 'code3': 'DEF', 'name': 'Defender'}","{'name': 'France', 'id': '250', 'alpha3code': 'FRA', 'alpha2code': 'FR'}",26374,right,C. Varrault,null,Cédric Varrault,Cédric Varrault,Cédric Varrault,fr FRA,DF,Dijon,37,1980,9.8,370,437,84.7,7152,2989,126,138,91.3,206,226,91.2,35,64,54.7,0,0.1,0.6,-0.1,3,21,1,0,34,13,75.0,6,7,0,9,12,3,14,11,3,16,29,72,0,Matches,437,416,21,20,0,1,0,1,0,0,0,0,370,0,4,0,0,0,5,10,0,0,16,7,0,0,0,31,21,10,67.7,France
"{'name': 'Mali', 'id': '466', 'alpha3code': 'MLI', 'alpha2code': 'ML'}",77,Sekou,,Baradji,3789,1984-04-24,183,"{'code2': 'MD', 'code3': 'MID', 'name': 'Midfielder'}","{'name': 'France', 'id': '250', 'alpha3code': 'FRA', 'alpha2code': 'FR'}",26378,left,S. Baradji,null,Sekou Baradji,Sekou Baradji,Sekou Baradji,fr FRA,MF,Amiens,33,1984,0.1,2,4,50.0,27,0,1,2,50.0,1,2,50.0,0,0,,0,0.0,0.0,0.0,0,0,0,0,0,0,,0,0,0,0,0,0,0,0,0,1,1,0,0,Matches,4,4,0,0,0,0,0,0,0,0,0,0,2,0,0,0,0,0,0,0,0,0,1,0,0,0,0,1,1,0,100.0,France
"{'name': 'France', 'id': '250', 'alpha3code': 'FRA', 'alpha2code': 'FR'}",74,Benjamin,,Corgnet,3779,1987-04-06,180,"{'code2': 'MD', 'code3': 'MID', 'name': 'Midfielder'}","{'name': 'France', 'id': '250', 'alpha3code': 'FRA', 'alpha2code': 'FR'}",26381,right,B. Corgnet,null,Benjamin Corgnet,Benjamin Corgnet,Benjamin Corgnet,fr FRA,"MF,FW",Strasbourg,30,1987,15.3,378,582,64.9,5600,1496,216,283,76.3,102,163,62.6,34,72,47.2,2,1.8,2.1,0.2,18,36,14,3,52,28,21.4,5,16,7,6,28,22,18,1,17,11,39,11,0,Matches,582,541,35,6,14,4,34,5,10,2,8,0,378,6,17,2,0,0,25,34,1,34,11,19,0,0,0,69,57,54,51.4,France
"{'name': 'Congo DR', 'id': '180', 'alpha3code': 'COD', 'alpha2code': 'CD'}",64,Ga\u00ebl,,Kakuta,3789,1991-06-21,173,"{'code2': 'MD', 'code3': 'MID', 'name': 'Midfielder'}","{'name': 'France', 'id': '250', 'alpha3code': 'FRA', 'alpha2code': 'FR'}",26384,left,G. Kakuta,18538,Gaël Kakuta,Gaël Kakuta,Gaël Kakuta,cd COD,"MF,FW",Amiens,26,1991,34.3,895,1420,63.0,13653,5230,484,618,78.3,254,384,66.1,89,229,38.9,6,6.1,7.0,-0.1,64,112,37,13,151,54,22.5,14,27,13,9,40,31,33,3,30,26,80,19,0,Matches,1420,1241,162,64,10,8,173,9,82,24,43,0,895,17,54,3,0,0,17,63,7,173,26,32,0,0,0,203,45,103,30.4,France
"{'name': 'Senegal', 'id': '686', 'alpha3code': 'SEN', 'alpha2code': 'SN'}",80,Younousse,,Sankhar\u00e9,3772,1989-09-10,184,"{'code2': 'MD', 'code3': 'MID', 'name': 'Midfielder'}","{'name': 'France', 'id': '250', 'alpha3code': 'FRA', 'alpha2code': 'FR'}",26389,left,Y. Sankhar\u00e9,null,Younousse Sankharé,Younousse Sankharé,Younousse Sankharé,sn SEN,MF,Bordeaux,27,1989,20.9,752,894,84.1,10894,3477,418,463,90.3,246,288,85.4,41,65,63.1,1,1.6,1.4,-0.6,20,68,10,2,115,33,11.8,10,20,3,4,34,30,15,4,11,21,54,7,0,Matches,894,869,19,14,4,3,5,5,0,0,0,0,752,6,10,5,0,0,34,35,5,5,21,23,0,1,0,115,28,27,50.9,France
"{'name': 'Portugal', 'id': '620', 'alpha3code': 'PRT', 'alpha2code': 'PT'}",82,Damien,,Da Silva,3783,1988-05-17,184,"{'code2': 'DF', 'code3': 'DEF', 'name': 'Defender'}","{'name': 'France', 'id': '250', 'alpha3code': 'FRA', 'alpha2code': 'FR'}",26399,right,D. Da Silva,null,Damien Da Silva,Damien Da Silva,Damien Da Silva,fr FRA,DF,Caen,29,1988,31.5,1108,1355,81.8,25515,9124,292,335,87.2,555,621,89.4,250,364,68.7,0,0.0,0.3,0.0,0,95,1,0,85,52,60.6,40,12,0,20,33,13,45,25,20,36,88,184,2,Matches,1355,1289,59,58,0,26,0,1,0,0,0,0,1108,7,9,7,0,0,36,25,6,0,36,35,1,1,3,249,73,60,54.9,France
"{'name': 'France', 'id': '250', 'alpha3code': 'FRA', 'alpha2code': 'FR'}",67,J\u00e9r\u00e9my,,Cordoval,3795,1990-01-12,167,"{'code2': 'DF', 'code3': 'DEF', 'name': 'Defender'}","{'name': 'France', 'id': '250', 'alpha3code': 'FRA', 'alpha2code': 'FR'}",26433,right,J. Cordoval,null,Jérémy Cordoval,Jérémy Cordoval,Jérémy Cordoval,gp GLP,DF,Troyes,27,1990,10.2,337,432,78.0,4858,2324,199,231,86.1,103,127,81.1,18,41,43.9,1,0.5,0.6,0.5,3,21,5,3,33,20,64.3,12,7,1,9,14,5,12,2,10,9,29,35,0,Matches,432,312,119,5,0,0,16,114,0,0,0,0,337,1,9,1,0,0,4,8,0,16,9,16,0,0,0,53,4,11,26.7,France
"{'name': 'Martinique', 'id': '474', 'alpha3code': 'MTQ', 'alpha2code': 'MQ'}",78,Kenny,,Lala,3779,1991-10-03,178,"{'code2': 'DF', 'code3': 'DEF', 'name': 'Defender'}","{'name': 'France', 'id': '250', 'alpha3code': 'FRA', 'alpha2code': 'FR'}",26498,right,K. Lala,null,Kenny Lala,Kenny Lala,Kenny Lala,mg MAD,DF,Strasbourg,25,1991,30.3,1341,1765,76.0,27997,10083,526,586,89.8,499,650,76.8,295,454,65.0,4,2.0,2.5,2.0,24,120,38,12,168,87,44.7,53,28,6,21,47,26,18,10,8,42,129,70,2,Matches,1765,1363,391,47,4,40,69,344,0,0,0,0,1341,11,43,5,1,1,26,29,0,69,42,47,0,0,0,211,17,17,50.0,France
"{'name': 'France', 'id': '250', 'alpha3code': 'FRA', 'alpha2code': 'FR'}",74,Renaud,,Cohade,3777,1984-09-29,180,"{'code2': 'MD', 'code3': 'MID', 'name': 'Midfielder'}","{'name': 'France', 'id': '250', 'alpha3code': 'FRA', 'alpha2code': 'FR'}",26508,right,R. Cohade,null,Renaud Cohade,Renaud Cohade,Renaud Cohade,fr FRA,MF,Metz,32,1984,36.6,1545,2019,76.5,30809,10245,633,746,84.9,656,826,79.4,246,395,62.3,3,3.5,3.1,-0.5,43,270,36,13,312,143,38.7,63,71,9,46,119,73,70,10,60,53,196,91,0,Matches,2019,1927,85,44,2,54,65,12,8,2,3,0,1545,7,41,6,0,0,52,27,3,65,53,86,0,0,0,266,87,96,47.5,France
"{'name': 'Togo', 'id': '764', 'alpha3code': 'TGO', 'alpha2code': 'TG'}",65,Mathieu,,Dossevi,3777,1988-02-12,172,"{'code2': 'MD', 'code3': 'MID', 'name': 'Midfielder'}","{'name': 'France', 'id': '250', 'alpha3code': 'FRA', 'alpha2code': 'FR'}",26512,right,M. Dossevi,18374,Mathieu Dossevi,Mathieu Dossevi,Mathieu Dossevi,tg TOG,"FW,MF",Metz,29,1988,27.9,760,1123,67.7,14133,4548,345,429,80.4,291,410,71.0,109,210,51.9,11,11.1,9.0,-0.1,86,93,56,33,131,35,17.9,15,15,5,7,39,32,24,3,21,28,63,12,0,Matches,1123,977,140,37,0,7,245,11,89,27,55,1,760,6,64,2,0,0,27,37,7,245,28,25,0,0,0,147,11,22,33.3,France
"{'name': 'France', 'id': '250', 'alpha3code': 'FRA', 'alpha2code': 'FR'}",79,Romain,,Genevois,3783,1987-10-28,182,"{'code2': 'DF', 'code3': 'DEF', 'name': 'Defender'}","{'name': 'Haiti', 'id': '332', 'alpha3code': 'HTI', 'alpha2code': 'HT'}",26528,right,R. Genevois,null,Romain Genevois,Romain Genevois,Romain Genevois,ht HAI,DF,Caen,29,1987,20.1,577,810,71.2,11714,4968,197,244,80.7,276,335,82.4,94,188,50.0,1,0.3,0.7,0.7,6,41,11,10,50,48,53.8,27,13,8,21,39,18,25,11,14,31,79,76,0,Matches,810,725,84,17,0,13,47,64,2,0,0,0,577,1,26,4,1,0,26,15,0,47,31,28,0,0,0,99,45,31,59.2,France
"{'name': 'Congo', 'id': '178', 'alpha3code': 'COG', 'alpha2code': 'CG'}",78,Prince,,Oniangu\u00e9,3799,1988-11-04,190,"{'code2': 'MD', 'code3': 'MID', 'name': 'Midfielder'}","{'name': 'France', 'id': '250', 'alpha3code': 'FRA', 'alpha2code': 'FR'}",26539,right,P. Oniangu\u00e9,null,Prince Oniangué,Prince Oniangué,Prince Oniangué,cg CGO,MF,Angers,28,1988,11.7,272,347,78.4,3784,1122,164,197,83.2,78,102,76.5,14,23,60.9,0,0.4,0.3,-0.4,8,14,4,1,45,16,25.8,5,9,2,8,31,23,20,4,16,11,27,8,0,Matches,347,346,1,1,0,0,3,0,0,0,0,0,272,0,8,1,1,1,14,16,1,3,11,11,0,0,0,46,39,55,41.5,France
"{'name': 'France', 'id': '250', 'alpha3code': 'FRA', 'alpha2code': 'FR'}",80,Jeremy,,Blayac,3779,1983-06-13,187,"{'code2': 'FW', 'code3': 'FWD', 'name': 'Forward'}","{'name': 'France', 'id': '250', 'alpha3code': 'FRA', 'alpha2code': 'FR'}",26543,right,J. Blayac,null,Jeremy Blayac,Jérémy Blayac,Jérémy Blayac,fr FRA,FW,Strasbourg,34,1983,10.2,228,361,63.2,2896,554,135,204,66.2,65,95,68.4,6,12,50.0,1,1.7,1.4,-0.7,17,18,6,1,25,5,22.2,0,3,2,2,9,7,7,2,5,1,6,11,0,Matches,361,352,8,0,1,1,9,0,0,0,0,0,228,1,13,2,0,0,8,23,16,9,1,3,1,0,0,36,93,58,61.6,France
"{'name': 'Laos', 'id': '418', 'alpha3code': 'LAO', 'alpha2code': 'LA'}",71,Billy,,Ketkeophomphone,3799,1990-03-24,180,"{'code2': 'FW', 'code3': 'FWD', 'name': 'Forward'}","{'name': 'France', 'id': '250', 'alpha3code': 'FRA', 'alpha2code': 'FR'}",26547,right,B. Ketkeophomphone,null,Billy Ketkeophomphone,Billy Ketkeophomphone,Billy Ketkeophomphone,la LAO,MF,Angers,27,1990,4.9,132,182,72.5,1691,461,85,102,83.3,35,45,77.8,4,16,25.0,0,0.4,0.5,-0.4,4,12,5,0,18,14,33.3,4,5,5,5,15,10,9,0,9,5,19,8,0,Matches,182,167,13,7,1,1,10,3,3,3,0,0,132,2,4,0,0,0,10,10,0,10,5,9,0,0,0,30,6,14,30.0,France
"{'name': 'France', 'id': '250', 'alpha3code': 'FRA', 'alpha2code': 'FR'}",80,R\u00e9gis,,Gurtner,3789,1986-12-08,183,"{'code2': 'GK', 'code3': 'GKP', 'name': 'Goalkeeper'}","{'name': 'France', 'id': '250', 'alpha3code': 'FRA', 'alpha2code': 'FR'}",26583,right,R. Gurtner,null,Régis Gurtner,Régis Gurtner,Régis Gurtner,fr FRA,GK,Amiens,30,1986,37.0,648,1255,51.6,25872,22427,43,43,100.0,214,217,98.6,390,992,39.3,0,0.0,0.1,0.0,0,29,0,0,0,1,100.0,1,0,0,1,1,0,0,0,0,4,5,15,4,Matches,1255,719,536,175,0,0,0,0,0,0,0,0,648,0,2,2,0,0,1,9,0,0,4,0,0,1,0,45,6,0,100.0,France
"{'name': 'Congo DR', 'id': '180', 'alpha3code': 'COD', 'alpha2code': 'CD'}",76,Yannis,,Salibur,3785,1991-01-21,177,"{'code2': 'MD', 'code3': 'MID', 'name': 'Midfielder'}","{'name': 'France', 'id': '250', 'alpha3code': 'FRA', 'alpha2code': 'FR'}",26604,left,Y. Salibur,null,Yannis Salibur,Yannis Salibur,Yannis Salibur,fr FRA,"FW,MF",Guingamp,26,1991,16.9,472,627,75.3,7170,1931,250,284,88.0,148,192,77.1,42,78,53.8,3,3.7,3.1,-0.7,26,36,19,4,66,11,26.7,4,6,1,4,15,11,7,1,6,7,18,2,0,Matches,627,573,53,14,1,2,79,7,30,19,7,2,472,1,26,4,0,0,20,37,7,79,7,9,0,0,0,51,10,13,43.5,France
"{'name': 'France', 'id': '250', 'alpha3code': 'FRA', 'alpha2code': 'FR'}",79,Diafra,,Sakho,3774,1989-12-24,184,"{'code2': 'FW', 'code3': 'FWD', 'name': 'Forward'}","{'name': 'Senegal', 'id': '686', 'alpha3code': 'SEN', 'alpha2code': 'SN'}",26610,right,D. Sakho,19314,Diafra Sakho,Diafra Sakho,Diafra Sakho,sn SEN,FW,Rennes,27,1989,8.6,93,144,64.6,1023,164,55,80,68.8,18,25,72.0,4,7,57.1,0,0.2,0.2,-0.2,5,7,4,1,7,5,0.0,1,2,2,0,7,7,4,0,4,2,7,11,0,Matches,144,133,9,0,2,0,4,1,0,0,0,0,93,2,8,1,0,0,16,10,9,4,2,4,0,0,0,15,21,47,30.9,France
"{'name': 'France', 'id': '250', 'alpha3code': 'FRA', 'alpha2code': 'FR'}",73,Arnaud,,Souquet,3775,1992-02-12,179,"{'code2': 'DF', 'code3': 'DEF', 'name': 'Defender'}","{'name': 'France', 'id': '250', 'alpha3code': 'FRA', 'alpha2code': 'FR'}",26633,right,A. Souquet,null,Arnaud Souquet,Arnaud Souquet,Arnaud Souquet,fr FRA,DF,Nice,25,1992,26.8,1423,1666,85.4,23949,6737,658,718,91.6,639,728,87.8,100,154,64.9,2,1.7,2.3,0.3,13,76,22,11,100,89,64.3,58,26,5,36,56,20,46,16,30,39,128,72,2,Matches,1666,1397,268,35,2,11,59,233,0,0,0,0,1423,1,32,4,0,0,25,47,0,59,39,68,1,0,0,146,20,26,43.5,France
"{'name': 'Cameroon', 'id': '120', 'alpha3code': 'CMR', 'alpha2code': 'CM'}",70,Karl,,Toko Ekambi,3799,1992-09-14,183,"{'code2': 'FW', 'code3': 'FWD', 'name': 'Forward'}","{'name': 'France', 'id': '250', 'alpha3code': 'FRA', 'alpha2code': 'FR'}",26638,right,K. Toko Ekambi,null,Karl Toko Ekambi,Karl Toko Ekambi,Karl Toko Ekambi,cm CMR,"FW,MF",Angers,24,1992,33.8,720,953,75.6,10382,1690,416,515,80.8,197,257,76.7,50,65,76.9,6,5.8,3.3,0.2,47,37,30,5,76,17,17.2,2,5,10,5,29,24,13,0,13,15,32,2,0,Matches,953,898,55,1,8,9,39,17,0,0,0,0,720,0,35,4,0,0,31,35,28,39,15,8,2,0,0,89,28,78,26.4,France
"{'name': 'Algeria', 'id': '12', 'alpha3code': 'DZA', 'alpha2code': 'DZ'}",78,Alexandre,,Oukidja,3779,1988-07-19,185,"{'code2': 'GK', 'code3': 'GKP', 'name': 'Goalkeeper'}","{'name': 'France', 'id': '250', 'alpha3code': 'FRA', 'alpha2code': 'FR'}",26676,right,A. Oukidja,null,Alexandre Oukidja,Alexandre Oukidja,Alexandre Oukidja,dz ALG,GK,Strasbourg,29,1988,16.2,278,491,56.6,11127,9619,26,26,100.0,80,82,97.6,171,378,45.2,0,0.0,0.1,0.0,0,16,1,0,0,0,0.0,0,0,0,0,1,1,0,0,0,3,3,9,1,Matches,491,277,211,81,0,3,0,0,0,0,0,0,278,3,1,1,0,0,0,3,0,0,3,0,0,0,0,15,5,0,100.0,France
"{'name': 'Korea Republic', 'id': '410', 'alpha3code': 'KOR', 'alpha2code': 'KR'}",69,Chang-Hoon,,Kwon,3804,1994-06-30,174,"{'code2': 'MD', 'code3': 'MID', 'name': 'Midfielder'}","{'name': 'Korea Republic', 'id': '410', 'alpha3code': 'KOR', 'alpha2code': 'KR'}",256084,left,Kwon Chang-Hoon,null,Chang-Hoon Kwon,Kwon Chang-hoon,Kwon Chang-hoon,kr KOR,"FW,MF",Dijon,23,1994,23.7,459,706,65.0,6930,1969,261,334,78.1,126,194,64.9,42,109,38.5,3,2.3,2.3,0.7,32,21,23,7,40,37,31.4,10,18,9,11,35,24,32,1,31,24,61,30,0,Matches,706,632,69,20,8,6,87,5,41,18,8,1,459,5,17,3,0,0,23,46,12,87,24,22,1,1,0,126,13,52,20.0,France
"{'name': 'France', 'id': '250', 'alpha3code': 'FRA', 'alpha2code': 'FR'}",84,Ludovic,,Butelle,3799,1983-04-03,188,"{'code2': 'GK', 'code3': 'GKP', 'name': 'Goalkeeper'}","{'name': 'France', 'id': '250', 'alpha3code': 'FRA', 'alpha2code': 'FR'}",26869,right,L. Butelle,null,Ludovic Butelle,Ludovic Butelle,Ludovic Butelle,fr FRA,GK,Angers,34,1983,18.4,298,535,55.7,9884,7629,26,26,100.0,130,130,100.0,142,379,37.5,0,0.0,0.0,0.0,0,7,0,0,0,0,,0,0,0,0,0,0,0,0,0,1,1,10,2,Matches,535,316,219,74,0,0,0,0,0,0,0,0,298,0,0,0,0,0,0,2,0,0,1,0,0,0,1,16,5,0,100.0,France
"{'name': 'Algeria', 'id': '12', 'alpha3code': 'DZA', 'alpha2code': 'DZ'}",75,Idriss,,Saadi,3779,1992-02-08,179,"{'code2': 'FW', 'code3': 'FWD', 'name': 'Forward'}","{'name': 'France', 'id': '250', 'alpha3code': 'FRA', 'alpha2code': 'FR'}",26327,right,I. Saadi,16009,Idriss Saadi,Idriss Saadi,Idriss Saadi,dz ALG,FW,Strasbourg,25,1992,10.5,136,211,64.5,1747,376,81,106,76.4,34,59,57.6,8,18,44.4,0,0.5,0.8,-0.5,7,8,10,4,15,6,18.2,2,3,1,2,11,9,3,2,1,5,11,1,0,Matches,211,182,29,0,1,0,19,0,1,0,1,0,136,0,11,1,0,0,10,5,6,19,5,5,0,0,0,28,9,25,26.5,France
"{'name': 'France', 'id': '250', 'alpha3code': 'FRA', 'alpha2code': 'FR'}",82,Mathieu,,Michel,3799,1991-09-04,188,"{'code2': 'GK', 'code3': 'GKP', 'name': 'Goalkeeper'}","{'name': 'France', 'id': '250', 'alpha3code': 'FRA', 'alpha2code': 'FR'}",26938,right,M. Michel,null,Mathieu Michel,Mathieu Michel,Mathieu Michel,fr FRA,GK,Angers,25,1991,6.6,112,187,59.9,3933,2991,6,6,100.0,47,48,97.9,59,133,44.4,0,0.0,0.0,0.0,0,3,0,0,0,0,0.0,0,0,0,0,1,1,0,0,0,0,0,0,1,Matches,187,106,81,22,0,0,0,0,0,0,0,0,112,0,0,0,0,0,0,1,0,0,0,0,0,0,0,4,2,0,100.0,France
"{'name': 'Cameroon', 'id': '120', 'alpha3code': 'CMR', 'alpha2code': 'CM'}",74,Maxime,,Poundj\u00e9,3772,1992-08-16,180,"{'code2': 'DF', 'code3': 'DEF', 'name': 'Defender'}","{'name': 'France', 'id': '250', 'alpha3code': 'FRA', 'alpha2code': 'FR'}",26945,left,M. Poundj\u00e9,null,Maxime Poundjé,Maxime Poundjé,Maxime Poundjé,fr FRA,DF,Bordeaux,24,1992,18.9,701,947,74.0,9933,4848,426,489,87.1,197,273,72.2,40,103,38.8,1,1.0,1.4,0.0,16,58,16,13,70,53,54.9,32,16,5,28,51,23,14,6,8,35,88,63,1,Matches,947,737,208,12,3,3,81,195,1,1,0,0,701,2,32,5,0,0,19,14,4,81,35,29,1,0,0,85,26,8,76.5,France
"{'name': 'France', 'id': '250', 'alpha3code': 'FRA', 'alpha2code': 'FR'}",65,Nicolas,,Benezet,3785,1991-02-24,170,"{'code2': 'MD', 'code3': 'MID', 'name': 'Midfielder'}","{'name': 'France', 'id': '250', 'alpha3code': 'FRA', 'alpha2code': 'FR'}",26956,right,N. Benezet,null,Nicolas Benezet,Nicolas Benezet,Nicolas Benezet,fr FRA,"FW,MF",Guingamp,26,1991,18.3,718,990,72.5,10690,2994,390,460,84.8,208,284,73.2,63,128,49.2,3,3.3,4.4,-0.3,35,52,25,4,109,38,29.7,18,16,4,11,37,26,8,2,6,12,50,7,0,Matches,990,877,107,24,3,14,115,14,65,30,27,1,718,6,32,2,0,0,24,41,10,115,12,30,0,0,0,100,18,34,34.6,France
"{'name': 'France', 'id': '250', 'alpha3code': 'FRA', 'alpha2code': 'FR'}",82,Jean-Christophe,,Bouet,3789,1983-07-21,184,"{'code2': 'GK', 'code3': 'GKP', 'name': 'Goalkeeper'}","{'name': 'France', 'id': '250', 'alpha3code': 'FRA', 'alpha2code': 'FR'}",26970,right,J. Bouet,null,Jean-Christophe Bouet,Jean-Christophe Bouet,Jean-Christophe Bouet,fr FRA,GK,Amiens,34,1983,1.0,15,30,50.0,594,547,0,0,,6,6,100.0,9,24,37.5,0,0.0,0.0,0.0,0,0,0,0,0,0,,0,0,0,0,0,0,0,0,0,0,0,0,0,Matches,30,15,15,2,0,0,0,0,0,0,0,0,15,0,0,0,0,0,0,1,0,0,0,0,0,0,0,0,0,0,,France
"{'name': 'France', 'id': '250', 'alpha3code': 'FRA', 'alpha2code': 'FR'}",83,Mathieu,,Gorgelin,3766,1990-08-05,187,"{'code2': 'GK', 'code3': 'GKP', 'name': 'Goalkeeper'}","{'name': 'France', 'id': '250', 'alpha3code': 'FRA', 'alpha2code': 'FR'}",26971,left,M. Gorgelin,null,Mathieu Gorgelin,Mathieu Gorgelin,Mathieu Gorgelin,fr FRA,GK,Lyon,26,1990,4.0,70,94,74.5,2015,1376,6,6,100.0,38,39,97.4,26,49,53.1,0,0.0,0.0,0.0,0,1,0,0,0,0,,0,0,0,0,0,0,0,0,0,0,0,0,1,Matches,94,57,37,13,0,0,0,0,0,0,0,0,70,0,0,0,0,0,0,2,0,0,0,0,0,0,0,2,1,1,50.0,France
"{'name': 'Morocco', 'id': '504', 'alpha3code': 'MAR', 'alpha2code': 'MA'}",74,Youssef,,A\u00eft Bennasser,19830,1996-07-07,184,"{'code2': 'MD', 'code3': 'MID', 'name': 'Midfielder'}","{'name': 'France', 'id': '250', 'alpha3code': 'FRA', 'alpha2code': 'FR'}",289359,right,Y. A\u00eft Bennasser,16216,Youssef Aït Bennasser,Youssef Aït Bennasser,Youssef Aït Bennasser,ma MAR,MF,Caen,21,1996,22.7,936,1135,82.5,18775,5869,338,384,88.0,420,483,87.0,153,213,71.8,0,0.7,0.7,-0.7,12,148,7,1,178,47,23.4,17,27,3,15,64,49,35,2,33,32,79,30,0,Matches,1135,1117,16,10,5,24,11,1,2,1,0,0,936,2,20,4,0,0,20,26,0,11,32,28,0,0,0,207,23,32,41.8,France
"{'name': 'South Africa', 'id': '710', 'alpha3code': 'ZAF', 'alpha2code': 'ZA'}",63,Lebogang,,Phiri,3785,1994-11-09,173,"{'code2': 'MD', 'code3': 'MID', 'name': 'Midfielder'}","{'name': 'South Africa', 'id': '710', 'alpha3code': 'ZAF', 'alpha2code': 'ZA'}",256706,right,L. Phiri,null,Lebogang Phiri,Lebogang Phiri,Lebogang Phiri,za RSA,MF,Guingamp,22,1994,11.5,590,672,87.8,10074,2936,278,301,92.4,209,229,91.3,76,97,78.4,1,0.4,0.4,0.6,8,53,3,0,60,28,25.6,14,12,2,11,43,32,9,2,7,19,47,13,0,Matches,672,642,27,17,1,9,8,2,8,7,0,0,590,3,8,1,0,0,13,7,0,8,19,17,0,0,0,66,8,5,61.5,France
"{'name': 'France', 'id': '250', 'alpha3code': 'FRA', 'alpha2code': 'FR'}",84,J\u00falio,,Tavares,3804,1988-11-19,187,"{'code2': 'FW', 'code3': 'FWD', 'name': 'Forward'}","{'name': 'Cape Verde Islands', 'id': '132', 'alpha3code': 'CPV', 'alpha2code': 'CV'}",27354,right,J\u00falio Tavares,null,Júlio Tavares,Júlio Tavares,Júlio Tavares,cv CPV,FW,Dijon,28,1988,22.8,324,544,59.6,4309,809,201,301,66.8,94,158,59.5,11,23,47.8,2,1.9,1.5,0.1,26,19,17,3,32,3,9.1,1,1,1,1,11,10,11,6,5,3,6,36,0,Matches,544,505,37,0,0,1,14,6,0,0,0,0,324,2,19,3,0,0,28,28,14,14,3,1,0,0,0,43,164,144,53.2,France
"{'name': 'France', 'id': '250', 'alpha3code': 'FRA', 'alpha2code': 'FR'}",77,St\u00e9phane,,Darbion,3795,1984-03-22,183,"{'code2': 'MD', 'code3': 'MID', 'name': 'Midfielder'}","{'name': 'France', 'id': '250', 'alpha3code': 'FRA', 'alpha2code': 'FR'}",93044,left,S. Darbion,null,Stéphane Darbion,Stéphane Darbion,Stéphane Darbion,fr FRA,"FW,MF",Troyes,33,1984,19.0,531,712,74.6,7314,2865,325,378,86.0,145,199,72.9,30,63,47.6,2,2.7,3.0,-0.7,20,46,33,15,82,19,12.5,13,4,2,5,40,35,21,2,19,20,39,17,0,Matches,712,667,44,7,2,1,75,15,21,9,2,0,531,1,24,2,0,0,15,31,5,75,20,14,1,0,0,100,12,28,30.0,France
"{'name': 'France', 'id': '250', 'alpha3code': 'FRA', 'alpha2code': 'FR'}",71,Angelo,,Fulgini,3799,1996-08-20,183,"{'code2': 'MD', 'code3': 'MID', 'name': 'Midfielder'}","{'name': ""C\\u00f4te d'Ivoire"", 'id': '384', 'alpha3code': 'CIV', 'alpha2code': 'CI'}",256992,right,A. Fulgini,4425,Angelo Fulgini,Angelo Fulgini,Angelo Fulgini,fr FRA,MF,Angers,20,1996,17.0,539,734,73.4,8354,2729,307,364,84.3,155,207,74.9,52,92,56.5,5,3.9,3.6,1.1,35,41,19,3,74,21,29.6,9,8,4,8,27,19,21,2,19,20,41,7,0,Matches,734,665,66,23,12,5,57,8,30,20,7,0,539,3,23,4,0,0,19,33,1,57,20,11,1,0,0,102,9,34,20.9,France
"{'name': 'Italy', 'id': '380', 'alpha3code': 'ITA', 'alpha2code': 'IT'}",69,Giovani,,Lo Celso,3767,1996-04-09,177,"{'code2': 'MD', 'code3': 'MID', 'name': 'Midfielder'}","{'name': 'Argentina', 'id': '32', 'alpha3code': 'ARG', 'alpha2code': 'AR'}",356237,left,G. Lo Celso,12274,Giovani Lo Celso,Giovani Lo Celso,Giovani Lo Celso,ar ARG,MF,Paris S-G,21,1996,19.7,1434,1602,89.5,23460,5116,664,719,92.4,505,544,92.8,156,179,87.2,3,1.9,2.7,1.1,18,102,30,2,147,77,35.1,26,36,15,26,74,48,30,5,25,19,96,12,1,Matches,1602,1549,48,31,18,11,15,8,9,2,4,0,1434,5,30,2,0,0,21,41,0,15,19,58,1,0,0,151,5,13,27.8,France
"{'name': 'Serbia', 'id': '688', 'alpha3code': 'SRB', 'alpha2code': 'RS'}",80,Vuka\u0161in,,Jovanovi\u0107,701,1996-05-17,188,"{'code2': 'DF', 'code3': 'DEF', 'name': 'Defender'}","{'name': 'Serbia', 'id': '688', 'alpha3code': 'SRB', 'alpha2code': 'RS'}",258263,right,V. Jovanovi\u0107,17324,Vukašin Jovanović,Vukašin Jovanović,Vukašin Jovanović,rs SRB,DF,Bordeaux,21,1996,16.0,654,735,89.0,13196,3738,201,215,93.5,343,372,92.2,93,124,75.0,0,0.1,0.9,-0.1,2,33,3,0,51,18,42.9,11,7,0,6,14,8,18,10,8,27,45,67,0,Matches,735,710,23,20,1,9,1,3,0,0,0,0,654,2,2,4,0,0,8,16,0,1,27,14,0,0,0,84,20,20,50.0,France
"{'name': 'France', 'id': '250', 'alpha3code': 'FRA', 'alpha2code': 'FR'}",58,Thomas,,Lemar,679,1995-11-12,170,"{'code2': 'MD', 'code3': 'MID', 'name': 'Midfielder'}","{'name': 'Guadeloupe', 'id': '312', 'alpha3code': 'GLP', 'alpha2code': 'GP'}",28922,left,T. Lemar,4418,Thomas Lemar,Thomas Lemar,Thomas Lemar,fr FRA,"MF,FW",Monaco,21,1995,26.4,1015,1319,77.0,17912,5562,488,553,88.2,365,462,79.0,134,245,54.7,8,6.9,5.3,1.1,55,135,36,9,182,33,24.4,9,19,5,10,41,31,22,1,21,18,51,16,1,Matches,1319,1142,169,50,10,14,170,26,84,29,30,1,1015,8,25,1,0,0,8,41,4,170,18,17,2,0,0,140,7,15,31.8,France
"{'name': 'France', 'id': 250, 'alpha3code': 'FRA', 'alpha2code': 'FR'}",75,Patrice,,Evra,null,1981-05-15,174,"{'code2': 'DF', 'code3': 'DEF', 'name': 'Defender'}","{'name': 'Senegal', 'id': 686, 'alpha3code': 'SEN', 'alpha2code': 'SN'}",7915,left,P. Evra,null,Patrice Evra,Patrice Evra,Patrice Evra,fr FRA,DF,Marseille,36,1981,3.9,127,178,71.3,1684,643,75,87,86.2,35,52,67.3,4,14,28.6,0,0.1,0.0,-0.1,2,3,1,1,4,6,50.0,5,1,0,3,6,3,2,2,0,3,9,16,0,Matches,178,130,48,4,0,0,6,44,0,0,0,0,127,0,6,2,0,0,4,2,3,6,3,5,0,0,0,18,10,4,71.4,France
"{'name': 'Senegal', 'id': 686, 'alpha3code': 'SEN', 'alpha2code': 'SN'}",67,Youssouf,,Sabaly,3772,1993-03-05,173,"{'code2': 'DF', 'code3': 'DEF', 'name': 'Defender'}","{'name': 'France', 'id': 250, 'alpha3code': 'FRA', 'alpha2code': 'FR'}",28529,right,Y. Sabaly,19314,Youssouf Sabaly,Youssouf Sabaly,Youssouf Sabaly,sn SEN,DF,Bordeaux,24,1993,34.4,1661,2104,78.9,24297,10070,955,1068,89.4,496,643,77.1,114,194,58.8,5,3.7,3.3,1.3,36,129,43,25,170,93,63.2,54,34,5,43,68,25,26,6,20,54,147,104,0,Matches,2104,1661,437,34,3,7,137,403,0,0,0,0,1661,6,85,3,0,0,38,31,2,137,54,61,0,0,0,235,40,41,49.4,France
"{'name': 'Japan', 'id': 392, 'alpha3code': 'JPN', 'alpha2code': 'JP'}",70,Hiroki,,Sakai,3771,1990-04-12,183,"{'code2': 'DF', 'code3': 'DEF', 'name': 'Defender'}","{'name': 'Japan', 'id': 392, 'alpha3code': 'JPN', 'alpha2code': 'JP'}",94695,right,H. Sakai,12913,Hiroki Sakai,Hiroki Sakai,Hiroki Sakai,jp JPN,DF,Marseille,27,1990,28.0,1248,1560,80.0,15932,6360,760,832,91.3,323,430,75.1,46,111,41.4,3,1.4,1.6,1.6,14,44,15,3,112,66,65.3,30,30,6,32,49,17,32,7,25,45,111,90,1,Matches,1560,1258,300,12,2,1,46,288,0,0,0,0,1248,2,42,1,0,0,24,27,2,46,45,45,0,1,0,126,61,39,61.0,France
"{'name': 'Congo', 'id': 178, 'alpha3code': 'COG', 'alpha2code': 'CG'}",69,Jules,,Iloki,null,1992-01-14,172,"{'code2': 'MD', 'code3': 'MID', 'name': 'Midfielder'}","{'name': 'France', 'id': 250, 'alpha3code': 'FRA', 'alpha2code': 'FR'}",217872,right,J. Iloki,null,Jules Iloki,Jules Iloki,Jules Iloki,fr FRA,"MF,FW",Nantes,25,1992,15.8,343,505,67.9,5202,1677,195,250,78.0,99,147,67.3,30,56,53.6,0,2.4,2.4,-2.4,26,27,32,20,45,13,18.8,1,9,3,3,16,13,8,0,8,12,25,16,0,Matches,505,485,17,1,0,4,80,6,6,0,5,1,343,3,12,1,0,0,14,14,5,80,12,9,0,0,0,65,11,9,55.0,France
"{'name': 'Morocco', 'id': 504, 'alpha3code': 'MAR', 'alpha2code': 'MA'}",73,Oualid,,El Hajjam,3789,1991-02-19,181,"{'code2': 'DF', 'code3': 'DEF', 'name': 'Defender'}","{'name': 'France', 'id': 250, 'alpha3code': 'FRA', 'alpha2code': 'FR'}",30320,right,O. El Hajjam,16216,Oualid El Hajjam,Oualid El Hajjam,Oualid El Hajjam,ma MAR,DF,Amiens,26,1991,24.4,761,1086,70.1,12122,5521,394,461,85.5,293,411,71.3,49,142,34.5,1,0.6,0.9,0.4,11,47,11,4,63,64,46.9,37,22,5,23,49,26,25,5,20,59,123,91,1,Matches,1086,790,290,11,0,8,53,279,0,0,0,0,761,6,30,6,0,0,37,26,0,53,59,44,0,1,0,159,17,29,37.0,France
"{'name': 'Senegal', 'id': 686, 'alpha3code': 'SEN', 'alpha2code': 'SN'}",78,Moussa,,Konat\u00e9,3789,1993-04-03,181,"{'code2': 'FW', 'code3': 'FWD', 'name': 'Forward'}","{'name': 'Senegal', 'id': 686, 'alpha3code': 'SEN', 'alpha2code': 'SN'}",97582,right,M. Konat\u00e9,19314,Moussa Konaté,Moussa Konaté,Moussa Konaté,sn SEN,FW,Amiens,24,1993,27.5,355,537,66.1,4763,805,214,300,71.3,97,136,71.3,18,42,42.9,1,1.5,1.7,-0.5,16,18,18,3,42,8,13.0,1,4,3,3,23,20,10,2,8,3,11,11,0,Matches,537,486,51,1,1,3,23,3,0,0,0,0,355,0,20,8,0,0,52,53,29,23,3,6,1,0,0,55,71,108,39.7,France
"{'name': 'Italy', 'id': 380, 'alpha3code': 'ITA', 'alpha2code': 'IT'}",80,Luca,,Mora,3205,1988-05-10,183,"{'code2': 'MD', 'code3': 'MID', 'name': 'Midfielder'}","{'name': 'Italy', 'id': 380, 'alpha3code': 'ITA', 'alpha2code': 'IT'}",22864,left,L. Mora,null,Luca Mora,Lucas Moura,Lucas Moura,br BRA,FW,Paris S-G,24,1992,0.8,42,50,84.0,602,131,20,22,90.9,16,16,100.0,2,5,40.0,1,0.7,0.5,0.3,1,1,1,0,6,1,0.0,0,1,0,0,1,1,0,0,0,0,1,0,0,Matches,50,42,8,1,1,0,3,3,4,2,1,0,42,0,1,1,0,0,5,2,1,3,0,1,0,0,0,1,1,1,50.0,France
"{'name': 'Congo DR', 'id': 180, 'alpha3code': 'COD', 'alpha2code': 'CD'}",70,Terence,,Kongolo,1673,1994-02-14,188,"{'code2': 'DF', 'code3': 'DEF', 'name': 'Defender'}","{'name': 'Netherlands', 'id': 528, 'alpha3code': 'NLD', 'alpha2code': 'NL'}",132,left,T. Kongolo,null,Terence Kongolo,Terence Kongolo,Terence Kongolo,nl NED,DF,Monaco,23,1994,2.9,118,155,76.1,1843,582,69,78,88.5,40,55,72.7,9,17,52.9,0,0.3,0.2,-0.3,1,9,4,3,7,6,0.0,4,2,0,0,2,2,5,3,2,5,11,14,0,Matches,155,117,38,3,0,0,11,35,0,0,0,0,118,0,6,0,0,0,5,4,0,11,5,4,0,0,0,24,4,0,100.0,France
"{'name': 'Netherlands', 'id': 528, 'alpha3code': 'NLD', 'alpha2code': 'NL'}",67,Wesley,,Sneijder,16444,1984-06-09,171,"{'code2': 'MD', 'code3': 'MID', 'name': 'Midfielder'}","{'name': 'Netherlands', 'id': 528, 'alpha3code': 'NLD', 'alpha2code': 'NL'}",20531,right,W. Sneijder,null,Wesley Sneijder,Wesley Sneijder,Wesley Sneijder,nl NED,"MF,FW",Nice,33,1984,4.4,248,311,79.7,4088,1104,125,137,91.2,85,106,80.2,25,46,54.3,0,0.8,1.2,-0.8,11,33,7,1,35,0,0.0,0,0,0,0,3,3,1,0,1,2,2,2,1,Matches,311,278,31,12,1,2,24,3,12,5,7,0,248,2,6,0,0,0,4,3,0,24,2,0,0,0,0,11,0,1,0.0,France
"{'name': 'France', 'id': 250, 'alpha3code': 'FRA', 'alpha2code': 'FR'}",82,Sloan,,Privat,3814,1989-07-24,186,"{'code2': 'FW', 'code3': 'FWD', 'name': 'Forward'}","{'name': 'French Guiana', 'id': 254, 'alpha3code': 'GUF', 'alpha2code': 'GF'}",25479,right,S. Privat,18799,Sloan Privat,Sloan Privat,Sloan Privat,fr FRA,FW,Guingamp,28,1989,0.0,1,1,100.0,4,0,0,0,,0,0,,0,0,,0,0.0,0.0,0.0,0,0,0,0,0,0,,0,0,0,0,0,0,0,0,0,0,0,0,0,Matches,1,1,0,0,0,0,0,0,0,0,0,0,1,0,0,0,0,0,0,0,0,0,0,0,0,0,0,0,0,0,,France
"{'name': 'France', 'id': 250, 'alpha3code': 'FRA', 'alpha2code': 'FR'}",77,Emmanuel,,Bourgaud,3829,1987-10-25,179,"{'code2': 'MD', 'code3': 'MID', 'name': 'Midfielder'}","{'name': 'France', 'id': 250, 'alpha3code': 'FRA', 'alpha2code': 'FR'}",29590,right,E. Bourgaud,null,Emmanuel Bourgaud,Emmanuel Bourgaud,Emmanuel Bourgaud,fr FRA,"FW,MF",Amiens,29,1987,6.0,198,303,65.3,3508,1333,89,108,82.4,60,92,65.2,30,61,49.2,1,1.8,1.5,-0.8,18,20,7,2,33,17,43.5,5,9,3,10,23,13,5,0,5,6,23,11,0,Matches,303,265,37,10,2,5,36,4,23,13,8,0,198,1,13,0,0,0,7,10,0,36,6,11,0,0,0,47,12,14,46.2,France
"{'name': 'France', 'id': 250, 'alpha3code': 'FRA', 'alpha2code': 'FR'}",84,Romain,,Thomas,3799,1988-06-12,193,"{'code2': 'DF', 'code3': 'DEF', 'name': 'Defender'}","{'name': 'France', 'id': 250, 'alpha3code': 'FRA', 'alpha2code': 'FR'}",29474,left,R. Thomas,null,Romain Thomas,Romain Thomas,Romain Thomas,fr FRA,DF,Angers,29,1988,27.4,967,1196,80.9,19892,8700,323,353,91.5,485,552,87.9,148,269,55.0,0,1.0,0.8,-1.0,5,53,1,0,60,31,48.3,16,15,0,14,29,15,32,19,13,34,65,151,1,Matches,1196,1143,47,46,0,11,1,1,0,0,0,0,967,6,5,5,0,0,27,25,3,1,34,21,0,2,1,125,74,45,62.2,France
"{'name': 'France', 'id': 250, 'alpha3code': 'FRA', 'alpha2code': 'FR'}",72,K\u00e9vin,,B\u00e9rigaud,34760,1988-05-09,176,"{'code2': 'FW', 'code3': 'FWD', 'name': 'Forward'}","{'name': 'France', 'id': 250, 'alpha3code': 'FRA', 'alpha2code': 'FR'}",26665,right,K. B\u00e9rigaud,null,Kévin Bérigaud,Kévin Bérigaud,Kévin Bérigaud,fr FRA,"FW,MF",Montpellier,29,1988,3.0,58,72,80.6,770,192,40,45,88.9,14,19,73.7,3,6,50.0,2,1.1,0.8,0.9,6,2,3,0,11,4,33.3,1,1,2,2,6,4,1,0,1,0,4,1,0,Matches,72,71,1,0,0,0,1,0,0,0,0,0,58,0,1,0,0,0,2,3,0,1,0,3,0,0,0,10,4,6,40.0,France
"{'name': 'Benin', 'id': 204, 'alpha3code': 'BEN', 'alpha2code': 'BJ'}",78,Emmanuel,,Imorou,3783,1988-09-16,181,"{'code2': 'DF', 'code3': 'DEF', 'name': 'Defender'}","{'name': 'France', 'id': 250, 'alpha3code': 'FRA', 'alpha2code': 'FR'}",70171,left,E. Imorou,18884,Emmanuel Imorou,Emmanuel Imorou,Emmanuel Imorou,bj BEN,DF,Caen,28,1988,0.4,15,20,75.0,223,89,6,7,85.7,9,11,81.8,0,0,,0,0.0,0.0,0.0,0,2,0,0,1,0,,0,0,0,0,0,0,0,0,0,1,1,1,0,Matches,20,15,5,0,0,0,2,5,0,0,0,0,15,0,3,0,0,0,0,0,0,2,1,0,0,0,0,2,0,0,,France
"{'name': 'France', 'id': 250, 'alpha3code': 'FRA', 'alpha2code': 'FR'}",68,Jonathan,,Delaplace,3788,1986-03-20,167,"{'code2': 'MD', 'code3': 'MID', 'name': 'Midfielder'}","{'name': 'France', 'id': 250, 'alpha3code': 'FRA', 'alpha2code': 'FR'}",38236,right,J. Delaplace,null,Jonathan Delaplace,Jonathan Delaplace,Jonathan Delaplace,fr FRA,MF,Caen,31,1986,6.5,163,227,71.8,2617,854,81,103,78.6,58,75,77.3,14,27,51.9,1,0.6,0.4,0.4,11,16,1,1,28,10,30.0,1,8,1,3,10,7,13,5,8,8,18,8,0,Matches,227,224,2,1,0,3,8,0,0,0,0,0,163,1,5,3,0,0,13,9,0,8,8,8,0,0,0,48,6,12,33.3,France
"{'name': 'France', 'id': 250, 'alpha3code': 'FRA', 'alpha2code': 'FR'}",69,J\u00e9r\u00e9my,,Grimm,3779,1987-03-27,181,"{'code2': 'MD', 'code3': 'MID', 'name': 'Midfielder'}","{'name': 'France', 'id': 250, 'alpha3code': 'FRA', 'alpha2code': 'FR'}",29137,right,J. Grimm,null,Jérémy Grimm,Jérémy Grimm,Jérémy Grimm,fr FRA,MF,Strasbourg,30,1987,9.0,277,351,78.9,4858,1612,127,148,85.8,112,134,83.6,31,50,62.0,0,0.2,0.3,-0.2,5,26,5,1,36,23,37.5,15,6,2,9,24,15,11,3,8,19,42,31,1,Matches,351,347,2,2,3,2,7,0,0,0,0,0,277,2,4,3,0,0,19,14,0,7,19,17,0,0,0,54,27,8,77.1,France
"{'name': 'Senegal', 'id': 686, 'alpha3code': 'SEN', 'alpha2code': 'SN'}",70,Saliou,,Ciss,3799,1989-06-15,175,"{'code2': 'DF', 'code3': 'DEF', 'name': 'Defender'}","{'name': 'Senegal', 'id': 686, 'alpha3code': 'SEN', 'alpha2code': 'SN'}",54313,left,S. Ciss,null,Saliou Ciss,Saliou Ciss,Saliou Ciss,sn SEN,"DF,MF",Angers,27,1989,1.6,42,62,67.7,602,273,28,32,87.5,10,19,52.6,3,4,75.0,0,0.0,0.1,0.0,0,3,2,0,5,3,40.0,1,1,1,2,5,3,0,0,0,2,5,1,0,Matches,62,62,0,0,0,0,4,0,0,0,0,0,42,0,3,0,0,0,0,2,1,4,2,2,0,0,0,10,0,4,0.0,France
"{'name': 'France', 'id': 250, 'alpha3code': 'FRA', 'alpha2code': 'FR'}",66,Jimmy,,Giraudon,3795,1992-01-16,184,"{'code2': 'DF', 'code3': 'DEF', 'name': 'Defender'}","{'name': 'France', 'id': 250, 'alpha3code': 'FRA', 'alpha2code': 'FR'}",29291,right,J. Giraudon,null,Jimmy Giraudon,Jimmy Giraudon,Jimmy Giraudon,fr FRA,DF,Troyes,25,1992,23.2,789,996,79.2,17483,8041,216,243,88.9,405,456,88.8,163,277,58.8,0,0.1,0.3,-0.1,2,75,5,1,80,26,62.5,20,6,0,10,16,6,30,22,8,31,57,128,2,Matches,996,936,59,55,1,11,1,4,0,0,0,0,789,1,9,4,1,0,15,11,0,1,31,16,0,1,0,138,44,29,60.3,France
"{'name': 'Luxembourg', 'id': 442, 'alpha3code': 'LUX', 'alpha2code': 'LU'}",80,Chris,,Philipps,13505,1994-03-08,182,"{'code2': 'MD', 'code3': 'MID', 'name': 'Midfielder'}","{'name': 'Luxembourg', 'id': 442, 'alpha3code': 'LUX', 'alpha2code': 'LU'}",138577,right,C. Philipps,14765,Chris Philipps,Chris Philipps,Chris Philipps,lu LUX,"MF,DF",Metz,23,1994,9.4,335,427,78.5,6843,2388,122,147,83.0,158,180,87.8,54,91,59.3,0,0.4,0.5,-0.4,9,40,4,0,40,22,19.2,10,10,2,5,26,21,13,5,8,30,52,18,0,Matches,427,420,6,6,2,9,4,0,0,0,0,0,335,1,9,4,0,0,17,5,0,4,30,12,0,1,0,76,7,12,36.8,France
"{'name': 'France', 'id': 250, 'alpha3code': 'FRA', 'alpha2code': 'FR'}",73,Pierrick,,Capelle,3799,1987-04-15,181,"{'code2': 'MD', 'code3': 'MID', 'name': 'Midfielder'}","{'name': 'France', 'id': 250, 'alpha3code': 'FRA', 'alpha2code': 'FR'}",27646,left,P. Capelle,null,Pierrick Capelle,Pierrick Capelle,Pierrick Capelle,fr FRA,MF,Angers,30,1987,20.9,629,828,76.0,9825,3127,342,395,86.6,218,287,76.0,44,78,56.4,1,2.1,2.0,-1.1,30,53,16,3,89,50,22.9,29,17,4,16,70,54,29,0,29,34,84,26,0,Matches,828,784,39,5,4,7,35,28,5,4,0,0,629,5,25,3,0,0,28,18,1,35,34,37,0,0,1,139,34,44,43.6,France
"{'name': 'Guinea', 'id': 324, 'alpha3code': 'GIN', 'alpha2code': 'GN'}",89,Ernest,,Seka,3792,1987-06-22,185,"{'code2': 'DF', 'code3': 'DEF', 'name': 'Defender'}","{'name': 'France', 'id': 250, 'alpha3code': 'FRA', 'alpha2code': 'FR'}",29588,right,E. Seka,19649,Ernest Seka,Ernest Seka,Ernest Seka,gn GUI,DF,Strasbourg,30,1987,24.2,1029,1344,76.6,17245,7368,508,592,85.8,416,523,79.5,88,175,50.3,0,1.0,0.7,-1.0,18,85,12,5,126,60,65.6,41,14,5,40,61,21,25,8,17,51,111,98,1,Matches,1344,1106,237,11,3,3,30,226,0,0,0,0,1029,1,27,4,1,0,29,12,2,30,51,47,0,1,0,132,66,31,68.0,France
"{'name': 'French Guiana', 'id': 254, 'alpha3code': 'GUF', 'alpha2code': 'GF'}",79,Kevin,,Rimane,3928,1991-02-23,180,"{'code2': 'DF', 'code3': 'DEF', 'name': 'Defender'}","{'name': 'French Guiana', 'id': 254, 'alpha3code': 'GUF', 'alpha2code': 'GF'}",26603,right,K. Rimane,18799,Kevin Rimane,Kévin Rimane,Kévin Rimane,gf GUF,DF,Paris S-G,26,1991,0.1,4,4,100.0,81,26,1,1,100.0,3,3,100.0,0,0,,0,0.0,0.0,0.0,0,0,0,0,1,0,,0,0,0,0,0,0,0,0,0,0,0,0,0,Matches,4,3,1,1,0,0,0,0,0,0,0,0,4,0,0,0,0,0,0,0,0,0,0,0,0,0,0,0,0,0,,France
"{'name': 'Martinique', 'id': 474, 'alpha3code': 'MTQ', 'alpha2code': 'MQ'}",75,Christopher,,H\u00e9relle,3775,1992-08-22,188,"{'code2': 'DF', 'code3': 'DEF', 'name': 'Defender'}","{'name': 'France', 'id': 250, 'alpha3code': 'FRA', 'alpha2code': 'FR'}",28314,right,C. H\u00e9relle,null,Christopher Hérelle,Christophe Hérelle,Christophe Hérelle,mq MTQ,DF,Troyes,24,1992,32.9,1059,1270,83.4,24260,8576,270,306,88.2,556,608,91.4,223,322,69.3,0,0.2,0.3,-0.2,5,96,3,0,120,39,53.3,27,12,0,16,30,14,38,27,11,56,95,241,1,Matches,1270,1224,42,40,1,24,0,2,0,0,0,0,1059,4,10,7,1,0,27,27,1,0,56,26,0,1,0,174,80,40,66.7,France
"{'name': 'Algeria', 'id': 12, 'alpha3code': 'DZA', 'alpha2code': 'DZ'}",70,Rachid,,Ghezzal,1631,1992-05-09,182,"{'code2': 'MD', 'code3': 'MID', 'name': 'Midfielder'}","{'name': 'France', 'id': 250, 'alpha3code': 'FRA', 'alpha2code': 'FR'}",28117,left,R. Ghezzal,16009,Rachid Ghezzal,Rachid Ghezzal,Rachid Ghezzal,dz ALG,"FW,MF",Monaco,25,1992,11.2,402,568,70.8,6454,1812,223,275,81.1,127,175,72.6,39,75,52.0,3,2.7,2.0,0.3,16,36,13,3,57,31,20.6,6,22,3,7,34,27,17,0,17,11,42,2,1,Matches,568,522,42,12,7,6,53,5,25,16,4,0,402,4,19,2,1,0,20,18,7,53,11,24,0,0,0,71,9,22,29.0,France
"{'name': 'France', 'id': 250, 'alpha3code': 'FRA', 'alpha2code': 'FR'}",77,Dimitri,,Li\u00e9nard,3779,1988-02-13,184,"{'code2': 'MD', 'code3': 'MID', 'name': 'Midfielder'}","{'name': 'France', 'id': 250, 'alpha3code': 'FRA', 'alpha2code': 'FR'}",28990,left,D. Li\u00e9nard,null,Dimitri Liénard,Dimitri Liénard,Dimitri Liénard,fr FRA,"MF,FW",Strasbourg,29,1988,28.9,1196,1678,71.3,23905,6520,505,566,89.2,419,535,78.3,233,488,47.7,5,7.2,5.8,-2.2,61,101,26,18,142,77,35.7,37,32,8,30,84,54,35,2,33,52,129,41,1,Matches,1678,1404,260,107,5,45,266,23,129,63,59,1,1196,14,36,6,0,0,28,37,0,266,52,51,0,0,0,244,9,21,30.0,France
"{'name': 'Spain', 'id': 724, 'alpha3code': 'ESP', 'alpha2code': 'ES'}",77,Pablo,,Martinez,3779,1989-02-21,182,"{'code2': 'DF', 'code3': 'DEF', 'name': 'Defender'}","{'name': 'France', 'id': 250, 'alpha3code': 'FRA', 'alpha2code': 'FR'}",29616,left,P. Martinez,null,Pablo Martinez,Pablo Martinez,Pablo Martinez,fr FRA,DF,Strasbourg,28,1989,23.5,815,1004,81.2,15842,6486,299,337,88.7,382,430,88.8,116,205,56.6,1,0.5,0.6,0.5,5,56,6,3,63,41,44.9,28,12,1,22,49,27,25,12,13,51,92,112,3,Matches,1004,916,86,30,1,11,13,56,0,0,0,0,815,2,6,4,0,0,23,28,1,13,51,34,0,2,0,104,54,37,59.3,France
"{'name': 'France', 'id': 250, 'alpha3code': 'FRA', 'alpha2code': 'FR'}",79,Quentin,,Beunardeau,9630,1994-02-27,184,"{'code2': 'GK', 'code3': 'GKP', 'name': 'Goalkeeper'}","{'name': 'France', 'id': 250, 'alpha3code': 'FRA', 'alpha2code': 'FR'}",28055,right,Q. Beunardeau,null,Quentin Beunardeau,Quentin Beunardeau,Quentin Beunardeau,fr FRA,GK,Metz,23,1994,0.4,11,20,55.0,526,493,0,0,,2,2,100.0,9,18,50.0,0,0.0,0.0,0.0,0,0,0,0,0,0,,0,0,0,0,0,0,0,0,0,0,0,0,0,Matches,20,12,8,4,0,0,0,0,0,0,0,0,11,0,0,0,0,0,0,0,0,0,0,0,0,0,0,1,0,0,,France
"{'name': 'Congo DR', 'id': 180, 'alpha3code': 'COD', 'alpha2code': 'CD'}",76,Jordan,,Ikoko,3785,1994-02-03,177,"{'code2': 'DF', 'code3': 'DEF', 'name': 'Defender'}","{'name': 'France', 'id': 250, 'alpha3code': 'FRA', 'alpha2code': 'FR'}",28528,right,J. Ikoko,null,Jordan Ikoko,Jordan Ikoko,Jordan Ikoko,cd COD,DF,Guingamp,23,1994,26.9,1062,1331,79.8,16197,6252,578,649,89.1,329,405,81.2,85,163,52.1,2,1.7,1.8,0.3,20,65,16,11,105,44,52.4,24,15,5,22,42,20,20,2,18,48,92,74,0,Matches,1331,1028,298,34,3,13,54,264,0,0,0,0,1062,5,33,6,0,0,27,18,2,54,48,29,0,1,1,164,19,18,51.4,France
"{'name': 'Cameroon', 'id': 120, 'alpha3code': 'CMR', 'alpha2code': 'CM'}",78,Adrien ,,Tameze,3775,1994-11-04,180,"{'code2': 'MD', 'code3': 'MID', 'name': 'Midfielder'}","{'name': 'France', 'id': 250, 'alpha3code': 'FRA', 'alpha2code': 'FR'}",28230,right,A. Tameze,null,Adrien  Tameze,Adrien Tameze,Adrien Tameze,cm CMR,MF,Nice,23,1994,18.7,1201,1320,91.0,19920,4487,565,605,93.4,503,532,94.5,95,115,82.6,1,0.9,0.8,0.1,8,78,1,0,86,58,55.3,32,21,5,26,47,21,26,5,21,41,99,22,1,Matches,1320,1293,24,22,3,10,3,2,0,0,0,0,1201,3,19,3,0,0,25,28,0,3,41,36,0,0,0,117,21,20,51.2,France
"{'name': 'Algeria', 'id': 12, 'alpha3code': 'DZA', 'alpha2code': 'DZ'}",74,Karim,,Azamoum,700,1990-01-17,178,"{'code2': 'MD', 'code3': 'MID', 'name': 'Midfielder'}","{'name': 'France', 'id': 250, 'alpha3code': 'FRA', 'alpha2code': 'FR'}",28866,right,K. Azamoum,null,Karim Azamoum,Karim Azamoum,Karim Azamoum,fr FRA,MF,Troyes,27,1990,25.0,654,955,68.5,10101,2986,337,435,77.5,216,291,74.2,51,117,43.6,0,1.8,1.6,-1.8,21,69,9,3,80,84,39.7,41,37,6,27,68,41,30,11,19,26,110,61,3,Matches,955,894,56,28,1,7,64,1,27,9,11,0,654,5,35,5,1,0,58,17,0,64,26,57,0,1,0,133,71,59,54.6,France
"{'name': 'Hungary', 'id': 348, 'alpha3code': 'HUN', 'alpha2code': 'HU'}",81,\u00c1d\u00e1m,,Lang,11611,1993-01-17,188,"{'code2': 'DF', 'code3': 'DEF', 'name': 'Defender'}","{'name': 'Hungary', 'id': 348, 'alpha3code': 'HUN', 'alpha2code': 'HU'}",76201,right,\u00c1. Lang,10451,Ádám Lang,Ádám Lang,Ádám Lang,hu HUN,DF,Dijon,24,1993,2.6,103,121,85.1,2227,688,31,33,93.9,52,56,92.9,18,26,69.2,0,0.0,0.0,0.0,0,3,1,1,7,3,60.0,3,0,0,3,5,2,2,1,1,3,6,12,0,Matches,121,117,4,4,0,3,1,0,0,0,0,0,103,0,2,1,1,1,5,0,0,1,3,1,0,0,0,10,4,5,44.4,France
"{'name': 'France', 'id': 250, 'alpha3code': 'FRA', 'alpha2code': 'FR'}",65,Bryan,,Pel\u00e9,3795,1992-03-25,169,"{'code2': 'MD', 'code3': 'MID', 'name': 'Midfielder'}","{'name': 'France', 'id': 250, 'alpha3code': 'FRA', 'alpha2code': 'FR'}",29641,left,B. Pel\u00e9,null,Bryan Pelé,Bryan Pelé,Bryan Pelé,fr FRA,"FW,MF",Troyes,25,1992,17.9,412,610,67.5,6849,2076,201,244,82.4,146,216,67.6,39,90,43.3,2,2.4,2.1,-0.4,24,32,19,7,57,20,14.3,9,8,3,4,28,24,11,0,11,15,35,13,0,Matches,610,565,42,6,2,11,86,18,18,10,3,0,412,3,24,1,0,0,20,17,5,86,15,9,0,0,0,67,12,37,24.5,France
"{'name': 'France', 'id': 250, 'alpha3code': 'FRA', 'alpha2code': 'FR'}",67,Florent,,Mollet,3787,1991-11-19,170,"{'code2': 'MD', 'code3': 'MID', 'name': 'Midfielder'}","{'name': 'France', 'id': 250, 'alpha3code': 'FRA', 'alpha2code': 'FR'}",30437,right,F. Mollet,null,Florent Mollet,Florent Mollet,Florent Mollet,fr FRA,"MF,FW",Metz,25,1991,15.7,577,718,80.4,10883,2527,255,285,89.5,227,270,84.1,88,136,64.7,1,1.3,1.5,-0.3,20,74,6,3,65,25,12.0,10,12,3,3,25,22,8,1,7,11,36,8,0,Matches,718,641,74,35,2,20,71,6,31,17,12,0,577,3,18,5,0,0,33,26,3,71,11,18,0,0,0,86,5,19,20.8,France
"{'name': 'France', 'id': 250, 'alpha3code': 'FRA', 'alpha2code': 'FR'}",73,Jordan,,Mari\u00e9,3804,1991-09-29,177,"{'code2': 'MD', 'code3': 'MID', 'name': 'Midfielder'}","{'name': 'France', 'id': 250, 'alpha3code': 'FRA', 'alpha2code': 'FR'}",30427,right,J. Mari\u00e9,null,Jordan Marié,Jordan Marié,Jordan Marié,fr FRA,MF,Dijon,25,1991,20.9,769,934,82.3,14181,3577,333,385,86.5,294,346,85.0,115,145,79.3,1,0.4,0.5,0.6,11,74,7,2,83,63,27.3,22,36,5,18,66,48,26,9,17,40,103,25,2,Matches,934,911,20,15,3,14,11,3,0,0,0,0,769,3,17,5,0,0,26,15,1,11,40,38,0,1,0,147,13,24,35.1,France
"{'name': 'France', 'id': 250, 'alpha3code': 'FRA', 'alpha2code': 'FR'}",81,Ibrahim,,Amadou,680,1993-04-06,184,"{'code2': 'MD', 'code3': 'MID', 'name': 'Midfielder'}","{'name': 'Cameroon', 'id': 120, 'alpha3code': 'CMR', 'alpha2code': 'CM'}",28232,right,I. Amadou,null,Ibrahim Amadou,Ibrahim Amadou,Ibrahim Amadou,fr FRA,"MF,DF",Lille,24,1993,26.7,1378,1581,87.2,26996,9158,483,522,92.5,688,748,92.0,187,260,71.9,0,0.4,0.5,-0.4,10,96,4,1,114,43,51.9,24,19,0,14,27,13,30,13,17,41,84,70,3,Matches,1581,1544,33,33,1,23,4,0,0,0,0,0,1378,4,18,3,1,0,23,17,0,4,41,29,0,1,0,177,33,27,55.0,France
"{'name': 'Congo', 'id': 178, 'alpha3code': 'COG', 'alpha2code': 'CG'}",76,Arnold,,Bouka Moutou,3804,1988-11-28,176,"{'code2': 'DF', 'code3': 'DEF', 'name': 'Defender'}","{'name': 'France', 'id': 250, 'alpha3code': 'FRA', 'alpha2code': 'FR'}",29843,left,A. Bouka Moutou,null,Arnold Bouka Moutou,Arnold Bouka Moutou,Arnold Bouka Moutou,cg CGO,DF,Dijon,28,1988,3.7,117,155,75.5,1870,671,66,78,84.6,33,48,68.8,12,21,57.1,0,0.2,0.2,-0.2,4,11,4,4,17,8,75.0,6,0,2,6,8,2,4,1,3,4,12,5,0,Matches,155,112,43,3,0,1,11,40,0,0,0,0,117,0,2,1,0,0,1,5,0,11,4,5,0,0,0,16,5,9,35.7,France
"{'name': 'Senegal', 'id': 686, 'alpha3code': 'SEN', 'alpha2code': 'SN'}",85,Santy,,Ngom,3924,1993-03-07,181,"{'code2': 'FW', 'code3': 'FWD', 'name': 'Forward'}","{'name': 'France', 'id': 250, 'alpha3code': 'FRA', 'alpha2code': 'FR'}",28073,right,S. Ngom,null,Santy Ngom,Santy Ngom,Santy Ngom,sn SEN,"FW,MF",Nantes,24,1993,5.2,115,156,73.7,1383,338,64,79,81.0,24,33,72.7,6,13,46.2,0,0.6,0.5,-0.6,9,10,2,0,11,10,12.5,5,5,0,1,8,7,9,1,8,2,12,2,0,Matches,156,154,2,0,1,2,4,1,0,0,0,0,115,0,5,1,0,0,22,19,2,4,2,5,0,0,0,25,14,19,42.4,France
"{'name': 'France', 'id': 250, 'alpha3code': 'FRA', 'alpha2code': 'FR'}",81,Ga\u00ebtan ,,Laborde,3787,1994-05-03,182,"{'code2': 'FW', 'code3': 'FWD', 'name': 'Forward'}","{'name': 'France', 'id': 250, 'alpha3code': 'FRA', 'alpha2code': 'FR'}",27955,left,G. Laborde,null,Gaëtan  Laborde,Gaëtan Laborde,Gaëtan Laborde,fr FRA,FW,Bordeaux,23,1994,10.6,158,254,62.2,1978,236,95,137,69.3,43,69,62.3,5,10,50.0,0,0.4,0.5,-0.4,8,5,4,1,16,9,28.6,1,6,2,2,7,5,8,2,6,1,10,7,1,Matches,254,235,18,0,0,0,12,0,0,0,0,0,158,1,12,1,0,0,20,16,6,12,1,7,0,0,0,42,47,64,42.3,France
"{'name': 'Mali', 'id': 466, 'alpha3code': 'MLI', 'alpha2code': 'ML'}",78,Guessouma,,Fofana,3785,1992-12-17,184,"{'code2': 'MD', 'code3': 'MID', 'name': 'Midfielder'}","{'name': 'France', 'id': 250, 'alpha3code': 'FRA', 'alpha2code': 'FR'}",28948,right,G. Fofana,null,Guessouma Fofana,Guessouma Fofana,Guessouma Fofana,mr MTN,MF,Amiens,24,1992,8.3,177,246,72.0,2895,885,91,113,80.5,58,78,74.4,19,36,52.8,0,0.1,0.1,-0.1,3,22,0,0,30,20,46.2,8,12,0,6,13,7,7,1,6,12,32,11,0,Matches,246,244,1,1,1,2,7,0,0,0,0,0,177,1,2,3,1,0,20,8,0,7,12,13,0,0,0,52,14,16,46.7,France
"{'name': 'Algeria', 'id': 12, 'alpha3code': 'DZA', 'alpha2code': 'DZ'}",76,Yassine,,Benzia,4487,1994-09-08,178,"{'code2': 'FW', 'code3': 'FWD', 'name': 'Forward'}","{'name': 'France', 'id': 250, 'alpha3code': 'FRA', 'alpha2code': 'FR'}",28122,right,Y. Benzia,16009,Yassine Benzia,Yassine Benzia,Yassine Benzia,dz ALG,"MF,FW",Lille,22,1994,25.4,1117,1440,77.6,18695,5888,531,612,86.8,421,515,81.7,112,183,61.2,5,5.5,4.8,-0.5,61,166,39,2,201,62,27.4,21,31,10,17,62,45,31,4,27,28,90,14,0,Matches,1440,1288,136,59,20,9,85,13,55,18,26,0,1117,16,34,7,0,0,53,55,2,85,28,41,0,0,0,139,11,8,57.9,France
"{'name': 'Morocco', 'id': 504, 'alpha3code': 'MAR', 'alpha2code': 'MA'}",72,Fouad,,Chafik,3804,1986-10-16,183,"{'code2': 'DF', 'code3': 'DEF', 'name': 'Defender'}","{'name': 'France', 'id': 250, 'alpha3code': 'FRA', 'alpha2code': 'FR'}",29748,right,F. Chafik,null,Fouad Chafik,Fouad Chafik,Fouad Chafik,ma MAR,DF,Dijon,30,1986,17.9,654,888,73.6,10404,4333,356,404,88.1,229,315,72.7,50,122,41.0,2,1.8,1.3,0.2,15,44,21,12,59,58,57.1,31,19,8,20,35,15,17,1,16,33,91,46,1,Matches,888,676,211,13,0,3,39,198,0,0,0,0,654,1,18,4,0,0,20,18,2,39,33,49,0,1,0,97,25,28,47.2,France
"{'name': 'Spain', 'id': 724, 'alpha3code': 'ESP', 'alpha2code': 'ES'}",71,Ruben,,Aguilar,3787,1993-04-26,172,"{'code2': 'DF', 'code3': 'DEF', 'name': 'Defender'}","{'name': 'France', 'id': 250, 'alpha3code': 'FRA', 'alpha2code': 'FR'}",28335,right,R. Aguilar,null,Ruben Aguilar,Ruben Aguilar,Ruben Aguilar,fr FRA,DF,Montpellier,24,1993,27.3,1186,1545,76.8,17103,7898,751,832,90.3,330,468,70.5,66,147,44.9,2,3.7,2.5,-1.7,36,91,32,21,130,91,50.7,37,41,13,36,71,35,25,3,22,37,128,90,0,Matches,1545,1187,349,11,2,10,95,338,0,0,0,0,1186,9,43,2,0,0,29,49,3,95,37,50,0,0,0,174,28,35,44.4,France
"{'name': ""C\\u00f4te d'Ivoire"", 'id': 384, 'alpha3code': 'CIV', 'alpha2code': 'CI'}",73,Thomas,,Tour\u00e9,3799,1993-12-27,175,"{'code2': 'FW', 'code3': 'FWD', 'name': 'Forward'}","{'name': 'France', 'id': 250, 'alpha3code': 'FRA', 'alpha2code': 'FR'}",27959,right,T. Tour\u00e9,null,Thomas Touré,Thomas Touré,Thomas Touré,ci CIV,MF,Angers,23,1993,1.4,43,53,81.1,582,205,26,29,89.7,14,19,73.7,1,1,100.0,1,0.7,0.3,0.3,4,4,2,1,5,2,0.0,0,1,1,0,7,7,5,0,5,1,3,0,0,Matches,53,50,3,0,0,0,1,3,0,0,0,0,43,0,2,1,0,0,3,0,1,1,1,1,0,0,0,8,0,1,0.0,France
"{'name': ""C\\u00f4te d'Ivoire"", 'id': 384, 'alpha3code': 'CIV', 'alpha2code': 'CI'}",73,Thomas,,Tour\u00e9,3799,1993-12-27,175,"{'code2': 'FW', 'code3': 'FWD', 'name': 'Forward'}","{'name': 'France', 'id': 250, 'alpha3code': 'FRA', 'alpha2code': 'FR'}",27959,right,T. Tour\u00e9,null,Thomas Touré,Thomas Touré,Thomas Touré,ci CIV,FW,Bordeaux,23,1993,0.1,1,3,33.3,46,37,0,0,,0,1,0.0,1,1,100.0,0,0.0,0.0,0.0,0,1,0,0,1,0,,0,0,0,0,0,0,0,0,0,1,1,0,0,Matches,3,2,1,1,0,0,0,0,0,0,0,0,1,0,1,0,0,0,0,0,0,0,1,0,0,0,0,2,0,0,,France
"{'name': 'Senegal', 'id': 686, 'alpha3code': 'SEN', 'alpha2code': 'SN'}",76,Opa,,Nguette,3777,1994-07-08,182,"{'code2': 'FW', 'code3': 'FWD', 'name': 'Forward'}","{'name': 'France', 'id': 250, 'alpha3code': 'FRA', 'alpha2code': 'FR'}",28965,right,O. Nguette,19314,Opa Nguette,Opa Nguette,Opa Nguette,sn SEN,"FW,MF",Metz,23,1994,11.4,190,256,74.2,3030,891,102,123,82.9,74,94,78.7,12,20,60.0,0,1.2,0.7,-1.2,11,26,4,0,35,27,23.8,11,12,4,5,21,16,10,0,10,18,45,13,0,Matches,256,249,5,0,2,3,12,5,0,0,0,0,190,2,13,3,0,0,20,20,2,12,18,22,1,0,0,65,19,17,52.8,France
"{'name': 'Algeria', 'id': 12, 'alpha3code': 'DZA', 'alpha2code': 'DZ'}",72,Nabil,,Fekir,3766,1993-07-18,173,"{'code2': 'MD', 'code3': 'MID', 'name': 'Midfielder'}","{'name': 'France', 'id': 250, 'alpha3code': 'FRA', 'alpha2code': 'FR'}",28115,left,N. Fekir,4418,Nabil Fekir,Nabil Fekir,Nabil Fekir,fr FRA,"MF,FW",Lyon,24,1993,27.5,1016,1253,81.1,14619,4604,593,659,90.0,269,327,82.3,71,136,52.2,8,5.7,5.6,2.3,59,105,45,6,153,45,20.0,11,24,10,8,40,32,11,0,11,8,53,5,0,Matches,1253,1089,155,49,8,6,99,9,66,41,18,0,1016,9,19,8,0,0,72,105,17,99,8,33,1,0,0,131,19,25,43.2,France
"{'name': 'France', 'id': 250, 'alpha3code': 'FRA', 'alpha2code': 'FR'}",78,Th\u00e9o,,Pellenard,3772,1994-03-04,184,"{'code2': 'DF', 'code3': 'DEF', 'name': 'Defender'}","{'name': 'France', 'id': 250, 'alpha3code': 'FRA', 'alpha2code': 'FR'}",27958,left,T. Pellenard,null,Théo Pellenard,Théo Pellenard,Théo Pellenard,fr FRA,DF,Bordeaux,23,1994,15.9,649,881,73.7,10159,4572,355,400,88.8,214,288,74.3,54,128,42.2,0,0.9,1.4,-0.9,13,45,15,7,64,32,35.7,13,15,4,10,28,18,15,6,9,32,64,31,0,Matches,881,729,148,13,1,4,52,135,0,0,0,0,649,4,28,4,0,0,26,4,0,52,32,20,0,1,0,102,12,13,48.0,France
"{'name': 'Congo DR', 'id': 180, 'alpha3code': 'COD', 'alpha2code': 'CD'}",81,Anthony,,Walongwa,3924,1993-10-15,182,"{'code2': 'DF', 'code3': 'DEF', 'name': 'Defender'}","{'name': 'France', 'id': 250, 'alpha3code': 'FRA', 'alpha2code': 'FR'}",217867,right,A. Walongwa,25272,Anthony Walongwa,Anthony Walongwa,Anthony Walongwa,,DF,Nantes,23,1993,1.0,13,19,68.4,276,131,3,3,100.0,9,10,90.0,1,6,16.7,0,0.0,0.0,0.0,0,1,0,0,1,2,,2,0,0,0,0,0,0,0,0,1,3,8,0,Matches,19,19,0,0,0,0,0,0,0,0,0,0,13,0,0,0,0,0,1,0,0,0,1,1,0,0,0,5,1,0,100.0,France
"{'name': 'Martinique', 'id': 474, 'alpha3code': 'MTQ', 'alpha2code': 'MQ'}",82,Lo\u00efs,,Diony,3782,1992-12-20,183,"{'code2': 'FW', 'code3': 'FWD', 'name': 'Forward'}","{'name': 'France', 'id': 250, 'alpha3code': 'FRA', 'alpha2code': 'FR'}",217878,right,L. Diony,null,Loïs Diony,Lois Diony,Lois Diony,fr FRA,FW,Saint-Étienne,24,1992,10.3,112,172,65.1,1342,231,71,95,74.7,25,41,61.0,3,10,30.0,0,0.3,0.3,-0.3,5,1,4,0,13,3,0.0,1,2,0,0,3,3,5,1,4,1,4,8,0,Matches,172,151,21,0,0,0,7,1,0,0,0,0,112,0,6,0,0,0,11,17,6,7,1,0,3,0,0,25,12,31,27.9,France
"{'name': 'Mali', 'id': 466, 'alpha3code': 'MLI', 'alpha2code': 'ML'}",73,Hamari,,Traor\u00e9,3774,1992-01-27,175,"{'code2': 'DF', 'code3': 'DEF', 'name': 'Defender'}","{'name': 'Mali', 'id': 466, 'alpha3code': 'MLI', 'alpha2code': 'ML'}",228963,right,H. Traor\u00e9,null,Hamari Traoré,Hamari Traoré,Hamari Traoré,ml MLI,DF,Rennes,25,1992,29.3,1348,1752,76.9,22577,9677,677,757,89.4,506,656,77.1,128,247,51.8,1,1.3,2.2,-0.3,19,113,21,7,134,79,62.1,43,31,5,41,66,25,31,12,19,61,140,117,0,Matches,1752,1394,351,35,2,14,63,316,0,0,0,0,1348,7,37,10,0,0,42,37,2,63,61,55,0,0,0,190,55,42,56.7,France
"{'name': 'Congo DR', 'id': 180, 'alpha3code': 'COD', 'alpha2code': 'CD'}",71,Harisson,,Manzala,3799,1994-03-06,177,"{'code2': 'MD', 'code3': 'MID', 'name': 'Midfielder'}","{'name': 'France', 'id': 250, 'alpha3code': 'FRA', 'alpha2code': 'FR'}",229198,right,H. Manzala,null,Harisson Manzala,Harrison Manzala,Harrison Manzala,cd COD,"FW,MF",Amiens,23,1994,20.7,486,678,71.7,6580,1370,301,361,83.4,132,189,69.8,21,49,42.9,3,1.6,1.9,1.4,8,21,9,5,36,32,32.0,16,9,7,8,25,17,22,3,19,18,50,15,0,Matches,678,659,16,1,2,2,53,14,1,0,0,0,486,3,31,3,0,0,15,22,4,53,18,23,0,0,0,134,11,23,32.4,France
"{'name': 'France', 'id': 250, 'alpha3code': 'FRA', 'alpha2code': 'FR'}",68,Benjamin,,Bourigeaud,3774,1994-01-14,178,"{'code2': 'MD', 'code3': 'MID', 'name': 'Midfielder'}","{'name': 'France', 'id': 250, 'alpha3code': 'FRA', 'alpha2code': 'FR'}",228981,right,B. Bourigeaud,null,Benjamin Bourigeaud,Benjamin Bourigeaud,Benjamin Bourigeaud,fr FRA,"MF,FW",Rennes,23,1994,34.5,1291,1787,72.2,23097,7961,606,700,86.6,432,573,75.4,192,367,52.3,7,8.7,7.8,-1.7,95,136,35,15,170,55,21.5,18,30,7,20,93,73,48,4,44,45,100,29,0,Matches,1787,1489,285,111,8,30,279,23,149,55,74,0,1291,13,53,3,0,0,35,15,2,279,45,30,0,1,0,212,12,52,18.8,France
"{'name': 'France', 'id': 250, 'alpha3code': 'FRA', 'alpha2code': 'FR'}",86,J\u00e9r\u00f4me,,Prior,3772,1995-08-08,187,"{'code2': 'GK', 'code3': 'GKP', 'name': 'Goalkeeper'}","{'name': 'France', 'id': 250, 'alpha3code': 'FRA', 'alpha2code': 'FR'}",229078,right,J. Prior,null,Jérôme Prior,Jérôme Prior,Jérôme Prior,fr FRA,GK,Bordeaux,21,1995,2.0,23,37,62.2,789,680,1,1,100.0,11,11,100.0,11,25,44.0,0,0.0,0.0,0.0,0,0,0,0,0,0,,0,0,0,0,0,0,0,0,0,0,0,2,2,Matches,37,24,13,1,0,1,0,0,0,0,0,0,23,0,0,0,0,0,0,0,0,0,0,0,0,0,0,3,0,0,,France
"{'name': 'France', 'id': 250, 'alpha3code': 'FRA', 'alpha2code': 'FR'}",75,Wylan,,Cyprien,3775,1995-01-28,180,"{'code2': 'MD', 'code3': 'MID', 'name': 'Midfielder'}","{'name': 'Guadeloupe', 'id': 312, 'alpha3code': 'GLP', 'alpha2code': 'GP'}",228983,right,W. Cyprien,null,Wylan Cyprien,Wylan Cyprien,Wylan Cyprien,fr FRA,MF,Nice,22,1995,10.6,728,849,85.7,12368,4062,363,389,93.3,273,304,89.8,71,117,60.7,2,1.7,1.2,0.3,16,55,6,0,51,9,18.2,4,4,1,2,11,9,7,1,6,11,20,7,2,Matches,849,787,59,13,2,7,50,2,44,13,27,0,728,3,13,2,0,0,4,18,0,50,11,7,0,0,0,66,9,3,75.0,France
"{'name': 'France', 'id': 250, 'alpha3code': 'FRA', 'alpha2code': 'FR'}",84,Thomas,,Didillon,5068,1995-11-28,193,"{'code2': 'GK', 'code3': 'GKP', 'name': 'Goalkeeper'}","{'name': 'France', 'id': 250, 'alpha3code': 'FRA', 'alpha2code': 'FR'}",229110,right,T. Didillon,null,Thomas Didillon,Thomas Didillon,Thomas Didillon,fr FRA,GK,Metz,21,1995,9.0,176,273,64.5,6761,5570,5,7,71.4,62,62,100.0,109,204,53.4,0,0.0,0.0,0.0,1,5,0,0,1,0,0.0,0,0,0,0,1,1,0,0,0,0,0,5,2,Matches,273,163,110,31,0,1,0,0,0,0,0,0,176,0,1,0,0,0,0,2,0,0,0,0,0,0,0,8,1,0,100.0,France
"{'name': 'France', 'id': 250, 'alpha3code': 'FRA', 'alpha2code': 'FR'}",80,Yann,,Bodiger,3780,1995-02-09,188,"{'code2': 'MD', 'code3': 'MID', 'name': 'Midfielder'}","{'name': 'France', 'id': 250, 'alpha3code': 'FRA', 'alpha2code': 'FR'}",229140,left,Y. Bodiger,34101,Yann Bodiger,Yann Bodiger,Yann Bodiger,fr FRA,MF,Toulouse,22,1995,2.5,76,114,66.7,1300,369,38,50,76.0,28,40,70.0,8,18,44.4,0,0.1,0.1,-0.1,2,10,1,1,10,3,16.7,0,3,0,1,6,5,0,0,0,2,5,3,0,Matches,114,108,5,5,1,0,4,0,0,0,0,0,76,1,2,0,0,0,3,3,0,4,2,1,0,0,0,12,6,5,54.5,France
"{'name': 'France', 'id': 250, 'alpha3code': 'FRA', 'alpha2code': 'FR'}",0,Najib,,Gandi,3924,1994-06-23,0,"{'code2': 'MD', 'code3': 'MID', 'name': 'Midfielder'}","{'name': 'France', 'id': 250, 'alpha3code': 'FRA', 'alpha2code': 'FR'}",229119,,N. Gandi,null,Najib Gandi,Najib Gandi,Najib Gandi,fr FRA,"FW,MF",Nantes,23,1994,1.1,29,37,78.4,530,210,9,11,81.8,12,14,85.7,5,7,71.4,0,0.0,0.0,0.0,0,3,0,0,8,6,66.7,3,2,1,4,6,2,4,1,3,4,10,3,0,Matches,37,35,2,1,0,0,1,0,1,1,0,0,29,0,2,1,0,0,2,3,4,1,4,5,0,0,0,15,1,2,33.3,France
"{'name': 'France', 'id': 250, 'alpha3code': 'FRA', 'alpha2code': 'FR'}",66,Adrien,,Hunou,3774,1994-01-19,176,"{'code2': 'MD', 'code3': 'MID', 'name': 'Midfielder'}","{'name': 'France', 'id': 250, 'alpha3code': 'FRA', 'alpha2code': 'FR'}",229124,right,A. Hunou,34101,Adrien Hunou,Adrien Hunou,Adrien Hunou,fr FRA,"FW,MF",Rennes,23,1994,16.2,408,520,78.5,5312,1032,264,311,84.9,106,125,84.8,11,28,39.3,1,0.4,0.7,0.6,12,21,4,0,33,27,26.2,11,8,8,11,42,31,22,1,21,9,36,8,1,Matches,520,488,29,1,1,3,9,16,2,1,0,0,408,3,13,1,0,0,20,30,20,9,9,15,1,0,0,78,11,31,26.2,France
"{'name': 'France', 'id': 250, 'alpha3code': 'FRA', 'alpha2code': 'FR'}",70,Valentin,,Rongier,3770,1994-12-07,172,"{'code2': 'MD', 'code3': 'MID', 'name': 'Midfielder'}","{'name': 'France', 'id': 250, 'alpha3code': 'FRA', 'alpha2code': 'FR'}",260002,right,V. Rongier,null,Valentin Rongier,Valentin Rongier,Valentin Rongier,fr FRA,MF,Nantes,22,1994,26.1,1166,1353,86.2,18112,4795,564,636,88.7,430,472,91.1,92,124,74.2,2,2.1,2.0,-0.1,28,111,19,2,155,73,26.6,25,39,9,17,64,47,42,6,36,40,113,13,1,Matches,1353,1290,55,18,4,12,9,3,0,0,0,0,1166,8,16,1,0,0,40,21,3,9,40,49,0,0,0,209,27,31,46.6,France
"{'name': 'Congo', 'id': 178, 'alpha3code': 'COG', 'alpha2code': 'CG'}",68,Dylan,,Bahamboula,11630,1995-05-22,185,"{'code2': 'MD', 'code3': 'MID', 'name': 'Midfielder'}","{'name': 'France', 'id': 250, 'alpha3code': 'FRA', 'alpha2code': 'FR'}",331918,right,D. Bahamboula,null,Dylan Bahamboula,Dylan Bahamboula,Dylan Bahamboula,cg CGO,"FW,MF",Dijon,22,1995,0.3,10,13,76.9,137,39,5,7,71.4,4,5,80.0,0,0,,0,0.0,0.0,0.0,0,1,0,0,2,0,,0,0,0,0,0,0,0,0,0,0,0,0,0,Matches,13,13,0,0,0,0,1,0,0,0,0,0,10,0,0,0,0,0,2,0,0,1,0,0,0,0,0,1,2,0,100.0,France
"{'name': 'France', 'id': 250, 'alpha3code': 'FRA', 'alpha2code': 'FR'}",74,Jordan,,Tell,3925,1997-06-10,185,"{'code2': 'FW', 'code3': 'FWD', 'name': 'Forward'}","{'name': 'Guadeloupe', 'id': 312, 'alpha3code': 'GLP', 'alpha2code': 'GP'}",278513,right,J. Tell,4426,Jordan Tell,Jordan Tell,Jordan Tell,gp GLP,"FW,MF",Rennes,20,1997,1.3,22,28,78.6,354,43,10,10,100.0,5,7,71.4,3,4,75.0,0,0.1,0.0,-0.1,1,1,0,0,2,4,0.0,1,3,0,0,1,1,0,0,0,1,5,0,0,Matches,28,27,1,0,0,2,0,0,0,0,0,0,22,0,0,0,0,0,2,0,1,0,1,4,0,0,0,4,2,4,33.3,France
"{'name': 'France', 'id': 250, 'alpha3code': 'FRA', 'alpha2code': 'FR'}",82,Moussa,,Niakhat\u00e9,2460,1996-03-08,190,"{'code2': 'DF', 'code3': 'DEF', 'name': 'Defender'}","{'name': 'France', 'id': 250, 'alpha3code': 'FRA', 'alpha2code': 'FR'}",290119,left,M. Niakhat\u00e9,4425,Moussa Niakhaté,Moussa Niakhate,Moussa Niakhate,sn SEN,DF,Metz,21,1996,34.5,1138,1444,78.8,26076,11359,287,345,83.2,581,665,87.4,265,409,64.8,1,0.2,0.5,0.8,4,115,5,0,87,57,59.5,44,12,1,22,37,15,27,14,13,55,112,139,1,Matches,1444,1352,87,56,0,24,9,30,0,0,0,0,1138,5,17,8,0,0,35,40,0,9,55,38,0,1,0,242,63,47,57.3,France
"{'name': 'France', 'id': 250, 'alpha3code': 'FRA', 'alpha2code': 'FR'}",78,Mouctar,,Diakhaby,674,1996-12-19,189,"{'code2': 'DF', 'code3': 'DEF', 'name': 'Defender'}","{'name': 'France', 'id': 250, 'alpha3code': 'FRA', 'alpha2code': 'FR'}",292654,right,M. Diakhaby,null,Mouctar Diakhaby,Mouctar Diakhaby,Mouctar Diakhaby,gn GUI,DF,Lyon,20,1996,8.1,369,419,88.1,7400,2364,105,117,89.7,208,222,93.7,49,65,75.4,0,0.0,0.0,0.0,0,6,0,0,17,10,57.1,7,3,0,4,7,3,14,9,5,12,22,52,1,Matches,419,404,14,14,0,6,0,0,0,0,0,0,369,1,1,2,0,0,6,7,0,0,12,6,0,0,0,51,21,13,61.8,France
"{'name': 'France', 'id': 250, 'alpha3code': 'FRA', 'alpha2code': 'FR'}",78,Brighton,,Labeau,4059,1996-01-01,181,"{'code2': 'FW', 'code3': 'FWD', 'name': 'Forward'}","{'name': 'France', 'id': 250, 'alpha3code': 'FRA', 'alpha2code': 'FR'}",331913,right,B. Labeau,null,Brighton Labeau,Brighton Labeau,Brighton Labeau,mq MTQ,FW,Amiens,21,1996,0.3,3,3,100.0,26,0,2,2,100.0,0,0,,0,0,,0,0.0,0.0,0.0,0,0,0,0,0,0,,0,0,0,0,0,0,0,0,0,0,0,0,0,Matches,3,2,1,0,0,0,0,0,0,0,0,0,3,0,0,1,0,0,3,0,0,0,0,0,0,0,0,1,0,1,0.0,France
"{'name': 'Senegal', 'id': 686, 'alpha3code': 'SEN', 'alpha2code': 'SN'}",70,Racine,,Coly,3775,1995-12-08,185,"{'code2': 'DF', 'code3': 'DEF', 'name': 'Defender'}","{'name': 'Senegal', 'id': 686, 'alpha3code': 'SEN', 'alpha2code': 'SN'}",326946,left,R. Coly,19314,Racine Coly,Racine Coly,Racine Coly,sn SEN,DF,Nice,21,1995,6.9,374,435,86.0,5511,1558,218,232,94.0,133,154,86.4,15,30,50.0,0,0.1,0.3,-0.1,1,33,2,1,40,15,47.4,9,5,1,9,19,10,5,2,3,15,30,18,0,Matches,435,370,65,16,0,1,14,49,0,0,0,0,374,0,7,3,0,0,17,8,1,14,15,12,0,0,0,35,11,6,64.7,France
"{'name': 'France', 'id': 250, 'alpha3code': 'FRA', 'alpha2code': 'FR'}",65,Gauthier,,Hein,3777,1996-08-07,170,"{'code2': 'MD', 'code3': 'MID', 'name': 'Midfielder'}","{'name': 'France', 'id': 250, 'alpha3code': 'FRA', 'alpha2code': 'FR'}",330395,left,G. Hein,null,Gauthier Hein,Gauthier Hein,Gauthier Hein,fr FRA,FW,Metz,20,1996,0.9,39,43,90.7,723,122,10,10,100.0,27,28,96.4,2,4,50.0,0,0.0,0.0,0.0,1,2,0,0,4,2,50.0,2,0,0,2,4,2,1,0,1,2,4,1,0,Matches,43,41,2,0,0,0,2,2,0,0,0,0,39,0,1,0,0,0,0,1,0,2,2,2,0,0,0,6,0,2,0.0,France
"{'name': 'Algeria', 'id': 12, 'alpha3code': 'DZA', 'alpha2code': 'DZ'}",74,Rayan,,Souici,3817,1998-02-28,178,"{'code2': 'DF', 'code3': 'DEF', 'name': 'Defender'}","{'name': 'France', 'id': 250, 'alpha3code': 'FRA', 'alpha2code': 'FR'}",342088,right,R. Souici,null,Rayan Souici,Rayan Souici,Rayan Souici,fr FRA,MF,Saint-Étienne,19,1998,0.1,5,5,100.0,56,19,2,2,100.0,2,2,100.0,0,0,,0,0.0,0.0,0.0,0,0,0,0,0,0,,0,0,0,0,0,0,1,0,1,0,0,0,0,Matches,5,5,0,0,0,0,0,0,0,0,0,0,5,0,0,0,0,0,0,0,0,0,0,0,0,0,0,0,0,1,0.0,France
"{'name': 'Benin', 'id': 204, 'alpha3code': 'BEN', 'alpha2code': 'BJ'}",85,Olivier,,Verdon,3768,1995-10-05,190,"{'code2': 'DF', 'code3': 'DEF', 'name': 'Defender'}","{'name': 'France', 'id': 250, 'alpha3code': 'FRA', 'alpha2code': 'FR'}",342194,right,O. Verdon,18884,Olivier Verdon,Olivier Verdon,Olivier Verdon,bj BEN,DF,Bordeaux,21,1995,0.1,0,2,0.0,0,0,0,0,,0,1,0.0,0,1,0.0,0,0.0,0.0,0.0,0,0,0,0,0,0,,0,0,0,0,0,0,0,0,0,0,0,3,0,Matches,2,2,0,0,0,0,0,0,0,0,0,0,0,0,0,0,0,0,0,0,0,0,0,0,0,0,0,1,1,0,100.0,France
"{'name': 'Cameroon', 'id': 120, 'alpha3code': 'CMR', 'alpha2code': 'CM'}",91,Gerzino,,Nyamsi,3774,1997-01-22,194,"{'code2': 'DF', 'code3': 'DEF', 'name': 'Defender'}","{'name': 'France', 'id': 250, 'alpha3code': 'FRA', 'alpha2code': 'FR'}",372547,right,G. Nyamsi,4426,Gerzino Nyamsi,Gerzino Nyamsi,Gerzino Nyamsi,fr FRA,DF,Rennes,20,1997,3.0,68,84,81.0,1410,633,19,23,82.6,35,38,92.1,13,22,59.1,0,0.0,0.0,0.0,0,4,0,0,9,4,0.0,4,0,0,0,3,3,2,2,0,3,7,18,2,Matches,84,81,3,3,0,0,0,0,0,0,0,0,68,0,0,0,0,0,3,1,0,0,3,2,0,0,0,13,13,3,81.3,France
"{'name': 'France', 'id': 250, 'alpha3code': 'FRA', 'alpha2code': 'FR'}",71,Valentin,,Rosier,3804,1996-08-19,175,"{'code2': 'DF', 'code3': 'DEF', 'name': 'Defender'}","{'name': 'France', 'id': 250, 'alpha3code': 'FRA', 'alpha2code': 'FR'}",393214,right,V. Rosier,4425,Valentin Rosier,Valentin Rosier,Valentin Rosier,fr FRA,DF,Dijon,20,1996,30.9,1129,1469,76.9,17833,6073,617,685,90.1,401,516,77.7,82,179,45.8,3,2.5,2.2,0.5,15,72,23,8,102,73,38.2,47,23,3,26,68,42,43,9,34,58,131,124,0,Matches,1469,1153,311,11,2,6,53,300,0,0,0,0,1129,5,34,5,0,0,62,20,3,53,58,54,0,0,2,180,43,38,53.1,France
"{'name': 'France', 'id': 250, 'alpha3code': 'FRA', 'alpha2code': 'FR'}",65,Vincent,,Marcel,3795,1997-04-09,180,"{'code2': 'MD', 'code3': 'MID', 'name': 'Midfielder'}","{'name': 'Guadeloupe', 'id': 312, 'alpha3code': 'GLP', 'alpha2code': 'GP'}",421809,left,V. Marcel,null,Vincent Marcel,Vincent Marcel,Vincent Marcel,fr FRA,"MF,FW",Nice,20,1997,0.5,15,19,78.9,182,23,9,11,81.8,4,4,100.0,0,0,,0,0.0,0.0,0.0,0,1,0,0,1,1,0.0,0,1,0,0,1,1,1,0,1,0,1,0,0,Matches,19,19,0,0,0,0,0,0,0,0,0,0,15,0,1,0,0,0,1,1,1,0,0,1,0,0,0,2,2,0,100.0,France
"{'name': 'France', 'id': 250, 'alpha3code': 'FRA', 'alpha2code': 'FR'}",58,Lilian,,Fournier,3919,1998-05-18,166,"{'code2': 'MD', 'code3': 'MID', 'name': 'Midfielder'}","{'name': 'France', 'id': 250, 'alpha3code': 'FRA', 'alpha2code': 'FR'}",426704,right,L. Fournier,null,Lilian Fournier,Lilian Fournier,Lilian Fournier,fr FRA,FW,Metz,19,1998,0.2,3,6,50.0,46,13,1,1,100.0,2,4,50.0,0,1,0.0,0,0.0,0.0,0.0,0,0,0,0,0,0,,0,0,0,0,0,0,0,0,0,0,0,0,0,Matches,6,6,0,0,0,0,0,0,0,0,0,0,3,0,0,0,0,0,1,0,0,0,0,0,0,0,0,0,0,0,,France
"{'name': 'Morocco', 'id': 504, 'alpha3code': 'MAR', 'alpha2code': 'MA'}",78,Driss,,Khalid,3933,1999-02-07,180,"{'code2': 'FW', 'code3': 'FWD', 'name': 'Forward'}","{'name': 'France', 'id': 250, 'alpha3code': 'FRA', 'alpha2code': 'FR'}",437057,right,D. Khalid,null,Driss Khalid,Driss Khalid,Driss Khalid,ma MAR,FW,Toulouse,18,1999,0.3,5,8,62.5,48,11,4,4,100.0,1,3,33.3,0,0,,0,0.0,0.0,0.0,0,0,0,0,0,1,,0,0,1,0,0,0,0,0,0,0,1,2,0,Matches,8,8,0,0,0,0,0,0,0,0,0,0,5,0,0,0,0,0,0,0,0,0,0,0,0,0,0,2,1,0,100.0,France
"{'name': 'France', 'id': 250, 'alpha3code': 'FRA', 'alpha2code': 'FR'}",65,Bryan,,Mbeumo,3795,1999-08-02,171,"{'code2': 'FW', 'code3': 'FWD', 'name': 'Forward'}","{'name': 'France', 'id': 250, 'alpha3code': 'FRA', 'alpha2code': 'FR'}",454388,left,B. Mbeumo,null,Bryan Mbeumo,Bryan Mbeumo,Bryan Mbeumo,cm CMR,"FW,MF",Troyes,17,1999,0.7,10,20,50.0,105,52,5,6,83.3,3,5,60.0,0,2,0.0,0,0.0,0.0,0.0,0,0,0,0,2,0,0.0,0,0,0,0,3,3,2,0,2,0,0,2,0,Matches,20,20,0,0,0,0,2,0,0,0,0,0,10,0,3,0,0,0,1,4,0,2,0,0,0,0,0,6,3,5,37.5,France
"{'name': 'France', 'id': 250, 'alpha3code': 'FRA', 'alpha2code': 'FR'}",66,Timothy,,Weah,3928,2000-02-22,185,"{'code2': 'FW', 'code3': 'FWD', 'name': 'Forward'}","{'name': 'United States', 'id': 840, 'alpha3code': 'USA', 'alpha2code': 'US'}",471774,right,T. Weah,8134,Timothy Weah,Timothy Weah,Timothy Weah,us USA,FW,Paris S-G,17,2000,1.4,13,18,72.2,129,11,7,8,87.5,1,1,100.0,1,1,100.0,0,0.4,0.2,-0.4,1,1,0,0,0,1,100.0,1,0,0,1,1,0,0,0,0,0,1,0,0,Matches,18,16,1,0,0,0,1,0,0,0,0,0,13,1,3,1,0,0,2,0,1,1,0,1,0,0,0,2,0,0,,France
"{'name': 'France', 'id': 250, 'alpha3code': 'FRA', 'alpha2code': 'FR'}",65,Julien,,Serrano,19831,1998-02-13,181,"{'code2': 'DF', 'code3': 'DEF', 'name': 'Defender'}","{'name': 'France', 'id': 250, 'alpha3code': 'FRA', 'alpha2code': 'FR'}",472126,left,J. Serrano,null,Julien Serrano,Julien Serrano,Julien Serrano,fr FRA,DF,Monaco,19,1998,3.1,109,168,64.9,1667,733,60,70,85.7,45,68,66.2,4,24,16.7,0,0.2,0.4,-0.2,3,15,1,1,10,2,50.0,1,0,1,1,2,1,2,0,2,4,6,14,0,Matches,168,138,30,3,0,0,20,27,0,0,0,0,109,0,7,1,0,0,2,4,0,20,4,2,0,0,0,12,4,8,33.3,France
"{'name': 'Algeria', 'id': 12, 'alpha3code': 'DZA', 'alpha2code': 'DZ'}",72,Yacine,,Adli,3928,2000-07-29,183,"{'code2': 'MD', 'code3': 'MID', 'name': 'Midfielder'}","{'name': 'France', 'id': 250, 'alpha3code': 'FRA', 'alpha2code': 'FR'}",472194,right,Y. Adli,4423,Yacine Adli,Yacine Adli,Yacine Adli,fr FRA,FW,Paris S-G,17,2000,0.1,7,7,100.0,163,42,4,4,100.0,1,1,100.0,2,2,100.0,0,0.0,0.0,0.0,0,3,0,0,3,0,,0,0,0,0,0,0,0,0,0,0,0,0,0,Matches,7,7,0,0,0,1,0,0,0,0,0,0,7,0,0,0,0,0,0,0,0,0,0,0,0,0,0,0,0,0,,France
"{'name': 'France', 'id': 250, 'alpha3code': 'FRA', 'alpha2code': 'FR'}",0,Dylan,,Lempereur,3919,1998-10-24,0,"{'code2': 'DF', 'code3': 'DEF', 'name': 'Defender'}","{'name': 'France', 'id': 250, 'alpha3code': 'FRA', 'alpha2code': 'FR'}",487983,,D. Lempereur,null,Dylan Lempereur,Dylan Lempereur,Dylan Lempereur,fr FRA,DF,Metz,18,1998,1.6,36,57,63.2,651,378,17,17,100.0,15,27,55.6,4,11,36.4,0,0.0,0.0,0.0,1,3,1,1,5,5,33.3,3,1,1,2,6,4,1,0,1,0,5,6,0,Matches,57,39,18,1,0,1,1,17,0,0,0,0,36,0,2,0,0,0,4,2,0,1,0,3,0,0,0,7,1,4,20.0,France
"{'name': 'Turkey', 'id': 792, 'alpha3code': 'TUR', 'alpha2code': 'TR'}",55,Yusuf,,Sari,3797,1998-11-20,165,"{'code2': 'MD', 'code3': 'MID', 'name': 'Midfielder'}","{'name': 'France', 'id': 250, 'alpha3code': 'FRA', 'alpha2code': 'FR'}",489202,left,Y. Sari,4693,Yusuf Sari,Yusuf Sari,Yusuf Sari,tr TUR,FW,Marseille,18,1998,0.0,0,0,,0,0,0,0,,0,0,,0,0,,0,0.0,0.0,0.0,0,0,0,0,0,0,,0,0,0,0,0,0,0,0,0,0,0,0,0,Matches,0,0,0,0,0,0,0,0,0,0,0,0,0,0,0,0,0,0,0,0,0,0,0,0,0,0,0,0,0,0,,France
