Player,Nation,Pos,Squad,Age,Born,90s,Cmp_Total_Passing,Att_Total_Passing,Cmp%_Total,TotDist,PrgDist,Cmp_Short_Passing,Att_Short_Passing,Cmp%_Short,Cmp_Medium_Passing,Att_Medium_Passing,Cmp%_Medium,Cmp_Long_Passing,Att_Long_Passing,Cmp%_Long,Ast,xAG,xA,A-xAG,KP,1/3,PPA,CrsPA,PrgP,Tkl_Tackles,Tkl,TklW_Defense,Def 3rd,Mid 3rd,Att 3rd,Tkl_Challenges,Att_Defense,Tkl%,Lost_Defense,Blocks_Defense,Sh,Pass,Int_Defense,Tkl+Int,Clr,Att_PassingTypes,Live,Dead,FK,TB,Sw,Crs_PassingTypes,TI,CK,In,Out,Str,Cmp_PassingTypes,Off_PassingTypes,Blocks_PassingTypes,CrdY,CrdR,2CrdY,Fls,Fld,Off_Misc,Crs_Misc,Int_Misc,TklW_Misc,PKwon,PKcon,OG,Recov,Won,Lost_Misc,Won%,League
Abdallah N'dour,sn SEN,DF,Strasbourg,23,1993,2.8,95,129,73.6,1530,641,55,61,90.2,24,31,77.4,12,25,48.0,0,0.2,0.2,-0.2,4,4,4,3,9,9,50.0,6,3,0,5,10,5,6,1,5,2,11,5,0,Matches,129,101,28,0,0,2,13,28,0,0,0,0,95,0,5,2,1,0,4,6,0,13,2,5,0,0,0,18,1,2,33.3,France
Abdoul Camara,gn GUI,"FW,MF",Guingamp,27,1990,9.9,223,309,72.2,2963,682,141,166,84.9,58,81,71.6,8,27,29.6,1,0.8,1.1,+0.2,10,7,9,4,24,6,27.3,2,3,1,3,11,8,7,1,6,7,13,4,0,Matches,309,296,11,2,0,0,38,2,7,1,6,0,223,2,11,0,0,0,7,11,2,38,7,4,0,0,0,45,9,9,50.0,France
Abdoulaye Bamba,ci CIV,DF,Angers,27,1990,17.0,657,854,76.9,9646,4317,393,431,91.2,225,294,76.5,27,86,31.4,0,0.5,0.8,-0.5,6,46,5,1,70,29,53.3,23,6,0,16,30,14,8,1,7,11,40,52,0,Matches,854,644,206,9,0,1,35,197,0,0,0,0,657,4,23,2,0,0,21,18,2,35,11,22,0,1,0,81,17,13,56.7,France
Abdoulaye Diallo,sn SEN,GK,Rennes,25,1992,3.0,56,78,71.8,1818,1405,9,9,100.0,23,23,100.0,24,45,53.3,0,0.0,0.0,0.0,0,1,0,0,0,0,,0,0,0,0,0,0,0,0,0,0,0,4,1,Matches,78,49,29,9,0,0,0,0,0,0,0,0,56,0,1,0,0,0,0,0,0,0,0,0,0,0,0,4,0,1,0.0,France
Abdoulaye Touré,gn GUI,MF,Nantes,23,1994,31.2,1075,1372,78.4,18398,6247,491,572,85.8,407,502,81.1,125,197,63.5,1,0.9,1.4,+0.1,19,154,15,4,184,74,34.3,28,38,8,23,67,44,40,10,30,62,136,49,1,Matches,1372,1353,14,12,2,19,19,1,0,0,0,0,1075,5,27,3,0,0,53,54,0,19,62,52,1,0,0,254,61,34,64.2,France
Ablie Jallow,gm GAM,FW,Metz,18,1998,1.4,36,45,80.0,703,168,9,13,69.2,24,26,92.3,2,4,50.0,0,0.9,0.8,-0.9,2,1,2,1,2,1,0.0,1,0,0,0,5,5,1,0,1,3,4,1,0,Matches,45,45,0,0,0,0,3,0,0,0,0,0,36,0,2,0,0,0,2,3,0,3,3,1,0,0,0,8,4,0,100.0,France
Adama Diakhaby,fr FRA,FW,Monaco,21,1996,9.4,140,211,66.4,1900,360,94,112,83.9,37,60,61.7,6,16,37.5,3,0.6,0.5,+2.4,8,5,4,2,7,23,37.5,6,12,5,6,16,10,13,0,13,13,36,5,0,Matches,211,204,5,0,2,1,20,3,0,0,0,0,140,2,11,2,1,0,15,14,10,20,13,15,0,0,0,39,15,27,35.7,France
Adama Mbengue,sn SEN,DF,Caen,23,1993,17.7,529,838,63.1,9279,5163,248,296,83.8,215,319,67.4,55,153,35.9,0,2.1,1.3,-2.1,11,43,13,8,78,71,63.1,48,18,5,41,65,24,21,1,20,28,99,50,0,Matches,838,615,217,7,0,10,89,209,1,0,0,0,529,6,46,2,1,0,38,24,0,89,28,48,0,0,0,152,18,16,52.9,France
Adama Niane,ml MLI,FW,Troyes,24,1993,24.0,381,573,66.5,4813,671,240,320,75.0,91,142,64.1,14,25,56.0,2,1.5,0.9,+0.5,17,17,6,2,27,22,23.1,5,10,7,6,26,20,11,2,9,9,31,13,0,Matches,573,512,60,0,1,2,12,3,0,0,0,0,381,1,16,6,0,0,36,28,31,12,9,12,2,0,0,78,74,189,28.1,France
Adama Soumaoro,fr FRA,DF,Lille,25,1992,13.2,540,586,92.2,9364,3311,215,227,94.7,278,290,95.9,31,48,64.6,0,0.1,0.1,-0.1,1,11,0,0,17,9,66.7,7,2,0,2,3,1,22,16,6,16,25,50,1,Matches,586,561,22,21,0,0,0,1,0,0,0,0,540,3,1,2,0,0,7,14,2,0,16,5,0,0,0,80,19,9,67.9,France
Adama Traoré,ml MLI,"MF,FW",Monaco,22,1995,2.1,61,74,82.4,930,225,31,36,86.1,22,24,91.7,5,9,55.6,0,0.0,0.2,0.0,1,4,1,0,8,6,25.0,0,4,2,1,4,3,3,0,3,3,9,1,0,Matches,74,69,5,0,1,0,2,0,3,2,0,0,61,0,0,1,0,0,1,6,0,2,3,4,0,0,0,14,2,1,66.7,France
Adil Rami,fr FRA,DF,Marseille,31,1985,32.8,1618,1875,86.3,30451,10942,652,697,93.5,685,749,91.5,226,344,65.7,2,2.0,1.2,0.0,9,65,2,0,78,39,53.7,22,15,2,22,41,19,25,19,6,45,84,163,3,Matches,1875,1799,72,69,2,32,2,2,0,0,0,0,1618,4,14,5,0,0,34,23,1,2,45,29,0,0,1,196,92,46,66.7,France
Adrien Hunou,fr FRA,"FW,MF",Rennes,23,1994,16.2,408,520,78.5,5312,1032,264,311,84.9,106,125,84.8,11,28,39.3,1,0.4,0.7,+0.6,12,21,4,0,33,27,26.2,11,8,8,11,42,31,22,1,21,9,36,8,1,Matches,520,488,29,1,1,3,9,16,2,1,0,0,408,3,13,1,0,0,20,30,20,9,9,15,1,0,0,78,11,31,26.2,France
Adrien Rabiot,fr FRA,MF,Paris S-G,22,1995,26.2,2040,2228,91.6,31387,8488,1022,1091,93.7,730,776,94.1,154,183,84.2,5,3.7,3.7,+1.3,26,155,26,6,199,59,41.7,27,23,9,15,36,21,29,10,19,33,92,22,1,Matches,2228,2183,41,28,6,13,20,12,1,0,0,0,2040,4,20,2,0,0,36,22,0,20,33,36,0,0,0,187,32,18,64.0,France
Adrien Tameze,cm CMR,MF,Nice,23,1994,18.7,1201,1320,91.0,19920,4487,565,605,93.4,503,532,94.5,95,115,82.6,1,0.9,0.8,+0.1,8,78,1,0,86,58,55.3,32,21,5,26,47,21,26,5,21,41,99,22,1,Matches,1320,1293,24,22,3,10,3,2,0,0,0,0,1201,3,19,3,0,0,25,28,0,3,41,36,0,0,0,117,21,20,51.2,France
Adrien Thomasson,fr FRA,"MF,FW",Nantes,23,1993,28.6,994,1330,74.7,13939,3726,565,676,83.6,315,405,77.8,47,97,48.5,3,3.2,2.7,-0.2,32,72,20,7,128,71,30.1,41,23,7,22,73,51,58,4,54,18,89,20,0,Matches,1330,1302,22,3,5,4,55,18,0,0,0,0,994,6,40,4,0,0,28,31,6,55,18,52,1,0,0,203,13,34,27.7,France
Adrián Sahibeddine,fr FRA,"FW,MF",Dijon,22,1994,0.4,4,5,80.0,37,8,4,4,100.0,0,0,,0,0,,0,0.0,0.0,0.0,0,0,0,0,0,0,0.0,0,0,0,0,1,1,1,0,1,0,0,0,0,Matches,5,5,0,0,0,0,0,0,0,0,0,0,4,0,0,0,0,0,0,0,0,0,0,0,0,0,0,2,1,1,50.0,France
Afonso Figueiredo,pt POR,"DF,FW",Rennes,24,1993,2.5,91,129,70.5,1319,672,56,68,82.4,25,36,69.4,5,16,31.3,0,0.0,0.1,0.0,0,8,2,0,13,6,60.0,3,3,0,3,5,2,0,0,0,0,6,4,0,Matches,129,99,29,6,0,1,4,23,0,0,0,0,91,1,2,1,0,0,3,7,0,4,0,3,0,0,0,20,2,2,50.0,France
Alassane Pléa,fr FRA,FW,Nice,24,1993,33.8,817,1047,78.0,11969,2696,478,560,85.4,237,293,80.9,52,78,66.7,5,3.0,2.9,+2.0,30,71,26,1,117,15,15.6,5,7,3,5,32,27,14,3,11,8,23,21,0,Matches,1047,994,46,0,10,13,15,6,0,0,0,0,817,7,33,6,0,0,43,60,15,15,8,9,1,0,0,83,21,55,27.6,France
Alban Lafont,fr FRA,GK,Toulouse,18,1999,38.0,812,1266,64.1,29531,25138,66,66,100.0,326,331,98.5,420,860,48.8,0,0.0,0.2,0.0,1,45,1,0,3,1,25.0,1,0,0,1,4,3,0,0,0,2,3,20,5,Matches,1266,740,522,190,0,1,0,1,0,0,0,0,812,4,4,3,0,0,1,7,0,0,2,0,0,1,0,80,4,0,100.0,France
Alexander Djiku,gh GHA,DF,Caen,22,1994,28.0,1042,1297,80.3,21167,8596,347,414,83.8,527,627,84.1,155,224,69.2,0,0.1,0.2,-0.1,3,75,4,1,123,65,48.1,52,11,2,25,52,27,34,5,29,57,122,155,2,Matches,1297,1240,52,43,0,10,5,9,0,0,0,0,1042,5,2,10,0,0,43,39,0,5,57,43,0,0,0,187,81,48,62.8,France
Alexander Kačaniklić,se SWE,"MF,FW",Nantes,25,1991,3.5,64,94,68.1,786,272,32,42,76.2,18,34,52.9,2,4,50.0,1,0.2,0.7,+0.8,3,5,4,2,7,8,50.0,7,1,0,5,10,5,5,2,3,6,14,7,0,Matches,94,90,4,0,1,0,12,1,2,2,0,0,64,0,1,0,0,0,2,4,2,12,6,5,0,0,0,13,3,2,60.0,France
Alexander Søderlund,no NOR,FW,Saint-Étienne,29,1987,4.0,57,79,72.2,684,141,31,44,70.5,19,21,90.5,0,1,0.0,1,0.2,0.3,+0.8,5,5,2,0,9,1,0.0,1,0,0,0,2,2,1,0,1,2,3,2,0,Matches,79,73,6,0,0,0,1,1,0,0,0,0,57,0,2,0,1,0,13,6,5,1,2,1,0,0,0,5,8,16,33.3,France
Alexandre Letellier,fr FRA,GK,Angers,26,1990,13.0,218,334,65.3,8207,6835,17,18,94.4,81,81,100.0,119,234,50.9,0,0.0,0.0,0.0,0,5,0,0,0,0,,0,0,0,0,0,0,0,0,0,0,0,1,2,Matches,334,189,145,43,0,0,0,0,0,0,0,0,218,0,0,0,0,0,0,1,0,0,0,0,0,0,0,5,1,0,100.0,France
Alexandre Mendy,gw GNB,FW,Bordeaux,23,1994,8.8,127,178,71.3,1757,218,66,91,72.5,45,55,81.8,4,7,57.1,0,0.7,0.7,-0.7,7,7,2,0,13,4,16.7,1,2,1,1,6,5,5,1,4,1,5,4,0,Matches,178,162,16,0,1,1,2,0,0,0,0,0,127,0,4,2,0,0,17,7,14,2,1,4,0,0,0,28,34,50,40.5,France
Alexandre Oukidja,dz ALG,GK,Strasbourg,29,1988,16.2,278,491,56.6,11127,9619,26,26,100.0,80,82,97.6,171,378,45.2,0,0.0,0.1,0.0,0,16,1,0,0,0,0.0,0,0,0,0,1,1,0,0,0,3,3,9,1,Matches,491,277,211,81,0,3,0,0,0,0,0,0,278,3,1,1,0,0,0,3,0,0,3,0,0,0,0,15,5,0,100.0,France
Alexis Blin,fr FRA,MF,Toulouse,20,1996,21.0,597,774,77.1,9623,3549,317,381,83.2,212,269,78.8,49,88,55.7,3,1.4,1.6,+1.6,7,91,7,4,98,57,31.9,23,30,4,22,69,47,27,6,21,31,88,31,0,Matches,774,754,16,11,0,6,15,5,0,0,0,0,597,4,11,5,0,0,31,37,0,15,31,37,1,1,0,129,33,36,47.8,France
Allan Saint-Maximin,fr FRA,MF,Monaco,20,1997,0.2,3,4,75.0,49,13,2,3,66.7,1,1,100.0,0,0,,0,0.3,0.1,-0.3,1,0,1,1,0,0,,0,0,0,0,0,0,0,0,0,0,0,0,0,Matches,4,4,0,0,0,0,1,0,0,0,0,0,3,0,0,0,0,0,0,1,1,1,0,0,0,0,0,1,0,2,0.0,France
Allan Saint-Maximin,fr FRA,"FW,MF",Nice,20,1997,25.0,674,918,73.4,10752,2368,381,464,82.1,232,310,74.8,44,75,58.7,7,4.9,5.3,+2.1,46,24,38,10,85,18,42.9,13,2,3,12,28,16,12,1,11,11,29,10,0,Matches,918,900,9,0,1,22,70,7,2,0,2,0,674,9,38,1,0,0,9,39,5,70,11,14,2,0,0,110,10,15,40.0,France
Almamy Touré,ml MLI,DF,Monaco,21,1996,13.9,464,657,70.6,7362,3894,243,296,82.1,180,250,72.0,31,69,44.9,5,2.6,1.7,+2.4,17,40,12,8,62,51,60.0,31,13,7,18,30,12,15,2,13,22,73,61,0,Matches,657,509,143,9,1,3,46,134,0,0,0,0,464,5,20,3,0,0,28,4,2,46,22,29,0,1,0,82,32,22,59.3,France
Alois Confais,fr FRA,"MF,DF",Troyes,20,1996,6.8,222,279,79.6,3924,1015,98,120,81.7,88,103,85.4,29,42,69.0,0,0.0,0.2,0.0,2,24,4,3,27,8,33.3,7,1,0,3,9,6,7,4,3,4,12,15,1,Matches,279,268,11,4,0,3,10,7,0,0,0,0,222,0,4,1,0,0,9,7,0,10,4,6,0,0,0,31,8,10,44.4,France
Alphonse Areola,fr FRA,GK,Paris S-G,24,1993,34.0,833,899,92.7,18928,12913,153,154,99.4,514,518,99.2,156,217,71.9,0,0.0,0.0,0.0,0,2,0,0,0,0,0.0,0,0,0,0,1,1,0,0,0,0,0,7,4,Matches,899,608,291,51,0,0,0,0,0,0,0,0,833,0,0,0,0,0,0,2,0,0,0,0,0,0,0,88,7,0,100.0,France
Ambroise Oyongo,cm CMR,DF,Montpellier,26,1991,2.2,71,105,67.6,1214,466,37,39,94.9,27,41,65.9,6,16,37.5,0,0.1,0.2,-0.1,2,4,2,2,7,2,0.0,1,1,0,0,1,1,2,1,1,6,8,6,0,Matches,105,81,23,4,0,1,14,19,0,0,0,0,71,1,6,0,0,0,1,3,0,14,6,1,0,0,0,7,2,6,25.0,France
Amine Gouiri,dz ALG,"FW,MF",Lyon,17,2000,0.9,16,20,80.0,214,24,10,10,100.0,4,4,100.0,1,1,100.0,0,0.1,0.0,-0.1,2,1,1,0,2,1,0.0,1,0,0,0,1,1,0,0,0,2,3,0,0,Matches,20,20,0,0,0,1,1,0,0,0,0,0,16,0,2,0,0,0,1,1,0,1,2,1,0,0,0,4,0,2,0.0,France
Andre-Frank Zambo Anguissa,cm CMR,MF,Marseille,21,1995,27.1,1583,1814,87.3,20334,6457,957,1054,90.8,413,470,87.9,56,83,67.5,0,3.2,1.4,-3.2,28,112,12,4,145,88,34.0,23,57,8,32,94,62,50,7,43,67,155,46,3,Matches,1814,1777,31,23,2,2,15,8,0,0,0,0,1583,6,23,4,0,0,58,57,0,15,67,65,0,0,0,257,68,41,62.4,France
Andrea Raggi,it ITA,DF,Monaco,33,1984,17.9,571,766,74.5,10728,4225,230,259,88.8,274,351,78.1,60,135,44.4,0,0.2,0.4,-0.2,3,43,3,3,51,20,37.0,15,4,1,10,27,17,12,6,6,31,51,66,0,Matches,766,614,150,21,0,5,23,129,0,0,0,0,571,2,14,3,0,0,10,12,2,23,31,10,0,0,0,79,13,14,48.1,France
Andrei Girotto,br BRA,MF,Nantes,25,1992,16.9,490,652,75.2,8218,2688,254,300,84.7,166,203,81.8,56,96,58.3,1,0.6,0.8,+0.4,13,69,7,3,78,57,40.4,15,37,5,21,52,31,32,7,25,15,72,45,1,Matches,652,637,9,9,1,13,8,0,0,0,0,0,490,6,18,8,0,0,33,20,0,8,15,38,1,1,0,96,39,28,58.2,France
Andy Delort,dz ALG,FW,Toulouse,25,1991,25.9,472,841,56.1,6911,1841,271,408,66.4,135,237,57.0,36,112,32.1,5,5.1,4.3,-0.1,44,38,23,11,62,20,21.1,2,9,9,4,19,15,10,0,10,12,32,22,0,Matches,841,746,93,28,0,6,112,10,19,8,10,0,472,2,38,5,0,0,70,31,29,112,12,13,0,2,0,60,98,100,49.5,France
Angelo Fulgini,fr FRA,MF,Angers,20,1996,17.0,539,734,73.4,8354,2729,307,364,84.3,155,207,74.9,52,92,56.5,5,3.9,3.6,+1.1,35,41,19,3,74,21,29.6,9,8,4,8,27,19,21,2,19,20,41,7,0,Matches,734,665,66,23,12,5,57,8,30,20,7,0,539,3,23,4,0,0,19,33,1,57,20,11,1,0,0,102,9,34,20.9,France
Anthony Gonçalves,fr FRA,"MF,FW",Strasbourg,31,1986,19.5,543,825,65.8,8858,3218,285,336,84.8,193,269,71.7,47,147,32.0,1,2.1,2.2,-1.1,28,45,25,11,80,50,30.0,14,32,4,15,50,35,27,0,27,25,75,27,0,Matches,825,752,66,10,0,2,144,36,19,2,15,0,543,7,42,5,0,0,49,17,2,144,25,31,0,0,0,115,24,32,42.9,France
Anthony Lopes,pt POR,GK,Lyon,26,1990,34.0,834,1052,79.3,22891,15194,87,87,100.0,485,489,99.2,259,470,55.1,0,0.0,0.0,0.0,0,5,1,0,1,0,,0,0,0,0,0,0,0,0,0,1,1,17,4,Matches,1052,721,328,88,0,3,0,1,0,0,0,0,834,3,0,1,0,0,1,3,0,0,1,0,0,1,0,47,7,0,100.0,France
Anthony Walongwa,,DF,Nantes,23,1993,1.0,13,19,68.4,276,131,3,3,100.0,9,10,90.0,1,6,16.7,0,0.0,0.0,0.0,0,1,0,0,1,2,,2,0,0,0,0,0,0,0,0,1,3,8,0,Matches,19,19,0,0,0,0,0,0,0,0,0,0,13,0,0,0,0,0,1,0,0,0,1,1,0,0,0,5,1,0,100.0,France
Anwar El Ghazi,nl NED,"FW,MF",Lille,22,1995,18.3,440,645,68.2,6222,1883,264,315,83.8,108,163,66.3,32,81,39.5,4,3.1,2.7,+0.9,25,22,19,7,55,23,31.0,7,13,3,9,29,20,11,1,10,7,30,7,1,Matches,645,561,79,11,1,3,103,25,42,19,16,0,440,5,34,2,0,0,17,15,3,103,7,18,0,0,0,53,17,27,38.6,France
Arnaud Lusamba,cd COD,MF,Nice,20,1997,1.8,75,92,81.5,1109,249,42,50,84.0,21,23,91.3,6,6,100.0,0,0.1,0.1,-0.1,3,7,1,0,8,12,42.9,4,6,2,3,7,4,5,0,5,1,13,1,0,Matches,92,91,1,1,0,0,0,0,0,0,0,0,75,0,2,0,0,0,3,3,0,0,1,9,0,0,0,14,0,1,0.0,France
Arnaud Souquet,fr FRA,DF,Nice,25,1992,26.8,1423,1666,85.4,23949,6737,658,718,91.6,639,728,87.8,100,154,64.9,2,1.7,2.3,+0.3,13,76,22,11,100,89,64.3,58,26,5,36,56,20,46,16,30,39,128,72,2,Matches,1666,1397,268,35,2,11,59,233,0,0,0,0,1423,1,32,4,0,0,25,47,0,59,39,68,1,0,0,146,20,26,43.5,France
Arnold Bouka Moutou,cg CGO,DF,Dijon,28,1988,3.7,117,155,75.5,1870,671,66,78,84.6,33,48,68.8,12,21,57.1,0,0.2,0.2,-0.2,4,11,4,4,17,8,75.0,6,0,2,6,8,2,4,1,3,4,12,5,0,Matches,155,112,43,3,0,1,11,40,0,0,0,0,117,0,2,1,0,0,1,5,0,11,4,5,0,0,0,16,5,9,35.7,France
Assane Dioussé,sn SEN,MF,Saint-Étienne,19,1997,14.9,733,876,83.7,13181,3705,327,362,90.3,296,333,88.9,90,130,69.2,0,0.6,0.5,-0.6,8,66,4,0,93,32,38.2,14,14,4,13,34,21,29,2,27,11,43,16,2,Matches,876,848,25,12,3,10,10,12,1,1,0,0,733,3,19,4,0,0,26,15,2,10,11,21,0,0,0,121,10,15,40.0,France
Aymen Abdennour,tn TUN,DF,Marseille,27,1989,5.5,310,333,93.1,5550,1557,126,128,98.4,148,155,95.5,24,34,70.6,0,0.0,0.0,0.0,0,8,0,0,12,7,57.1,5,2,0,4,7,3,5,5,0,4,11,20,0,Matches,333,325,7,7,0,3,0,0,0,0,0,0,310,1,2,3,0,0,9,6,0,0,4,3,0,0,0,32,7,7,50.0,France
Baissama Sankoh,gn GUI,"MF,DF",Caen,25,1992,17.1,423,541,78.2,7047,1944,174,214,81.3,205,240,85.4,24,43,55.8,0,1.2,0.7,-1.2,8,30,4,1,52,27,28.6,8,18,1,8,28,20,20,8,12,25,52,64,1,Matches,541,532,8,5,1,3,4,2,0,0,0,0,423,1,7,3,0,0,27,29,0,4,25,19,0,0,0,120,33,35,48.5,France
Bakary Koné,bf BFA,DF,Strasbourg,29,1988,27.4,877,1030,85.1,18998,6959,236,264,89.4,471,512,92.0,158,226,69.9,0,0.0,0.3,0.0,1,40,5,1,51,26,38.7,23,3,0,12,31,19,20,10,10,33,59,122,2,Matches,1030,995,31,29,1,12,1,2,0,0,0,0,877,4,5,3,0,0,23,17,2,1,33,17,1,2,0,106,49,32,60.5,France
Bakaye Dibassy,ml MLI,DF,Amiens,27,1989,30.9,979,1268,77.2,16387,7447,481,538,89.4,404,496,81.5,70,158,44.3,1,0.7,1.3,+0.3,9,56,6,2,87,71,48.0,45,22,4,24,50,26,52,26,26,58,129,148,0,Matches,1268,1041,218,27,0,0,36,191,0,0,0,0,979,9,37,4,0,0,33,23,4,36,58,51,0,1,0,193,39,54,41.9,France
Baptiste Guillaume,be BEL,"FW,MF",Angers,22,1995,5.1,53,89,59.6,607,135,38,52,73.1,11,25,44.0,0,1,0.0,2,0.9,0.4,+1.1,4,2,3,0,9,4,0.0,0,2,2,0,5,5,4,1,3,2,6,1,0,Matches,89,86,3,0,0,0,2,0,0,0,0,0,53,0,1,3,0,0,19,5,4,2,2,1,0,0,0,6,24,25,49.0,France
Baptiste Reynet,fr FRA,GK,Dijon,26,1990,38.0,1202,1651,72.8,37659,28287,134,135,99.3,570,576,99.0,496,932,53.2,0,0.3,0.1,-0.3,1,34,1,0,0,6,71.4,5,1,0,5,7,2,2,0,2,2,8,35,1,Matches,1651,1158,487,164,0,3,0,0,0,0,0,0,1202,6,0,3,0,0,0,7,0,0,2,4,0,0,0,56,12,3,80.0,France
Baptiste Santamaria,fr FRA,MF,Angers,22,1995,28.8,929,1191,78.0,16225,5157,456,537,84.9,343,424,80.9,110,176,62.5,0,0.8,1.4,-0.8,17,107,7,2,134,59,27.7,25,29,5,23,83,60,39,8,31,43,102,48,2,Matches,1191,1184,4,1,4,12,16,2,1,1,0,0,929,3,16,6,0,0,48,50,1,16,43,40,0,0,0,179,43,34,55.8,France
Bassem Srarfi,tn TUN,"FW,MF",Nice,20,1997,9.7,302,373,81.0,4547,869,173,191,90.6,102,126,81.0,18,27,66.7,0,0.8,0.9,-0.8,7,13,7,2,23,17,28.6,6,9,2,4,14,10,12,0,12,7,24,6,1,Matches,373,370,3,2,0,4,17,0,1,0,0,0,302,0,17,1,0,0,15,20,4,17,7,11,1,0,0,36,6,11,35.3,France
Benjamin André,fr FRA,MF,Rennes,26,1990,33.5,1482,1900,78.0,22361,5876,801,955,83.9,465,585,79.5,113,177,63.8,3,1.9,1.6,+1.1,34,162,23,5,234,93,38.1,36,50,7,43,113,70,56,4,52,57,150,96,1,Matches,1900,1841,47,32,10,25,21,11,0,0,0,0,1482,12,39,11,1,1,72,48,1,21,57,54,0,0,0,259,187,151,55.3,France
Benjamin Bourigeaud,fr FRA,"MF,FW",Rennes,23,1994,34.5,1291,1787,72.2,23097,7961,606,700,86.6,432,573,75.4,192,367,52.3,7,8.7,7.8,-1.7,95,136,35,15,170,55,21.5,18,30,7,20,93,73,48,4,44,45,100,29,0,Matches,1787,1489,285,111,8,30,279,23,149,55,74,0,1291,13,53,3,0,0,35,15,2,279,45,30,0,1,0,212,12,52,18.8,France
Benjamin Corgnet,fr FRA,"MF,FW",Strasbourg,30,1987,15.3,378,582,64.9,5600,1496,216,283,76.3,102,163,62.6,34,72,47.2,2,1.8,2.1,+0.2,18,36,14,3,52,28,21.4,5,16,7,6,28,22,18,1,17,11,39,11,0,Matches,582,541,35,6,14,4,34,5,10,2,8,0,378,6,17,2,0,0,25,34,1,34,11,19,0,0,0,69,57,54,51.4,France
Benjamin Jeannot,fr FRA,FW,Dijon,25,1992,15.6,250,354,70.6,3384,617,153,201,76.1,68,93,73.1,11,25,44.0,1,1.5,1.2,-0.5,12,17,4,0,34,12,7.7,5,6,1,1,13,12,9,3,6,6,18,26,0,Matches,354,314,40,1,3,3,5,7,0,0,0,0,250,0,7,4,0,0,24,17,14,5,6,7,0,0,0,39,48,79,37.8,France
Benjamin Lecomte,fr FRA,GK,Montpellier,26,1991,38.0,806,1152,70.0,26929,21721,81,82,98.8,305,314,97.1,419,751,55.8,0,0.2,0.0,-0.2,3,13,0,0,2,1,,1,0,0,0,0,0,1,0,1,0,1,14,1,Matches,1152,748,400,131,0,4,0,1,0,0,0,0,806,4,0,1,0,0,3,4,0,0,0,1,0,1,0,37,20,1,95.2,France
Benjamin Nivet,fr FRA,"MF,FW",Troyes,40,1977,15.2,542,717,75.6,8005,2754,296,349,84.8,161,199,80.9,45,76,59.2,2,2.2,2.4,-0.2,28,66,21,2,96,31,21.6,12,14,5,11,51,40,18,1,17,16,47,20,0,Matches,717,683,32,13,8,1,30,4,15,9,1,0,542,2,29,0,0,0,23,24,1,30,16,14,0,0,0,79,16,24,40.0,France
Benoît Assou-Ekotto,cm CMR,DF,Metz,33,1984,11.7,472,636,74.2,11591,5508,110,131,84.0,238,283,84.1,122,211,57.8,0,0.5,1.2,-0.5,8,68,8,5,50,12,33.3,5,6,1,5,15,10,7,4,3,46,58,21,0,Matches,636,500,132,26,0,21,21,106,0,0,0,0,472,4,11,2,2,1,11,9,1,21,46,9,0,0,0,86,3,8,27.3,France
Benoît Costil,fr FRA,GK,Bordeaux,30,1987,36.0,760,1172,64.8,25754,20060,56,56,100.0,356,360,98.9,348,754,46.2,0,0.1,0.1,-0.1,2,14,1,0,0,0,0.0,0,0,0,0,2,2,0,0,0,3,3,13,4,Matches,1172,768,402,107,0,4,0,0,0,0,0,0,760,2,0,1,0,0,0,3,0,0,3,0,0,0,0,49,4,2,66.7,France
Bertrand Traoré,bf BFA,FW,Lyon,21,1995,25.4,838,1039,80.7,11923,2845,481,564,85.3,255,316,80.7,49,64,76.6,4,2.7,2.6,+1.3,26,58,24,2,82,32,28.6,7,20,5,10,35,25,24,3,21,39,71,31,1,Matches,1039,1017,17,4,10,9,28,10,1,1,0,0,838,5,17,3,0,0,25,34,8,28,39,20,1,0,0,105,26,15,63.4,France
Billy Ketkeophomphone,la LAO,MF,Angers,27,1990,4.9,132,182,72.5,1691,461,85,102,83.3,35,45,77.8,4,16,25.0,0,0.4,0.5,-0.4,4,12,5,0,18,14,33.3,4,5,5,5,15,10,9,0,9,5,19,8,0,Matches,182,167,13,7,1,1,10,3,3,3,0,0,132,2,4,0,0,0,10,10,0,10,5,9,0,0,0,30,6,14,30.0,France
Bingourou Kamara,sn SEN,GK,Strasbourg,20,1996,18.8,389,619,62.8,13453,10666,30,32,93.8,162,165,98.2,197,421,46.8,0,0.0,0.0,0.0,0,5,0,0,0,0,0.0,0,0,0,0,2,2,0,0,0,1,1,6,3,Matches,619,403,215,47,0,1,0,0,0,0,0,0,389,1,0,2,0,0,1,2,0,0,1,0,0,0,0,19,1,1,50.0,France
Blaise Matuidi,fr FRA,MF,Paris S-G,30,1987,0.3,14,17,82.4,151,43,13,14,92.9,0,1,0.0,1,1,100.0,0,0.0,0.0,0.0,0,0,0,0,0,1,,1,0,0,0,0,0,2,1,1,0,1,0,0,Matches,17,16,1,1,0,0,0,0,0,0,0,0,14,0,0,0,0,0,0,1,1,0,0,1,0,0,0,0,1,0,100.0,France
Bongani Zungu,za RSA,MF,Amiens,24,1992,23.2,897,1096,81.8,16698,4636,378,430,87.9,367,429,85.5,121,170,71.2,0,0.4,0.4,-0.4,12,66,2,1,90,54,42.9,21,26,7,24,56,32,30,5,25,38,92,41,2,Matches,1096,1065,27,26,0,26,12,1,0,0,0,0,897,4,13,5,0,0,37,23,0,12,38,37,0,0,0,177,30,32,48.4,France
Boubacar Kamara,fr FRA,"DF,MF",Marseille,17,1999,5.1,252,288,87.5,3763,1279,137,148,92.6,87,94,92.6,15,25,60.0,1,0.3,0.1,+0.7,1,6,2,0,9,14,66.7,9,5,0,8,12,4,7,3,4,3,17,18,0,Matches,288,263,23,11,0,1,2,12,0,0,0,0,252,2,1,1,0,0,8,4,0,2,3,14,0,0,0,31,10,9,52.6,France
Boubakary Soumaré,fr FRA,MF,Lille,18,1999,5.7,295,347,85.0,4910,1415,143,158,90.5,117,132,88.6,29,38,76.3,0,0.1,0.2,-0.1,3,29,2,0,34,13,21.4,8,5,0,3,14,11,8,1,7,7,20,6,1,Matches,347,344,2,2,1,0,1,0,0,0,0,0,295,1,7,1,0,0,9,6,0,1,7,9,0,0,0,29,9,2,81.8,France
Bouna Sarr,sn SEN,"DF,FW",Marseille,25,1992,19.9,1136,1330,85.4,15061,4971,723,783,92.3,277,332,83.4,55,101,54.5,3,2.8,2.8,+0.2,29,51,31,19,67,65,57.9,42,20,3,22,38,16,20,4,16,32,97,53,2,Matches,1330,1128,202,19,1,1,84,174,9,3,4,0,1136,0,25,5,0,0,37,25,4,84,32,42,1,0,0,163,37,33,52.9,France
Brandon,es ESP,"FW,MF",Rennes,22,1995,4.0,82,112,73.2,1012,188,49,58,84.5,26,36,72.2,0,3,0.0,0,0.6,0.6,-0.6,7,3,4,1,6,10,9.1,3,4,3,1,11,10,11,1,10,5,15,1,0,Matches,112,107,5,0,0,0,9,3,0,0,0,0,82,0,7,0,0,0,8,8,2,9,5,9,0,0,0,21,2,9,18.2,France
Brian Fernández,ar ARG,FW,Metz,22,1994,1.4,21,29,72.4,380,89,11,14,78.6,7,8,87.5,3,4,75.0,0,0.1,0.4,-0.1,3,0,1,1,2,0,0.0,0,0,0,0,1,1,2,0,2,0,0,0,0,Matches,29,16,12,0,0,0,3,4,2,1,0,0,21,1,1,0,0,0,1,4,6,3,0,0,0,0,0,2,2,0,100.0,France
Brice Samba,fr FRA,GK,Caen,23,1994,3.5,67,103,65.0,2602,2293,2,2,100.0,26,27,96.3,39,74,52.7,0,0.0,0.0,0.0,0,4,0,0,0,0,,0,0,0,0,0,0,0,0,0,0,0,2,0,Matches,103,65,38,9,0,0,0,0,0,0,0,0,67,0,0,0,0,0,0,0,0,0,0,0,0,0,0,5,1,0,100.0,France
Brighton Labeau,mq MTQ,FW,Amiens,21,1996,0.3,3,3,100.0,26,0,2,2,100.0,0,0,,0,0,,0,0.0,0.0,0.0,0,0,0,0,0,0,,0,0,0,0,0,0,0,0,0,0,0,0,0,Matches,3,2,1,0,0,0,0,0,0,0,0,0,3,0,0,1,0,0,3,0,0,0,0,0,0,0,0,1,0,1,0.0,France
Bryan Dabo,bf BFA,"MF,FW",Saint-Étienne,25,1992,14.3,498,645,77.2,7653,1844,279,346,80.6,180,217,82.9,28,46,60.9,0,0.7,0.5,-0.7,14,43,8,2,65,25,24.1,12,10,3,7,29,22,12,1,11,11,36,22,0,Matches,645,613,30,10,0,2,9,17,1,1,0,0,498,2,17,10,0,0,33,39,2,9,11,16,1,0,0,73,35,22,61.4,France
Bryan Mbeumo,cm CMR,"FW,MF",Troyes,17,1999,0.7,10,20,50.0,105,52,5,6,83.3,3,5,60.0,0,2,0.0,0,0.0,0.0,0.0,0,0,0,0,2,0,0.0,0,0,0,0,3,3,2,0,2,0,0,2,0,Matches,20,20,0,0,0,0,2,0,0,0,0,0,10,0,3,0,0,0,1,4,0,2,0,0,0,0,0,6,3,5,37.5,France
Bryan Pelé,fr FRA,"FW,MF",Troyes,25,1992,17.9,412,610,67.5,6849,2076,201,244,82.4,146,216,67.6,39,90,43.3,2,2.4,2.1,-0.4,24,32,19,7,57,20,14.3,9,8,3,4,28,24,11,0,11,15,35,13,0,Matches,610,565,42,6,2,11,86,18,18,10,3,0,412,3,24,1,0,0,20,17,5,86,15,9,0,0,0,67,12,37,24.5,France
Cafú,pt POR,MF,Metz,24,1993,7.6,232,289,80.3,4402,1153,82,100,82.0,114,138,82.6,32,41,78.0,0,0.2,0.1,-0.2,5,36,1,0,31,9,27.3,3,4,2,3,11,8,3,1,2,12,21,13,0,Matches,289,286,2,2,0,6,3,0,0,0,0,0,232,1,3,2,0,0,14,8,1,3,12,7,0,0,1,47,18,25,41.9,France
Casimir Ninga,td CHA,"FW,MF",Montpellier,24,1993,14.3,189,278,68.0,2631,452,115,149,77.2,48,77,62.3,12,24,50.0,1,1.2,1.0,-0.2,16,5,4,1,16,12,20.0,1,6,5,2,10,8,12,2,10,4,16,13,0,Matches,278,258,20,0,1,1,21,12,0,0,0,0,189,0,12,1,0,0,32,10,15,21,4,7,0,0,0,39,21,48,30.4,France
Chaouki Ben Saada,tn TUN,"FW,MF",Troyes,33,1984,3.8,146,196,74.5,2537,794,73,85,85.9,42,56,75.0,22,34,64.7,0,1.0,0.9,-1.0,10,18,8,2,26,11,18.2,5,3,3,2,11,9,3,0,3,2,13,3,0,Matches,196,182,12,3,3,5,15,3,6,3,1,2,146,2,7,3,0,0,10,3,0,15,2,8,0,0,0,21,2,4,33.3,France
Charles Traore,ml MLI,DF,Troyes,25,1992,33.3,1314,1756,74.8,21470,9461,668,758,88.1,490,635,77.2,114,250,45.6,3,3.5,2.3,-0.5,20,97,23,10,129,60,46.4,46,9,5,26,56,30,52,16,36,57,117,171,0,Matches,1756,1343,405,26,0,9,67,379,0,0,0,0,1314,8,40,8,1,0,31,28,1,67,57,32,0,0,0,222,40,35,53.3,France
Charly Charrier,fr FRA,"MF,FW",Amiens,31,1986,1.2,54,72,75.0,792,125,31,40,77.5,12,14,85.7,5,11,45.5,0,0.0,0.1,0.0,1,4,0,0,7,1,0.0,1,0,0,0,2,2,1,0,1,2,3,0,0,Matches,72,70,2,1,1,2,1,1,0,0,0,0,54,0,1,0,0,0,1,1,2,1,2,0,0,0,0,8,0,0,,France
Cheikh M'Bengue,sn SEN,DF,Saint-Étienne,29,1988,5.4,170,228,74.6,3036,1328,75,88,85.2,81,103,78.6,14,29,48.3,0,0.3,0.3,-0.3,1,13,2,0,20,8,100.0,8,0,0,4,4,0,6,4,2,8,16,22,1,Matches,228,165,60,5,1,0,4,55,0,0,0,0,170,3,3,2,0,0,11,3,0,4,8,4,0,0,0,21,9,2,81.8,France
Chidozie Awaziem,ng NGA,DF,Nantes,20,1997,16.8,484,648,74.7,9370,4496,171,190,90.0,232,265,87.5,68,161,42.2,1,0.1,0.2,+0.9,4,37,2,1,46,43,70.0,33,10,0,28,40,12,18,11,7,16,59,97,0,Matches,648,558,86,32,0,7,2,54,0,0,0,0,484,4,9,2,1,0,22,12,0,2,16,30,0,0,0,102,31,28,52.5,France
Chris Philipps,lu LUX,"MF,DF",Metz,23,1994,9.4,335,427,78.5,6843,2388,122,147,83.0,158,180,87.8,54,91,59.3,0,0.4,0.5,-0.4,9,40,4,0,40,22,19.2,10,10,2,5,26,21,13,5,8,30,52,18,0,Matches,427,420,6,6,2,9,4,0,0,0,0,0,335,1,9,4,0,0,17,5,0,4,30,12,0,1,0,76,7,12,36.8,France
Christian Kouakou,ci CIV,"MF,FW",Caen,26,1991,9.4,106,157,67.5,1432,453,69,85,81.2,27,45,60.0,4,13,30.8,1,0.4,0.5,+0.6,7,6,8,5,8,24,26.3,14,8,2,5,19,14,16,1,15,8,32,6,1,Matches,157,155,1,0,0,0,19,1,0,0,0,0,106,1,4,0,0,0,18,22,14,19,8,13,0,0,0,44,9,8,52.9,France
Christophe Hérelle,mq MTQ,DF,Troyes,24,1992,32.9,1059,1270,83.4,24260,8576,270,306,88.2,556,608,91.4,223,322,69.3,0,0.2,0.3,-0.2,5,96,3,0,120,39,53.3,27,12,0,16,30,14,38,27,11,56,95,241,1,Matches,1270,1224,42,40,1,24,0,2,0,0,0,0,1059,4,10,7,1,0,27,27,1,0,56,26,0,1,0,174,80,40,66.7,France
Christophe Jallet,fr FRA,DF,Nice,33,1983,13.0,703,835,84.2,10874,3733,394,428,92.1,256,309,82.8,37,57,64.9,0,0.7,0.4,-0.7,9,51,7,2,78,29,42.3,21,8,0,11,26,15,18,6,12,16,45,47,0,Matches,835,718,113,13,0,9,22,100,0,0,0,0,703,4,10,4,0,0,12,4,2,22,16,21,0,1,0,67,20,14,58.8,France
Christophe Kerbrat,fr FRA,DF,Guingamp,30,1986,36.9,1370,1658,82.6,28582,12444,447,480,93.1,643,730,88.1,244,388,62.9,0,0.1,0.7,-0.1,4,114,2,0,136,62,53.8,47,14,1,35,65,30,49,40,9,62,124,249,2,Matches,1658,1560,90,82,1,37,4,8,0,0,0,0,1370,8,7,4,0,0,11,29,0,4,62,45,0,1,0,189,35,54,39.3,France
Christopher Jullien,fr FRA,DF,Toulouse,24,1993,28.9,983,1248,78.8,22850,10072,240,275,87.3,519,595,87.2,220,354,62.1,2,0.7,0.7,+1.3,9,88,5,1,103,36,46.9,27,9,0,15,32,17,29,19,10,40,76,182,5,Matches,1248,1191,52,48,0,29,2,4,0,0,0,0,983,5,5,7,0,0,31,7,1,2,40,25,0,0,0,138,124,40,75.6,France
Christopher Martins,lu LUX,MF,Lyon,20,1997,0.8,33,41,80.5,482,64,18,21,85.7,14,16,87.5,0,0,,0,0.0,0.0,0.0,1,2,0,0,2,3,50.0,0,3,0,1,2,1,0,0,0,1,4,0,0,Matches,41,41,0,0,0,0,0,0,0,0,0,0,33,0,3,1,0,0,2,0,0,0,1,2,0,0,0,4,3,1,75.0,France
Christopher Nkunku,fr FRA,"FW,MF",Paris S-G,19,1997,7.0,326,361,90.3,4354,946,194,208,93.3,85,89,95.5,17,28,60.7,0,0.7,0.6,-0.7,4,22,7,0,31,5,21.4,2,2,1,3,14,11,8,2,6,5,10,2,1,Matches,361,347,13,2,1,2,10,4,7,1,5,0,326,1,3,0,0,0,12,9,2,10,5,2,0,0,0,31,4,4,50.0,France
Ciprian Tătărușanu,ro ROU,GK,Nantes,31,1986,37.0,684,1090,62.8,23777,19700,67,67,100.0,277,284,97.5,338,731,46.2,0,0.0,0.0,0.0,1,10,0,0,0,1,50.0,1,0,0,1,2,1,0,0,0,1,2,12,3,Matches,1090,665,421,88,0,1,0,0,0,0,0,0,684,4,1,0,0,0,1,3,0,0,1,0,0,1,0,46,12,1,92.3,France
Clinton N'Jie,cm CMR,FW,Marseille,23,1993,9.7,173,217,79.7,2022,507,97,114,85.1,32,42,76.2,11,15,73.3,3,3.1,1.8,-0.1,16,10,7,4,17,10,22.2,2,5,3,2,9,7,5,0,5,3,13,0,0,Matches,217,194,21,0,3,0,13,8,4,0,3,0,173,2,4,2,0,0,18,2,12,13,3,6,0,0,0,22,7,23,23.3,France
Clément Grenier,fr FRA,MF,Guingamp,26,1991,13.4,521,774,67.3,8945,3310,257,308,83.4,161,225,71.6,73,162,45.1,4,3.9,2.6,+0.1,35,68,18,3,108,23,28.6,3,13,7,12,42,30,16,1,15,14,37,15,1,Matches,774,674,92,32,1,3,94,1,51,17,27,3,521,8,24,2,0,0,23,16,2,94,14,14,0,1,0,81,16,21,43.2,France
Clément Grenier,fr FRA,FW,Lyon,26,1991,0.1,3,6,50.0,50,12,2,3,66.7,1,2,50.0,0,1,0.0,0,0.0,0.0,0.0,0,0,0,0,1,1,,1,0,0,0,0,0,0,0,0,0,1,0,0,Matches,6,4,2,1,0,0,0,1,0,0,0,0,3,0,1,0,0,0,1,2,0,0,0,1,0,0,0,2,0,0,,France
Clément Michelin,fr FRA,DF,Toulouse,20,1997,3.1,85,122,69.7,1761,893,36,42,85.7,36,47,76.6,13,29,44.8,0,0.3,0.2,-0.3,2,11,3,1,17,11,63.6,7,4,0,7,11,4,3,1,2,4,15,12,0,Matches,122,99,23,0,0,4,11,23,0,0,0,0,85,0,3,2,0,0,8,2,0,11,4,7,0,0,0,13,8,9,47.1,France
Corentin Jean,fr FRA,"FW,MF",Toulouse,22,1995,18.8,343,523,65.6,5464,1682,190,238,79.8,99,155,63.9,38,83,45.8,2,2.8,3.1,-0.8,26,25,20,12,41,12,23.8,4,7,1,5,21,16,14,1,13,14,26,10,0,Matches,523,459,63,22,2,5,80,9,25,8,13,2,343,1,26,3,0,0,15,39,6,80,14,8,2,0,0,78,15,32,31.9,France
Cédric Varrault,fr FRA,DF,Dijon,37,1980,9.8,370,437,84.7,7152,2989,126,138,91.3,206,226,91.2,35,64,54.7,0,0.1,0.6,-0.1,3,21,1,0,34,13,75.0,6,7,0,9,12,3,14,11,3,16,29,72,0,Matches,437,416,21,20,0,1,0,1,0,0,0,0,370,0,4,0,0,0,5,10,0,0,16,7,0,0,0,31,21,10,67.7,France
Cédric Yamberé,cf CTA,DF,Dijon,26,1990,31.4,1084,1329,81.6,22536,7638,359,404,88.9,546,600,91.0,161,283,56.9,0,0.3,0.4,-0.3,7,79,6,0,90,58,47.1,46,12,0,16,34,18,24,16,8,54,112,138,5,Matches,1329,1272,56,51,0,30,2,5,0,0,0,0,1084,1,14,7,2,0,28,32,0,2,54,42,1,4,1,151,65,49,57.0,France
Damien Da Silva,fr FRA,DF,Caen,29,1988,31.5,1108,1355,81.8,25515,9124,292,335,87.2,555,621,89.4,250,364,68.7,0,0.0,0.3,0.0,0,95,1,0,85,52,60.6,40,12,0,20,33,13,45,25,20,36,88,184,2,Matches,1355,1289,59,58,0,26,0,1,0,0,0,0,1108,7,9,7,0,0,36,25,6,0,36,35,1,1,3,249,73,60,54.9,France
Dani Alves,br BRA,DF,Paris S-G,34,1983,22.9,1777,2079,85.5,24880,8924,1075,1155,93.1,366,445,82.2,159,237,67.1,7,5.0,5.7,+2.0,47,141,63,22,168,80,56.9,45,27,8,33,58,25,24,3,21,28,108,21,0,Matches,2079,1861,210,32,18,43,99,172,6,0,5,0,1777,8,41,7,1,0,38,34,4,99,28,57,0,0,0,160,16,19,45.7,France
Daniel Congré,fr FRA,DF,Montpellier,32,1985,29.3,1059,1277,82.9,19777,7912,436,488,89.3,490,567,86.4,121,190,63.7,0,0.2,0.4,-0.2,6,79,3,2,121,62,52.5,36,24,2,31,59,28,29,16,13,56,118,124,2,Matches,1277,1214,59,44,0,17,15,15,0,0,0,0,1059,4,10,4,0,0,25,26,1,15,56,46,0,0,0,161,70,39,64.2,France
Danijel Milićević,ba BIH,"MF,FW",Metz,31,1986,7.9,215,336,64.0,4096,1239,100,130,76.9,81,108,75.0,33,82,40.2,3,1.9,2.1,+1.1,21,26,12,3,41,8,11.1,0,4,4,1,9,8,5,0,5,3,11,2,0,Matches,336,274,59,22,1,2,63,3,30,14,13,0,215,3,13,0,0,0,5,10,0,63,3,4,1,0,0,35,7,13,35.0,France
Danijel Subašić,hr CRO,GK,Monaco,32,1984,32.7,642,921,69.7,20096,15299,67,68,98.5,313,314,99.7,262,537,48.8,0,0.0,0.0,0.0,1,10,0,0,0,0,0.0,0,0,0,0,2,2,1,0,1,0,0,13,2,Matches,921,561,359,94,0,6,0,0,0,0,0,0,642,1,1,3,0,0,0,5,0,0,0,0,0,0,0,31,8,1,88.9,France
Danilo Avelar,br BRA,DF,Amiens,28,1989,19.2,550,855,64.3,9829,5294,234,275,85.1,242,376,64.4,58,156,37.2,0,0.9,1.1,-0.9,14,57,17,9,76,41,31.1,27,9,5,14,45,31,16,7,9,37,78,83,1,Matches,855,674,175,19,1,5,64,156,0,0,0,0,550,6,17,2,0,0,23,19,1,64,37,33,1,0,0,106,48,25,65.8,France
Dante,br BRA,DF,Nice,33,1983,32.4,2146,2338,91.8,43318,16516,719,754,95.4,1102,1160,95.0,286,365,78.4,0,0.8,0.7,-0.8,6,74,5,0,93,43,58.3,32,10,1,21,36,15,44,25,19,47,90,130,2,Matches,2338,2253,80,73,2,42,1,7,0,0,0,0,2146,5,7,10,1,1,27,25,1,1,47,28,0,0,1,214,62,40,60.8,France
David Alcibiade,fr FRA,DF,Nantes,25,1991,2.3,69,93,74.2,1265,669,27,30,90.0,31,38,81.6,9,22,40.9,1,0.4,0.2,+0.6,2,6,2,1,6,9,50.0,5,3,1,2,4,2,5,3,2,7,16,8,0,Matches,93,74,19,2,1,2,5,17,0,0,0,0,69,0,0,0,0,0,2,2,1,5,7,5,0,0,0,10,5,1,83.3,France
Diafra Sakho,sn SEN,FW,Rennes,27,1989,8.6,93,144,64.6,1023,164,55,80,68.8,18,25,72.0,4,7,57.1,0,0.2,0.2,-0.2,5,7,4,1,7,5,0.0,1,2,2,0,7,7,4,0,4,2,7,11,0,Matches,144,133,9,0,2,0,4,1,0,0,0,0,93,2,8,1,0,0,16,10,9,4,2,4,0,0,0,15,21,47,30.9,France
Diego Benaglio,ch SUI,GK,Monaco,33,1983,2.5,49,65,75.4,1413,1050,7,7,100.0,23,23,100.0,19,35,54.3,0,0.0,0.0,0.0,0,1,0,0,0,0,,0,0,0,0,0,0,0,0,0,0,0,0,0,Matches,65,36,29,6,0,0,0,0,0,0,0,0,49,0,0,0,0,0,0,0,0,0,0,0,0,0,0,3,0,1,0.0,France
Diego Carlos,br BRA,DF,Nantes,24,1993,25.5,681,903,75.4,13623,6542,254,291,87.3,314,357,88.0,98,219,44.7,0,0.5,0.8,-0.5,8,52,2,1,67,70,73.7,51,15,4,28,38,10,50,29,21,29,99,155,3,Matches,903,861,37,35,1,20,4,2,0,0,0,0,681,5,6,7,1,1,36,18,2,4,29,42,0,0,0,136,75,33,69.4,France
Diego Contento,de GER,"DF,MF",Bordeaux,27,1990,1.2,25,32,78.1,398,174,16,17,94.1,6,9,66.7,3,5,60.0,1,0.4,0.2,+0.6,1,1,0,0,1,3,100.0,1,2,0,1,1,0,2,1,1,1,4,9,0,Matches,32,28,4,0,0,0,1,4,0,0,0,0,25,0,1,0,0,0,0,0,0,1,1,0,0,0,0,4,0,2,0.0,France
Dimitri Foulquier,fr FRA,DF,Strasbourg,24,1993,13.8,532,678,78.5,8216,3079,295,335,88.1,181,216,83.8,35,82,42.7,2,1.6,0.9,+0.4,8,36,10,3,52,25,41.2,15,8,2,7,17,10,15,4,11,14,39,33,0,Matches,678,526,151,8,0,3,25,143,0,0,0,0,532,1,24,2,0,0,20,7,1,25,14,12,0,0,0,75,5,8,38.5,France
Dimitri Liénard,fr FRA,"MF,FW",Strasbourg,29,1988,28.9,1196,1678,71.3,23905,6520,505,566,89.2,419,535,78.3,233,488,47.7,5,7.2,5.8,-2.2,61,101,26,18,142,77,35.7,37,32,8,30,84,54,35,2,33,52,129,41,1,Matches,1678,1404,260,107,5,45,266,23,129,63,59,1,1196,14,36,6,0,0,28,37,0,266,52,51,0,0,0,244,9,21,30.0,France
Dimitri Payet,fr FRA,"MF,FW",Marseille,30,1987,26.1,1225,1665,73.6,20226,7263,577,672,85.9,370,506,73.1,165,307,53.7,14,14.4,12.8,-0.4,121,130,70,22,209,22,21.6,5,13,4,8,37,29,19,2,17,19,41,7,1,Matches,1665,1409,247,88,42,17,235,17,127,38,61,2,1225,9,28,6,0,0,17,54,4,235,19,11,3,0,0,134,6,18,25.0,France
Djibril Sidibé,fr FRA,DF,Monaco,25,1992,23.9,1414,1688,83.8,21783,8826,787,867,90.8,518,606,85.5,80,138,58.0,7,4.3,3.0,+2.7,32,112,35,10,187,59,51.1,24,27,8,23,45,22,20,4,16,46,105,52,1,Matches,1688,1404,280,30,4,16,58,249,1,0,0,0,1414,4,32,4,0,0,34,37,0,58,46,39,0,2,0,170,41,21,66.1,France
Driss Khalid,ma MAR,FW,Toulouse,18,1999,0.3,5,8,62.5,48,11,4,4,100.0,1,3,33.3,0,0,,0,0.0,0.0,0.0,0,0,0,0,0,1,,0,0,1,0,0,0,0,0,0,0,1,2,0,Matches,8,8,0,0,0,0,0,0,0,0,0,0,5,0,0,0,0,0,0,0,0,0,0,0,0,0,0,2,1,0,100.0,France
Durel Avounou,cg CGO,"DF,MF",Caen,19,1997,7.2,181,267,67.8,2755,931,102,125,81.6,53,83,63.9,17,41,41.5,0,0.2,0.3,-0.2,3,8,2,1,13,16,29.4,6,9,1,5,17,12,12,1,11,10,26,25,0,Matches,267,230,37,2,0,1,21,35,0,0,0,0,181,0,9,1,0,0,7,5,2,21,10,11,0,0,0,42,5,8,38.5,France
Dylan Bahamboula,cg CGO,"FW,MF",Dijon,22,1995,0.3,10,13,76.9,137,39,5,7,71.4,4,5,80.0,0,0,,0,0.0,0.0,0.0,0,1,0,0,2,0,,0,0,0,0,0,0,0,0,0,0,0,0,0,Matches,13,13,0,0,0,0,1,0,0,0,0,0,10,0,0,0,0,0,2,0,0,1,0,0,0,0,0,1,2,0,100.0,France
Dylan Lempereur,fr FRA,DF,Metz,18,1998,1.6,36,57,63.2,651,378,17,17,100.0,15,27,55.6,4,11,36.4,0,0.0,0.0,0.0,1,3,1,1,5,5,33.3,3,1,1,2,6,4,1,0,1,0,5,6,0,Matches,57,39,18,1,0,1,1,17,0,0,0,0,36,0,2,0,0,0,4,2,0,1,0,3,0,0,0,7,1,4,20.0,France
Dória,br BRA,DF,Marseille,22,1994,0.9,20,28,71.4,421,178,8,10,80.0,9,11,81.8,3,6,50.0,0,0.0,0.0,0.0,0,2,0,0,3,2,,0,2,0,0,0,0,3,1,2,1,3,1,0,Matches,28,26,2,1,0,3,1,1,0,0,0,0,20,0,1,0,0,0,0,0,0,1,1,2,0,0,0,2,1,4,20.0,France
Eden Massouema,cg CGO,"MF,FW",Dijon,20,1997,2.1,51,71,71.8,834,189,26,34,76.5,21,27,77.8,4,6,66.7,0,0.3,0.2,-0.3,2,5,1,0,5,2,100.0,2,0,0,2,2,0,3,0,3,5,7,2,0,Matches,71,69,1,1,1,0,0,0,0,0,0,0,51,1,1,1,0,0,6,2,0,0,5,1,0,0,0,6,4,2,66.7,France
Edgar Ié,gw GNB,DF,Lille,23,1994,35.0,1570,1897,82.8,26677,10566,694,773,89.8,714,808,88.4,114,206,55.3,0,0.5,0.6,-0.5,12,87,8,2,131,74,44.9,55,18,1,31,69,38,57,26,31,84,158,135,3,Matches,1897,1719,172,49,0,4,35,123,0,0,0,0,1570,6,35,6,0,0,29,18,2,35,84,42,0,1,0,234,81,53,60.4,France
Edinson Cavani,uy URU,FW,Paris S-G,30,1987,28.7,414,531,78.0,5540,955,258,306,84.3,101,122,82.8,22,34,64.7,6,6.0,4.2,0.0,36,13,23,0,43,15,12.5,5,4,6,2,16,14,10,1,9,5,20,22,0,Matches,531,470,58,0,8,4,13,6,3,0,0,0,414,3,15,3,0,0,19,20,24,13,5,9,3,0,0,44,8,9,47.1,France
Eiji Kawashima,jp JPN,GK,Metz,34,1983,28.5,503,893,56.3,19623,16915,20,20,100.0,176,181,97.2,307,689,44.6,0,0.0,0.1,0.0,1,9,2,0,0,1,33.3,1,0,0,1,3,2,0,0,0,3,4,9,2,Matches,893,531,361,124,0,1,0,0,0,0,0,0,503,1,2,0,1,0,1,3,0,0,3,1,0,0,0,40,1,3,25.0,France
Ellyes Skhiri,tn TUN,MF,Montpellier,22,1995,33.9,1355,1584,85.5,23643,6048,644,724,89.0,503,565,89.0,166,207,80.2,1,1.4,1.2,-0.4,32,128,18,1,178,89,42.0,34,47,8,37,88,51,59,10,49,77,166,57,4,Matches,1584,1552,28,26,7,27,8,2,0,0,0,0,1355,4,26,8,0,0,37,31,0,8,77,54,0,0,0,225,35,34,50.7,France
Emiliano Sala,ar ARG,FW,Nantes,26,1990,33.7,519,846,61.3,5992,1357,319,464,68.8,103,184,56.0,19,33,57.6,4,2.7,1.7,+1.3,35,37,18,3,67,19,15.2,3,9,7,5,33,28,27,3,24,9,28,50,0,Matches,846,812,23,0,5,1,9,0,0,0,0,0,519,11,35,4,1,1,50,58,32,9,9,11,0,0,0,95,119,200,37.3,France
Emmanuel Bourgaud,fr FRA,"FW,MF",Amiens,29,1987,6.0,198,303,65.3,3508,1333,89,108,82.4,60,92,65.2,30,61,49.2,1,1.8,1.5,-0.8,18,20,7,2,33,17,43.5,5,9,3,10,23,13,5,0,5,6,23,11,0,Matches,303,265,37,10,2,5,36,4,23,13,8,0,198,1,13,0,0,0,7,10,0,36,6,11,0,0,0,47,12,14,46.2,France
Emmanuel Imorou,bj BEN,DF,Caen,28,1988,0.4,15,20,75.0,223,89,6,7,85.7,9,11,81.8,0,0,,0,0.0,0.0,0.0,0,2,0,0,1,0,,0,0,0,0,0,0,0,0,0,1,1,1,0,Matches,20,15,5,0,0,0,2,5,0,0,0,0,15,0,3,0,0,0,0,0,0,2,1,0,0,0,0,2,0,0,,France
Emmanuel Rivière,fr FRA,FW,Metz,27,1990,22.3,425,632,67.2,5989,559,268,371,72.2,120,185,64.9,18,31,58.1,2,2.0,1.0,0.0,17,15,7,0,28,10,8.3,1,6,3,1,12,11,8,0,8,2,12,5,0,Matches,632,584,47,0,2,1,3,0,0,0,0,0,425,1,18,1,0,0,43,16,8,3,2,3,0,0,0,55,101,169,37.4,France
Enock Kwateng,fr FRA,DF,Nantes,20,1997,1.0,26,41,63.4,416,251,11,13,84.6,14,20,70.0,1,6,16.7,0,0.0,0.0,0.0,0,0,0,0,3,8,63.6,6,2,0,7,11,4,2,0,2,1,9,7,0,Matches,41,33,8,0,0,0,0,8,0,0,0,0,26,0,1,0,0,0,0,0,0,0,1,6,0,0,0,10,1,0,100.0,France
Enzo Crivelli,fr FRA,FW,Angers,22,1995,11.4,163,261,62.5,1984,359,118,165,71.5,30,54,55.6,4,8,50.0,1,0.7,0.5,+0.3,12,9,5,1,19,13,20.0,2,6,5,1,5,4,4,0,4,2,15,6,0,Matches,261,248,12,0,1,0,5,0,0,0,0,0,163,1,7,6,1,0,27,20,6,5,2,9,0,0,0,20,49,61,44.5,France
Enzo Crivelli,fr FRA,FW,Caen,22,1995,8.1,84,145,57.9,1040,139,44,73,60.3,25,36,69.4,1,5,20.0,0,0.2,0.3,-0.2,4,4,1,0,6,4,20.0,2,1,1,1,5,4,1,0,1,2,6,2,0,Matches,145,136,9,1,0,1,1,0,0,0,0,0,84,0,5,2,0,0,12,11,3,1,2,2,1,0,0,13,32,38,45.7,France
Enzo Loiodice,fr FRA,MF,Dijon,16,2000,1.9,86,106,81.1,1507,263,35,43,81.4,40,43,93.0,7,12,58.3,0,0.1,0.0,-0.1,1,5,0,0,11,9,57.1,4,5,0,4,7,3,0,0,0,2,11,0,0,Matches,106,106,0,0,0,2,1,0,0,0,0,0,86,0,1,0,0,0,1,2,0,1,2,5,0,0,0,12,2,4,33.3,France
Ernest Seka,gn GUI,DF,Strasbourg,30,1987,24.2,1029,1344,76.6,17245,7368,508,592,85.8,416,523,79.5,88,175,50.3,0,1.0,0.7,-1.0,18,85,12,5,126,60,65.6,41,14,5,40,61,21,25,8,17,51,111,98,1,Matches,1344,1106,237,11,3,3,30,226,0,0,0,0,1029,1,27,4,1,0,29,12,2,30,51,47,0,1,0,132,66,31,68.0,France
Ervin Taha,fr FRA,FW,Bordeaux,18,1999,0.4,11,16,68.8,153,39,8,11,72.7,3,3,100.0,0,1,0.0,0,0.0,0.0,0.0,0,1,0,0,2,1,0.0,0,1,0,0,1,1,0,0,0,0,1,0,0,Matches,16,15,0,0,0,0,1,0,0,0,0,0,11,1,0,0,0,0,0,0,0,1,0,1,0,0,0,0,0,2,0.0,France
Erwin Zelazny,fr FRA,GK,Troyes,25,1991,17.0,377,655,57.6,13744,10439,17,17,100.0,149,149,100.0,211,488,43.2,0,0.0,0.0,0.0,0,11,0,0,0,1,50.0,1,0,0,1,2,1,0,0,0,2,3,10,1,Matches,655,378,276,103,0,1,0,0,0,0,0,0,377,1,0,2,0,0,0,5,0,0,2,1,0,0,0,14,4,2,66.7,France
Ezequiel Ponce,ar ARG,FW,Lille,20,1997,12.2,208,276,75.4,2804,349,121,156,77.6,54,66,81.8,13,18,72.2,1,1.9,1.0,-0.9,12,7,5,0,17,9,0.0,3,5,1,0,7,7,2,1,1,3,12,11,0,Matches,276,241,35,2,1,7,2,2,0,0,0,0,208,0,4,2,0,0,37,11,11,2,3,8,0,0,0,24,28,57,32.9,France
Fabinho,br BRA,MF,Monaco,23,1993,34.0,1715,2003,85.6,32666,9666,702,799,87.9,745,836,89.1,241,305,79.0,3,4.2,3.0,-1.2,36,183,28,1,261,114,42.9,38,67,9,48,112,64,48,13,35,43,157,62,0,Matches,2003,1940,55,50,8,18,10,5,0,0,0,0,1715,8,18,8,0,0,58,66,1,10,43,64,1,0,0,250,94,45,67.6,France
Facundo Píriz,uy URU,MF,Montpellier,27,1990,9.0,373,434,85.9,6089,1518,189,208,90.9,138,152,90.8,33,50,66.0,0,0.1,0.2,-0.1,3,26,0,0,29,25,17.1,9,12,4,6,35,29,10,1,9,18,43,14,0,Matches,434,421,12,8,0,6,2,3,0,0,0,0,373,1,9,4,0,0,13,9,0,2,18,16,0,0,0,66,20,16,55.6,France
Faitout Maouassa,fr FRA,"MF,FW",Rennes,19,1998,9.9,185,264,70.1,2412,699,116,138,84.1,48,72,66.7,7,26,26.9,2,1.5,0.9,+0.5,9,14,5,3,23,6,20.0,2,3,1,2,10,8,12,2,10,6,12,5,0,Matches,264,248,14,3,0,0,33,4,7,5,1,0,185,2,10,1,0,0,12,14,1,33,6,3,0,0,0,34,6,13,31.6,France
Fallou Diagne,sn SEN,"DF,MF",Metz,27,1989,24.9,794,1019,77.9,19726,7477,161,192,83.9,394,469,84.0,238,345,69.0,1,0.4,0.8,+0.6,8,70,2,0,62,33,31.8,21,12,0,7,22,15,33,18,15,46,79,116,3,Matches,1019,973,41,39,0,25,2,1,0,0,0,0,794,5,9,8,2,0,29,5,2,2,46,20,0,0,0,163,62,30,67.4,France
Farid Boulaya,dz ALG,"MF,FW",Metz,24,1993,2.0,65,90,72.2,1328,287,23,31,74.2,32,40,80.0,9,11,81.8,1,0.1,0.2,+0.9,2,10,2,2,7,5,50.0,4,1,0,3,6,3,1,0,1,1,6,2,0,Matches,90,82,8,4,0,3,6,1,3,2,1,0,65,0,7,0,0,0,4,3,0,6,1,1,0,0,0,10,1,0,100.0,France
Farès Bahlouli,fr FRA,"MF,FW",Lille,22,1995,3.4,99,152,65.1,1813,591,48,58,82.8,30,49,61.2,16,31,51.6,0,0.7,0.5,-0.7,11,6,4,2,9,10,28.6,4,3,3,2,7,5,7,0,7,1,11,1,0,Matches,152,124,27,8,0,2,35,0,19,6,12,0,99,1,6,2,0,0,12,10,3,35,1,8,0,0,0,15,1,3,25.0,France
Ferland Mendy,fr FRA,DF,Lyon,22,1995,23.6,1341,1575,85.1,19206,5697,803,862,93.2,428,511,83.8,65,103,63.1,5,2.4,2.3,+2.6,27,85,25,10,131,45,64.5,29,13,3,20,31,11,18,5,13,25,70,43,0,Matches,1575,1339,230,21,0,4,58,209,0,0,0,0,1341,6,37,4,0,0,30,46,0,58,25,28,1,3,0,149,37,25,59.7,France
Fernando Marçal,br BRA,DF,Lyon,28,1989,14.4,828,1003,82.6,12796,4153,473,508,93.1,276,345,80.0,64,100,64.0,3,1.4,1.3,+1.6,17,33,8,3,69,34,48.3,22,8,4,14,29,15,14,6,8,26,60,69,0,Matches,1003,838,158,26,0,1,27,132,0,0,0,0,828,7,19,1,0,0,16,25,1,27,26,20,0,1,0,81,28,19,59.6,France
Flavien Tait,fr FRA,MF,Angers,24,1993,24.8,692,980,70.6,10610,3380,398,477,83.4,192,279,68.8,69,124,55.6,3,5.3,4.1,-2.3,37,65,29,7,103,50,23.1,26,18,6,18,78,60,43,4,39,20,70,17,1,Matches,980,902,73,15,10,4,102,17,39,20,16,0,692,5,40,4,1,1,29,50,3,102,20,36,0,0,0,160,2,17,10.5,France
Florent Balmont,fr FRA,MF,Dijon,37,1980,9.6,430,525,81.9,6716,2036,220,238,92.4,160,191,83.8,30,65,46.2,3,1.7,1.7,+1.3,7,39,8,3,75,14,16.0,4,9,1,4,25,21,15,1,14,8,22,5,0,Matches,525,493,31,20,1,5,18,6,3,0,2,1,430,1,9,3,0,0,9,16,0,18,8,9,0,0,0,78,0,2,0.0,France
Florent Mollet,fr FRA,"MF,FW",Metz,25,1991,15.7,577,718,80.4,10883,2527,255,285,89.5,227,270,84.1,88,136,64.7,1,1.3,1.5,-0.3,20,74,6,3,65,25,12.0,10,12,3,3,25,22,8,1,7,11,36,8,0,Matches,718,641,74,35,2,20,71,6,31,17,12,0,577,3,18,5,0,0,33,26,3,71,11,18,0,0,0,86,5,19,20.8,France
Florentin Pogba,gn GUI,DF,Saint-Étienne,26,1990,3.6,119,154,77.3,2268,1118,47,51,92.2,53,65,81.5,18,36,50.0,0,0.2,0.1,-0.2,2,9,3,3,13,6,60.0,4,2,0,3,5,2,2,2,0,1,7,12,0,Matches,154,134,20,6,0,3,10,14,0,0,0,0,119,0,1,1,0,0,2,3,1,10,1,0,0,1,0,24,7,1,87.5,France
Florian Thauvin,fr FRA,FW,Marseille,24,1993,32.8,1314,1838,71.5,17574,5783,753,865,87.1,299,435,68.7,92,245,37.6,11,12.2,9.8,-1.2,77,135,58,17,210,44,32.6,16,20,8,15,46,31,22,1,21,17,61,20,0,Matches,1838,1669,156,38,29,18,203,19,75,52,8,2,1314,13,65,7,0,0,26,52,18,203,17,28,1,0,0,150,15,31,32.6,France
Fodé Ballo-Touré,sn SEN,DF,Lille,20,1997,22.8,1017,1228,82.8,13958,4654,618,679,91.0,306,372,82.3,37,68,54.4,0,0.7,0.5,-0.7,7,52,11,5,72,50,44.7,29,16,5,21,47,26,27,2,25,28,78,47,1,Matches,1228,994,233,19,0,2,44,213,1,0,0,0,1017,1,38,5,1,0,29,19,7,44,28,36,0,2,1,132,26,30,46.4,France
Fouad Chafik,ma MAR,DF,Dijon,30,1986,17.9,654,888,73.6,10404,4333,356,404,88.1,229,315,72.7,50,122,41.0,2,1.8,1.3,+0.2,15,44,21,12,59,58,57.1,31,19,8,20,35,15,17,1,16,33,91,46,1,Matches,888,676,211,13,0,3,39,198,0,0,0,0,654,1,18,4,0,0,20,18,2,39,33,49,0,1,0,97,25,28,47.2,France
Franck Tabanou,fr FRA,DF,Guingamp,28,1989,11.6,458,627,73.0,8277,3662,206,226,91.2,176,245,71.8,61,116,52.6,2,1.2,1.5,+0.8,9,34,10,7,43,23,38.5,17,5,1,10,26,16,5,3,2,26,49,48,0,Matches,627,467,156,21,0,5,53,133,2,1,1,0,458,4,16,5,0,0,18,15,3,53,26,17,0,0,0,56,21,19,52.5,France
François Bellugou,fr FRA,MF,Troyes,30,1987,24.2,789,1000,78.9,14366,3771,336,395,85.1,331,379,87.3,95,163,58.3,0,0.2,0.4,-0.2,6,61,4,0,84,48,42.9,23,21,4,21,49,28,20,6,14,28,76,45,0,Matches,1000,982,15,15,2,15,4,0,0,0,0,0,789,3,19,6,1,0,31,12,0,4,28,33,0,0,0,149,49,52,48.5,France
François Kamano,gn GUI,FW,Bordeaux,21,1996,22.4,529,686,77.1,7079,1297,326,382,85.3,146,181,80.7,20,45,44.4,4,2.6,2.7,+1.4,27,19,19,5,52,32,28.6,11,14,7,10,35,25,18,2,16,15,47,8,0,Matches,686,665,19,4,4,5,60,3,10,7,1,0,529,2,24,4,0,0,38,36,16,60,15,24,2,0,0,110,12,24,33.3,France
François Moubandje,ch SUI,DF,Toulouse,27,1990,18.9,636,890,71.5,10926,4987,316,369,85.6,258,335,77.0,56,146,38.4,0,0.5,0.6,-0.5,8,64,7,4,80,28,29.4,20,7,1,10,34,24,23,7,16,27,55,75,0,Matches,890,674,213,16,1,4,38,197,0,0,0,0,636,3,31,6,1,1,22,15,1,38,27,15,0,0,0,104,44,18,71.0,France
Frederic Guilbert,fr FRA,DF,Caen,22,1994,36.0,1064,1554,68.5,19275,8006,482,572,84.3,419,600,69.8,132,262,50.4,2,1.7,2.0,+0.3,16,81,29,20,124,136,47.6,71,58,7,50,105,55,43,13,30,88,224,136,0,Matches,1554,1179,368,6,0,14,125,362,0,0,0,0,1064,7,57,12,0,0,58,37,1,125,88,89,0,0,0,219,97,66,59.5,France
Frédéric Sammaritano,fr FRA,"FW,MF",Dijon,31,1986,15.9,466,608,76.6,7135,1978,269,308,87.3,130,165,78.8,44,68,64.7,4,2.3,1.9,+1.7,24,46,21,7,76,29,27.8,17,9,3,10,36,26,14,0,14,5,34,15,0,Matches,608,584,21,9,1,4,45,5,7,5,1,0,466,3,29,1,0,0,14,22,5,45,5,25,0,0,0,92,3,23,11.5,France
Félix Eboa Eboa,cm CMR,DF,Guingamp,20,1997,16.9,556,719,77.3,10631,4112,212,248,85.5,251,306,82.0,81,133,60.9,0,0.5,0.4,-0.5,4,27,4,1,53,19,50.0,12,7,0,8,16,8,21,11,10,39,58,119,2,Matches,719,646,71,16,0,4,13,55,0,0,0,0,556,2,14,2,0,0,16,8,0,13,39,11,0,1,0,89,63,32,66.3,France
Gabriel Boschilia,br BRA,"FW,MF",Monaco,21,1996,0.9,34,43,79.1,449,69,25,28,89.3,6,8,75.0,3,6,50.0,0,0.1,0.0,-0.1,2,1,0,0,3,4,25.0,1,2,1,1,4,3,1,0,1,0,4,0,0,Matches,43,42,1,0,1,0,1,1,0,0,0,0,34,0,1,0,0,0,1,3,0,1,0,1,0,0,0,7,0,2,0.0,France
Gabriel Magalhães,br BRA,DF,Troyes,19,1997,0.9,31,42,73.8,785,256,9,12,75.0,12,14,85.7,10,16,62.5,0,0.0,0.2,0.0,0,2,0,0,5,1,0.0,1,0,0,0,1,1,2,1,1,0,1,4,1,Matches,42,41,1,1,1,1,0,0,0,0,0,0,31,0,0,1,0,0,1,1,0,0,0,1,0,0,0,2,0,1,0.0,France
Gabriel Silva,br BRA,DF,Saint-Étienne,26,1991,23.1,891,1128,79.0,14300,5362,505,545,92.7,286,370,77.3,81,142,57.0,2,0.8,1.0,+1.2,16,61,24,7,95,28,61.3,19,4,5,19,31,12,21,6,15,37,65,83,1,Matches,1128,838,285,28,0,7,54,257,0,0,0,0,891,5,38,2,1,0,34,44,3,54,37,20,1,0,0,112,27,29,48.2,France
Gauthier Hein,fr FRA,FW,Metz,20,1996,0.9,39,43,90.7,723,122,10,10,100.0,27,28,96.4,2,4,50.0,0,0.0,0.0,0.0,1,2,0,0,4,2,50.0,2,0,0,2,4,2,1,0,1,2,4,1,0,Matches,43,41,2,0,0,0,2,2,0,0,0,0,39,0,1,0,0,0,0,1,0,2,2,2,0,0,0,6,0,2,0.0,France
Gaël Kakuta,cd COD,"MF,FW",Amiens,26,1991,34.3,895,1420,63.0,13653,5230,484,618,78.3,254,384,66.1,89,229,38.9,6,6.1,7.0,-0.1,64,112,37,13,151,54,22.5,14,27,13,9,40,31,33,3,30,26,80,19,0,Matches,1420,1241,162,64,10,8,173,9,82,24,43,0,895,17,54,3,0,0,17,63,7,173,26,32,0,0,0,203,45,103,30.4,France
Gaëtan Laborde,fr FRA,FW,Bordeaux,23,1994,10.6,158,254,62.2,1978,236,95,137,69.3,43,69,62.3,5,10,50.0,0,0.4,0.5,-0.4,8,5,4,1,16,9,28.6,1,6,2,2,7,5,8,2,6,1,10,7,1,Matches,254,235,18,0,0,0,12,0,0,0,0,0,158,1,12,1,0,0,20,16,6,12,1,7,0,0,0,42,47,64,42.3,France
Georges Gope-Fenepej,nc NCL,FW,Amiens,28,1988,0.5,11,18,61.1,101,45,11,16,68.8,0,0,,0,1,0.0,0,0.0,0.0,0.0,1,0,2,1,1,0,,0,0,0,0,0,0,0,0,0,0,0,0,0,Matches,18,18,0,0,2,0,1,0,0,0,0,0,11,0,1,0,0,0,2,0,0,1,0,0,0,0,0,1,0,1,0.0,France
Georges Mandjeck,cm CMR,"MF,DF",Metz,28,1988,10.8,342,437,78.3,6683,2366,131,165,79.4,163,188,86.7,47,80,58.8,1,0.2,0.4,+0.8,6,52,5,0,58,25,44.4,8,16,1,8,18,10,9,3,6,18,43,21,1,Matches,437,431,5,4,1,4,0,1,0,0,0,0,342,1,7,5,0,0,30,16,0,0,18,14,0,1,0,72,34,21,61.8,France
Gerzino Nyamsi,fr FRA,DF,Rennes,20,1997,3.0,68,84,81.0,1410,633,19,23,82.6,35,38,92.1,13,22,59.1,0,0.0,0.0,0.0,0,4,0,0,9,4,0.0,4,0,0,0,3,3,2,2,0,3,7,18,2,Matches,84,81,3,3,0,0,0,0,0,0,0,0,68,0,0,0,0,0,3,1,0,0,3,2,0,0,0,13,13,3,81.3,France
Gerónimo Poblete,ar ARG,MF,Metz,24,1993,18.4,761,861,88.4,15058,4603,300,328,91.5,343,366,93.7,115,152,75.7,0,0.3,0.6,-0.3,8,94,5,1,89,58,37.9,23,29,6,25,66,41,19,0,19,24,82,22,1,Matches,861,846,14,10,4,25,5,3,0,0,0,0,761,1,10,1,0,0,23,30,0,5,24,37,0,0,0,127,11,24,31.4,France
Giannelli Imbula,cd COD,MF,Toulouse,24,1992,24.9,1055,1232,85.6,18051,5126,506,543,93.2,424,475,89.3,102,164,62.2,1,2.1,2.4,-1.1,25,124,13,3,159,29,24.1,10,15,4,7,29,22,17,2,15,20,49,13,3,Matches,1232,1150,77,36,5,8,43,6,30,17,11,1,1055,5,18,4,0,0,22,52,1,43,20,19,0,0,0,177,17,19,47.2,France
Gil Bastião Dias,pt POR,MF,Monaco,20,1996,0.1,1,1,100.0,12,6,1,1,100.0,0,0,,0,0,,0,0.0,0.0,0.0,0,0,0,0,0,1,,0,1,0,0,0,0,0,0,0,0,1,0,0,Matches,1,1,0,0,0,0,0,0,0,0,0,0,1,0,0,0,0,0,0,0,0,0,0,1,0,0,0,0,0,0,,France
Gilles Sunu,tg TOG,"MF,FW",Angers,26,1991,7.3,194,257,75.5,2718,706,119,141,84.4,57,78,73.1,11,18,61.1,0,0.6,0.6,-0.6,7,19,9,3,30,4,0.0,1,3,0,0,4,4,7,0,7,3,7,3,0,Matches,257,246,10,2,0,2,19,5,0,0,0,0,194,1,12,4,0,0,13,16,2,19,3,4,0,0,0,30,16,22,42.1,France
Giovani Lo Celso,ar ARG,MF,Paris S-G,21,1996,19.7,1434,1602,89.5,23460,5116,664,719,92.4,505,544,92.8,156,179,87.2,3,1.9,2.7,+1.1,18,102,30,2,147,77,35.1,26,36,15,26,74,48,30,5,25,19,96,12,1,Matches,1602,1549,48,31,18,11,15,8,9,2,4,0,1434,5,30,2,0,0,21,41,0,15,19,58,1,0,0,151,5,13,27.8,France
Giovanni Sio,ci CIV,FW,Montpellier,28,1989,24.4,421,635,66.3,5650,1128,260,346,75.1,115,178,64.6,17,33,51.5,3,2.9,2.2,+0.1,21,32,20,4,57,14,0.0,2,9,3,0,20,20,11,0,11,6,20,23,1,Matches,635,591,42,0,2,4,30,3,0,0,0,0,421,2,31,5,1,0,58,41,27,30,6,8,0,0,0,68,80,67,54.4,France
Gonçalo Guedes,pt POR,FW,Paris S-G,20,1996,0.1,2,2,100.0,17,1,2,2,100.0,0,0,,0,0,,0,0.0,0.0,0.0,0,0,0,0,0,0,,0,0,0,0,0,0,0,0,0,0,0,0,0,Matches,2,2,0,0,0,0,0,0,0,0,0,0,2,0,0,0,0,0,0,0,0,0,0,0,0,0,0,0,0,0,,France
Grégory Sertic,fr FRA,"DF,MF",Marseille,27,1989,3.9,171,196,87.2,2929,1065,71,74,95.9,72,75,96.0,18,29,62.1,0,0.1,0.2,-0.1,1,12,1,0,9,5,33.3,3,2,0,2,6,4,8,7,1,6,11,23,0,Matches,196,190,5,5,1,1,0,0,0,0,0,0,171,1,3,1,0,0,10,3,0,0,6,3,0,1,0,19,9,6,60.0,France
Guessouma Fofana,mr MTN,MF,Amiens,24,1992,8.3,177,246,72.0,2895,885,91,113,80.5,58,78,74.4,19,36,52.8,0,0.1,0.1,-0.1,3,22,0,0,30,20,46.2,8,12,0,6,13,7,7,1,6,12,32,11,0,Matches,246,244,1,1,1,2,7,0,0,0,0,0,177,1,2,3,1,0,20,8,0,7,12,13,0,0,0,52,14,16,46.7,France
Guido Carrillo,ar ARG,FW,Monaco,26,1991,4.7,60,96,62.5,602,77,41,52,78.8,10,21,47.6,0,3,0.0,0,0.1,0.1,-0.1,3,5,0,0,6,3,0.0,0,2,1,0,4,4,3,1,2,0,3,8,0,Matches,96,91,4,0,0,0,0,0,0,0,0,0,60,1,1,0,0,0,8,8,0,0,0,1,1,0,0,12,30,23,56.6,France
Guillaume Gillet,be BEL,MF,Nantes,33,1984,0.2,12,12,100.0,171,33,10,10,100.0,1,1,100.0,1,1,100.0,0,0.0,0.0,0.0,0,1,1,0,1,0,,0,0,0,0,0,0,1,1,0,0,0,0,0,Matches,12,12,0,0,0,0,0,0,0,0,0,0,12,0,0,1,0,0,1,0,0,0,0,0,0,0,0,0,0,0,,France
Guy Ngosso,cm CMR,MF,Amiens,32,1985,6.8,287,337,85.2,5808,1969,109,123,88.6,127,142,89.4,46,63,73.0,0,0.2,0.4,-0.2,3,33,3,0,53,8,20.0,4,4,0,4,20,16,5,3,2,9,17,19,0,Matches,337,331,5,4,1,7,0,1,0,0,0,0,287,1,1,3,0,0,11,7,0,0,9,5,0,0,0,44,9,10,47.4,France
Habib Diallo,sn SEN,"FW,MF",Metz,22,1995,0.2,3,4,75.0,37,13,3,4,75.0,0,0,,0,0,,0,0.0,0.0,0.0,0,1,0,0,1,0,,0,0,0,0,0,0,0,0,0,0,0,0,0,Matches,4,4,0,0,0,0,0,0,0,0,0,0,3,0,0,0,0,0,0,0,0,0,0,0,0,0,0,0,1,0,100.0,France
Habib Maïga,ci CIV,"MF,DF",Saint-Étienne,21,1996,7.9,272,364,74.7,4522,1600,134,146,91.8,111,150,74.0,23,45,51.1,0,0.6,0.6,-0.6,6,32,3,1,45,29,40.0,16,10,3,12,30,18,8,4,4,19,48,10,0,Matches,364,335,24,1,1,1,16,22,0,0,0,0,272,5,10,2,0,0,23,9,0,16,19,18,0,0,0,75,7,12,36.8,France
Hamari Traoré,ml MLI,DF,Rennes,25,1992,29.3,1348,1752,76.9,22577,9677,677,757,89.4,506,656,77.1,128,247,51.8,1,1.3,2.2,-0.3,19,113,21,7,134,79,62.1,43,31,5,41,66,25,31,12,19,61,140,117,0,Matches,1752,1394,351,35,2,14,63,316,0,0,0,0,1348,7,37,10,0,0,42,37,2,63,61,55,0,0,0,190,55,42,56.7,France
Hamza Mendyl,ma MAR,"DF,MF",Lille,19,1997,9.5,318,413,77.0,4864,1666,162,182,89.0,116,138,84.1,21,51,41.2,0,0.9,0.8,-0.9,3,13,6,1,20,18,55.0,12,6,0,11,20,9,5,0,5,17,35,26,0,Matches,413,335,76,3,0,1,33,73,0,0,0,0,318,2,13,2,1,0,11,3,0,33,17,10,0,1,0,45,6,9,40.0,France
Harrison Manzala,cd COD,"FW,MF",Amiens,23,1994,20.7,486,678,71.7,6580,1370,301,361,83.4,132,189,69.8,21,49,42.9,3,1.6,1.9,+1.4,8,21,9,5,36,32,32.0,16,9,7,8,25,17,22,3,19,18,50,15,0,Matches,678,659,16,1,2,2,53,14,1,0,0,0,486,3,31,3,0,0,15,22,4,53,18,23,0,0,0,134,11,23,32.4,France
Henri Bedimo,cm CMR,"DF,FW",Marseille,33,1984,0.5,21,25,84.0,294,73,13,14,92.9,7,8,87.5,0,2,0.0,0,0.0,0.0,0.0,0,1,0,0,2,0,0.0,0,0,0,0,1,1,0,0,0,1,1,1,0,Matches,25,21,4,2,0,0,0,2,0,0,0,0,21,0,0,0,0,0,0,0,0,0,1,0,0,0,0,1,1,0,100.0,France
Hernani,br BRA,"MF,FW",Saint-Étienne,23,1994,6.0,235,314,74.8,4983,1482,86,102,84.3,97,123,78.9,50,69,72.5,0,1.9,1.0,-1.9,13,25,4,1,36,21,45.5,9,9,3,10,22,12,15,2,13,6,27,5,0,Matches,314,268,43,13,1,11,40,3,25,11,11,1,235,3,10,2,2,1,16,4,1,40,6,13,0,0,0,32,13,11,54.2,France
Hervé Bazile,ht HAI,"MF,FW",Caen,27,1990,9.7,178,320,55.6,3158,894,95,112,84.8,55,97,56.7,25,86,29.1,1,1.1,1.1,-0.1,14,15,9,7,18,21,33.3,9,7,5,5,15,10,22,0,22,15,36,8,0,Matches,320,275,44,9,0,7,107,1,34,22,12,0,178,1,15,1,0,0,15,15,5,107,15,15,0,0,0,53,4,10,28.6,France
Hervé Koffi,bf BFA,GK,Lille,20,1996,4.0,88,125,70.4,2676,2198,9,9,100.0,46,46,100.0,32,67,47.8,0,0.0,0.0,0.0,0,3,0,0,0,0,,0,0,0,0,0,0,0,0,0,1,1,1,1,Matches,125,79,44,9,0,0,0,0,0,0,0,0,88,2,0,0,0,0,0,2,0,0,1,0,0,0,0,11,3,0,100.0,France
Hicham Mahou,fr FRA,"MF,FW",Nice,18,1999,0.6,21,27,77.8,329,46,10,12,83.3,8,9,88.9,1,3,33.3,0,0.0,0.1,0.0,0,1,1,0,2,1,33.3,1,0,0,1,3,2,0,0,0,3,4,0,0,Matches,27,26,1,0,0,0,1,1,0,0,0,0,21,0,1,0,0,0,1,0,0,1,3,1,0,0,0,3,0,1,0.0,France
Hiroki Sakai,jp JPN,DF,Marseille,27,1990,28.0,1248,1560,80.0,15932,6360,760,832,91.3,323,430,75.1,46,111,41.4,3,1.4,1.6,+1.6,14,44,15,3,112,66,65.3,30,30,6,32,49,17,32,7,25,45,111,90,1,Matches,1560,1258,300,12,2,1,46,288,0,0,0,0,1248,2,42,1,0,0,24,27,2,46,45,45,0,1,0,126,61,39,61.0,France
Houssem Aouar,dz ALG,"MF,FW",Lyon,19,1998,27.0,1331,1571,84.7,20059,5306,718,800,89.8,467,527,88.6,81,124,65.3,5,4.5,2.6,+0.5,37,137,19,1,195,66,30.3,22,39,5,20,66,46,30,0,30,39,105,34,0,Matches,1571,1532,35,25,7,7,14,2,8,5,2,0,1331,4,28,1,0,0,20,46,6,14,39,42,0,0,0,198,22,30,42.3,France
Ibrahim Amadou,fr FRA,"MF,DF",Lille,24,1993,26.7,1378,1581,87.2,26996,9158,483,522,92.5,688,748,92.0,187,260,71.9,0,0.4,0.5,-0.4,10,96,4,1,114,43,51.9,24,19,0,14,27,13,30,13,17,41,84,70,3,Matches,1581,1544,33,33,1,23,4,0,0,0,0,0,1378,4,18,3,1,0,23,17,0,4,41,29,0,1,0,177,33,27,55.0,France
Ibrahim Sangaré,ci CIV,MF,Toulouse,19,1997,17.6,609,829,73.5,11514,3818,253,307,82.4,239,310,77.1,95,163,58.3,2,1.4,1.3,+0.6,19,98,8,1,126,72,42.0,35,34,3,29,69,40,33,7,26,24,96,19,1,Matches,829,805,23,13,7,10,15,6,0,0,0,0,609,1,18,5,0,0,39,22,0,15,24,47,0,1,0,145,28,25,52.8,France
Ibrahima Niane,sn SEN,"FW,MF",Metz,18,1999,9.4,191,269,71.0,2819,634,102,134,76.1,71,93,76.3,9,21,42.9,1,1.1,1.1,-0.1,9,19,5,3,21,6,25.0,4,1,1,2,8,6,6,0,6,4,10,8,0,Matches,269,263,5,1,0,2,15,1,0,0,0,0,191,1,9,1,0,0,14,28,2,15,4,5,0,0,0,44,28,36,43.8,France
Idriss Saadi,dz ALG,FW,Strasbourg,25,1992,10.5,136,211,64.5,1747,376,81,106,76.4,34,59,57.6,8,18,44.4,0,0.5,0.8,-0.5,7,8,10,4,15,6,18.2,2,3,1,2,11,9,3,2,1,5,11,1,0,Matches,211,182,29,0,1,0,19,0,1,0,1,0,136,0,11,1,0,0,10,5,6,19,5,5,0,0,0,28,9,25,26.5,France
Ignatius Ganago,cm CMR,"FW,MF",Nice,18,1999,0.8,13,19,68.4,175,5,5,8,62.5,4,5,80.0,1,1,100.0,0,0.0,0.0,0.0,1,0,0,0,0,0,0.0,0,0,0,0,2,2,1,0,1,0,0,1,0,Matches,19,19,0,0,0,0,0,0,0,0,0,0,13,0,0,1,0,0,4,1,0,0,0,0,0,0,0,1,3,3,50.0,France
Igor Lewczuk,pl POL,DF,Bordeaux,32,1985,4.9,152,191,79.6,2490,1032,75,79,94.9,60,81,74.1,11,23,47.8,0,0.7,1.0,-0.7,6,6,5,3,11,9,50.0,5,3,1,3,6,3,2,2,0,7,16,11,0,Matches,191,163,28,5,0,1,11,23,0,0,0,0,152,0,1,3,0,0,17,2,0,11,7,7,0,1,0,14,3,6,33.3,France
Ihsan Sacko,fr FRA,"FW,MF",Nice,20,1997,2.9,67,87,77.0,975,157,42,49,85.7,22,24,91.7,2,5,40.0,1,0.6,0.2,+0.4,2,3,1,0,5,1,0.0,0,1,0,0,1,1,1,0,1,2,3,1,0,Matches,87,85,1,1,1,0,1,0,0,0,0,0,67,1,5,1,0,0,3,10,1,1,2,1,0,0,0,11,1,7,12.5,France
Ihsan Sacko,fr FRA,"FW,MF",Strasbourg,20,1997,7.9,140,199,70.4,1952,361,80,100,80.0,43,62,69.4,6,15,40.0,0,0.7,1.0,-0.7,5,6,3,0,13,10,20.0,6,0,4,2,10,8,2,0,2,5,15,6,0,Matches,199,189,8,0,1,1,6,3,0,0,0,0,140,2,8,1,0,0,10,14,2,6,5,8,0,0,0,42,13,20,39.4,France
Imad Faraj,ma MAR,"MF,DF",Lille,18,1999,1.8,60,81,74.1,847,290,37,41,90.2,17,27,63.0,3,7,42.9,1,1.0,0.5,0.0,3,5,3,2,6,5,50.0,2,1,2,4,8,4,1,0,1,4,9,3,0,Matches,81,71,10,0,0,0,7,10,0,0,0,0,60,0,2,0,0,0,1,3,1,7,4,2,0,0,0,9,2,3,40.0,France
Isaac Mbenza,be BEL,"FW,MF",Montpellier,21,1996,23.3,424,652,65.0,7259,1410,230,283,81.3,123,188,65.4,57,126,45.2,0,1.6,1.4,-1.6,29,27,9,5,45,16,37.5,4,8,4,6,16,10,8,1,7,4,20,5,0,Matches,652,566,82,32,1,4,122,2,43,10,30,0,424,4,26,4,0,0,12,19,13,122,4,11,0,0,0,69,7,11,38.9,France
Ismaila Sarr,sn SEN,"FW,MF",Rennes,19,1998,20.6,328,441,74.4,4116,943,199,239,83.3,86,121,71.1,12,25,48.0,3,2.8,2.2,+0.2,17,17,14,3,34,20,24.1,5,10,5,7,29,22,17,0,17,9,29,3,1,Matches,441,431,9,1,2,0,35,2,0,0,0,0,328,1,18,2,0,0,21,64,20,35,9,10,2,0,0,92,11,32,25.6,France
Ismaël Diomandé,ci CIV,"DF,MF",Caen,24,1992,7.9,231,275,84.0,4995,1950,83,87,95.4,100,114,87.7,45,68,66.2,1,0.5,0.2,+0.5,1,23,2,1,27,14,66.7,7,6,1,10,15,5,11,5,6,5,19,20,0,Matches,275,270,3,3,0,7,2,0,0,0,0,0,231,2,0,1,1,0,9,2,0,2,5,8,0,1,0,51,7,7,50.0,France
Ismaël Traoré,ci CIV,DF,Angers,30,1986,31.7,932,1118,83.4,19655,7773,246,271,90.8,546,602,90.7,132,212,62.3,1,0.3,0.2,+0.7,4,32,3,1,42,54,48.3,40,13,1,14,29,15,25,10,15,52,106,132,2,Matches,1118,1086,27,26,0,2,3,1,0,0,0,0,932,5,17,2,0,0,25,4,0,3,52,32,0,1,1,199,41,36,53.2,France
Issa Cissokho,sn SEN,DF,Amiens,32,1985,18.1,610,805,75.8,10340,4442,305,337,90.5,246,326,75.5,50,116,43.1,0,0.4,0.5,-0.4,10,39,9,7,49,31,56.3,22,9,0,18,32,14,18,8,10,34,65,87,1,Matches,805,615,186,30,0,5,30,156,0,0,0,0,610,4,9,3,0,0,16,19,0,30,34,23,0,0,0,110,16,26,38.1,France
Issa Diop,fr FRA,DF,Toulouse,20,1997,34.0,989,1247,79.3,20054,8739,325,371,87.6,517,598,86.5,136,248,54.8,0,0.6,0.8,-0.6,5,91,4,2,106,58,43.8,35,22,1,21,48,27,38,25,13,76,134,128,0,Matches,1247,1167,76,74,0,14,2,2,0,0,0,0,989,4,14,8,0,0,31,24,1,2,76,43,0,0,1,200,57,36,61.3,France
Issiaga Sylla,gn GUI,"DF,FW",Toulouse,23,1994,17.8,606,857,70.7,10176,4446,283,344,82.3,260,353,73.7,47,109,43.1,3,2.0,2.0,+1.0,20,75,21,16,105,44,40.4,22,16,6,19,47,28,31,4,27,34,78,65,1,Matches,857,695,155,15,0,3,73,139,1,0,1,0,606,7,25,5,0,0,25,12,4,73,34,32,0,0,0,108,48,31,60.8,France
Ivan Santini,hr CRO,FW,Caen,28,1989,30.9,452,717,63.0,5861,897,269,400,67.3,124,189,65.6,17,27,63.0,1,1.4,1.2,-0.4,24,29,4,0,45,19,13.8,5,8,6,4,29,25,13,5,8,4,23,33,0,Matches,717,695,20,0,2,1,4,1,0,0,0,0,452,2,20,3,0,0,79,53,18,4,4,12,2,0,0,70,111,164,40.4,France
Iván Balliu,al ALB,DF,Metz,25,1992,21.7,918,1205,76.2,16923,8007,409,459,89.1,409,513,79.7,95,194,49.0,1,1.0,1.5,0.0,10,120,24,5,137,34,42.9,22,6,6,12,28,16,23,9,14,27,61,64,1,Matches,1205,944,260,15,0,9,51,245,0,0,0,0,918,1,45,6,0,0,23,35,2,51,27,22,0,0,0,112,25,23,52.1,France
James Lea Siliki,cm CMR,MF,Rennes,21,1996,20.2,548,759,72.2,10041,2636,241,293,82.3,196,244,80.3,78,144,54.2,2,3.0,2.4,-1.0,20,80,13,7,89,31,14.6,9,19,3,6,41,35,21,1,20,18,49,14,1,Matches,759,704,42,16,7,14,59,2,16,9,2,0,548,13,23,6,1,1,38,49,0,59,18,21,3,0,0,112,20,20,50.0,France
Jan Repas,si SVN,"MF,FW",Caen,20,1997,10.0,166,237,70.0,2621,636,83,107,77.6,60,79,75.9,12,21,57.1,0,0.6,0.3,-0.6,10,19,5,0,25,14,22.2,5,5,4,4,18,14,10,0,10,7,21,3,0,Matches,237,223,13,0,0,3,16,5,0,0,0,0,166,1,9,1,0,0,19,19,0,16,7,11,0,1,0,47,8,22,26.7,France
Jaroslav Plašil,cz CZE,MF,Bordeaux,35,1982,11.6,582,671,86.7,9422,2809,283,317,89.3,227,250,90.8,44,56,78.6,1,1.5,0.8,-0.5,14,56,11,3,77,24,22.6,7,17,0,7,31,24,18,6,12,21,45,15,0,Matches,671,650,18,14,5,3,9,1,2,2,0,0,582,3,8,2,0,0,13,15,0,9,21,14,0,0,0,88,7,10,41.2,France
Javier Pastore,ar ARG,"MF,FW",Paris S-G,28,1989,15.0,827,1018,81.2,11340,3211,479,544,88.1,238,284,83.8,44,77,57.1,5,3.8,3.6,+1.2,26,85,33,3,96,33,21.7,9,16,8,5,23,18,13,0,13,10,43,14,1,Matches,1018,981,30,18,24,4,11,5,7,1,0,0,827,7,25,2,0,0,13,13,2,11,10,21,0,0,0,70,4,8,33.3,France
Jean Seri,ci CIV,MF,Nice,26,1991,29.1,2452,2773,88.4,43826,10990,1092,1173,93.1,1008,1089,92.6,287,395,72.7,6,4.9,3.7,+1.1,66,174,20,4,200,25,16.1,9,12,4,9,56,47,16,4,12,26,51,15,4,Matches,2773,2584,182,105,5,27,88,3,74,30,34,1,2452,7,25,5,0,0,26,61,0,88,26,14,2,0,0,187,12,15,44.4,France
Jean-Christophe Bouet,fr FRA,GK,Amiens,34,1983,1.0,15,30,50.0,594,547,0,0,,6,6,100.0,9,24,37.5,0,0.0,0.0,0.0,0,0,0,0,0,0,,0,0,0,0,0,0,0,0,0,0,0,0,0,Matches,30,15,15,2,0,0,0,0,0,0,0,0,15,0,0,0,0,0,0,1,0,0,0,0,0,0,0,0,0,0,,France
Jean-Eudes Aholou,ci CIV,MF,Strasbourg,23,1994,33.4,1162,1359,85.5,20915,5421,495,555,89.2,473,526,89.9,146,196,74.5,0,1.0,0.8,-1.0,13,101,5,0,131,70,30.9,32,37,1,17,55,38,29,7,22,75,145,58,1,Matches,1359,1332,22,19,4,18,5,3,0,0,0,0,1162,5,14,4,0,0,46,49,1,5,75,34,0,0,0,261,48,47,50.5,France
Jean-Luc Dompé,fr FRA,FW,Amiens,21,1995,0.3,8,18,44.4,132,24,5,8,62.5,2,5,40.0,1,3,33.3,0,0.1,0.0,-0.1,1,0,0,0,0,0,,0,0,0,0,0,0,0,0,0,0,0,0,0,Matches,18,14,4,0,0,0,5,1,3,0,3,0,8,0,1,0,0,0,0,0,0,5,0,0,0,0,0,2,0,0,,France
Jean-Victor Makengo,fr FRA,"FW,MF",Nice,19,1998,2.7,96,110,87.3,1402,257,60,65,92.3,29,34,85.3,4,7,57.1,0,0.0,0.1,0.0,0,5,1,0,11,4,50.0,2,2,0,1,2,1,1,0,1,3,7,1,1,Matches,110,110,0,0,0,1,5,0,0,0,0,0,96,0,1,1,0,0,5,4,0,5,3,2,0,0,0,10,3,6,33.3,France
Jeff Reine-Adélaïde,fr FRA,MF,Angers,19,1998,4.9,126,158,79.7,1692,613,95,109,87.2,23,27,85.2,6,8,75.0,0,0.4,0.5,-0.4,5,12,5,0,29,13,35.3,7,5,1,6,17,11,7,2,5,1,14,9,0,Matches,158,150,7,2,1,1,0,4,0,0,0,0,126,1,4,0,0,0,7,14,1,0,1,8,0,0,0,28,8,10,44.4,France
Jemerson,br BRA,DF,Monaco,24,1992,31.7,1182,1360,86.9,24391,8411,348,375,92.8,666,714,93.3,161,247,65.2,0,0.2,0.1,-0.2,2,28,1,0,59,48,77.4,32,15,1,24,31,7,46,32,14,56,104,169,1,Matches,1360,1296,61,60,0,11,0,1,0,0,0,0,1182,3,7,7,1,0,36,17,0,0,56,32,0,1,0,122,61,52,54.0,France
Jessy Deminguet,fr FRA,"MF,FW",Caen,19,1998,5.9,137,220,62.3,2269,590,78,87,89.7,43,64,67.2,12,44,27.3,1,0.9,1.1,+0.1,9,9,4,4,15,12,28.6,4,6,2,4,14,10,5,0,5,10,22,13,0,Matches,220,191,24,7,0,1,39,4,13,2,11,0,137,5,12,2,0,0,8,9,3,39,10,9,0,0,0,37,7,4,63.6,France
Jessy Moulin,fr FRA,GK,Saint-Étienne,31,1986,3.4,79,138,57.2,2955,2409,6,6,100.0,31,33,93.9,42,99,42.4,0,0.0,0.0,0.0,0,2,0,0,0,0,,0,0,0,0,0,0,0,0,0,0,0,3,2,Matches,138,72,66,22,0,0,0,0,0,0,0,0,79,0,0,1,0,0,1,2,0,0,0,0,0,1,0,1,2,0,100.0,France
Jimmy Briand,fr FRA,FW,Guingamp,31,1985,35.7,744,1012,73.5,8982,2146,455,561,81.1,176,237,74.3,20,48,41.7,2,2.4,2.3,-0.4,28,44,20,1,84,33,9.5,13,15,5,4,42,38,17,2,15,12,45,51,0,Matches,1012,937,67,10,8,1,19,15,0,0,0,0,744,8,32,4,0,0,48,95,36,19,12,21,1,1,0,141,63,108,36.8,France
Jimmy Durmaz,se SWE,"MF,FW",Toulouse,28,1989,11.4,364,538,67.7,6180,2178,203,252,80.6,116,178,65.2,41,85,48.2,3,2.2,2.0,+0.8,22,50,17,5,60,16,42.9,5,5,6,6,14,8,2,0,2,14,30,9,0,Matches,538,464,71,31,2,6,60,14,23,17,6,0,364,3,22,5,0,0,24,14,0,60,14,9,1,0,0,65,10,8,55.6,France
Jimmy Giraudon,fr FRA,DF,Troyes,25,1992,23.2,789,996,79.2,17483,8041,216,243,88.9,405,456,88.8,163,277,58.8,0,0.1,0.3,-0.1,2,75,5,1,80,26,62.5,20,6,0,10,16,6,30,22,8,31,57,128,2,Matches,996,936,59,55,1,11,1,4,0,0,0,0,789,1,9,4,1,0,15,11,0,1,31,16,0,1,0,138,44,29,60.3,France
Johann Obiang,ga GAB,DF,Troyes,24,1993,5.2,180,263,68.4,2768,1359,96,110,87.3,59,93,63.4,14,35,40.0,0,0.1,0.1,-0.1,2,10,2,2,25,13,46.2,9,2,2,6,13,7,9,1,8,7,20,15,0,Matches,263,203,60,2,1,0,19,58,0,0,0,0,180,0,8,1,0,0,7,5,0,19,7,9,0,0,0,17,5,11,31.3,France
Jonas Martin,fr FRA,MF,Strasbourg,27,1990,33.6,1480,1771,83.6,24025,6164,744,835,89.1,521,599,87.0,141,202,69.8,2,2.9,3.0,-0.9,42,126,24,2,163,73,31.5,41,28,4,17,54,37,30,3,27,33,106,36,0,Matches,1771,1650,116,53,10,19,50,30,20,8,11,0,1480,5,34,6,0,0,55,40,3,50,33,50,1,0,0,216,46,64,41.8,France
Jonathan Bamba,ci CIV,FW,Saint-Étienne,21,1996,28.6,908,1219,74.5,13594,3340,496,581,85.4,289,371,77.9,72,139,51.8,8,8.7,5.9,-0.7,54,71,30,5,109,30,19.7,18,11,1,12,61,49,30,4,26,19,49,17,0,Matches,1219,1075,132,36,8,2,107,28,53,18,15,1,908,12,42,1,0,0,30,48,20,107,19,21,2,0,0,160,24,44,35.3,France
Jonathan Cafu,br BRA,"FW,MF",Bordeaux,26,1991,7.0,246,316,77.8,3201,691,154,172,89.5,60,82,73.2,12,18,66.7,1,0.9,0.7,+0.1,13,14,6,0,16,16,38.5,7,6,3,5,13,8,6,1,5,10,26,1,0,Matches,316,309,5,2,1,2,13,2,0,0,0,0,246,2,10,1,0,0,18,19,2,13,10,9,1,0,0,42,5,10,33.3,France
Jonathan Delaplace,fr FRA,MF,Caen,31,1986,6.5,163,227,71.8,2617,854,81,103,78.6,58,75,77.3,14,27,51.9,1,0.6,0.4,+0.4,11,16,1,1,28,10,30.0,1,8,1,3,10,7,13,5,8,8,18,8,0,Matches,227,224,2,1,0,3,8,0,0,0,0,0,163,1,5,3,0,0,13,9,0,8,8,8,0,0,0,48,6,12,33.3,France
Jonathan Ikone,fr FRA,"MF,FW",Montpellier,19,1998,11.1,270,396,68.2,3864,935,176,218,80.7,63,100,63.0,18,43,41.9,1,1.4,1.2,-0.4,12,20,11,0,40,13,28.6,3,6,4,4,14,10,8,0,8,6,19,3,0,Matches,396,366,27,10,4,4,25,1,16,2,11,0,270,3,11,0,0,0,11,7,0,25,6,10,0,0,0,49,6,18,25.0,France
Jonathan Martins Pereira,fr FRA,DF,Guingamp,31,1986,12.6,574,721,79.6,8688,4065,317,345,91.9,191,255,74.9,40,76,52.6,0,1.3,1.9,-1.3,16,51,14,7,57,34,34.8,21,10,3,8,23,15,9,3,6,37,71,39,1,Matches,721,564,156,24,1,1,35,132,0,0,0,0,574,1,10,2,0,0,16,17,0,35,37,18,0,0,0,78,20,7,74.1,France
Jonathan Rivierez,mq MTQ,DF,Metz,28,1989,22.9,727,963,75.5,14177,7056,266,303,87.8,376,472,79.7,83,162,51.2,0,0.4,0.7,-0.4,9,79,16,10,74,81,51.3,50,26,5,41,80,39,21,7,14,39,120,73,0,Matches,963,743,218,14,0,7,25,204,0,0,0,0,727,2,22,6,0,0,33,14,0,25,39,59,0,1,0,132,21,23,47.7,France
Jonathan Tinhan,bj BEN,"MF,FW",Troyes,28,1989,0.8,11,22,50.0,111,32,5,9,55.6,3,6,50.0,0,1,0.0,0,0.0,0.0,0.0,1,1,1,0,1,1,0.0,0,1,0,0,1,1,1,0,1,1,2,0,0,Matches,22,22,0,0,0,0,4,0,0,0,0,0,11,0,2,1,0,0,3,1,0,4,1,0,0,0,0,2,1,11,8.3,France
Jordan Amavi,fr FRA,DF,Marseille,23,1994,24.4,1102,1370,80.4,16812,4999,585,645,90.7,379,472,80.3,84,139,60.4,5,2.0,2.0,+3.0,21,57,17,9,90,52,41.1,32,12,8,23,56,33,28,11,17,45,97,86,1,Matches,1370,1133,229,26,2,5,60,203,0,0,0,0,1102,8,37,7,0,0,30,22,1,60,45,35,0,1,0,170,42,21,66.7,France
Jordan Ferri,fr FRA,MF,Lyon,25,1992,7.1,480,546,87.9,7894,2355,239,253,94.5,185,212,87.3,39,47,83.0,1,0.8,0.7,+0.2,8,56,5,1,73,20,35.0,8,11,1,7,20,13,11,1,10,5,25,11,2,Matches,546,533,12,7,4,6,5,4,1,0,0,0,480,1,7,4,0,0,16,9,0,5,5,11,0,0,0,50,6,6,50.0,France
Jordan Ikoko,cd COD,DF,Guingamp,23,1994,26.9,1062,1331,79.8,16197,6252,578,649,89.1,329,405,81.2,85,163,52.1,2,1.7,1.8,+0.3,20,65,16,11,105,44,52.4,24,15,5,22,42,20,20,2,18,48,92,74,0,Matches,1331,1028,298,34,3,13,54,264,0,0,0,0,1062,5,33,6,0,0,27,18,2,54,48,29,0,1,1,164,19,18,51.4,France
Jordan Marié,fr FRA,MF,Dijon,25,1991,20.9,769,934,82.3,14181,3577,333,385,86.5,294,346,85.0,115,145,79.3,1,0.4,0.5,+0.6,11,74,7,2,83,63,27.3,22,36,5,18,66,48,26,9,17,40,103,25,2,Matches,934,911,20,15,3,14,11,3,0,0,0,0,769,3,17,5,0,0,26,15,1,11,40,38,0,1,0,147,13,24,35.1,France
Jordan Nkololo,cd COD,"MF,FW",Caen,24,1992,4.7,86,123,69.9,1527,530,36,45,80.0,37,48,77.1,10,21,47.6,0,0.9,0.9,-0.9,11,10,6,5,11,9,25.0,4,5,0,1,4,3,7,1,6,1,10,0,0,Matches,123,115,8,0,0,1,20,1,5,2,2,1,86,0,5,0,0,0,5,10,2,20,1,6,0,0,0,29,3,11,21.4,France
Jordan Tell,gp GLP,"FW,MF",Rennes,20,1997,1.3,22,28,78.6,354,43,10,10,100.0,5,7,71.4,3,4,75.0,0,0.1,0.0,-0.1,1,1,0,0,2,4,0.0,1,3,0,0,1,1,0,0,0,1,5,0,0,Matches,28,27,1,0,0,2,0,0,0,0,0,0,22,0,0,0,0,0,2,0,1,0,1,4,0,0,0,4,2,4,33.3,France
Jordi Mboula,es ESP,MF,Monaco,18,1999,0.3,5,12,41.7,106,11,2,5,40.0,1,4,25.0,2,3,66.7,0,0.0,0.0,0.0,0,1,1,0,2,0,,0,0,0,0,0,0,2,0,2,0,0,2,0,Matches,12,12,0,0,0,0,5,0,0,0,0,0,5,0,1,0,0,0,1,2,0,5,0,0,0,0,0,1,1,1,50.0,France
Jorge,br BRA,DF,Monaco,21,1996,21.3,734,990,74.1,11874,4286,393,447,87.9,276,379,72.8,59,115,51.3,2,1.9,1.4,+0.1,13,54,19,13,84,69,60.5,34,25,10,23,38,15,19,2,17,66,135,86,0,Matches,990,792,196,16,1,4,61,180,0,0,0,0,734,2,35,8,0,0,28,43,3,61,66,40,2,0,0,144,30,39,43.5,France
Joris Gnagnon,fr FRA,DF,Rennes,20,1997,32.4,1179,1301,90.6,22102,6680,367,391,93.9,686,722,95.0,97,147,66.0,2,0.2,0.2,+1.8,4,29,0,0,70,42,67.7,29,9,4,21,31,10,22,16,6,29,71,154,2,Matches,1301,1253,45,42,0,8,1,3,0,0,0,0,1179,3,3,3,0,0,25,27,2,1,29,29,0,0,1,130,70,35,66.7,France
Joris Kayembe,cd COD,"FW,MF",Nantes,22,1994,1.0,17,23,73.9,195,58,11,11,100.0,0,3,0.0,2,2,100.0,0,0.1,0.5,-0.1,1,0,1,0,1,1,0.0,1,0,0,0,4,4,0,0,0,0,1,4,0,Matches,23,23,0,0,0,0,4,0,0,0,0,0,17,0,1,0,0,0,1,1,1,4,0,0,0,0,0,3,0,1,0.0,France
João Moutinho,pt POR,MF,Monaco,30,1986,31.1,1670,2024,82.5,30731,9537,712,782,91.0,706,827,85.4,214,327,65.4,6,5.8,5.5,+0.2,55,222,30,6,310,65,33.8,19,37,9,27,80,53,52,12,40,36,101,54,0,Matches,2024,1800,212,129,13,20,110,9,73,29,30,1,1670,12,23,6,0,0,40,27,1,110,36,41,0,0,0,206,25,24,51.0,France
Jules Iloki,fr FRA,"MF,FW",Nantes,25,1992,15.8,343,505,67.9,5202,1677,195,250,78.0,99,147,67.3,30,56,53.6,0,2.4,2.4,-2.4,26,27,32,20,45,13,18.8,1,9,3,3,16,13,8,0,8,12,25,16,0,Matches,505,485,17,1,0,4,80,6,6,0,5,1,343,3,12,1,0,0,14,14,5,80,12,9,0,0,0,65,11,9,55.0,France
Jules Koundé,fr FRA,DF,Bordeaux,18,1998,17.7,704,844,83.4,13655,5363,276,297,92.9,323,356,90.7,95,167,56.9,0,0.1,0.3,-0.1,3,52,3,0,63,26,76.5,19,7,0,13,17,4,14,11,3,14,40,97,0,Matches,844,817,25,25,4,12,1,0,0,0,0,0,704,2,6,1,0,0,9,6,1,1,14,19,0,0,0,106,30,34,46.9,France
Julian Draxler,de GER,"MF,FW",Paris S-G,23,1993,18.9,1255,1378,91.1,18371,3579,666,701,95.0,398,430,92.6,84,110,76.4,5,4.5,3.5,+0.5,25,85,25,1,117,20,18.8,4,13,3,6,32,26,18,2,16,28,48,8,0,Matches,1378,1319,52,7,14,13,25,8,36,10,6,1,1255,7,12,1,0,0,14,10,2,25,28,14,0,0,0,108,10,9,52.6,France
Julian Palmieri,fr FRA,DF,Metz,30,1986,12.5,459,602,76.2,8263,3719,201,232,86.6,221,282,78.4,36,74,48.6,0,0.6,0.6,-0.6,9,59,13,6,56,29,58.6,17,9,3,17,29,12,16,2,14,22,51,31,0,Matches,602,464,136,11,0,4,29,125,0,0,0,0,459,2,20,4,1,0,24,10,0,29,22,15,0,0,0,60,11,10,52.4,France
Julien Féret,fr FRA,MF,Caen,35,1982,34.0,1308,1722,76.0,24889,8214,536,641,83.6,527,650,81.1,204,333,61.3,1,4.9,4.4,-3.9,68,177,25,7,272,40,18.7,10,25,5,14,75,61,52,7,45,49,89,58,2,Matches,1722,1548,162,63,6,28,129,7,74,24,45,2,1308,12,23,3,0,0,22,32,0,129,49,27,1,1,0,287,86,61,58.5,France
Julien Ielsch,fr FRA,"MF,DF",Amiens,34,1983,6.8,153,232,65.9,2250,1144,82,101,81.2,57,77,74.0,6,29,20.7,0,0.5,0.7,-0.5,6,20,4,2,27,28,28.0,12,11,5,7,25,18,16,3,13,11,39,15,2,Matches,232,218,14,3,1,0,5,11,0,0,0,0,153,0,13,4,0,0,14,5,0,5,11,18,0,0,0,55,3,9,25.0,France
Julien Serrano,fr FRA,DF,Monaco,19,1998,3.1,109,168,64.9,1667,733,60,70,85.7,45,68,66.2,4,24,16.7,0,0.2,0.4,-0.2,3,15,1,1,10,2,50.0,1,0,1,1,2,1,2,0,2,4,6,14,0,Matches,168,138,30,3,0,0,20,27,0,0,0,0,109,0,7,1,0,0,2,4,0,20,4,2,0,0,0,12,4,8,33.3,France
Junior Sambia,fr FRA,MF,Montpellier,20,1996,17.1,629,811,77.6,10378,3097,329,366,89.9,202,269,75.1,75,127,59.1,4,3.4,2.6,+0.6,34,52,14,4,76,21,21.4,6,11,4,6,28,22,16,0,16,20,41,18,0,Matches,811,697,109,28,2,4,98,27,54,17,33,0,629,5,16,3,0,0,25,34,3,98,20,12,0,0,0,90,27,26,50.9,France
Jérémie Porsan-Clémenté,mq MTQ,DF,Montpellier,19,1997,1.0,24,40,60.0,353,150,15,18,83.3,6,13,46.2,2,6,33.3,0,0.1,0.0,-0.1,1,1,0,0,1,3,100.0,1,2,0,2,2,0,1,0,1,1,4,4,1,Matches,40,29,11,0,0,0,5,11,0,0,0,0,24,0,0,1,0,0,1,1,0,5,1,2,0,0,0,7,3,2,60.0,France
Jérémy Blayac,fr FRA,FW,Strasbourg,34,1983,10.2,228,361,63.2,2896,554,135,204,66.2,65,95,68.4,6,12,50.0,1,1.7,1.4,-0.7,17,18,6,1,25,5,22.2,0,3,2,2,9,7,7,2,5,1,6,11,0,Matches,361,352,8,0,1,1,9,0,0,0,0,0,228,1,13,2,0,0,8,23,16,9,1,3,1,0,0,36,93,58,61.6,France
Jérémy Cordoval,gp GLP,DF,Troyes,27,1990,10.2,337,432,78.0,4858,2324,199,231,86.1,103,127,81.1,18,41,43.9,1,0.5,0.6,+0.5,3,21,5,3,33,20,64.3,12,7,1,9,14,5,12,2,10,9,29,35,0,Matches,432,312,119,5,0,0,16,114,0,0,0,0,337,1,9,1,0,0,4,8,0,16,9,16,0,0,0,53,4,11,26.7,France
Jérémy Grimm,fr FRA,MF,Strasbourg,30,1987,9.0,277,351,78.9,4858,1612,127,148,85.8,112,134,83.6,31,50,62.0,0,0.2,0.3,-0.2,5,26,5,1,36,23,37.5,15,6,2,9,24,15,11,3,8,19,42,31,1,Matches,351,347,2,2,3,2,7,0,0,0,0,0,277,2,4,3,0,0,19,14,0,7,19,17,0,0,0,54,27,8,77.1,France
Jérémy Gélin,fr FRA,"DF,MF",Rennes,20,1997,25.7,1164,1391,83.7,25989,9504,293,323,90.7,622,683,91.1,231,347,66.6,2,0.6,0.9,+1.4,13,123,8,0,139,37,37.7,22,14,1,20,53,33,22,12,10,37,74,92,3,Matches,1391,1347,40,38,3,33,3,2,0,0,0,0,1164,4,11,2,0,0,33,16,1,3,37,18,0,0,0,151,40,32,55.6,France
Jérémy Morel,mg MAD,DF,Lyon,33,1984,32.4,1788,1974,90.6,35362,14897,567,603,94.0,997,1055,94.5,206,270,76.3,0,0.1,0.3,-0.1,2,89,1,0,113,39,78.3,23,15,1,18,23,5,28,23,5,46,85,129,5,Matches,1974,1899,70,64,2,7,0,6,0,0,0,0,1788,5,16,4,0,0,26,23,1,0,46,27,0,2,1,179,55,33,62.5,France
Jérémy Sorbon,fr FRA,DF,Guingamp,33,1983,29.0,954,1110,85.9,19863,7051,291,321,90.7,470,528,89.0,174,224,77.7,0,0.6,0.2,-0.6,5,40,1,0,60,32,31.3,24,7,1,10,32,22,37,24,13,53,85,152,4,Matches,1110,1046,59,58,0,12,0,1,0,0,0,0,954,5,5,1,0,0,18,16,1,0,53,19,0,0,0,155,38,21,64.4,France
Jérémy Toulalan,fr FRA,DF,Bordeaux,33,1983,21.0,889,1051,84.6,17997,8242,324,342,94.7,428,473,90.5,125,212,59.0,0,0.1,0.2,-0.1,2,68,1,1,91,43,43.6,35,7,1,17,39,22,25,16,9,28,71,121,0,Matches,1051,1004,43,42,1,25,3,1,0,0,0,0,889,4,5,4,0,0,21,15,0,3,28,25,0,1,1,147,24,25,49.0,France
Jérôme Prior,fr FRA,GK,Bordeaux,21,1995,2.0,23,37,62.2,789,680,1,1,100.0,11,11,100.0,11,25,44.0,0,0.0,0.0,0.0,0,0,0,0,0,0,,0,0,0,0,0,0,0,0,0,0,0,2,2,Matches,37,24,13,1,0,1,0,0,0,0,0,0,23,0,0,0,0,0,0,0,0,0,0,0,0,0,0,3,0,0,,France
Jérôme Roussillon,fr FRA,DF,Montpellier,24,1993,20.9,762,1015,75.1,12107,5429,425,482,88.2,259,335,77.3,58,122,47.5,3,3.8,3.4,-0.8,27,49,22,14,80,40,57.7,17,19,4,15,26,11,26,3,23,15,55,52,0,Matches,1015,770,241,25,1,9,94,205,11,2,8,0,762,4,45,2,0,0,10,28,5,94,15,27,0,0,0,106,11,16,40.7,France
Júlio Tavares,cv CPV,FW,Dijon,28,1988,22.8,324,544,59.6,4309,809,201,301,66.8,94,158,59.5,11,23,47.8,2,1.9,1.5,+0.1,26,19,17,3,32,3,9.1,1,1,1,1,11,10,11,6,5,3,6,36,0,Matches,544,505,37,0,0,1,14,6,0,0,0,0,324,2,19,3,0,0,28,28,14,14,3,1,0,0,0,43,164,144,53.2,France
Júnior Alonso,py PAR,DF,Lille,24,1993,30.9,1523,1884,80.8,31258,13482,455,503,90.5,821,935,87.8,217,383,56.7,1,0.5,0.6,+0.5,11,84,5,2,114,58,56.0,36,22,0,28,50,22,26,16,10,56,114,153,1,Matches,1884,1798,82,53,2,19,7,29,0,0,0,0,1523,4,17,3,0,0,34,9,0,7,56,31,0,0,1,219,91,43,67.9,France
Kader Mangane,sn SEN,DF,Strasbourg,34,1983,19.1,507,672,75.4,11645,5347,124,149,83.2,265,312,84.9,112,194,57.7,1,0.6,0.5,+0.4,3,33,8,1,41,37,52.4,29,8,0,11,21,10,28,18,10,24,61,120,4,Matches,672,647,23,23,2,13,1,0,0,0,0,0,507,2,4,4,0,0,26,7,2,1,24,24,1,0,0,89,46,35,56.8,France
Kalifa Coulibaly,ml MLI,FW,Nantes,25,1991,3.8,53,92,57.6,694,250,26,40,65.0,11,27,40.7,5,10,50.0,0,0.7,0.8,-0.7,5,5,6,2,11,6,50.0,3,1,2,2,4,2,0,0,0,0,6,6,0,Matches,92,90,2,0,0,0,4,1,0,0,0,0,53,0,3,0,0,0,8,2,3,4,0,6,0,0,0,7,25,24,51.0,France
Kamil Glik,pl POL,DF,Monaco,29,1988,36.0,1365,1689,80.8,28576,11346,379,418,90.7,771,869,88.7,204,374,54.5,3,1.5,0.7,+1.5,8,71,3,0,94,36,51.7,22,12,2,15,29,14,28,18,10,54,90,279,2,Matches,1689,1631,51,48,1,20,0,3,0,0,0,0,1365,7,5,8,0,0,41,32,2,0,54,23,1,1,0,140,89,58,60.5,France
Karim Azamoum,fr FRA,MF,Troyes,27,1990,25.0,654,955,68.5,10101,2986,337,435,77.5,216,291,74.2,51,117,43.6,0,1.8,1.6,-1.8,21,69,9,3,80,84,39.7,41,37,6,27,68,41,30,11,19,26,110,61,3,Matches,955,894,56,28,1,7,64,1,27,9,11,0,654,5,35,5,1,0,58,17,0,64,26,57,0,1,0,133,71,59,54.6,France
Karl Toko Ekambi,cm CMR,"FW,MF",Angers,24,1992,33.8,720,953,75.6,10382,1690,416,515,80.8,197,257,76.7,50,65,76.9,6,5.8,3.3,+0.2,47,37,30,5,76,17,17.2,2,5,10,5,29,24,13,0,13,15,32,2,0,Matches,953,898,55,1,8,9,39,17,0,0,0,0,720,0,35,4,0,0,31,35,28,39,15,8,2,0,0,89,28,78,26.4,France
Karl-Johan Johnsson,se SWE,GK,Guingamp,27,1990,38.0,749,1178,63.6,28129,22176,49,49,100.0,264,267,98.9,433,856,50.6,0,0.1,0.1,-0.1,2,22,2,0,0,0,0.0,0,0,0,0,1,1,0,0,0,0,0,14,4,Matches,1178,743,432,124,0,9,0,0,0,0,0,0,749,3,0,0,0,0,0,6,0,0,0,0,0,0,0,38,9,1,90.0,France
Keagan Dolly,za RSA,"MF,FW",Montpellier,24,1993,9.8,340,446,76.2,5199,1619,192,220,87.3,105,133,78.9,27,54,50.0,2,1.6,1.5,+0.4,28,30,11,6,46,12,9.1,2,7,3,1,11,10,11,0,11,1,13,2,0,Matches,446,380,64,8,0,3,64,17,35,3,25,0,340,2,15,1,0,0,3,2,2,64,1,7,0,0,0,49,6,12,33.3,France
Keita Baldé,sn SEN,"FW,MF",Monaco,22,1995,16.4,278,392,70.9,3730,777,168,214,78.5,84,110,76.4,9,23,39.1,5,2.3,1.3,+2.7,15,16,13,6,32,12,9.1,5,6,1,1,11,10,10,1,9,6,18,5,0,Matches,392,380,10,2,2,1,39,4,0,0,0,0,278,2,23,3,1,1,23,27,14,39,6,8,0,0,0,72,15,28,34.9,France
Kelvin Amian,fr FRA,DF,Toulouse,19,1998,35.0,1013,1303,77.7,17327,7505,503,568,88.6,387,474,81.6,103,196,52.6,1,1.1,1.3,-0.1,11,86,16,9,107,59,71.0,45,10,4,22,31,9,25,7,18,45,104,127,1,Matches,1303,977,321,40,1,8,43,281,0,0,0,0,1013,5,34,3,1,0,28,15,0,43,45,43,0,1,0,155,36,38,48.6,France
Kenny Lala,mg MAD,DF,Strasbourg,25,1991,30.3,1341,1765,76.0,27997,10083,526,586,89.8,499,650,76.8,295,454,65.0,4,2.0,2.5,+2.0,24,120,38,12,168,87,44.7,53,28,6,21,47,26,18,10,8,42,129,70,2,Matches,1765,1363,391,47,4,40,69,344,0,0,0,0,1341,11,43,5,1,1,26,29,0,69,42,47,0,0,0,211,17,17,50.0,France
Kenny Tete,nl NED,DF,Lyon,21,1995,17.9,854,1073,79.6,13473,4486,468,518,90.3,284,365,77.8,71,117,60.7,4,2.7,2.1,+1.3,14,45,20,13,74,37,57.7,24,10,3,15,26,11,20,7,13,29,66,52,0,Matches,1073,879,193,14,3,7,57,179,0,0,0,0,854,1,30,3,0,0,21,20,5,57,29,25,0,0,0,111,20,21,48.8,France
Kevin Trapp,de GER,GK,Paris S-G,27,1990,4.0,85,92,92.4,1808,1270,19,19,100.0,57,58,98.3,8,13,61.5,0,0.0,0.0,0.0,0,0,0,0,0,0,,0,0,0,0,0,0,0,0,0,0,0,1,0,Matches,92,67,25,4,0,1,0,0,0,0,0,0,85,0,1,0,0,0,0,1,0,0,0,0,0,0,0,10,1,0,100.0,France
Khaled Adénon,bj BEN,DF,Amiens,32,1985,32.5,960,1157,83.0,19763,8032,309,352,87.8,490,545,89.9,149,223,66.8,1,0.2,0.1,+0.8,2,34,2,0,51,38,46.9,26,12,0,15,32,17,42,26,16,65,103,221,1,Matches,1157,1091,64,63,1,5,0,1,0,0,0,0,960,2,9,9,0,0,50,39,1,0,65,24,0,1,0,195,64,46,58.2,France
Koffi Djidji,ci CIV,DF,Nantes,24,1992,26.8,744,1004,74.1,13283,6240,348,392,88.8,292,378,77.2,82,188,43.6,0,0.3,1.0,-0.3,5,48,9,5,60,55,65.5,32,20,3,19,29,10,34,15,19,45,100,126,0,Matches,1004,811,192,25,0,8,21,167,0,0,0,0,744,1,14,2,0,0,24,9,0,21,45,39,0,0,0,130,37,19,66.1,France
Kolbeinn Sigþórsson,is ISL,FW,Nantes,27,1990,0.3,6,10,60.0,68,0,5,7,71.4,1,2,50.0,0,0,,0,0.0,0.0,0.0,0,0,0,0,0,0,,0,0,0,0,0,0,0,0,0,1,1,0,0,Matches,10,10,0,0,0,0,0,0,0,0,0,0,6,0,1,0,0,0,0,0,1,0,1,0,0,0,0,1,3,2,60.0,France
Kostas Mitroglou,gr GRE,FW,Marseille,29,1988,9.7,89,131,67.9,1001,240,57,76,75.0,16,27,59.3,4,6,66.7,0,1.1,0.7,-1.1,11,4,3,0,9,3,25.0,1,2,0,1,4,3,1,1,0,0,3,2,0,Matches,131,129,2,0,1,0,1,0,0,0,0,0,89,0,8,2,0,0,11,3,6,1,0,2,0,0,0,13,22,13,62.9,France
Kouadio-Yves Dabila,ci CIV,DF,Lille,20,1997,10.5,432,517,83.6,7954,3019,162,173,93.6,210,241,87.1,50,86,58.1,0,0.1,0.1,-0.1,4,8,1,1,19,20,60.0,14,4,2,6,10,4,14,6,8,10,30,46,0,Matches,517,487,30,9,1,2,9,21,0,0,0,0,432,0,6,1,0,0,14,0,0,9,10,11,0,0,0,59,15,15,50.0,France
Kwon Chang-hoon,kr KOR,"FW,MF",Dijon,23,1994,23.7,459,706,65.0,6930,1969,261,334,78.1,126,194,64.9,42,109,38.5,3,2.3,2.3,+0.7,32,21,23,7,40,37,31.4,10,18,9,11,35,24,32,1,31,24,61,30,0,Matches,706,632,69,20,8,6,87,5,41,18,8,1,459,5,17,3,0,0,23,46,12,87,24,22,1,1,0,126,13,52,20.0,France
Kylian Mbappé,fr FRA,"FW,MF",Monaco,18,1998,0.8,19,29,65.5,252,44,10,14,71.4,5,8,62.5,1,3,33.3,0,0.0,0.0,0.0,0,2,0,0,3,1,,0,1,0,0,0,0,0,0,0,1,2,0,0,Matches,29,29,0,0,0,0,2,0,0,0,0,0,19,0,1,0,0,0,0,1,2,2,1,1,0,0,0,4,0,0,,France
Kylian Mbappé,fr FRA,FW,Paris S-G,18,1998,23.3,577,722,79.9,7076,1597,353,399,88.5,132,178,74.2,24,37,64.9,8,8.1,7.2,-0.1,51,35,32,6,60,11,7.7,3,3,5,1,13,12,4,1,3,0,11,1,0,Matches,722,685,34,3,10,6,40,13,4,0,0,0,577,3,20,2,0,0,10,37,23,40,0,8,1,0,0,64,6,12,33.3,France
Kévin Bérigaud,fr FRA,"FW,MF",Montpellier,29,1988,3.0,58,72,80.6,770,192,40,45,88.9,14,19,73.7,3,6,50.0,2,1.1,0.8,+0.9,6,2,3,0,11,4,33.3,1,1,2,2,6,4,1,0,1,0,4,1,0,Matches,72,71,1,0,0,0,1,0,0,0,0,0,58,0,1,0,0,0,2,3,0,1,0,3,0,0,0,10,4,6,40.0,France
Kévin Malcuit,ma MAR,DF,Lille,26,1991,20.2,944,1200,78.7,14167,5915,540,609,88.7,301,376,80.1,60,128,46.9,6,3.5,3.4,+2.5,25,71,20,12,110,51,68.0,31,16,4,17,25,8,13,5,8,38,89,47,0,Matches,1200,1021,177,24,1,6,67,153,0,0,0,0,944,2,37,2,0,0,12,32,5,67,38,37,1,0,1,147,13,12,52.0,France
Kévin Monnet-Paquet,fr FRA,"FW,MF",Saint-Étienne,28,1988,19.6,522,689,75.8,6807,1824,362,424,85.4,123,167,73.7,17,29,58.6,3,1.7,1.9,+1.3,22,30,20,3,55,33,22.9,9,19,5,11,48,37,15,2,13,13,46,23,1,Matches,689,673,15,3,0,1,29,12,0,0,0,0,522,1,32,0,0,0,33,14,5,29,13,25,0,0,0,97,34,70,32.7,France
Kévin N'Doram,fr FRA,"MF,DF",Monaco,21,1996,8.0,381,435,87.6,7442,2225,148,167,88.6,174,190,91.6,55,68,80.9,0,0.1,0.1,-0.1,2,28,0,0,42,16,25.0,6,9,1,6,24,18,6,2,4,16,32,29,0,Matches,435,417,18,18,2,10,0,0,0,0,0,0,381,0,3,3,0,0,11,12,0,0,16,10,0,0,0,48,18,11,62.1,France
Kévin Rimane,gf GUF,DF,Paris S-G,26,1991,0.1,4,4,100.0,81,26,1,1,100.0,3,3,100.0,0,0,,0,0.0,0.0,0.0,0,0,0,0,1,0,,0,0,0,0,0,0,0,0,0,0,0,0,0,Matches,4,3,1,1,0,0,0,0,0,0,0,0,4,0,0,0,0,0,0,0,0,0,0,0,0,0,0,0,0,0,,France
Kévin Théophile-Catherine,fr FRA,DF,Saint-Étienne,27,1989,24.1,913,1115,81.9,18147,6558,325,352,92.3,459,502,91.4,124,237,52.3,0,0.3,0.6,-0.3,4,65,7,0,77,36,45.8,23,13,0,11,24,13,19,15,4,31,67,113,1,Matches,1115,1060,49,20,1,17,2,29,0,0,0,0,913,6,7,6,0,0,25,13,0,2,31,27,0,2,0,133,41,29,58.6,France
Kévin Zohi,ml MLI,MF,Strasbourg,20,1996,0.0,0,0,,0,0,0,0,,0,0,,0,0,,0,0.0,0.0,0.0,0,0,0,0,0,0,,0,0,0,0,0,0,0,0,0,0,0,0,0,Matches,0,0,0,0,0,0,0,0,0,0,0,0,0,0,0,0,0,0,1,0,0,0,0,0,0,0,0,0,0,0,,France
Lacina Traoré,ci CIV,FW,Amiens,27,1990,8.7,114,214,53.3,1628,383,67,115,58.3,26,52,50.0,12,20,60.0,2,0.7,0.5,+1.3,11,18,3,0,16,9,42.9,2,3,4,3,7,4,6,3,3,2,11,21,0,Matches,214,207,6,0,0,0,1,0,0,0,0,0,114,1,7,1,0,0,25,15,9,1,2,9,1,0,0,17,70,48,59.3,France
Landry Bonnefoi,fr FRA,GK,Strasbourg,33,1983,3.0,48,74,64.9,1689,1412,4,4,100.0,18,18,100.0,26,51,51.0,0,0.0,0.0,0.0,0,3,0,0,0,0,,0,0,0,0,0,0,0,0,0,0,0,2,0,Matches,74,39,34,6,0,0,0,0,0,0,0,0,48,1,0,0,0,0,0,0,0,0,0,0,0,0,0,4,1,1,50.0,France
Lassana Coulibaly,ml MLI,MF,Angers,21,1996,9.3,249,312,79.8,3461,1133,153,176,86.9,73,86,84.9,8,18,44.4,2,1.2,0.5,+0.8,10,17,9,2,38,26,28.6,13,10,3,10,35,25,15,1,14,8,34,10,0,Matches,312,308,4,4,1,1,7,0,0,0,0,0,249,0,12,1,0,0,18,19,1,7,8,17,0,0,0,49,10,10,50.0,France
Lassana Diarra,fr FRA,MF,Paris S-G,32,1985,6.7,471,513,91.8,8681,2341,192,201,95.5,186,200,93.0,71,77,92.2,1,0.2,0.3,+0.8,4,45,2,0,39,12,66.7,4,7,1,8,12,4,3,1,2,6,18,6,0,Matches,513,506,5,5,1,6,0,0,0,0,0,0,471,2,4,4,0,0,22,4,0,0,6,4,0,0,0,38,10,12,45.5,France
Layvin Kurzawa,fr FRA,DF,Paris S-G,24,1992,18.9,954,1128,84.6,10993,3229,614,680,90.3,202,255,79.2,18,37,48.6,1,1.6,1.6,-0.6,12,32,8,2,53,44,38.5,20,15,9,15,39,24,16,3,13,35,79,41,2,Matches,1128,948,172,17,2,1,39,155,0,0,0,0,954,8,18,1,0,0,31,11,0,39,35,32,0,0,0,101,33,26,55.9,France
Lebo Mothiba,za RSA,FW,Lille,21,1996,13.2,254,313,81.2,2675,226,159,182,87.4,47,67,70.1,6,8,75.0,0,0.9,0.6,-0.9,13,9,3,0,10,8,0.0,4,0,4,0,7,7,6,2,4,2,10,11,0,Matches,313,275,36,0,2,0,2,0,0,0,0,0,254,2,3,1,0,0,22,18,9,2,2,5,0,0,0,18,20,37,35.1,France
Lebogang Phiri,za RSA,MF,Guingamp,22,1994,11.5,590,672,87.8,10074,2936,278,301,92.4,209,229,91.3,76,97,78.4,1,0.4,0.4,+0.6,8,53,3,0,60,28,25.6,14,12,2,11,43,32,9,2,7,19,47,13,0,Matches,672,642,27,17,1,9,8,2,8,7,0,0,590,3,8,1,0,0,13,7,0,8,19,17,0,0,0,66,8,5,61.5,France
Lemouya Goudiaby,sn SEN,DF,Metz,20,1997,0.9,30,43,69.8,448,201,16,19,84.2,12,21,57.1,1,2,50.0,0,0.0,0.0,0.0,0,1,1,0,4,2,33.3,0,2,0,1,3,2,2,1,1,0,2,3,0,Matches,43,24,19,1,0,0,1,18,0,0,0,0,30,0,0,0,0,0,0,1,0,1,0,1,0,0,0,2,0,0,,France
Leo Dubois,fr FRA,DF,Nantes,22,1994,33.6,1403,1998,70.2,24776,12947,708,789,89.7,471,645,73.0,192,443,43.3,4,6.7,6.0,-2.7,58,138,41,22,171,50,42.6,33,15,2,20,47,27,47,13,34,50,100,99,2,Matches,1998,1462,528,78,0,13,251,367,81,20,55,0,1403,8,64,5,0,0,24,30,2,251,50,39,1,1,0,228,34,35,49.3,France
Lilian Fournier,fr FRA,FW,Metz,19,1998,0.2,3,6,50.0,46,13,1,1,100.0,2,4,50.0,0,1,0.0,0,0.0,0.0,0.0,0,0,0,0,0,0,,0,0,0,0,0,0,0,0,0,0,0,0,0,Matches,6,6,0,0,0,0,0,0,0,0,0,0,3,0,0,0,0,0,1,0,0,0,0,0,0,0,0,0,0,0,,France
Lois Diony,fr FRA,FW,Saint-Étienne,24,1992,10.3,112,172,65.1,1342,231,71,95,74.7,25,41,61.0,3,10,30.0,0,0.3,0.3,-0.3,5,1,4,0,13,3,0.0,1,2,0,0,3,3,5,1,4,1,4,8,0,Matches,172,151,21,0,0,0,7,1,0,0,0,0,112,0,6,0,0,0,11,17,6,7,1,0,3,0,0,25,12,31,27.9,France
Loïc Perrin,fr FRA,DF,Saint-Étienne,31,1985,27.4,1360,1544,88.1,26094,11794,520,557,93.4,666,722,92.2,158,225,70.2,1,0.5,0.9,+0.5,7,68,6,1,82,39,67.7,28,10,1,21,31,10,35,22,13,36,75,142,1,Matches,1544,1476,63,61,1,10,2,2,0,0,0,0,1360,5,15,3,0,0,16,28,0,2,36,26,0,0,0,161,76,35,68.5,France
Loïc Puyo,fr FRA,MF,Angers,28,1988,1.9,87,118,73.7,1785,599,32,39,82.1,35,43,81.4,17,28,60.7,0,0.3,0.1,-0.3,5,18,3,1,20,9,75.0,2,5,2,3,4,1,7,3,4,4,13,2,0,Matches,118,113,5,3,1,4,7,0,2,2,0,0,87,0,3,0,0,0,8,2,0,7,4,5,0,0,0,18,0,5,0.0,France
Lucas Deaux,fr FRA,MF,Guingamp,28,1988,21.6,971,1210,80.2,16802,5211,474,543,87.3,331,412,80.3,121,170,71.2,1,1.6,1.5,-0.6,14,105,15,2,144,62,29.9,21,37,4,20,67,47,41,6,35,32,94,19,0,Matches,1210,1159,45,36,1,20,23,5,4,2,0,0,971,6,21,7,1,1,39,22,4,23,32,45,0,0,0,148,55,43,56.1,France
Lucas Lima,br BRA,"DF,FW",Nantes,25,1991,29.5,1006,1580,63.7,17382,10631,525,615,85.4,312,499,62.5,136,336,40.5,3,5.0,5.8,-2.0,54,107,44,30,145,73,45.6,40,27,6,31,68,37,42,6,36,38,111,85,0,Matches,1580,1156,409,70,0,10,248,258,81,25,49,0,1006,15,61,3,0,0,28,25,4,248,38,46,0,0,0,192,41,43,48.8,France
Lucas Moura,br BRA,FW,Paris S-G,24,1992,0.8,42,50,84.0,602,131,20,22,90.9,16,16,100.0,2,5,40.0,1,0.7,0.5,+0.3,1,1,1,0,6,1,0.0,0,1,0,0,1,1,0,0,0,0,1,0,0,Matches,50,42,8,1,1,0,3,3,4,2,1,0,42,0,1,1,0,0,5,2,1,3,0,1,0,0,0,1,1,1,50.0,France
Lucas Ocampos,ar ARG,FW,Marseille,23,1994,22.6,485,642,75.5,6029,1593,304,368,82.6,98,132,74.2,29,49,59.2,3,2.5,2.4,+0.5,22,33,18,6,54,83,32.3,30,44,9,30,93,63,42,3,39,30,113,26,0,Matches,642,621,18,1,2,2,26,17,0,0,0,0,485,3,19,6,1,0,37,47,5,26,30,57,1,1,0,148,39,70,35.8,France
Lucas Tousart,fr FRA,MF,Lyon,20,1997,34.8,1323,1545,85.6,22331,5495,584,664,88.0,587,651,90.2,108,144,75.0,0,0.6,0.5,-0.6,13,75,5,0,105,98,38.8,41,55,2,38,98,60,41,16,25,52,150,79,0,Matches,1545,1508,34,33,5,11,5,1,0,0,0,0,1323,3,18,8,0,0,41,21,0,5,52,59,0,1,0,201,73,49,59.8,France
Ludovic Baal,gf GUF,DF,Rennes,31,1986,12.9,655,856,76.5,9942,5065,354,399,88.7,233,305,76.4,42,102,41.2,0,1.0,0.6,-1.0,7,57,7,1,85,41,37.1,29,8,4,13,35,22,13,2,11,15,56,37,1,Matches,856,689,164,21,0,0,23,143,0,0,0,0,655,3,12,0,0,0,11,15,1,23,15,27,0,0,0,104,28,14,66.7,France
Ludovic Blas,fr FRA,MF,Guingamp,19,1997,19.9,829,975,85.0,14653,3717,377,413,91.3,316,355,89.0,102,142,71.8,2,1.5,1.2,+0.5,18,80,11,2,128,23,19.4,10,12,1,7,36,29,15,3,12,19,42,9,1,Matches,975,949,20,11,1,11,7,4,2,1,0,0,829,6,16,3,1,1,28,33,4,7,19,14,0,0,0,127,19,33,36.5,France
Ludovic Butelle,fr FRA,GK,Angers,34,1983,18.4,298,535,55.7,9884,7629,26,26,100.0,130,130,100.0,142,379,37.5,0,0.0,0.0,0.0,0,7,0,0,0,0,,0,0,0,0,0,0,0,0,0,1,1,10,2,Matches,535,316,219,74,0,0,0,0,0,0,0,0,298,0,0,0,0,0,0,2,0,0,1,0,0,0,1,16,5,0,100.0,France
Luiz Araújo,br BRA,"FW,MF",Lille,21,1996,22.4,535,755,70.9,9542,2248,243,309,78.6,200,260,76.9,67,113,59.3,3,1.5,1.9,+1.5,22,50,19,8,75,41,21.3,23,17,1,10,47,37,24,0,24,16,57,11,1,Matches,755,711,40,10,9,15,69,8,22,12,7,0,535,4,27,5,0,0,28,25,6,69,16,31,0,0,0,101,5,14,26.3,France
Luiz Gustavo,br BRA,"MF,DF",Marseille,30,1987,33.5,1753,1965,89.2,29210,8648,834,884,94.3,662,715,92.6,166,244,68.0,1,0.7,1.2,+0.3,15,141,18,4,201,89,41.9,45,40,4,26,62,36,44,13,31,50,139,56,1,Matches,1965,1908,51,48,4,24,15,3,0,0,0,0,1753,6,13,10,1,0,59,40,1,15,50,54,0,0,0,260,39,20,66.1,France
Lukas Lerager,dk DEN,MF,Bordeaux,24,1993,36.5,1221,1608,75.9,19356,6341,608,732,83.1,454,576,78.8,92,162,56.8,1,2.5,3.2,-1.5,24,127,23,2,180,107,30.8,33,61,13,33,107,74,44,8,36,67,174,66,1,Matches,1608,1564,34,31,6,13,20,3,0,0,0,0,1221,10,30,8,0,0,72,53,5,20,67,74,0,0,0,225,99,75,56.9,France
Léo Lacroix,ch SUI,DF,Saint-Étienne,25,1992,8.6,303,355,85.4,6518,2482,88,100,88.0,163,178,91.6,51,70,72.9,0,0.1,0.0,-0.1,2,13,0,0,21,13,55.6,8,5,0,5,9,4,6,3,3,11,24,54,1,Matches,355,344,10,10,0,5,0,0,0,0,0,0,303,1,3,3,1,0,10,3,4,0,11,8,0,0,0,36,20,13,60.6,France
Malang Sarr,fr FRA,DF,Nice,18,1999,14.7,980,1110,88.3,19706,7496,339,362,93.6,495,538,92.0,136,185,73.5,0,0.4,0.4,-0.4,5,55,2,1,72,24,44.4,17,7,0,8,18,10,14,6,8,31,55,44,2,Matches,1110,1050,59,27,1,23,11,32,0,0,0,0,980,1,14,1,0,0,13,16,0,11,31,18,0,1,0,100,28,16,63.6,France
Malcom,br BRA,FW,Bordeaux,20,1997,31.7,1182,1576,75.0,18050,5159,663,756,87.7,301,397,75.8,130,249,52.2,7,8.7,10.0,-1.7,87,98,69,16,169,15,3.6,3,7,5,1,28,27,13,1,12,14,29,6,0,Matches,1576,1348,212,83,8,22,189,19,110,53,38,0,1182,16,49,2,0,0,25,92,8,189,14,10,1,0,0,127,18,49,26.9,France
Mamadou Samassa,ml MLI,GK,Troyes,27,1990,21.0,363,664,54.7,13069,10358,17,17,100.0,148,150,98.7,195,489,39.9,0,0.0,0.0,0.0,1,7,0,0,1,0,0.0,0,0,0,0,2,2,0,0,0,0,0,12,3,Matches,664,364,295,111,0,0,0,0,0,0,0,0,363,5,0,1,0,0,0,4,0,0,0,0,0,0,0,16,5,0,100.0,France
Mapou Yanga-Mbiwa,fr FRA,DF,Lyon,28,1989,1.4,97,104,93.3,1790,630,39,42,92.9,46,47,97.9,11,14,78.6,0,0.0,0.0,0.0,0,0,0,0,6,3,100.0,3,0,0,1,1,0,0,0,0,1,4,2,0,Matches,104,99,5,3,0,0,0,2,0,0,0,0,97,0,0,1,0,0,2,1,0,0,1,2,0,0,0,14,0,1,0.0,France
Marcelo,br BRA,DF,Lyon,30,1987,34.5,1964,2252,87.2,42604,14414,514,556,92.4,1087,1161,93.6,339,479,70.8,1,1.6,1.3,-0.6,6,96,6,0,152,27,36.0,16,10,1,9,25,16,32,18,14,57,84,235,4,Matches,2252,2145,97,87,4,26,2,10,0,0,0,0,1964,10,17,5,1,0,32,6,1,2,57,25,0,0,1,212,141,45,75.8,France
Marco Verratti,it ITA,MF,Paris S-G,24,1992,19.1,1876,2074,90.5,28816,9429,995,1056,94.2,580,622,93.2,166,210,79.0,3,2.2,3.4,+0.8,28,161,41,1,193,51,21.8,20,25,6,12,55,43,25,6,19,26,77,11,3,Matches,2074,1992,71,52,28,13,9,14,5,0,1,0,1876,11,19,9,1,1,31,53,1,9,26,33,0,0,0,115,7,7,50.0,France
Marcus Coco,fr FRA,"FW,MF",Guingamp,21,1996,17.6,451,620,72.7,5798,1514,260,313,83.1,105,158,66.5,28,56,50.0,2,2.2,1.6,-0.2,18,30,17,8,54,40,20.0,17,13,10,7,35,28,22,3,19,15,55,9,0,Matches,620,606,10,3,1,2,50,7,0,0,0,0,451,4,17,5,0,0,44,28,4,50,15,28,1,0,0,108,33,42,44.0,France
Marcus Thuram,fr FRA,FW,Guingamp,19,1997,21.4,348,520,66.9,4246,1039,193,269,71.7,97,149,65.1,9,16,56.3,1,2.4,1.8,-1.4,23,19,15,1,47,20,24.0,6,10,4,6,25,19,14,0,14,5,25,12,0,Matches,520,474,39,1,2,0,19,3,0,0,0,0,348,7,15,2,0,0,45,39,17,19,5,15,3,0,0,54,61,62,49.6,France
Mariano,do DOM,FW,Lyon,23,1993,27.9,345,484,71.3,4203,824,221,287,77.0,76,100,76.0,14,26,53.8,4,2.9,1.9,+1.1,29,29,10,0,34,16,8.7,0,5,11,2,23,21,9,1,8,3,19,20,0,Matches,484,442,39,0,5,2,6,5,0,0,0,0,345,3,19,6,0,0,34,11,23,6,3,11,1,0,0,49,43,72,37.4,France
Mario Balotelli,it ITA,FW,Nice,26,1990,25.2,591,795,74.3,9716,2047,323,379,85.2,166,228,72.8,79,120,65.8,1,3.1,3.1,-2.1,33,72,18,1,86,7,0.0,1,3,3,0,6,6,9,2,7,8,15,26,0,Matches,795,721,65,19,9,16,17,2,0,0,0,0,591,9,24,10,1,0,60,72,23,17,8,4,1,0,0,42,31,27,53.4,France
Mariusz Stępiński,pl POL,FW,Nantes,22,1995,0.0,1,2,50.0,6,0,1,1,100.0,0,1,0.0,0,0,,0,0.0,0.0,0.0,0,0,0,0,0,0,,0,0,0,0,0,0,0,0,0,0,0,0,0,Matches,2,2,0,0,0,0,0,0,0,0,0,0,1,0,0,0,0,0,0,0,0,0,0,0,0,0,0,0,1,0,100.0,France
Marlon,br BRA,DF,Nice,21,1995,21.4,1323,1403,94.3,24841,9948,501,514,97.5,676,704,96.0,131,161,81.4,0,0.2,0.5,-0.2,4,58,3,0,74,36,68.2,22,13,1,15,22,7,19,15,4,15,51,72,2,Matches,1403,1358,44,41,0,19,2,3,0,0,0,0,1323,1,5,5,1,1,20,11,0,2,15,26,0,1,1,93,37,23,61.7,France
Marquinhos,br BRA,DF,Paris S-G,23,1994,25.1,1567,1673,93.7,29821,9263,578,594,97.3,737,766,96.2,202,247,81.8,2,0.7,1.3,+1.3,5,51,7,0,74,28,61.9,14,14,0,13,21,8,36,22,14,14,42,114,2,Matches,1673,1617,53,47,1,19,1,6,0,0,0,0,1567,3,6,1,0,0,8,8,0,1,14,14,0,0,0,137,42,20,67.7,France
Martin Braithwaite,dk DEN,FW,Bordeaux,26,1991,10.2,151,212,71.2,2040,339,94,125,75.2,39,56,69.6,9,11,81.8,3,2.3,1.5,+0.7,7,9,1,1,13,6,16.7,0,4,2,1,6,5,6,2,4,0,6,3,0,Matches,212,196,15,0,0,1,9,0,0,0,0,0,151,1,5,3,0,0,13,7,4,9,0,4,0,0,0,25,20,27,42.6,France
Martin Terrier,fr FRA,"FW,MF",Strasbourg,20,1997,18.6,367,500,73.4,5330,1170,206,252,81.7,109,149,73.2,23,39,59.0,3,3.4,2.1,-0.4,28,18,13,2,36,42,32.1,16,23,3,9,28,19,11,1,10,14,56,6,0,Matches,500,480,16,1,5,8,21,4,3,3,0,0,367,4,14,3,0,0,30,28,8,21,14,30,1,0,0,59,48,52,48.0,France
Mateo Pavlović,ba BIH,DF,Angers,27,1990,21.8,745,891,83.6,14186,5736,267,297,89.9,389,424,91.7,80,148,54.1,0,0.1,0.2,-0.1,3,25,2,0,59,13,35.0,10,3,0,7,20,13,14,11,3,21,34,120,0,Matches,891,852,36,34,0,4,0,1,0,0,0,0,745,3,5,8,0,0,30,10,0,0,21,7,0,1,0,117,68,30,69.4,France
Mathieu Bodmer,fr FRA,"DF,MF",Amiens,34,1982,4.4,218,274,79.6,3647,1494,114,129,88.4,80,98,81.6,22,36,61.1,0,0.3,0.3,-0.3,6,21,5,0,30,6,83.3,5,1,0,5,6,1,6,3,3,1,7,15,0,Matches,274,259,13,13,1,1,1,0,0,0,0,0,218,2,2,2,0,0,10,3,0,1,1,3,0,0,0,23,7,11,38.9,France
Mathieu Debuchy,fr FRA,DF,Saint-Étienne,32,1985,14.6,588,800,73.5,8869,3578,335,387,86.6,190,269,70.6,43,86,50.0,0,1.2,2.1,-1.2,14,31,17,10,59,34,56.7,22,8,4,17,30,13,16,10,6,27,61,73,0,Matches,800,619,176,2,0,0,51,174,0,0,0,0,588,5,28,1,0,0,22,13,2,51,27,25,0,1,1,82,61,28,68.5,France
Mathieu Deplagne,fr FRA,DF,Troyes,25,1991,26.8,1071,1352,79.2,16436,7488,598,668,89.5,358,448,79.9,75,148,50.7,2,1.4,1.2,+0.6,14,79,12,8,115,52,41.7,33,14,5,20,48,28,26,10,16,60,112,95,2,Matches,1352,1037,311,27,0,9,54,284,0,0,0,0,1071,4,32,5,1,1,21,26,0,54,60,38,0,1,1,144,49,39,55.7,France
Mathieu Dossevi,tg TOG,"FW,MF",Metz,29,1988,27.9,760,1123,67.7,14133,4548,345,429,80.4,291,410,71.0,109,210,51.9,11,11.1,9.0,-0.1,86,93,56,33,131,35,17.9,15,15,5,7,39,32,24,3,21,28,63,12,0,Matches,1123,977,140,37,0,7,245,11,89,27,55,1,760,6,64,2,0,0,27,37,7,245,28,25,0,0,0,147,11,22,33.3,France
Mathieu Gorgelin,fr FRA,GK,Lyon,26,1990,4.0,70,94,74.5,2015,1376,6,6,100.0,38,39,97.4,26,49,53.1,0,0.0,0.0,0.0,0,1,0,0,0,0,,0,0,0,0,0,0,0,0,0,0,0,0,1,Matches,94,57,37,13,0,0,0,0,0,0,0,0,70,0,0,0,0,0,0,2,0,0,0,0,0,0,0,2,1,1,50.0,France
Mathieu Michel,fr FRA,GK,Angers,25,1991,6.6,112,187,59.9,3933,2991,6,6,100.0,47,48,97.9,59,133,44.4,0,0.0,0.0,0.0,0,3,0,0,0,0,0.0,0,0,0,0,1,1,0,0,0,0,0,0,1,Matches,187,106,81,22,0,0,0,0,0,0,0,0,112,0,0,0,0,0,0,1,0,0,0,0,0,0,0,4,2,0,100.0,France
Matthieu Udol,fr FRA,DF,Metz,21,1996,3.9,130,176,73.9,2269,964,62,65,95.4,54,68,79.4,12,34,35.3,0,0.0,0.1,0.0,0,10,1,0,5,14,35.7,13,1,0,5,14,9,10,2,8,5,19,17,0,Matches,176,141,34,0,0,0,14,34,0,0,0,0,130,1,5,0,0,0,8,1,0,14,5,8,0,0,0,20,4,3,57.1,France
Max Gradel,ci CIV,"FW,MF",Toulouse,29,1987,26.8,566,1016,55.7,9850,3749,278,377,73.7,185,319,58.0,78,206,37.9,1,4.5,5.6,-3.5,44,48,37,17,96,63,33.3,28,21,14,24,72,48,39,2,37,14,77,30,0,Matches,1016,858,143,44,1,6,227,14,74,46,20,1,566,15,63,5,1,0,44,47,10,227,14,36,2,0,0,151,13,50,20.6,France
Maxime Dupé,fr FRA,GK,Nantes,24,1993,1.0,12,22,54.5,510,450,1,1,100.0,3,3,100.0,8,18,44.4,0,0.0,0.0,0.0,0,0,0,0,0,0,,0,0,0,0,0,0,0,0,0,0,0,2,0,Matches,22,13,9,1,0,0,0,0,0,0,0,0,12,0,0,0,0,0,0,0,0,0,0,0,0,0,0,1,0,0,,France
Maxime Le Marchand,fr FRA,DF,Nice,27,1989,28.2,1732,1973,87.8,29947,10804,774,820,94.4,799,874,91.4,127,221,57.5,3,0.6,0.8,+2.4,11,99,11,5,122,48,48.8,28,18,2,20,41,21,36,13,23,65,113,105,4,Matches,1973,1808,164,44,0,18,32,120,0,0,0,0,1732,1,22,4,0,0,23,18,0,32,65,36,0,1,0,177,51,23,68.9,France
Maxime Lopez,fr FRA,"MF,FW",Marseille,19,1997,15.3,1292,1439,89.8,17990,5891,761,795,95.7,337,381,88.5,87,127,68.5,1,1.7,2.4,-0.7,30,120,21,8,159,30,21.4,12,12,6,12,56,44,16,2,14,7,37,6,1,Matches,1439,1375,59,27,5,7,46,9,21,9,7,0,1292,5,7,2,0,0,32,18,1,46,7,20,0,0,0,98,2,11,15.4,France
Maxime Poundjé,fr FRA,DF,Bordeaux,24,1992,18.9,701,947,74.0,9933,4848,426,489,87.1,197,273,72.2,40,103,38.8,1,1.0,1.4,0.0,16,58,16,13,70,53,54.9,32,16,5,28,51,23,14,6,8,35,88,63,1,Matches,947,737,208,12,3,3,81,195,1,1,0,0,701,2,32,5,0,0,19,14,4,81,35,29,1,0,0,85,26,8,76.5,France
Maxwel Cornet,ci CIV,FW,Lyon,20,1996,14.1,397,530,74.9,5416,1212,250,294,85.0,100,131,76.3,20,41,48.8,6,2.4,1.8,+3.6,26,18,14,5,35,17,12.0,6,9,2,3,25,22,11,1,10,14,31,14,0,Matches,530,505,23,4,1,0,41,5,12,7,2,0,397,2,27,1,0,0,17,21,3,41,14,12,1,0,0,72,13,31,29.5,France
Mehdi Abeid,dz ALG,MF,Dijon,24,1992,13.1,513,605,84.8,8787,2345,231,264,87.5,219,245,89.4,44,62,71.0,1,0.3,0.3,+0.7,7,33,1,0,49,23,25.0,8,14,1,8,32,24,11,6,5,18,41,25,2,Matches,605,587,17,12,0,5,6,3,2,1,0,0,513,1,8,2,0,0,29,16,2,6,18,15,0,0,0,93,13,16,44.8,France
Mehdi Tahrat,dz ALG,MF,Angers,27,1990,4.9,154,226,68.1,2185,726,90,118,76.3,45,63,71.4,11,22,50.0,0,0.0,0.2,0.0,1,14,1,0,14,7,40.0,4,3,0,2,5,3,3,1,2,9,16,15,1,Matches,226,224,0,0,0,0,3,0,0,0,0,0,154,2,6,3,0,0,16,7,0,3,9,6,0,0,0,26,19,11,63.3,France
Mehdi Zeffane,dz ALG,"DF,MF",Rennes,25,1992,11.0,451,585,77.1,7204,2891,244,279,87.5,161,198,81.3,35,78,44.9,1,0.8,0.7,+0.2,6,29,4,3,43,17,36.0,10,5,2,9,25,16,10,2,8,12,29,44,0,Matches,585,486,96,6,1,6,23,90,0,0,0,0,451,3,11,0,0,0,7,4,1,23,12,12,0,0,0,72,12,13,48.0,France
Memphis,nl NED,FW,Lyon,23,1994,28.4,956,1301,73.5,13877,4282,609,691,88.1,205,285,71.9,83,180,46.1,13,8.0,6.2,+5.0,77,74,46,8,133,13,10.7,4,3,6,3,28,25,15,0,15,9,22,5,0,Matches,1301,1122,170,48,10,12,155,21,93,47,38,0,956,9,38,2,0,0,37,50,11,155,9,9,0,0,0,127,8,26,23.5,France
Mexer,mz MOZ,DF,Rennes,28,1988,13.3,418,500,83.6,8842,2810,116,126,92.1,213,231,92.2,81,128,63.3,0,0.2,0.6,-0.2,2,13,1,1,27,15,75.0,9,6,0,9,12,3,13,7,6,16,31,98,2,Matches,500,474,24,23,0,9,2,1,0,0,0,0,418,2,4,1,0,0,6,9,0,2,16,12,0,3,0,82,42,27,60.9,France
Mickaël Le Bihan,fr FRA,"FW,MF",Nice,27,1990,1.2,41,48,85.4,648,76,20,20,100.0,16,18,88.9,4,6,66.7,0,0.2,0.2,-0.2,3,3,0,0,2,0,0.0,0,0,0,0,3,3,0,0,0,1,1,0,0,Matches,48,47,1,0,0,1,3,0,0,0,0,0,41,0,1,0,0,0,1,2,0,3,1,0,0,0,0,3,1,4,20.0,France
Mike Maignan,fr FRA,GK,Lille,22,1995,33.7,909,1155,78.7,24726,18430,132,133,99.2,498,503,99.0,272,510,53.3,0,0.0,0.0,0.0,0,9,0,0,0,1,100.0,1,0,0,1,1,0,0,0,0,0,1,8,6,Matches,1155,789,365,79,0,7,0,0,0,0,0,0,909,1,1,0,1,0,0,9,0,0,0,1,0,0,0,69,12,4,75.0,France
Milan Biševac,rs SRB,DF,Metz,33,1983,7.9,270,328,82.3,6525,3096,52,59,88.1,138,147,93.9,77,115,67.0,0,0.1,0.3,-0.1,2,31,2,1,26,7,71.4,5,1,1,5,7,2,2,0,2,5,12,43,0,Matches,328,305,23,23,0,4,2,0,0,0,0,0,270,0,3,1,0,0,4,4,1,2,5,5,0,1,0,46,4,8,33.3,France
Milan Gajić,rs SRB,DF,Bordeaux,21,1996,4.0,145,199,72.9,2195,1222,78,92,84.8,54,70,77.1,8,17,47.1,1,0.0,0.1,+1.0,1,11,2,0,15,6,50.0,4,2,0,2,4,2,7,0,7,4,10,14,0,Matches,199,142,55,2,0,0,7,53,0,0,0,0,145,2,11,0,0,0,4,0,1,7,4,3,0,0,0,16,4,5,44.4,France
Morgan Amalfitano,fr FRA,"MF,FW",Rennes,32,1985,8.3,221,277,79.8,2834,864,135,145,93.1,57,70,81.4,9,31,29.0,0,0.5,0.4,-0.5,6,23,4,1,24,8,40.0,3,3,2,2,5,3,6,0,6,4,12,7,0,Matches,277,261,15,5,3,0,19,8,1,1,0,0,221,1,5,2,2,1,8,14,0,19,4,5,0,0,0,39,2,12,14.3,France
Morgan Poaty,cg CGO,DF,Montpellier,20,1997,1.9,69,96,71.9,1118,380,31,37,83.8,31,38,81.6,5,13,38.5,0,0.1,0.2,-0.1,1,2,3,2,6,0,0.0,0,0,0,0,1,1,5,3,2,1,1,2,0,Matches,96,75,21,2,0,0,11,19,0,0,0,0,69,0,4,1,0,0,2,3,0,11,1,0,0,0,0,11,1,1,50.0,France
Morgan Sanson,fr FRA,MF,Marseille,22,1994,24.1,831,1078,77.1,11776,2886,448,514,87.2,221,295,74.9,65,114,57.0,2,3.6,3.2,-1.6,37,69,26,10,94,64,29.6,13,34,17,21,71,50,30,0,30,25,89,5,1,Matches,1078,1041,30,12,11,16,82,10,7,7,0,0,831,7,23,8,0,0,46,60,6,82,25,40,0,0,0,134,21,37,36.2,France
Mouctar Diakhaby,gn GUI,DF,Lyon,20,1996,8.1,369,419,88.1,7400,2364,105,117,89.7,208,222,93.7,49,65,75.4,0,0.0,0.0,0.0,0,6,0,0,17,10,57.1,7,3,0,4,7,3,14,9,5,12,22,52,1,Matches,419,404,14,14,0,6,0,0,0,0,0,0,369,1,1,2,0,0,6,7,0,0,12,6,0,0,0,51,21,13,61.8,France
Moussa Konaté,sn SEN,FW,Amiens,24,1993,27.5,355,537,66.1,4763,805,214,300,71.3,97,136,71.3,18,42,42.9,1,1.5,1.7,-0.5,16,18,18,3,42,8,13.0,1,4,3,3,23,20,10,2,8,3,11,11,0,Matches,537,486,51,1,1,3,23,3,0,0,0,0,355,0,20,8,0,0,52,53,29,23,3,6,1,0,0,55,71,108,39.7,France
Moussa Niakhate,sn SEN,DF,Metz,21,1996,34.5,1138,1444,78.8,26076,11359,287,345,83.2,581,665,87.4,265,409,64.8,1,0.2,0.5,+0.8,4,115,5,0,87,57,59.5,44,12,1,22,37,15,27,14,13,55,112,139,1,Matches,1444,1352,87,56,0,24,9,30,0,0,0,0,1138,5,17,8,0,0,35,40,0,9,55,38,0,1,0,242,63,47,57.3,France
Moussa Sylla,ml MLI,FW,Monaco,17,1999,3.4,39,69,56.5,491,104,28,44,63.6,8,15,53.3,1,1,100.0,0,0.1,0.2,-0.1,3,3,4,0,7,0,0.0,0,0,0,0,2,2,2,0,2,0,0,1,0,Matches,69,64,5,0,1,0,2,1,0,0,0,0,39,0,3,1,0,0,8,4,2,2,0,0,0,0,0,8,12,16,42.9,France
Mustapha Diallo,sn SEN,MF,Guingamp,31,1986,15.4,496,612,81.0,8603,2188,211,246,85.8,202,249,81.1,55,68,80.9,0,0.3,1.4,-0.3,6,50,2,0,52,48,45.5,15,29,4,15,33,18,20,4,16,20,68,29,0,Matches,612,601,10,9,0,3,1,1,0,0,0,0,496,1,7,6,0,0,49,39,5,1,20,36,0,2,0,100,72,63,53.3,France
Myziane Maolida,km COM,"FW,MF",Lyon,18,1999,3.7,109,141,77.3,1242,276,75,88,85.2,21,30,70.0,3,5,60.0,0,0.9,0.8,-0.9,7,6,4,1,10,5,0.0,3,2,0,0,2,2,1,0,1,0,5,0,0,Matches,141,136,5,0,3,0,5,3,0,0,0,0,109,0,3,0,0,0,3,1,2,5,0,5,0,0,0,11,2,6,25.0,France
Nabil Fekir,fr FRA,"MF,FW",Lyon,24,1993,27.5,1016,1253,81.1,14619,4604,593,659,90.0,269,327,82.3,71,136,52.2,8,5.7,5.6,+2.3,59,105,45,6,153,45,20.0,11,24,10,8,40,32,11,0,11,8,53,5,0,Matches,1253,1089,155,49,8,6,99,9,66,41,18,0,1016,9,19,8,0,0,72,105,17,99,8,33,1,0,0,131,19,25,43.2,France
Najib Gandi,fr FRA,"FW,MF",Nantes,23,1994,1.1,29,37,78.4,530,210,9,11,81.8,12,14,85.7,5,7,71.4,0,0.0,0.0,0.0,0,3,0,0,8,6,66.7,3,2,1,4,6,2,4,1,3,4,10,3,0,Matches,37,35,2,1,0,0,1,0,1,1,0,0,29,0,2,1,0,0,2,3,4,1,4,5,0,0,0,15,1,2,33.3,France
Nampalys Mendy,sn SEN,MF,Nice,25,1992,10.7,672,744,90.3,11391,2841,316,338,93.5,280,302,92.7,60,78,76.9,1,0.1,0.2,+0.9,2,63,0,0,64,13,29.4,8,5,0,5,17,12,9,1,8,13,26,10,1,Matches,744,728,15,15,0,10,2,0,0,0,0,0,672,1,6,2,0,0,17,15,0,2,13,6,0,0,0,53,3,3,50.0,France
Nathan,br BRA,MF,Amiens,21,1996,0.1,4,5,80.0,37,17,3,3,100.0,0,0,,0,1,0.0,0,0.0,0.0,0.0,0,0,0,0,0,0,,0,0,0,0,0,0,0,0,0,0,0,0,0,Matches,5,3,2,0,0,0,1,1,1,0,1,0,4,0,0,0,0,0,0,0,0,1,0,0,0,0,0,1,0,0,,France
Naïm Sliti,tn TUN,"FW,MF",Dijon,25,1992,25.4,625,930,67.2,10640,4029,313,392,79.8,198,280,70.7,81,168,48.2,6,5.2,4.7,+0.8,59,57,49,10,117,47,38.5,20,17,10,20,52,32,22,2,20,13,60,7,0,Matches,930,764,153,61,17,6,112,10,72,23,29,1,625,13,32,2,0,0,23,65,10,112,13,32,2,1,0,125,14,37,27.5,France
Ndombe Mubele,cd COD,"FW,MF",Rennes,23,1994,13.6,196,291,67.4,2660,593,114,145,78.6,44,65,67.7,14,27,51.9,1,1.8,1.5,-0.8,18,7,4,2,16,14,38.5,5,6,3,5,13,8,9,0,9,3,17,3,0,Matches,291,263,27,0,1,3,22,5,1,0,0,0,196,1,11,1,0,0,15,42,5,22,3,8,1,0,0,46,7,13,35.0,France
Ndombe Mubele,cd COD,"FW,MF",Toulouse,23,1994,4.1,79,143,55.2,1210,438,52,71,73.2,21,42,50.0,5,17,29.4,1,0.4,0.8,+0.6,5,7,6,4,14,8,40.0,6,2,0,4,10,6,11,0,11,9,17,4,0,Matches,143,129,12,1,0,2,21,9,2,0,0,0,79,2,12,0,0,0,6,9,0,21,9,4,0,0,0,27,3,7,30.0,France
Neven Subotić,rs SRB,DF,Saint-Étienne,28,1988,16.0,712,833,85.5,15268,4948,200,212,94.3,383,426,89.9,123,180,68.3,1,0.9,1.1,+0.1,4,32,2,0,31,23,37.0,16,7,0,10,27,17,13,9,4,18,41,96,1,Matches,833,821,11,11,1,4,1,0,0,0,0,0,712,1,4,1,0,0,6,5,0,1,18,14,0,0,0,86,45,22,67.2,France
Neymar,br BRA,FW,Paris S-G,25,1992,19.8,1106,1452,76.2,15152,5620,617,698,88.4,295,393,75.1,76,161,47.2,13,11.3,9.8,+1.7,69,133,88,4,204,20,17.5,3,11,6,7,40,33,4,0,4,5,25,2,0,Matches,1452,1298,143,47,57,12,83,22,72,29,11,4,1106,11,34,5,1,1,23,104,10,83,5,14,2,0,0,80,3,5,37.5,France
Nicolas Basin,fr FRA,DF,Metz,19,1998,3.5,114,164,69.5,1971,892,58,67,86.6,44,58,75.9,12,35,34.3,0,0.1,0.1,-0.1,2,11,2,2,11,9,44.4,5,3,1,4,9,5,6,3,3,8,17,14,0,Matches,164,131,32,1,0,1,8,31,0,0,0,0,114,1,6,1,0,0,2,3,0,8,8,7,0,0,0,19,6,3,66.7,France
Nicolas Benezet,fr FRA,"FW,MF",Guingamp,26,1991,18.3,718,990,72.5,10690,2994,390,460,84.8,208,284,73.2,63,128,49.2,3,3.3,4.4,-0.3,35,52,25,4,109,38,29.7,18,16,4,11,37,26,8,2,6,12,50,7,0,Matches,990,877,107,24,3,14,115,14,65,30,27,1,718,6,32,2,0,0,24,41,10,115,12,30,0,0,0,100,18,34,34.6,France
Nicolas Cozza,fr FRA,"DF,MF",Montpellier,18,1999,6.4,234,323,72.4,3947,1804,102,125,81.6,115,141,81.6,11,34,32.4,1,0.1,0.2,+0.9,3,29,3,1,36,21,43.8,12,8,1,7,16,9,5,2,3,13,34,12,0,Matches,323,267,53,2,0,2,25,51,0,0,0,0,234,3,15,2,0,0,7,6,0,25,13,11,1,1,0,48,4,12,25.0,France
Nicolas Janvier,fr FRA,MF,Rennes,18,1998,0.8,37,46,80.4,584,124,20,22,90.9,8,14,57.1,5,6,83.3,0,0.0,0.0,0.0,0,5,0,0,2,4,50.0,1,1,2,1,2,1,1,0,1,1,5,0,0,Matches,46,46,0,0,0,0,0,0,0,0,0,0,37,0,0,0,0,0,1,2,0,0,1,1,0,0,0,3,1,2,33.3,France
Nicolas Pallois,fr FRA,DF,Nantes,29,1987,27.0,585,811,72.1,12990,5790,179,212,84.4,267,333,80.2,129,235,54.9,3,0.5,0.2,+2.5,9,53,1,0,60,39,50.0,25,9,5,18,36,18,34,19,15,35,74,182,3,Matches,811,771,38,32,0,13,3,6,0,0,0,0,585,2,10,8,2,2,13,5,0,3,35,28,0,1,1,176,35,30,53.8,France
Nicolas Pépé,ci CIV,"FW,MF",Lille,22,1995,31.6,824,1051,78.4,10708,2370,484,554,87.4,191,253,75.5,46,88,52.3,4,3.9,3.0,+0.1,40,46,33,7,90,30,26.2,14,11,5,11,42,31,23,0,23,10,40,20,0,Matches,1051,974,74,21,6,11,58,19,11,4,4,1,824,3,31,5,0,0,29,81,26,58,10,18,1,0,0,107,27,53,33.8,France
Nicolas de Préville,fr FRA,FW,Bordeaux,26,1991,21.5,497,719,69.1,7480,1731,290,376,77.1,115,184,62.5,52,84,61.9,4,3.4,3.4,+0.6,23,32,16,2,47,34,27.3,10,15,9,9,33,24,25,4,21,21,55,12,0,Matches,719,645,70,10,8,10,61,11,25,13,9,0,497,4,27,6,0,0,57,37,6,61,21,27,0,0,0,115,28,58,32.6,France
Nicolas de Préville,fr FRA,"FW,MF",Lille,26,1991,3.2,47,70,67.1,597,138,25,34,73.5,12,15,80.0,2,7,28.6,0,0.2,0.1,-0.2,4,2,2,0,7,3,20.0,0,1,2,1,5,4,3,0,3,0,3,2,0,Matches,70,63,6,0,0,0,3,0,0,0,0,0,47,1,4,0,0,0,4,4,2,3,0,3,0,0,0,9,4,3,57.1,France
Nolan Roux,fr FRA,"FW,MF",Metz,29,1988,31.5,541,807,67.0,9076,2090,288,381,75.6,197,302,65.2,44,70,62.9,1,1.9,1.2,-0.9,26,61,17,3,81,24,18.4,8,10,6,7,38,31,32,2,30,25,49,22,0,Matches,807,777,27,1,2,11,20,3,0,0,0,0,541,3,20,8,0,0,47,60,17,20,25,17,0,0,0,124,67,91,42.4,France
Nordi Mukiele,fr FRA,DF,Montpellier,19,1997,31.0,1320,1766,74.7,24084,12350,619,704,87.9,522,676,77.2,161,299,53.8,1,2.7,2.5,-1.7,35,169,34,19,200,70,56.8,41,25,4,25,44,19,26,14,12,73,143,104,2,Matches,1766,1527,231,83,3,23,111,145,3,0,3,0,1320,8,50,5,0,0,34,65,1,111,73,55,0,0,0,245,71,34,67.6,France
Nuno da Costa,cv CPV,"FW,MF",Strasbourg,26,1991,19.2,231,377,61.3,3248,925,128,184,69.6,58,99,58.6,19,40,47.5,2,0.6,1.6,+1.4,13,26,10,4,30,50,20.0,12,29,9,7,35,28,21,0,21,19,69,9,0,Matches,377,367,8,0,8,4,21,2,0,0,0,0,231,2,20,4,1,0,31,35,8,21,19,32,2,1,0,91,42,55,43.3,France
Ola Toivonen,se SWE,"FW,MF",Toulouse,31,1986,8.9,231,326,70.9,3712,956,127,170,74.7,71,99,71.7,24,35,68.6,0,0.4,0.8,-0.4,8,31,8,1,41,4,0.0,1,0,3,0,7,7,2,0,2,2,6,12,0,Matches,326,309,14,2,4,1,3,4,1,0,0,0,231,3,6,2,0,0,27,9,6,3,2,4,1,0,0,27,42,34,55.3,France
Ole Selnæs,no NOR,MF,Saint-Étienne,23,1994,22.9,1032,1266,81.5,20138,5560,378,437,86.5,490,560,87.5,147,225,65.3,2,1.3,0.9,+0.7,18,107,5,0,124,73,29.5,29,42,2,18,61,43,37,15,22,34,107,53,1,Matches,1266,1205,56,40,4,17,26,1,15,9,6,0,1032,5,15,9,0,0,39,14,0,26,34,45,1,0,0,161,30,20,60.0,France
Olivier Verdon,bj BEN,DF,Bordeaux,21,1995,0.1,0,2,0.0,0,0,0,0,,0,1,0.0,0,1,0.0,0,0.0,0.0,0.0,0,0,0,0,0,0,,0,0,0,0,0,0,0,0,0,0,0,3,0,Matches,2,2,0,0,0,0,0,0,0,0,0,0,0,0,0,0,0,0,0,0,0,0,0,0,0,0,0,1,1,0,100.0,France
Opa Nguette,sn SEN,"FW,MF",Metz,23,1994,11.4,190,256,74.2,3030,891,102,123,82.9,74,94,78.7,12,20,60.0,0,1.2,0.7,-1.2,11,26,4,0,35,27,23.8,11,12,4,5,21,16,10,0,10,18,45,13,0,Matches,256,249,5,0,2,3,12,5,0,0,0,0,190,2,13,3,0,0,20,20,2,12,18,22,1,0,0,65,19,17,52.8,France
Oswaldo Vizcarrondo,ve VEN,DF,Troyes,33,1984,19.1,641,777,82.5,14793,4993,139,161,86.3,342,383,89.3,149,206,72.3,0,0.1,0.1,-0.1,2,33,0,0,42,21,37.8,17,3,1,14,37,23,18,16,2,20,41,129,2,Matches,777,749,22,22,1,15,0,0,0,0,0,0,641,6,2,7,1,1,22,10,0,0,20,15,0,1,0,72,50,25,66.7,France
Otávio,br BRA,MF,Bordeaux,23,1994,16.5,795,909,87.5,15032,4068,339,367,92.4,301,327,92.0,125,163,76.7,0,0.5,0.8,-0.5,11,51,6,3,79,64,32.8,25,37,2,20,61,41,26,4,22,32,96,35,0,Matches,909,872,35,28,2,27,9,0,7,5,0,0,795,2,9,5,1,1,24,10,0,9,32,42,0,1,0,140,15,16,48.4,France
Oualid El Hajjam,ma MAR,DF,Amiens,26,1991,24.4,761,1086,70.1,12122,5521,394,461,85.5,293,411,71.3,49,142,34.5,1,0.6,0.9,+0.4,11,47,11,4,63,64,46.9,37,22,5,23,49,26,25,5,20,59,123,91,1,Matches,1086,790,290,11,0,8,53,279,0,0,0,0,761,6,30,6,0,0,37,26,0,53,59,44,0,1,0,159,17,29,37.0,France
Oussama Haddadi,tn TUN,DF,Dijon,25,1992,27.8,1055,1416,74.5,19074,6789,487,564,86.3,403,527,76.5,140,232,60.3,1,1.5,1.5,-0.5,25,59,32,14,93,44,29.8,33,9,2,14,47,33,29,12,17,43,87,79,1,Matches,1416,1148,262,21,0,21,82,241,0,0,0,0,1055,6,48,6,1,0,44,13,3,82,43,29,0,2,0,182,17,28,37.8,France
Oussama Tannane,ma MAR,FW,Saint-Étienne,23,1994,2.3,69,95,72.6,1090,273,35,45,77.8,24,30,80.0,6,12,50.0,1,0.6,0.7,+0.4,3,8,1,0,11,12,40.0,4,5,3,2,5,3,2,0,2,3,15,2,0,Matches,95,83,11,4,0,1,7,2,5,2,2,1,69,1,2,1,0,0,6,6,3,7,3,6,0,0,0,14,0,0,,France
Pablo,br BRA,DF,Bordeaux,26,1991,14.3,549,631,87.0,12088,3826,161,173,93.1,273,295,92.5,111,151,73.5,3,2.3,0.5,+0.7,5,18,1,0,22,16,62.5,13,3,0,10,16,6,13,7,6,16,32,96,1,Matches,631,617,14,14,1,13,0,0,0,0,0,0,549,0,5,3,0,0,12,6,1,0,16,15,0,1,0,87,41,19,68.3,France
Pablo Martinez,fr FRA,DF,Strasbourg,28,1989,23.5,815,1004,81.2,15842,6486,299,337,88.7,382,430,88.8,116,205,56.6,1,0.5,0.6,+0.5,5,56,6,3,63,41,44.9,28,12,1,22,49,27,25,12,13,51,92,112,3,Matches,1004,916,86,30,1,11,13,56,0,0,0,0,815,2,6,4,0,0,23,28,1,13,51,34,0,2,0,104,54,37,59.3,France
Pape Cheikh Diop,sn SEN,MF,Lyon,19,1997,0.1,9,9,100.0,110,26,8,8,100.0,1,1,100.0,0,0,,0,0.0,0.0,0.0,0,1,0,0,1,0,,0,0,0,0,0,0,0,0,0,0,0,0,0,Matches,9,9,0,0,0,0,0,0,0,0,0,0,9,0,0,0,0,0,0,0,0,0,0,0,0,0,0,1,0,0,,France
Papy Djilobodji,sn SEN,DF,Dijon,28,1988,30.0,1220,1551,78.7,27121,11563,362,412,87.9,610,693,88.0,236,403,58.6,1,0.5,0.6,+0.5,8,112,9,1,122,45,48.8,34,11,0,21,43,22,38,25,13,71,116,211,5,Matches,1551,1471,69,63,1,32,5,6,0,0,0,0,1220,11,12,4,1,0,25,28,0,5,71,29,0,2,0,194,87,30,74.4,France
Patrice Evra,fr FRA,DF,Marseille,36,1981,3.9,127,178,71.3,1684,643,75,87,86.2,35,52,67.3,4,14,28.6,0,0.1,0.0,-0.1,2,3,1,1,4,6,50.0,5,1,0,3,6,3,2,2,0,3,9,16,0,Matches,178,130,48,4,0,0,6,44,0,0,0,0,127,0,6,2,0,0,4,2,3,6,3,5,0,0,0,18,10,4,71.4,France
Patrick Burner,mq MTQ,DF,Nice,21,1996,10.0,552,641,86.1,8389,2947,316,343,92.1,199,217,91.7,28,57,49.1,0,0.5,0.5,-0.5,11,43,7,3,44,18,35.0,13,5,0,7,20,13,6,0,6,13,31,23,0,Matches,641,534,105,18,0,1,15,87,0,0,0,0,552,2,14,2,0,0,10,14,0,15,13,12,0,1,0,53,9,9,50.0,France
Paul Baysse,fr FRA,DF,Bordeaux,29,1988,6.3,260,302,86.1,5495,1860,77,86,89.5,123,133,92.5,52,69,75.4,0,0.0,0.0,0.0,0,20,0,0,35,4,20.0,3,1,0,1,5,4,4,3,1,7,11,38,1,Matches,302,290,11,11,0,4,1,0,0,0,0,0,260,1,2,0,1,0,7,1,0,1,7,2,0,1,0,42,24,13,64.9,France
Paul Lasne,fr FRA,MF,Montpellier,28,1989,34.0,1442,1809,79.7,26036,7644,673,771,87.3,546,659,82.9,189,290,65.2,2,2.5,2.6,-0.5,37,173,30,9,242,68,22.2,27,39,2,12,54,42,20,1,19,57,125,26,0,Matches,1809,1754,46,26,10,43,52,18,2,0,2,0,1442,9,29,10,0,0,59,71,0,52,57,45,1,0,0,233,55,48,53.4,France
Paul-Georges Ntep,cm CMR,"FW,MF",Saint-Étienne,25,1992,5.7,126,192,65.6,2125,573,64,80,80.0,40,60,66.7,14,26,53.8,0,0.3,0.2,-0.3,6,8,11,1,23,14,47.1,8,5,1,8,17,9,4,1,3,3,17,4,0,Matches,192,185,6,1,0,5,17,2,1,1,0,0,126,1,10,2,0,0,6,13,2,17,3,8,0,0,0,21,5,8,38.5,France
Pedro Mendes,pt POR,DF,Montpellier,26,1990,31.7,1157,1426,81.1,24766,8867,349,404,86.4,579,639,90.6,214,340,62.9,1,0.5,0.4,+0.5,7,64,5,0,83,62,56.1,37,19,6,23,41,18,36,25,11,44,106,152,0,Matches,1426,1339,82,56,0,34,11,26,0,0,0,0,1157,5,12,11,0,0,41,52,0,11,44,50,0,2,0,192,57,41,58.2,France
Pedro Rebocho,pt POR,DF,Guingamp,22,1995,19.1,784,1031,76.0,12191,5680,418,467,89.5,261,344,75.9,65,133,48.9,2,1.0,1.3,+1.0,19,58,18,9,79,29,42.9,18,8,3,12,28,16,20,6,14,19,48,76,0,Matches,1031,802,220,22,0,4,59,195,3,0,3,0,784,9,35,4,0,0,17,11,1,59,19,22,0,0,0,97,15,19,44.1,France
Pierre Lees-Melou,fr FRA,"MF,FW",Nice,24,1993,32.1,1319,1626,81.1,22460,5642,648,719,90.1,460,549,83.8,149,241,61.8,6,5.4,4.9,+0.6,57,120,24,2,163,78,35.5,29,39,10,27,76,49,52,11,41,34,112,38,2,Matches,1626,1535,87,14,2,31,108,9,63,20,41,0,1319,4,32,6,1,0,55,37,8,108,34,47,1,0,1,176,13,31,29.5,France
Pierrick Capelle,fr FRA,MF,Angers,30,1987,20.9,629,828,76.0,9825,3127,342,395,86.6,218,287,76.0,44,78,56.4,1,2.1,2.0,-1.1,30,53,16,3,89,50,22.9,29,17,4,16,70,54,29,0,29,34,84,26,0,Matches,828,784,39,5,4,7,35,28,5,4,0,0,629,5,25,3,0,0,28,18,1,35,34,37,0,0,1,139,34,44,43.6,France
Pietro Pellegri,it ITA,FW,Monaco,16,2001,0.3,3,7,42.9,25,1,1,3,33.3,1,1,100.0,0,0,,0,0.0,0.0,0.0,0,0,0,0,0,0,0.0,0,0,0,0,2,2,1,0,1,0,0,0,0,Matches,7,7,0,0,0,0,0,0,0,0,0,0,3,0,1,0,0,0,1,2,0,0,0,0,0,0,0,0,1,4,20.0,France
Presnel Kimpembe,fr FRA,DF,Paris S-G,21,1995,26.9,1783,1875,95.1,30578,9566,767,794,96.6,784,802,97.8,154,185,83.2,0,0.2,0.6,-0.2,4,60,4,1,108,39,64.3,20,18,1,9,14,5,17,10,7,24,63,80,1,Matches,1875,1784,91,80,0,22,6,11,0,0,0,0,1783,0,11,8,2,2,34,48,1,6,24,28,0,2,0,169,31,23,57.4,France
Prince Oniangué,cg CGO,MF,Angers,28,1988,11.7,272,347,78.4,3784,1122,164,197,83.2,78,102,76.5,14,23,60.9,0,0.4,0.3,-0.4,8,14,4,1,45,16,25.8,5,9,2,8,31,23,20,4,16,11,27,8,0,Matches,347,346,1,1,0,0,3,0,0,0,0,0,272,0,8,1,1,1,14,16,1,3,11,11,0,0,0,46,39,55,41.5,France
Prince-Désir Gouano,fr FRA,DF,Amiens,23,1993,30.5,860,1079,79.7,16195,6316,291,330,88.2,489,562,87.0,70,157,44.6,0,0.1,0.2,-0.1,2,20,2,1,46,42,71.0,32,8,2,22,31,9,58,47,11,49,91,191,6,Matches,1079,1038,37,37,0,3,2,0,0,0,0,0,860,4,8,4,3,2,26,26,0,2,49,29,0,0,0,166,92,67,57.9,France
Préjuce Nakoulma,bf BFA,FW,Nantes,30,1987,12.8,264,344,76.7,3394,482,152,189,80.4,71,88,80.7,12,16,75.0,0,0.9,0.9,-0.9,13,11,5,1,30,10,28.6,3,6,1,2,7,5,2,0,2,5,15,0,0,Matches,344,330,13,1,0,0,5,1,0,0,0,0,264,1,10,4,0,0,34,26,11,5,5,8,0,0,0,44,17,42,28.8,France
Quentin Beunardeau,fr FRA,GK,Metz,23,1994,0.4,11,20,55.0,526,493,0,0,,2,2,100.0,9,18,50.0,0,0.0,0.0,0.0,0,0,0,0,0,0,,0,0,0,0,0,0,0,0,0,0,0,0,0,Matches,20,12,8,4,0,0,0,0,0,0,0,0,11,0,0,0,0,0,0,0,0,0,0,0,0,0,0,1,0,0,,France
Quentin Boisgard,fr FRA,MF,Toulouse,20,1997,2.0,55,87,63.2,732,238,33,43,76.7,13,22,59.1,4,7,57.1,0,0.1,0.1,-0.1,2,9,2,0,11,2,0.0,0,2,0,0,3,3,2,0,2,0,2,1,0,Matches,87,84,3,0,0,0,9,0,2,1,1,0,55,0,7,1,0,0,4,3,1,9,0,2,0,0,0,8,4,5,44.4,France
Quentin Cornette,fr FRA,"FW,MF",Amiens,23,1994,5.0,97,139,69.8,1212,470,55,65,84.6,26,36,72.2,4,14,28.6,2,0.9,0.5,+1.1,6,16,2,0,20,11,23.1,5,3,3,3,13,10,7,0,7,3,14,5,0,Matches,139,132,4,1,1,0,6,0,3,2,1,0,97,3,2,1,0,0,10,10,0,6,3,8,0,0,0,37,1,5,16.7,France
Rachid Ghezzal,dz ALG,"FW,MF",Monaco,25,1992,11.2,402,568,70.8,6454,1812,223,275,81.1,127,175,72.6,39,75,52.0,3,2.7,2.0,+0.3,16,36,13,3,57,31,20.6,6,22,3,7,34,27,17,0,17,11,42,2,1,Matches,568,522,42,12,7,6,53,5,25,16,4,0,402,4,19,2,1,0,20,18,7,53,11,24,0,0,0,71,9,22,29.0,France
Racine Coly,sn SEN,DF,Nice,21,1995,6.9,374,435,86.0,5511,1558,218,232,94.0,133,154,86.4,15,30,50.0,0,0.1,0.3,-0.1,1,33,2,1,40,15,47.4,9,5,1,9,19,10,5,2,3,15,30,18,0,Matches,435,370,65,16,0,1,14,49,0,0,0,0,374,0,7,3,0,0,17,8,1,14,15,12,0,0,0,35,11,6,64.7,France
Radamel Falcao,co COL,FW,Monaco,31,1986,23.7,438,563,77.8,5326,622,275,340,80.9,112,145,77.2,10,18,55.6,4,1.9,1.2,+2.1,16,26,6,1,37,11,15.4,0,8,3,2,13,11,13,3,10,10,21,11,0,Matches,563,507,54,0,1,0,8,1,0,0,0,0,438,2,12,1,0,0,41,50,9,8,10,6,0,0,1,82,37,69,34.9,France
Rafael,br BRA,DF,Lyon,27,1990,20.1,990,1250,79.2,14264,4955,616,678,90.9,298,386,77.2,48,112,42.9,2,2.9,2.1,-0.9,21,74,15,12,88,54,51.2,30,18,6,22,43,21,20,3,17,42,96,53,0,Matches,1250,1019,226,15,0,5,63,211,0,0,0,0,990,5,30,9,0,0,34,26,2,63,42,28,0,0,1,122,27,28,49.1,France
Ramy Bensebaini,dz ALG,DF,Rennes,22,1995,26.0,1084,1449,74.8,19103,7006,463,543,85.3,480,595,80.7,104,225,46.2,1,2.1,1.4,-1.1,9,76,12,7,107,56,47.3,31,21,4,26,55,29,24,16,8,37,93,177,1,Matches,1449,1231,213,45,0,13,62,168,0,0,0,0,1084,5,33,6,0,0,38,40,4,62,37,39,0,3,1,164,71,29,71.0,France
Rayan Souici,fr FRA,MF,Saint-Étienne,19,1998,0.1,5,5,100.0,56,19,2,2,100.0,2,2,100.0,0,0,,0,0.0,0.0,0.0,0,0,0,0,0,0,,0,0,0,0,0,0,1,0,1,0,0,0,0,Matches,5,5,0,0,0,0,0,0,0,0,0,0,5,0,0,0,0,0,0,0,0,0,0,0,0,0,0,0,0,1,0.0,France
Raïs M'Bolhi,dz ALG,GK,Rennes,31,1986,1.0,9,24,37.5,345,244,0,0,,5,6,83.3,4,18,22.2,0,0.0,0.0,0.0,0,1,0,0,0,0,0.0,0,0,0,0,1,1,0,0,0,0,0,0,0,Matches,24,16,8,4,0,0,0,0,0,0,0,0,9,0,0,0,0,0,0,1,0,0,0,0,0,0,0,1,0,0,,France
Renaud Cohade,fr FRA,MF,Metz,32,1984,36.6,1545,2019,76.5,30809,10245,633,746,84.9,656,826,79.4,246,395,62.3,3,3.5,3.1,-0.5,43,270,36,13,312,143,38.7,63,71,9,46,119,73,70,10,60,53,196,91,0,Matches,2019,1927,85,44,2,54,65,12,8,2,3,0,1545,7,41,6,0,0,52,27,3,65,53,86,0,0,0,266,87,96,47.5,France
Rene Krhin,si SVN,MF,Nantes,27,1990,14.6,424,508,83.5,6711,2207,225,248,90.7,144,176,81.8,36,52,69.2,0,0.2,0.3,-0.2,2,30,5,0,36,18,17.6,7,11,0,3,17,14,11,2,9,16,34,39,0,Matches,508,494,13,13,0,8,0,0,0,0,0,0,424,1,5,5,0,0,17,24,1,0,16,12,0,0,0,66,41,45,47.7,France
Robert Berić,si SVN,FW,Saint-Étienne,26,1991,11.6,126,182,69.2,1379,214,75,104,72.1,23,34,67.6,4,5,80.0,1,0.7,0.8,+0.3,4,4,0,0,7,6,6.3,1,3,2,1,16,15,9,1,8,5,11,4,0,Matches,182,159,23,1,0,1,3,2,0,0,0,0,126,0,9,0,0,0,27,21,15,3,5,4,1,0,0,24,16,35,31.4,France
Rolando,pt POR,DF,Marseille,31,1985,27.9,1210,1354,89.4,24062,8011,408,433,94.2,589,639,92.2,182,243,74.9,0,0.2,0.3,-0.2,3,40,2,0,60,44,57.5,28,15,1,23,40,17,22,14,8,37,81,126,0,Matches,1354,1312,40,39,2,21,0,1,0,0,0,0,1210,2,3,5,0,0,20,15,2,0,37,29,0,1,1,162,52,37,58.4,France
Romain Amalfitano,fr FRA,MF,Dijon,27,1989,30.0,1148,1412,81.3,22413,6357,449,505,88.9,481,537,89.6,181,281,64.4,3,1.8,2.0,+1.2,23,121,23,4,146,59,36.2,18,38,3,25,69,44,29,7,22,85,144,35,2,Matches,1412,1379,25,16,8,26,20,6,2,0,1,0,1148,8,28,5,0,0,35,52,0,20,85,37,0,0,0,228,13,29,31.0,France
Romain Danzé,fr FRA,DF,Rennes,31,1986,7.6,344,448,76.8,5596,2281,170,198,85.9,137,171,80.1,27,54,50.0,0,0.1,0.1,-0.1,3,30,1,0,33,12,61.5,3,4,5,8,13,5,11,2,9,3,15,34,0,Matches,448,356,90,6,0,3,18,84,0,0,0,0,344,2,9,2,0,0,7,1,0,18,3,7,0,0,0,31,14,9,60.9,France
Romain Genevois,ht HAI,DF,Caen,29,1987,20.1,577,810,71.2,11714,4968,197,244,80.7,276,335,82.4,94,188,50.0,1,0.3,0.7,+0.7,6,41,11,10,50,48,53.8,27,13,8,21,39,18,25,11,14,31,79,76,0,Matches,810,725,84,17,0,13,47,64,2,0,0,0,577,1,26,4,1,0,26,15,0,47,31,28,0,0,0,99,45,31,59.2,France
Romain Hamouma,fr FRA,FW,Saint-Étienne,30,1987,20.5,469,662,70.8,7053,1990,253,306,82.7,138,191,72.3,45,93,48.4,3,4.8,3.6,-1.8,34,30,15,7,45,19,4.5,7,6,6,1,22,21,15,4,11,13,32,8,1,Matches,662,556,103,30,3,2,106,12,50,17,28,1,469,3,23,4,0,0,17,37,12,106,13,13,1,0,0,72,18,32,36.0,France
Romain Perraud,fr FRA,FW,Nice,19,1997,0.0,2,3,66.7,35,25,1,2,50.0,1,1,100.0,0,0,,0,0.0,0.0,0.0,0,1,0,0,1,0,,0,0,0,0,0,0,0,0,0,0,0,0,0,Matches,3,2,1,0,0,0,0,1,0,0,0,0,2,0,0,0,0,0,0,0,0,0,0,0,0,0,0,0,0,0,,France
Romain Thomas,fr FRA,DF,Angers,29,1988,27.4,967,1196,80.9,19892,8700,323,353,91.5,485,552,87.9,148,269,55.0,0,1.0,0.8,-1.0,5,53,1,0,60,31,48.3,16,15,0,14,29,15,32,19,13,34,65,151,1,Matches,1196,1143,47,46,0,11,1,1,0,0,0,0,967,6,5,5,0,0,27,25,3,1,34,21,0,2,1,125,74,45,62.2,France
Rominigue Kouamé,ml MLI,"DF,MF",Lille,20,1996,2.2,119,139,85.6,1949,491,62,75,82.7,43,49,87.8,11,12,91.7,1,0.5,0.1,+0.5,6,6,2,1,10,5,66.7,2,2,1,2,3,1,1,0,1,5,10,0,0,Matches,139,127,12,1,0,0,3,11,0,0,0,0,119,0,0,0,0,0,3,2,0,3,5,2,0,1,0,18,0,4,0.0,France
Ronaël Pierre-Gabriel,fr FRA,DF,Saint-Étienne,19,1998,13.0,523,642,81.5,8211,3177,268,302,88.7,212,250,84.8,29,55,52.7,0,0.3,0.4,-0.3,6,35,4,1,52,43,60.7,33,7,3,17,28,11,11,2,9,9,52,35,0,Matches,642,490,147,10,1,1,12,137,0,0,0,0,523,5,14,2,1,0,14,15,0,12,9,31,0,1,0,48,7,15,31.8,France
Ronny Rodelin,fr FRA,"FW,MF",Caen,27,1989,35.1,952,1372,69.4,17131,5216,446,585,76.2,368,500,73.6,118,198,59.6,6,7.4,5.6,-1.4,59,133,37,11,220,33,19.0,7,18,8,8,42,34,21,2,19,28,61,41,1,Matches,1372,1321,40,1,5,41,78,12,0,0,0,0,952,11,36,1,0,0,23,32,13,78,28,22,0,0,0,175,140,90,60.9,France
Rony Lopes,pt POR,"FW,MF",Monaco,21,1995,28.1,588,842,69.8,7952,2347,373,444,84.0,161,243,66.3,22,74,29.7,5,5.3,5.4,-0.3,41,40,43,10,89,55,26.9,15,27,13,21,78,57,23,2,21,16,71,22,0,Matches,842,811,28,6,2,4,94,17,5,3,2,0,588,3,41,2,0,0,37,38,6,94,16,32,1,0,0,145,13,48,21.3,France
Ruben Aguilar,fr FRA,DF,Montpellier,24,1993,27.3,1186,1545,76.8,17103,7898,751,832,90.3,330,468,70.5,66,147,44.9,2,3.7,2.5,-1.7,36,91,32,21,130,91,50.7,37,41,13,36,71,35,25,3,22,37,128,90,0,Matches,1545,1187,349,11,2,10,95,338,0,0,0,0,1186,9,43,2,0,0,29,49,3,95,37,50,0,0,0,174,28,35,44.4,France
Régis Gurtner,fr FRA,GK,Amiens,30,1986,37.0,648,1255,51.6,25872,22427,43,43,100.0,214,217,98.6,390,992,39.3,0,0.0,0.1,0.0,0,29,0,0,0,1,100.0,1,0,0,1,1,0,0,0,0,4,5,15,4,Matches,1255,719,536,175,0,0,0,0,0,0,0,0,648,0,2,2,0,0,1,9,0,0,4,0,0,1,0,45,6,0,100.0,France
Rémi Walter,fr FRA,"MF,FW",Nice,22,1995,5.5,206,234,88.0,3283,666,104,112,92.9,81,89,91.0,14,20,70.0,0,0.1,0.2,-0.1,4,21,3,1,20,11,42.9,4,6,1,3,7,4,2,1,1,5,16,3,0,Matches,234,230,4,1,0,3,2,2,1,1,0,0,206,0,4,0,0,0,10,0,0,2,5,7,0,0,0,32,7,7,50.0,France
Rémi Walter,fr FRA,MF,Troyes,22,1995,11.1,351,427,82.2,5649,1538,193,218,88.5,109,129,84.5,34,51,66.7,1,0.1,0.2,+0.9,2,39,2,1,36,23,8.7,9,13,1,2,23,21,7,3,4,11,34,14,0,Matches,427,417,10,9,0,4,7,0,1,1,0,0,351,0,5,1,0,0,10,7,0,7,11,10,0,0,0,91,9,32,22.0,France
Rémy Cabella,fr FRA,"FW,MF",Marseille,27,1990,0.7,30,37,81.1,384,142,18,19,94.7,6,12,50.0,1,1,100.0,0,0.0,0.1,0.0,0,5,1,0,5,7,50.0,2,2,3,2,4,2,0,0,0,1,8,0,0,Matches,37,36,1,0,0,0,0,1,0,0,0,0,30,0,0,0,0,0,2,2,0,0,1,4,0,0,0,4,0,0,,France
Rémy Cabella,fr FRA,"MF,FW",Saint-Étienne,27,1990,25.1,1243,1571,79.1,18836,5305,696,795,87.5,398,491,81.1,97,159,61.0,6,6.0,6.3,0.0,49,151,37,4,208,58,23.3,29,22,7,17,73,56,31,0,31,14,72,4,2,Matches,1571,1454,105,53,8,10,69,16,30,9,8,0,1243,12,41,3,0,0,19,68,5,69,14,39,0,0,0,152,9,25,26.5,France
Rémy Vercoutre,fr FRA,GK,Caen,37,1980,34.5,621,1064,58.4,26113,22663,17,18,94.4,169,172,98.3,435,870,50.0,0,0.0,0.1,0.0,1,32,1,0,0,2,100.0,2,0,0,2,2,0,0,0,0,2,4,14,2,Matches,1064,619,443,183,0,4,0,0,0,0,0,0,621,2,1,1,1,0,0,2,0,0,2,2,0,0,1,26,7,1,87.5,France
Saidy Janko,gm GAM,DF,Saint-Étienne,21,1995,15.8,623,813,76.6,9228,3076,384,434,88.5,198,265,74.7,29,66,43.9,0,0.8,0.9,-0.8,4,54,11,7,61,43,58.3,25,14,4,14,24,10,21,1,20,14,57,50,0,Matches,813,618,194,10,0,1,57,183,1,0,0,0,623,1,33,4,0,0,23,12,0,57,14,30,0,1,0,82,16,17,48.5,France
Saliou Ciss,sn SEN,"DF,MF",Angers,27,1989,1.6,42,62,67.7,602,273,28,32,87.5,10,19,52.6,3,4,75.0,0,0.0,0.1,0.0,0,3,2,0,5,3,40.0,1,1,1,2,5,3,0,0,0,2,5,1,0,Matches,62,62,0,0,0,0,4,0,0,0,0,0,42,0,3,0,0,0,0,2,1,4,2,2,0,0,0,10,0,4,0.0,France
Samuel Grandsir,fr FRA,"FW,MF",Troyes,20,1996,28.9,663,943,70.3,9643,2818,385,461,83.5,186,255,72.9,43,106,40.6,4,4.0,3.7,0.0,33,56,40,12,108,69,28.8,39,18,12,21,73,52,31,3,28,23,92,19,1,Matches,943,917,22,0,6,13,83,12,4,0,0,0,663,4,48,3,0,0,52,44,13,83,23,43,0,0,0,173,12,45,21.1,France
Samuel Moutoussamy,cd COD,MF,Nantes,20,1996,4.8,123,153,80.4,2069,704,56,65,86.2,49,57,86.0,12,19,63.2,0,0.2,0.6,-0.2,5,11,6,2,26,15,62.5,6,7,2,5,8,3,7,1,6,3,18,4,0,Matches,153,140,13,0,0,2,3,13,0,0,0,0,123,0,0,0,0,0,5,2,0,3,3,7,0,0,0,20,6,3,66.7,France
Sanjin Prcić,ba BIH,MF,Rennes,23,1993,17.4,805,929,86.7,15355,4330,328,357,91.9,316,344,91.9,131,176,74.4,2,0.4,0.8,+1.6,7,104,10,2,118,37,20.5,9,24,4,8,39,31,19,5,14,30,67,25,0,Matches,929,905,20,19,1,25,5,0,0,0,0,0,805,4,8,3,0,0,14,10,0,5,30,18,0,0,0,140,11,11,50.0,France
Santy Ngom,sn SEN,"FW,MF",Nantes,24,1993,5.2,115,156,73.7,1383,338,64,79,81.0,24,33,72.7,6,13,46.2,0,0.6,0.5,-0.6,9,10,2,0,11,10,12.5,5,5,0,1,8,7,9,1,8,2,12,2,0,Matches,156,154,2,0,1,2,4,1,0,0,0,0,115,0,5,1,0,0,22,19,2,4,2,5,0,0,0,25,14,19,42.4,France
Saîf-Eddine Khaoui,tn TUN,"MF,FW",Troyes,22,1995,21.7,483,746,64.7,7098,3108,273,346,78.9,128,197,65.0,40,106,37.7,2,2.6,2.6,-0.6,31,53,16,1,72,57,30.0,22,27,8,15,50,35,12,2,10,27,84,9,0,Matches,746,626,113,37,5,3,104,4,71,34,31,0,483,7,25,1,0,0,40,26,1,104,27,25,0,0,0,119,9,20,31.0,France
Sekou Baradji,fr FRA,MF,Amiens,33,1984,0.1,2,4,50.0,27,0,1,2,50.0,1,2,50.0,0,0,,0,0.0,0.0,0.0,0,0,0,0,0,0,,0,0,0,0,0,0,0,0,0,1,1,0,0,Matches,4,4,0,0,0,0,0,0,0,0,0,0,2,0,0,0,0,0,0,0,0,0,1,0,0,0,0,1,1,0,100.0,France
Serge Gakpé,tg TOG,"FW,MF",Amiens,30,1987,20.3,348,508,68.5,4988,1791,204,265,77.0,114,156,73.1,16,33,48.5,3,1.1,1.0,+1.9,17,39,9,1,58,16,22.2,9,7,0,6,27,21,18,1,17,10,26,15,0,Matches,508,500,8,2,1,2,27,4,2,0,2,0,348,0,23,1,0,0,18,16,8,27,10,11,0,0,0,89,17,38,30.9,France
Sergi Darder,es ESP,MF,Lyon,23,1993,2.3,123,143,86.0,1901,462,70,73,95.9,37,43,86.0,11,19,57.9,0,0.1,0.1,-0.1,2,8,1,0,15,9,14.3,1,5,3,1,7,6,0,0,0,3,12,3,0,Matches,143,140,2,2,0,2,0,0,0,0,0,0,123,1,2,2,1,1,4,0,0,0,3,3,0,0,0,11,4,1,80.0,France
Seybou Koita,ne NIG,FW,Amiens,23,1994,2.4,40,58,69.0,521,135,20,26,76.9,9,13,69.2,3,6,50.0,0,0.1,0.1,-0.1,2,2,2,0,7,1,100.0,1,0,0,1,1,0,0,0,0,0,1,2,0,Matches,58,53,5,0,0,1,2,0,0,0,0,0,40,0,3,0,0,0,2,2,2,2,0,1,0,0,0,9,5,8,38.5,France
Seydou Sy,sn SEN,GK,Monaco,21,1995,2.8,60,93,64.5,2042,1691,8,8,100.0,21,21,100.0,31,63,49.2,0,0.0,0.0,0.0,0,0,0,0,0,0,,0,0,0,0,0,0,0,0,0,0,0,2,0,Matches,93,46,46,10,0,0,0,0,0,0,0,0,60,1,0,1,0,0,0,0,0,0,0,0,0,0,0,2,1,1,50.0,France
Simon Falette,gn GUI,DF,Metz,25,1992,1.0,62,67,92.5,1510,500,15,16,93.8,30,31,96.8,17,20,85.0,0,0.0,0.0,0.0,0,2,0,0,2,0,,0,0,0,0,0,0,0,0,0,1,1,8,0,Matches,67,62,5,3,0,4,0,2,0,0,0,0,62,0,0,0,0,0,1,0,0,0,1,0,0,0,0,10,2,1,66.7,France
Sloan Privat,fr FRA,FW,Guingamp,28,1989,0.0,1,1,100.0,4,0,0,0,,0,0,,0,0,,0,0.0,0.0,0.0,0,0,0,0,0,0,,0,0,0,0,0,0,0,0,0,0,0,0,0,Matches,1,1,0,0,0,0,0,0,0,0,0,0,1,0,0,0,0,0,0,0,0,0,0,0,0,0,0,0,0,0,,France
Somália,br BRA,"MF,FW",Toulouse,28,1988,22.2,482,643,75.0,6898,2223,268,324,82.7,164,213,77.0,21,42,50.0,0,1.8,1.2,-1.8,21,42,9,5,68,65,25.9,21,36,8,14,54,40,34,2,32,34,99,35,0,Matches,643,617,23,3,2,2,32,19,0,0,0,0,482,3,20,2,0,0,27,51,2,32,34,45,0,0,0,129,29,53,35.4,France
Soualiho Meïté,fr FRA,MF,Bordeaux,23,1994,14.8,593,711,83.4,9182,1871,321,359,89.4,199,226,88.1,47,70,67.1,2,1.2,1.0,+0.8,15,36,7,2,60,25,28.1,4,19,2,9,32,23,22,6,16,23,48,13,1,Matches,711,689,19,18,6,8,10,1,0,0,0,0,593,3,14,0,0,0,20,22,0,10,23,13,0,1,0,127,29,17,63.0,France
Soualiho Meïté,fr FRA,MF,Monaco,23,1994,1.1,36,44,81.8,576,184,21,23,91.3,11,12,91.7,2,5,40.0,0,0.0,0.0,0.0,1,3,0,0,1,2,40.0,1,1,0,2,5,3,1,0,1,3,5,3,0,Matches,44,43,1,1,0,1,0,0,0,0,0,0,36,0,2,0,0,0,2,2,0,0,3,1,0,0,0,5,0,2,0.0,France
Souleymane Camara,sn SEN,FW,Montpellier,34,1982,10.4,171,266,64.3,2451,490,99,124,79.8,49,82,59.8,12,21,57.1,2,0.9,0.6,+1.1,11,12,5,0,21,6,0.0,0,5,1,0,3,3,3,1,2,2,8,15,0,Matches,266,249,12,0,2,4,11,1,0,0,0,0,171,5,14,1,0,0,12,20,11,11,2,4,0,0,0,28,31,40,43.7,France
Stanley N'Soki,fr FRA,DF,Paris S-G,18,1999,0.3,16,16,100.0,202,102,9,9,100.0,5,5,100.0,0,0,,0,0.0,0.0,0.0,0,0,0,0,1,0,0.0,0,0,0,0,1,1,0,0,0,0,0,1,0,Matches,16,16,0,0,0,0,0,0,0,0,0,0,16,0,0,0,0,0,0,0,0,0,0,0,0,0,0,2,0,0,,France
Steeve Yago,bf BFA,DF,Toulouse,24,1992,17.5,570,734,77.7,9213,4743,324,373,86.9,188,236,79.7,47,97,48.5,0,0.6,0.6,-0.6,6,54,10,4,67,49,54.1,28,17,4,20,37,17,16,7,9,34,83,64,1,Matches,734,522,211,24,1,2,18,187,0,0,0,0,570,1,20,7,0,0,42,25,1,18,34,36,0,0,1,93,16,12,57.1,France
Stef Peeters,be BEL,MF,Caen,25,1992,12.3,348,555,62.7,6624,2858,151,185,81.6,130,176,73.9,58,143,40.6,2,2.9,2.5,-0.9,31,57,9,0,73,22,19.4,6,14,2,6,31,25,17,3,14,7,29,11,0,Matches,555,447,102,40,3,9,96,1,58,22,30,3,348,6,22,4,0,0,23,5,0,96,7,11,0,0,0,69,7,7,50.0,France
Stevan Jovetić,me MNE,FW,Monaco,27,1989,8.4,172,257,66.9,2499,641,102,141,72.3,50,74,67.6,9,17,52.9,1,0.4,0.6,+0.6,8,16,8,0,32,4,0.0,0,3,1,0,9,9,5,0,5,3,7,3,0,Matches,257,250,5,0,3,2,4,3,0,0,0,0,172,2,7,1,0,0,15,11,7,4,3,4,0,0,0,36,26,31,45.6,France
Steve Mandanda,fr FRA,GK,Marseille,32,1985,30.0,630,892,70.6,18498,13723,65,65,100.0,320,326,98.2,244,493,49.5,0,0.0,0.0,0.0,0,10,0,0,0,0,,0,0,0,0,0,0,0,0,0,0,0,10,3,Matches,892,627,261,75,0,3,0,0,0,0,0,0,630,4,3,0,0,0,1,2,0,0,0,0,0,1,0,34,7,0,100.0,France
Steven Fortes,cv CPV,DF,Toulouse,25,1992,1.7,64,79,81.0,1384,697,16,17,94.1,36,42,85.7,11,19,57.9,0,0.0,0.0,0.0,0,13,0,0,12,4,33.3,3,1,0,1,3,2,0,0,0,3,7,6,0,Matches,79,77,2,2,0,0,0,0,0,0,0,0,64,0,0,1,0,0,3,0,0,0,3,2,0,0,0,17,1,2,33.3,France
Stiven Mendoza,co COL,"FW,MF",Amiens,25,1992,11.5,261,364,71.7,3775,1205,149,185,80.5,76,102,74.5,19,37,51.4,0,0.7,1.0,-0.7,13,22,6,2,23,18,18.2,7,7,4,2,11,9,11,1,10,15,33,8,0,Matches,364,327,35,8,3,1,33,2,21,8,9,0,261,2,21,0,0,0,9,8,0,33,15,10,0,0,0,68,6,18,25.0,France
Stéphane Bahoken,cm CMR,FW,Strasbourg,25,1992,18.5,234,340,68.8,3132,700,143,173,82.7,64,90,71.1,10,21,47.6,1,1.7,1.7,-0.7,13,7,17,8,22,16,18.2,3,8,5,4,22,18,18,1,17,9,25,1,0,Matches,340,313,27,2,0,0,42,4,1,0,0,0,234,0,24,5,0,0,46,20,21,42,9,11,0,1,0,48,28,54,34.1,France
Stéphane Darbion,fr FRA,"FW,MF",Troyes,33,1984,19.0,531,712,74.6,7314,2865,325,378,86.0,145,199,72.9,30,63,47.6,2,2.7,3.0,-0.7,20,46,33,15,82,19,12.5,13,4,2,5,40,35,21,2,19,20,39,17,0,Matches,712,667,44,7,2,1,75,15,21,9,2,0,531,1,24,2,0,0,15,31,5,75,20,14,1,0,0,100,12,28,30.0,France
Stéphane Ruffier,fr FRA,GK,Saint-Étienne,30,1986,34.6,782,1142,68.5,23734,17900,78,79,98.7,379,382,99.2,325,677,48.0,0,0.0,0.0,0.0,0,4,0,0,0,0,,0,0,0,0,0,0,0,0,0,0,0,14,1,Matches,1142,761,380,104,0,3,0,0,0,0,0,0,782,1,3,1,1,0,0,1,0,0,0,0,0,0,0,52,4,2,66.7,France
Stéphane Sessègnon,bj BEN,"MF,FW",Montpellier,33,1984,10.9,392,502,78.1,6781,1664,206,230,89.6,128,161,79.5,47,81,58.0,2,1.0,0.9,+1.0,17,49,12,2,70,4,14.3,2,2,0,1,7,6,0,0,0,0,4,2,0,Matches,502,446,53,20,9,5,30,10,21,8,10,0,392,3,11,1,0,0,8,20,0,30,0,4,0,0,0,59,6,9,40.0,France
Suk Hyun-jun,kr KOR,FW,Troyes,26,1991,13.3,170,317,53.6,1997,498,115,166,69.3,33,81,40.7,6,12,50.0,0,0.9,0.5,-0.9,12,9,4,1,17,6,11.1,2,2,2,1,9,8,10,0,10,1,7,7,0,Matches,317,283,32,1,0,1,15,0,0,0,0,0,170,2,22,5,0,0,44,34,4,15,1,5,0,0,0,29,75,68,52.4,France
Tanguy Ndombele,fr FRA,MF,Amiens,20,1996,2.6,86,114,75.4,1450,507,41,50,82.0,35,41,85.4,9,21,42.9,0,0.1,0.2,-0.1,4,10,3,0,17,6,25.0,2,4,0,1,4,3,4,0,4,5,11,3,0,Matches,114,109,5,1,1,4,4,0,4,3,0,0,86,0,1,0,0,0,1,5,0,4,5,5,0,0,0,18,3,2,60.0,France
Tanguy Ndombele,fr FRA,MF,Lyon,20,1996,26.1,1360,1530,88.9,21827,6224,674,738,91.3,554,598,92.6,88,105,83.8,6,4.5,2.8,+1.5,44,132,25,2,178,62,27.5,23,31,8,11,40,29,53,8,45,36,98,9,0,Matches,1530,1497,28,22,12,4,6,5,1,1,0,0,1360,5,23,5,0,0,34,70,0,6,36,39,1,0,0,207,17,8,68.0,France
Terence Kongolo,nl NED,DF,Monaco,23,1994,2.9,118,155,76.1,1843,582,69,78,88.5,40,55,72.7,9,17,52.9,0,0.3,0.2,-0.3,1,9,4,3,7,6,0.0,4,2,0,0,2,2,5,3,2,5,11,14,0,Matches,155,117,38,3,0,0,11,35,0,0,0,0,118,0,6,0,0,0,5,4,0,11,5,4,0,0,0,24,4,0,100.0,France
Thiago Maia,br BRA,"MF,DF",Lille,20,1997,27.4,1482,1759,84.3,25731,8376,615,690,89.1,639,724,88.3,153,223,68.6,0,0.4,1.1,-0.4,14,151,13,1,190,55,24.6,26,26,3,15,61,46,32,10,22,61,116,47,1,Matches,1759,1684,69,36,3,8,8,33,0,0,0,0,1482,6,23,3,1,1,32,21,1,8,61,40,0,1,0,266,19,22,46.3,France
Thiago Mendes,br BRA,MF,Lille,25,1992,25.5,1175,1392,84.4,18638,5569,593,648,91.5,387,443,87.4,110,170,64.7,4,2.8,2.2,+1.2,43,138,20,1,164,25,21.7,10,11,4,5,23,18,21,3,18,25,50,29,0,Matches,1392,1300,78,28,4,12,31,28,21,10,9,0,1175,14,16,4,1,1,38,45,3,31,25,16,0,0,0,168,21,14,60.0,France
Thiago Motta,it ITA,MF,Paris S-G,34,1982,12.8,1250,1336,93.6,20149,6616,593,620,95.6,481,502,95.8,105,122,86.1,1,0.3,0.6,+0.7,11,120,4,0,132,28,33.3,14,11,3,8,24,16,15,6,9,21,49,26,1,Matches,1336,1316,20,19,0,10,0,1,0,0,0,0,1250,0,9,3,1,0,27,14,1,0,21,21,0,1,0,61,23,28,45.1,France
Thiago Silva,br BRA,DF,Paris S-G,32,1984,23.5,1650,1723,95.8,29594,11123,670,689,97.2,715,734,97.4,193,217,88.9,0,0.2,0.5,-0.2,4,75,9,0,112,31,57.1,19,12,0,12,21,9,28,18,10,18,49,114,0,Matches,1723,1663,55,49,0,11,1,5,0,0,0,0,1650,5,4,5,0,0,24,12,0,1,18,23,0,1,1,151,47,21,69.1,France
Thibault Giresse,fr FRA,"FW,MF",Guingamp,36,1981,0.3,12,19,63.2,146,47,7,8,87.5,2,3,66.7,1,3,33.3,0,0.0,0.1,0.0,0,2,0,0,0,0,,0,0,0,0,0,0,0,0,0,1,1,0,0,Matches,19,16,3,0,0,0,3,1,2,2,0,0,12,0,3,0,0,0,0,1,0,3,1,0,0,0,0,4,0,0,,France
Thomas Carrique,fr FRA,DF,Bordeaux,18,1999,1.0,39,49,79.6,505,260,29,34,85.3,8,10,80.0,1,3,33.3,0,0.0,0.0,0.0,1,3,1,1,5,1,33.3,0,1,0,1,3,2,0,0,0,2,3,3,0,Matches,49,36,13,1,0,0,5,12,0,0,0,0,39,0,1,0,0,0,1,0,0,5,2,0,0,0,0,2,1,6,14.3,France
Thomas Didillon,fr FRA,GK,Metz,21,1995,9.0,176,273,64.5,6761,5570,5,7,71.4,62,62,100.0,109,204,53.4,0,0.0,0.0,0.0,1,5,0,0,1,0,0.0,0,0,0,0,1,1,0,0,0,0,0,5,2,Matches,273,163,110,31,0,1,0,0,0,0,0,0,176,0,1,0,0,0,0,2,0,0,0,0,0,0,0,8,1,0,100.0,France
Thomas Lemar,fr FRA,"MF,FW",Monaco,21,1995,26.4,1015,1319,77.0,17912,5562,488,553,88.2,365,462,79.0,134,245,54.7,8,6.9,5.3,+1.1,55,135,36,9,182,33,24.4,9,19,5,10,41,31,22,1,21,18,51,16,1,Matches,1319,1142,169,50,10,14,170,26,84,29,30,1,1015,8,25,1,0,0,8,41,4,170,18,17,2,0,0,140,7,15,31.8,France
Thomas Mangani,fr FRA,MF,Angers,30,1987,33.6,1541,2151,71.6,27836,11309,718,831,86.4,565,753,75.0,206,429,48.0,6,6.2,7.0,-0.2,63,195,25,7,272,92,23.3,35,46,11,28,120,92,40,5,35,40,132,45,1,Matches,2151,1877,265,142,10,31,181,13,89,47,27,0,1541,9,57,7,0,0,50,31,2,181,40,59,0,1,0,221,33,50,39.8,France
Thomas Meunier,be BEL,DF,Paris S-G,25,1991,17.5,950,1161,81.8,12297,3898,565,621,91.0,235,317,74.1,47,76,61.8,4,4.4,4.3,-0.4,21,61,26,14,79,38,52.9,22,12,4,18,34,16,7,2,5,18,56,54,2,Matches,1161,1005,153,16,4,6,75,136,1,0,0,0,950,3,25,3,0,0,29,5,2,75,18,21,0,1,0,93,23,11,67.6,France
Thomas Monconduit,fr FRA,MF,Amiens,26,1991,32.8,1136,1449,78.4,19186,6245,554,656,84.5,416,510,81.6,120,187,64.2,3,2.3,2.3,+0.7,23,119,19,2,165,81,39.1,33,43,5,34,87,53,52,17,35,55,136,81,2,Matches,1449,1400,46,35,10,20,14,2,0,0,0,0,1136,3,25,7,1,0,64,46,2,14,55,49,1,0,0,198,50,31,61.7,France
Thomas Touré,ci CIV,MF,Angers,23,1993,1.4,43,53,81.1,582,205,26,29,89.7,14,19,73.7,1,1,100.0,1,0.7,0.3,+0.3,4,4,2,1,5,2,0.0,0,1,1,0,7,7,5,0,5,1,3,0,0,Matches,53,50,3,0,0,0,1,3,0,0,0,0,43,0,2,1,0,0,3,0,1,1,1,1,0,0,0,8,0,1,0.0,France
Thomas Touré,ci CIV,FW,Bordeaux,23,1993,0.1,1,3,33.3,46,37,0,0,,0,1,0.0,1,1,100.0,0,0.0,0.0,0.0,0,1,0,0,1,0,,0,0,0,0,0,0,0,0,0,1,1,0,0,Matches,3,2,1,1,0,0,0,0,0,0,0,0,1,0,1,0,0,0,0,0,0,0,1,0,0,0,0,2,0,0,,France
Théo Pellenard,fr FRA,DF,Bordeaux,23,1994,15.9,649,881,73.7,10159,4572,355,400,88.8,214,288,74.3,54,128,42.2,0,0.9,1.4,-0.9,13,45,15,7,64,32,35.7,13,15,4,10,28,18,15,6,9,32,64,31,0,Matches,881,729,148,13,1,4,52,135,0,0,0,0,649,4,28,4,0,0,26,4,0,52,32,20,0,1,0,102,12,13,48.0,France
Timo Stavitski,fi FIN,"MF,FW",Caen,18,1999,4.5,84,128,65.6,1021,155,48,58,82.8,23,41,56.1,2,8,25.0,0,0.3,0.4,-0.3,6,1,5,3,5,4,6.3,1,1,2,1,16,15,7,0,7,3,7,1,0,Matches,128,128,0,0,0,0,19,0,0,0,0,0,84,0,7,1,0,0,4,5,7,19,3,3,0,0,0,16,3,10,23.1,France
Timothy Weah,us USA,FW,Paris S-G,17,2000,1.4,13,18,72.2,129,11,7,8,87.5,1,1,100.0,1,1,100.0,0,0.4,0.2,-0.4,1,1,0,0,0,1,100.0,1,0,0,1,1,0,0,0,0,0,1,0,0,Matches,18,16,1,0,0,0,1,0,0,0,0,0,13,1,3,1,0,0,2,0,1,1,0,1,0,0,0,2,0,0,,France
Tomáš Hubočan,sk SVK,DF,Marseille,31,1985,1.0,26,34,76.5,363,87,17,20,85.0,9,13,69.2,0,1,0.0,0,0.0,0.0,0.0,0,0,0,0,1,1,0.0,1,0,0,0,4,4,0,0,0,0,1,1,0,Matches,34,28,6,0,0,0,1,6,0,0,0,0,26,0,0,1,0,0,1,0,0,1,0,0,0,0,0,1,4,1,80.0,France
Tomáš Koubek,cz CZE,GK,Rennes,24,1992,34.0,571,973,58.7,19917,16051,57,58,98.3,228,236,96.6,285,676,42.2,0,0.0,0.1,0.0,0,24,0,0,0,0,0.0,0,0,0,0,1,1,0,0,0,3,3,22,3,Matches,973,574,399,130,0,6,0,0,0,0,0,0,571,0,2,0,0,0,1,3,0,0,3,0,0,1,0,49,16,1,94.1,France
Tristan Dingomé,cm CMR,MF,Troyes,26,1991,13.2,479,602,79.6,8577,2742,200,228,87.7,210,244,86.1,53,84,63.1,0,1.3,1.1,-1.3,14,57,12,2,68,25,38.5,12,9,4,5,13,8,12,0,12,12,37,16,1,Matches,602,590,9,4,3,3,21,2,2,0,0,0,479,3,17,4,0,0,15,8,1,21,12,20,0,0,0,88,7,10,41.2,France
Vagner Gonçalves,cv CPV,FW,Saint-Étienne,21,1996,1.2,18,32,56.3,315,90,10,11,90.9,3,6,50.0,4,7,57.1,0,0.1,0.2,-0.1,1,1,0,0,1,0,0.0,0,0,0,0,3,3,2,0,2,0,0,0,0,Matches,32,32,0,0,0,2,5,0,0,0,0,0,18,0,4,0,0,0,2,1,1,5,0,0,0,0,0,6,0,0,,France
Vahid Selimović,lu LUX,DF,Metz,20,1997,11.7,380,469,81.0,8456,3320,95,108,88.0,212,243,87.2,73,110,66.4,0,0.0,0.1,0.0,0,33,1,0,31,20,78.6,10,9,1,11,14,3,10,8,2,17,37,58,1,Matches,469,441,27,16,0,5,0,11,0,0,0,0,380,1,5,4,1,1,22,8,0,0,17,14,0,0,1,65,7,14,33.3,France
Valentin Eysseric,fr FRA,FW,Nice,25,1992,1.0,58,76,76.3,969,258,29,34,85.3,19,22,86.4,7,14,50.0,0,0.2,0.2,-0.2,2,10,0,0,9,0,,0,0,0,0,0,0,4,0,4,1,1,0,0,Matches,76,66,10,4,0,3,10,0,6,2,4,0,58,0,2,0,0,0,1,0,1,10,1,0,0,0,0,3,0,1,0.0,France
Valentin Rongier,fr FRA,MF,Nantes,22,1994,26.1,1166,1353,86.2,18112,4795,564,636,88.7,430,472,91.1,92,124,74.2,2,2.1,2.0,-0.1,28,111,19,2,155,73,26.6,25,39,9,17,64,47,42,6,36,40,113,13,1,Matches,1353,1290,55,18,4,12,9,3,0,0,0,0,1166,8,16,1,0,0,40,21,3,9,40,49,0,0,0,209,27,31,46.6,France
Valentin Rosier,fr FRA,DF,Dijon,20,1996,30.9,1129,1469,76.9,17833,6073,617,685,90.1,401,516,77.7,82,179,45.8,3,2.5,2.2,+0.5,15,72,23,8,102,73,38.2,47,23,3,26,68,42,43,9,34,58,131,124,0,Matches,1469,1153,311,11,2,6,53,300,0,0,0,0,1129,5,34,5,0,0,62,20,3,53,58,54,0,0,2,180,43,38,53.1,France
Valentín Vada,ar ARG,MF,Bordeaux,21,1996,9.6,511,610,83.8,7517,1929,281,305,92.1,147,176,83.5,36,65,55.4,1,0.4,0.7,+0.6,7,45,8,2,59,22,25.0,7,14,1,8,32,24,8,1,7,6,28,5,1,Matches,610,549,61,25,2,8,34,5,24,13,6,0,511,0,10,4,0,0,16,20,1,34,6,11,0,0,0,57,4,8,33.3,France
Valère Germain,fr FRA,FW,Marseille,27,1990,24.1,394,542,72.7,4640,754,214,275,77.8,85,125,68.0,16,31,51.6,5,4.9,2.9,+0.1,24,16,15,4,36,16,16.7,5,7,4,3,18,15,11,0,11,6,22,19,0,Matches,542,497,42,1,7,2,26,9,0,0,0,0,394,3,10,2,0,0,24,15,12,26,6,11,1,0,0,54,50,100,33.3,France
Vincent Bessat,fr FRA,"DF,MF",Caen,31,1985,17.4,711,952,74.7,11566,4942,387,435,89.0,252,328,76.8,60,132,45.5,1,1.4,2.1,-0.4,19,52,26,20,85,41,45.8,23,16,2,22,48,26,19,1,18,18,59,18,0,Matches,952,759,190,17,0,5,120,161,12,5,5,0,711,3,30,2,0,0,16,5,2,120,18,27,0,1,0,119,5,26,16.1,France
Vincent Koziello,fr FRA,MF,Nice,21,1995,9.0,557,593,93.9,9518,2251,266,283,94.0,231,239,96.7,48,51,94.1,0,0.3,0.5,-0.3,7,43,1,0,44,16,31.3,9,5,2,5,16,11,8,3,5,19,35,7,1,Matches,593,575,17,14,1,3,0,3,0,0,0,0,557,1,6,3,0,0,11,13,1,0,19,8,0,0,0,59,3,13,18.8,France
Vincent Manceau,fr FRA,DF,Angers,28,1989,33.0,1329,1737,76.5,21362,9091,730,805,90.7,474,614,77.2,105,240,43.8,0,2.1,1.7,-2.1,22,74,25,10,130,84,55.3,56,22,6,42,76,34,34,2,32,34,118,103,0,Matches,1737,1275,457,34,4,6,62,423,0,0,0,0,1329,5,43,0,0,0,25,29,1,62,34,49,0,1,0,195,30,26,53.6,France
Vincent Marcel,fr FRA,"MF,FW",Nice,20,1997,0.5,15,19,78.9,182,23,9,11,81.8,4,4,100.0,0,0,,0,0.0,0.0,0.0,0,1,0,0,1,1,0.0,0,1,0,0,1,1,1,0,1,0,1,0,0,Matches,19,19,0,0,0,0,0,0,0,0,0,0,15,0,1,0,0,0,1,1,1,0,0,1,0,0,0,2,2,0,100.0,France
Vincent Nogueira,fr FRA,MF,Strasbourg,29,1988,0.7,36,42,85.7,667,118,16,18,88.9,15,15,100.0,4,7,57.1,0,0.0,0.0,0.0,0,0,0,0,5,0,,0,0,0,0,0,0,0,0,0,0,0,2,0,Matches,42,41,1,1,0,3,0,0,0,0,0,0,36,0,0,0,0,0,0,3,0,0,0,0,0,0,0,6,0,0,,France
Vincent Pajot,fr FRA,MF,Saint-Étienne,26,1990,14.3,436,567,76.9,7483,1999,207,261,79.3,177,219,80.8,43,59,72.9,2,1.8,1.2,+0.2,10,23,4,0,58,24,17.6,9,13,2,3,17,14,21,9,12,24,48,34,0,Matches,567,547,18,11,2,6,6,3,0,0,0,0,436,2,11,5,1,0,36,18,1,6,24,16,0,0,0,63,72,48,60.0,France
Vincent Rüfli,ch SUI,"DF,FW",Dijon,29,1988,0.3,10,13,76.9,204,91,2,4,50.0,8,9,88.9,0,0,,0,0.0,0.0,0.0,0,1,0,0,1,4,100.0,3,1,0,3,3,0,1,0,1,1,5,0,0,Matches,13,8,5,0,0,0,0,5,0,0,0,0,10,0,0,0,0,0,3,0,0,0,1,1,0,0,0,1,0,1,0.0,France
Vincent Thill,lu LUX,MF,Metz,17,2000,0.3,14,17,82.4,231,13,5,7,71.4,9,10,90.0,0,0,,0,0.0,0.0,0.0,0,2,0,0,1,0,,0,0,0,0,0,0,0,0,0,0,0,0,0,Matches,17,16,1,1,0,0,0,0,0,0,0,0,14,0,0,0,0,0,0,0,0,0,0,0,0,0,0,2,0,0,,France
Vitorino Hilton,br BRA,DF,Montpellier,39,1977,27.0,860,1095,78.5,21356,8864,162,190,85.3,451,507,89.0,239,371,64.4,0,0.6,1.0,-0.6,8,70,5,1,75,44,36.1,33,11,0,13,36,23,28,14,14,58,102,140,5,Matches,1095,1009,79,62,3,23,4,17,0,0,0,0,860,7,8,5,0,0,22,24,2,4,58,26,0,2,0,247,68,32,68.0,France
Vukašin Jovanović,rs SRB,DF,Bordeaux,21,1996,16.0,654,735,89.0,13196,3738,201,215,93.5,343,372,92.2,93,124,75.0,0,0.1,0.9,-0.1,2,33,3,0,51,18,42.9,11,7,0,6,14,8,18,10,8,27,45,67,0,Matches,735,710,23,20,1,9,1,3,0,0,0,0,654,2,2,4,0,0,8,16,0,1,27,14,0,0,0,84,20,20,50.0,France
Wahbi Khazri,tn TUN,"FW,MF",Rennes,26,1991,21.3,528,729,72.4,8742,1994,270,320,84.4,130,185,70.3,77,126,61.1,2,3.8,3.1,-1.8,33,51,12,4,64,26,17.9,7,10,9,7,39,32,29,0,29,7,33,7,0,Matches,729,634,90,32,9,20,64,9,37,21,8,2,528,5,22,8,1,0,38,52,17,64,7,18,0,0,0,109,15,30,33.3,France
Walter Benítez,ar ARG,GK,Nice,24,1993,28.0,587,775,75.7,16040,12029,79,79,100.0,328,339,96.8,180,355,50.7,0,0.0,0.0,0.0,0,1,0,0,0,0,0.0,0,0,0,0,2,2,0,0,0,0,0,5,3,Matches,775,480,294,62,0,1,0,0,0,0,0,0,587,1,1,3,0,0,0,2,0,0,0,0,0,0,0,25,3,0,100.0,France
Wesley Lautoa,nc NCL,"DF,MF",Dijon,29,1987,6.9,235,285,82.5,4324,1278,96,109,88.1,104,117,88.9,28,43,65.1,0,0.0,0.1,0.0,0,8,2,0,18,17,50.0,11,6,0,6,12,6,10,4,6,19,36,24,1,Matches,285,277,8,7,0,3,0,1,0,0,0,0,235,0,5,1,0,0,10,9,0,0,19,13,0,1,0,36,12,12,50.0,France
Wesley Saïd,fr FRA,"FW,MF",Dijon,22,1995,20.4,376,506,74.3,5189,1178,219,260,84.2,115,160,71.9,16,41,39.0,2,2.1,2.0,-0.1,14,29,8,0,46,33,26.9,17,11,5,7,26,19,15,1,14,15,48,4,0,Matches,506,466,36,3,4,0,19,6,2,1,0,0,376,4,9,4,0,0,38,18,7,19,15,22,1,0,0,72,8,15,34.8,France
Wesley Sneijder,nl NED,"MF,FW",Nice,33,1984,4.4,248,311,79.7,4088,1104,125,137,91.2,85,106,80.2,25,46,54.3,0,0.8,1.2,-0.8,11,33,7,1,35,0,0.0,0,0,0,0,3,3,1,0,1,2,2,2,1,Matches,311,278,31,12,1,2,24,3,12,5,7,0,248,2,6,0,0,0,4,3,0,24,2,0,0,0,0,11,0,1,0.0,France
Wilfried Kanga,ci CIV,"FW,MF",Angers,19,1998,1.9,26,34,76.5,325,42,14,17,82.4,8,11,72.7,1,1,100.0,0,0.0,0.1,0.0,0,1,0,0,2,2,0.0,0,2,0,0,2,2,0,0,0,0,2,1,0,Matches,34,30,4,0,0,0,2,0,0,0,0,0,26,0,1,0,0,0,3,3,0,2,0,2,0,0,0,3,3,6,33.3,France
Willem Geubbels,fr FRA,"FW,MF",Lyon,15,2001,0.4,6,10,60.0,69,4,4,6,66.7,2,3,66.7,0,0,,0,0.0,0.0,0.0,0,0,0,0,0,2,0.0,1,1,0,0,1,1,0,0,0,0,2,0,0,Matches,10,10,0,0,0,0,0,0,0,0,0,0,6,0,0,0,0,0,0,0,0,0,0,2,0,0,0,1,0,0,,France
Wylan Cyprien,fr FRA,MF,Nice,22,1995,10.6,728,849,85.7,12368,4062,363,389,93.3,273,304,89.8,71,117,60.7,2,1.7,1.2,+0.3,16,55,6,0,51,9,18.2,4,4,1,2,11,9,7,1,6,11,20,7,2,Matches,849,787,59,13,2,7,50,2,44,13,27,0,728,3,13,2,0,0,4,18,0,50,11,7,0,0,0,66,9,3,75.0,France
Xeka,pt POR,MF,Dijon,22,1994,15.5,565,709,79.7,10297,2656,267,300,89.0,192,229,83.8,84,140,60.0,3,2.2,1.9,+0.8,23,47,9,0,61,25,26.3,10,11,4,10,38,28,13,2,11,16,41,21,0,Matches,709,653,54,25,10,15,35,3,24,13,6,0,565,2,10,4,0,0,31,30,0,35,16,14,0,1,0,102,14,24,36.8,France
Xeka,pt POR,MF,Lille,22,1994,0.2,8,12,66.7,185,59,1,3,33.3,5,5,100.0,2,3,66.7,0,0.0,0.0,0.0,0,1,1,0,3,1,,1,0,0,0,0,0,1,0,1,1,2,0,0,Matches,12,10,1,0,0,0,0,1,0,0,0,0,8,1,0,0,0,0,1,0,0,0,1,0,0,0,0,0,0,0,,France
Yacine Adli,fr FRA,FW,Paris S-G,17,2000,0.1,7,7,100.0,163,42,4,4,100.0,1,1,100.0,2,2,100.0,0,0.0,0.0,0.0,0,3,0,0,3,0,,0,0,0,0,0,0,0,0,0,0,0,0,0,Matches,7,7,0,0,0,1,0,0,0,0,0,0,7,0,0,0,0,0,0,0,0,0,0,0,0,0,0,0,0,0,,France
Yacine Bammou,ma MAR,"MF,FW",Nantes,25,1991,8.1,191,272,70.2,2632,653,117,140,83.6,48,65,73.8,13,31,41.9,0,0.2,0.5,-0.2,6,8,7,1,18,18,28.6,6,10,2,4,14,10,16,4,12,6,24,9,0,Matches,272,270,0,0,1,4,17,0,0,0,0,0,191,2,17,2,1,1,19,8,5,17,6,11,0,0,0,52,10,20,33.3,France
Yann Bodiger,fr FRA,MF,Toulouse,22,1995,2.5,76,114,66.7,1300,369,38,50,76.0,28,40,70.0,8,18,44.4,0,0.1,0.1,-0.1,2,10,1,1,10,3,16.7,0,3,0,1,6,5,0,0,0,2,5,3,0,Matches,114,108,5,5,1,0,4,0,0,0,0,0,76,1,2,0,0,0,3,3,0,4,2,1,0,0,0,12,6,5,54.5,France
Yann Jouffre,fr FRA,"FW,MF",Metz,33,1984,3.1,158,190,83.2,3162,1107,66,75,88.0,62,70,88.6,30,43,69.8,0,0.5,0.5,-0.5,6,28,3,2,18,3,16.7,0,2,1,1,6,5,5,1,4,3,6,2,0,Matches,190,162,26,8,0,4,18,8,10,5,2,0,158,2,1,0,0,0,2,4,1,18,3,2,0,0,0,19,1,1,50.0,France
Yann M'Vila,fr FRA,MF,Saint-Étienne,27,1990,16.4,1140,1302,87.6,21969,6955,458,497,92.2,488,537,90.9,167,216,77.3,0,0.1,0.6,-0.1,3,100,9,1,139,26,29.2,11,12,3,7,24,17,13,1,12,31,57,56,0,Matches,1302,1262,33,28,2,23,6,5,0,0,0,0,1140,7,10,1,0,0,9,20,0,6,31,16,0,0,0,96,19,14,57.6,France
Yannick Cahuzac,fr FRA,MF,Toulouse,32,1985,16.9,467,568,82.2,8111,2615,217,255,85.1,193,223,86.5,47,67,70.1,0,0.4,0.5,-0.4,4,46,1,1,47,39,57.7,20,19,0,15,26,11,29,10,19,30,69,42,0,Matches,568,542,22,16,0,5,2,1,0,0,0,0,467,4,4,5,0,0,26,28,0,2,30,28,0,0,0,94,29,28,50.9,France
Yannis Salibur,fr FRA,"FW,MF",Guingamp,26,1991,16.9,472,627,75.3,7170,1931,250,284,88.0,148,192,77.1,42,78,53.8,3,3.7,3.1,-0.7,26,36,19,4,66,11,26.7,4,6,1,4,15,11,7,1,6,7,18,2,0,Matches,627,573,53,14,1,2,79,7,30,19,7,2,472,1,26,4,0,0,20,37,7,79,7,9,0,0,0,51,10,13,43.5,France
Yassine Benzia,dz ALG,"MF,FW",Lille,22,1994,25.4,1117,1440,77.6,18695,5888,531,612,86.8,421,515,81.7,112,183,61.2,5,5.5,4.8,-0.5,61,166,39,2,201,62,27.4,21,31,10,17,62,45,31,4,27,28,90,14,0,Matches,1440,1288,136,59,20,9,85,13,55,18,26,0,1117,16,34,7,0,0,53,55,2,85,28,41,0,0,0,139,11,8,57.9,France
Yassine El Ghanassy,be BEL,"MF,FW",Nantes,27,1990,7.2,230,293,78.5,3447,1066,133,151,88.1,74,96,77.1,12,21,57.1,0,1.2,2.0,-1.2,14,18,13,2,40,7,25.0,1,3,3,1,4,3,1,0,1,4,11,4,0,Matches,293,280,10,4,2,0,25,2,4,1,2,0,230,3,6,1,0,0,10,18,0,25,4,4,0,0,0,39,4,6,40.0,France
Yaya Sanogo,fr FRA,FW,Toulouse,24,1993,16.8,179,320,55.9,2494,539,109,172,63.4,54,95,56.8,9,16,56.3,0,0.4,0.4,-0.4,12,23,7,0,33,11,27.3,1,5,5,3,11,8,6,1,5,6,17,14,1,Matches,320,308,12,1,1,3,5,0,0,0,0,0,179,0,18,6,0,0,53,41,12,5,6,6,2,0,0,44,82,80,50.6,France
Yeni Ngbakoto,cd COD,"FW,MF",Guingamp,25,1992,6.4,130,195,66.7,1619,447,81,93,87.1,30,52,57.7,5,24,20.8,0,0.1,0.2,-0.1,2,8,6,3,12,11,30.0,4,6,1,3,10,7,10,0,10,9,20,6,0,Matches,195,176,17,6,0,1,25,5,6,1,3,0,130,2,6,1,0,0,9,10,1,25,9,10,0,0,0,21,6,13,31.6,France
Yoan Cardinale,fr FRA,GK,Nice,23,1994,10.0,235,283,83.0,6442,5059,43,43,100.0,113,115,98.3,79,125,63.2,0,0.0,0.0,0.0,0,1,0,0,1,0,,0,0,0,0,0,0,0,0,0,0,0,0,3,Matches,283,174,109,18,0,0,0,0,0,0,0,0,235,0,0,2,0,0,0,1,0,0,0,0,0,0,0,10,1,0,100.0,France
Yoann Andreu,fr FRA,DF,Angers,28,1989,23.0,946,1216,77.8,14091,6398,548,605,90.6,314,418,75.1,53,124,42.7,2,1.9,1.7,+0.1,14,55,17,14,87,48,41.0,40,6,2,16,39,23,23,5,18,37,85,75,1,Matches,1216,951,261,8,0,5,59,253,0,0,0,0,946,4,29,4,0,0,21,15,0,59,37,30,0,0,0,145,31,23,57.4,France
Yoann Gourcuff,fr FRA,"MF,FW",Rennes,31,1986,4.7,170,199,85.4,2401,561,92,105,87.6,53,60,88.3,10,15,66.7,2,0.9,1.1,+1.1,5,9,4,2,23,7,0.0,1,3,3,0,2,2,5,0,5,2,9,2,0,Matches,199,185,12,0,2,0,8,2,4,3,1,0,170,2,3,0,0,0,3,6,0,8,2,5,0,0,0,19,3,7,30.0,France
Yoann Salmier,gf GUF,DF,Strasbourg,24,1992,12.3,457,540,84.6,9722,3300,122,130,93.8,254,283,89.8,74,115,64.3,1,0.1,0.2,+0.9,2,13,3,0,29,15,41.7,10,5,0,5,12,7,11,6,5,26,41,62,1,Matches,540,523,15,15,0,12,0,0,0,0,0,0,457,2,1,2,0,0,13,7,0,0,26,13,0,0,0,45,11,10,52.4,France
Yohann Pelé,fr FRA,GK,Marseille,34,1982,8.2,181,235,77.0,5245,4025,21,21,100.0,90,91,98.9,69,122,56.6,0,0.0,0.0,0.0,0,0,0,0,0,0,0.0,0,0,0,0,1,1,0,0,0,1,1,2,0,Matches,235,161,74,13,0,0,0,0,0,0,0,0,181,0,0,1,0,0,0,2,0,0,1,0,0,0,0,17,5,0,100.0,France
Younousse Sankharé,sn SEN,MF,Bordeaux,27,1989,20.9,752,894,84.1,10894,3477,418,463,90.3,246,288,85.4,41,65,63.1,1,1.6,1.4,-0.6,20,68,10,2,115,33,11.8,10,20,3,4,34,30,15,4,11,21,54,7,0,Matches,894,869,19,14,4,3,5,5,0,0,0,0,752,6,10,5,0,0,34,35,5,5,21,23,0,1,0,115,28,27,50.9,France
Youri Tielemans,be BEL,MF,Monaco,20,1997,17.4,676,848,79.7,11712,3668,325,372,87.4,259,324,79.9,71,103,68.9,1,1.1,1.3,-0.1,17,81,5,0,109,47,30.9,14,28,5,17,55,38,24,5,19,34,81,20,1,Matches,848,817,27,16,8,9,24,6,4,3,1,0,676,4,18,1,0,0,34,26,0,24,34,24,0,0,0,119,24,21,53.3,France
Youssef Aït Bennasser,ma MAR,MF,Caen,21,1996,22.7,936,1135,82.5,18775,5869,338,384,88.0,420,483,87.0,153,213,71.8,0,0.7,0.7,-0.7,12,148,7,1,178,47,23.4,17,27,3,15,64,49,35,2,33,32,79,30,0,Matches,1135,1117,16,10,5,24,11,1,2,1,0,0,936,2,20,4,0,0,20,26,0,11,32,28,0,0,0,207,23,32,41.8,France
Youssouf Sabaly,sn SEN,DF,Bordeaux,24,1993,34.4,1661,2104,78.9,24297,10070,955,1068,89.4,496,643,77.1,114,194,58.8,5,3.7,3.3,+1.3,36,129,43,25,170,93,63.2,54,34,5,43,68,25,26,6,20,54,147,104,0,Matches,2104,1661,437,34,3,7,137,403,0,0,0,0,1661,6,85,3,0,0,38,31,2,137,54,61,0,0,0,235,40,41,49.4,France
Yoël Armougom,fr FRA,"DF,MF",Caen,19,1998,1.5,52,84,61.9,782,350,32,42,76.2,14,23,60.9,3,9,33.3,0,0.1,0.1,-0.1,1,5,3,1,6,2,100.0,0,1,1,1,1,0,1,1,0,1,3,2,1,Matches,84,56,28,1,0,1,9,26,1,0,1,0,52,0,8,0,0,0,2,2,0,9,1,1,0,0,0,5,3,3,50.0,France
Yuri Berchiche,es ESP,DF,Paris S-G,27,1990,19.1,1024,1184,86.5,12301,4254,642,696,92.2,235,283,83.0,29,46,63.0,4,2.1,2.0,+1.9,16,62,21,8,74,39,48.0,21,11,7,12,25,13,15,2,13,24,63,53,0,Matches,1184,1041,141,18,0,2,56,123,0,0,0,0,1024,2,28,4,0,0,18,28,3,56,24,27,0,0,0,89,39,17,69.6,France
Yusuf Sari,tr TUR,FW,Marseille,18,1998,0.0,0,0,,0,0,0,0,,0,0,,0,0,,0,0.0,0.0,0.0,0,0,0,0,0,0,,0,0,0,0,0,0,0,0,0,0,0,0,0,Matches,0,0,0,0,0,0,0,0,0,0,0,0,0,0,0,0,0,0,0,0,0,0,0,0,0,0,0,0,0,0,,France
Yves Bissouma,ml MLI,"MF,DF",Lille,20,1996,17.3,876,1042,84.1,14330,4194,410,459,89.3,333,385,86.5,81,110,73.6,1,0.7,1.1,+0.3,11,91,7,0,113,67,48.7,30,32,5,19,39,20,13,2,11,31,98,31,1,Matches,1042,973,61,19,9,6,8,42,0,0,0,0,876,8,20,3,0,0,37,11,4,8,31,50,0,0,0,122,22,11,66.7,France
Zaydou Youssouf,km COM,FW,Bordeaux,18,1999,1.5,36,53,67.9,552,108,23,31,74.2,8,12,66.7,4,9,44.4,0,0.0,0.0,0.0,1,2,0,0,4,3,50.0,2,1,0,1,2,1,1,0,1,1,4,1,0,Matches,53,49,4,1,0,0,2,3,0,0,0,0,36,0,0,2,0,0,3,3,0,2,1,1,0,0,0,7,2,0,100.0,France
Zinédine Machach,fr FRA,"FW,MF",Toulouse,21,1996,2.1,30,47,63.8,525,205,17,21,81.0,10,14,71.4,3,8,37.5,0,0.3,0.2,-0.3,1,3,1,1,7,7,80.0,5,1,1,4,5,1,1,0,1,2,9,2,0,Matches,47,44,1,0,0,1,7,1,0,0,0,0,30,2,3,2,0,0,8,2,0,7,2,3,0,0,0,18,0,4,0.0,France
Ádám Lang,hu HUN,DF,Dijon,24,1993,2.6,103,121,85.1,2227,688,31,33,93.9,52,56,92.9,18,26,69.2,0,0.0,0.0,0.0,0,3,1,1,7,3,60.0,3,0,0,3,5,2,2,1,1,3,6,12,0,Matches,121,117,4,4,0,3,1,0,0,0,0,0,103,0,2,1,1,1,5,0,0,1,3,1,0,0,0,10,4,5,44.4,France
Ángel Di María,ar ARG,FW,Paris S-G,29,1988,23.5,918,1293,71.0,13980,3987,490,566,86.6,243,357,68.1,92,198,46.5,6,7.8,6.8,-1.8,51,78,55,12,128,13,17.9,5,3,5,7,39,32,18,2,16,10,23,8,0,Matches,1293,1129,155,24,23,28,175,32,99,35,22,1,918,9,51,1,0,0,8,14,15,175,10,10,0,0,0,71,0,2,0.0,France
Étienne Didot,fr FRA,MF,Guingamp,34,1983,18.0,822,1039,79.1,14167,4473,381,422,90.3,321,385,83.4,85,163,52.1,1,1.2,1.1,-0.2,14,84,12,4,98,54,46.5,20,33,1,20,43,23,21,7,14,19,73,29,0,Matches,1039,961,69,46,1,23,28,12,10,4,2,0,822,9,17,4,0,0,26,18,1,28,19,33,0,0,0,114,20,18,52.6,France
