Player,Nation,Pos,Squad,Age,Born,90s,Cmp_Total_Passing,Att_Total_Passing,Cmp%_Total,TotDist,PrgDist,Cmp_Short_Passing,Att_Short_Passing,Cmp%_Short,Cmp_Medium_Passing,Att_Medium_Passing,Cmp%_Medium,Cmp_Long_Passing,Att_Long_Passing,Cmp%_Long,Ast,xAG,xA,A-xAG,KP,1/3,PPA,CrsPA,PrgP,Tkl_Tackles,Tkl,TklW_Defense,Def 3rd,Mid 3rd,Att 3rd,Tkl_Challenges,Att_Defense,Tkl%,Lost_Defense,Blocks_Defense,Sh,Pass,Int_Defense,Tkl+Int,Clr,Att_PassingTypes,Live,Dead,FK,TB,Sw,Crs_PassingTypes,TI,CK,In,Out,Str,Cmp_PassingTypes,Off_PassingTypes,Blocks_PassingTypes,CrdY,CrdR,2CrdY,Fls,Fld,Off_Misc,Crs_Misc,Int_Misc,TklW_Misc,PKwon,PKcon,OG,Recov,Won,Lost_Misc,Won%,League
Aarón Martín,es ESP,DF,Espanyol,20,1997,31.3,1053,1412,74.6,15981,5502,635,717,88.6,320,419,76.4,77,194,39.7,0,2.8,3.7,-2.8,31,63,30,23,86,56,52.5,41,12,3,31,59,28,26,5,21,49,105,78,0,Matches,1412,1066,339,40,2,4,148,282,17,8,9,0,1053,7,45,6,0,0,29,20,0,148,49,36,0,0,0,151,18,41,30.5,Spain
Achraf Hakimi,ma MAR,DF,Real Madrid,18,1998,8.4,411,506,81.2,5365,1832,285,317,89.9,103,132,78.0,14,33,42.4,0,0.3,0.6,-0.3,5,20,7,3,31,21,44.0,9,6,6,11,25,14,9,1,8,10,31,19,1,Matches,506,433,72,4,0,6,30,68,0,0,0,0,411,1,13,0,0,0,8,6,1,30,10,15,0,0,0,50,9,10,47.4,Spain
Adalberto Peñaranda,ve VEN,"FW,MF",Málaga,20,1997,8.9,193,249,77.5,2497,310,122,149,81.9,52,63,82.5,7,10,70.0,0,0.4,0.2,-0.4,10,11,3,0,18,10,66.7,2,6,2,2,3,1,8,1,7,0,10,1,0,Matches,249,237,10,1,0,1,5,0,0,0,0,0,193,2,7,3,0,0,28,27,3,5,0,6,0,0,0,41,17,46,27.0,Spain
Aday,es ESP,DF,Girona,29,1987,20.4,738,1047,70.5,12574,3756,386,450,85.8,261,350,74.6,77,188,41.0,0,1.6,2.2,-1.6,20,36,30,22,61,17,35.3,11,4,2,6,17,11,19,3,16,25,42,52,1,Matches,1047,835,209,16,1,15,134,190,3,0,2,0,738,3,37,10,0,0,39,15,6,134,25,15,0,0,1,97,37,16,69.8,Spain
Adnan Januzaj,be BEL,FW,Real Sociedad,22,1995,17.5,407,552,73.7,6423,2055,237,263,90.1,113,144,78.5,35,84,41.7,5,5.5,3.6,-0.5,35,38,23,4,68,16,27.8,2,8,6,5,18,13,12,0,12,11,27,5,0,Matches,552,485,58,13,2,10,59,11,34,12,18,0,407,9,20,4,0,0,32,60,6,59,11,11,0,0,0,74,5,14,26.3,Spain
Adrián Diéguez,es ESP,DF,Alavés,21,1996,4.8,131,168,78.0,2548,1275,67,76,88.2,40,54,74.1,22,33,66.7,0,0.0,0.1,0.0,0,12,3,1,11,10,46.2,5,5,0,6,13,7,5,0,5,11,21,24,1,Matches,168,133,34,7,0,4,1,27,0,0,0,0,131,1,2,5,0,0,17,1,0,1,11,5,0,1,0,30,3,5,37.5,Spain
Adrián González,es ESP,"MF,FW",Málaga,29,1988,26.0,851,1074,79.2,15241,4082,399,477,83.6,312,361,86.4,110,156,70.5,0,1.2,0.9,-1.2,18,103,8,1,114,40,24.0,14,22,4,12,50,38,25,8,17,38,78,34,0,Matches,1074,1043,22,16,2,30,15,2,2,1,1,0,851,9,25,8,1,0,39,31,2,15,38,25,0,0,0,147,63,89,41.4,Spain
Adrián López,es ESP,"FW,MF",La Coruña,29,1988,26.1,610,904,67.5,8324,2436,377,496,76.0,188,275,68.4,21,45,46.7,6,5.7,3.7,+0.3,34,52,23,4,104,24,28.0,11,8,5,7,25,18,22,4,18,10,34,49,0,Matches,904,884,7,0,6,3,29,2,1,1,0,0,610,13,28,1,0,0,16,29,12,29,10,14,0,0,0,116,75,76,49.7,Spain
Adrián Marín,es ESP,DF,Villarreal,20,1997,2.6,84,101,83.2,1541,550,43,49,87.8,31,36,86.1,10,14,71.4,0,0.0,0.0,0.0,1,9,1,0,8,6,25.0,3,3,0,2,8,6,2,0,2,3,9,8,0,Matches,101,89,10,2,0,1,2,8,0,0,0,0,84,2,0,1,0,0,6,0,0,2,3,4,0,0,0,9,2,1,66.7,Spain
Ager Aketxe,es ESP,MF,Athletic Club,23,1993,0.4,32,42,76.2,478,96,18,21,85.7,9,11,81.8,3,7,42.9,0,0.0,0.0,0.0,0,3,0,0,6,1,50.0,1,0,0,1,2,1,1,0,1,1,2,0,0,Matches,42,37,5,2,0,0,7,0,3,2,1,0,32,0,1,1,0,0,1,0,0,7,1,1,0,0,0,6,0,1,0.0,Spain
Aitor Ruibal,es ESP,MF,Betis,21,1996,0.1,4,4,100.0,33,5,4,4,100.0,0,0,,0,0,,0,0.0,0.0,0.0,0,0,0,0,0,0,,0,0,0,0,0,0,0,0,0,0,0,0,0,Matches,4,4,0,0,0,0,0,0,0,0,0,0,4,0,0,0,0,0,1,0,0,0,0,0,0,0,0,3,0,2,0.0,Spain
Alberto Aquilani,it ITA,MF,Las Palmas,33,1984,14.4,838,1008,83.1,15743,4147,374,419,89.3,310,360,86.1,130,179,72.6,0,0.5,0.7,-0.5,12,86,6,0,80,33,35.5,13,17,3,11,31,20,20,4,16,23,56,23,0,Matches,1008,974,31,29,4,35,7,2,0,0,0,0,838,3,13,4,0,0,18,14,1,7,23,19,0,0,0,94,11,13,45.8,Spain
Alberto Bueno,es ESP,"MF,FW",Málaga,29,1988,2.5,78,98,79.6,1368,299,38,43,88.4,30,37,81.1,8,13,61.5,0,0.5,0.2,-0.5,4,9,2,1,5,3,18.2,2,1,0,2,11,9,2,0,2,1,4,2,0,Matches,98,94,3,1,0,3,3,1,0,0,0,0,78,1,2,0,0,0,3,7,1,3,1,2,0,0,0,26,2,14,12.5,Spain
Alberto López,es ESP,DF,Málaga,22,1995,0.5,17,22,77.3,166,48,9,11,81.8,5,6,83.3,0,2,0.0,0,0.0,0.0,0.0,0,1,0,0,0,1,100.0,0,1,0,1,1,0,1,0,1,2,3,2,0,Matches,22,15,7,1,0,0,1,6,0,0,0,0,17,0,0,0,0,0,1,1,0,1,2,1,0,0,0,4,0,0,,Spain
Alberto Redondo,es ESP,DF,Getafe,20,1997,1.0,14,33,42.4,133,68,11,15,73.3,1,9,11.1,0,4,0.0,0,0.0,0.0,0.0,0,2,0,0,1,4,50.0,4,0,0,2,4,2,2,1,1,0,4,1,0,Matches,33,23,10,0,0,0,2,10,0,0,0,0,14,0,1,0,0,0,4,0,0,2,0,3,0,0,0,2,2,1,66.7,Spain
Alberto de la Bella,es ESP,DF,Real Sociedad,31,1985,17.0,852,1072,79.5,14170,4868,450,501,89.8,312,387,80.6,77,147,52.4,1,1.1,2.0,-0.1,16,56,29,22,59,36,57.1,25,10,1,16,28,12,19,5,14,21,57,54,0,Matches,1072,875,192,15,1,5,69,177,0,0,0,0,852,5,19,4,0,0,20,17,6,69,21,22,0,0,0,74,25,15,62.5,Spain
Aleix García,es ESP,MF,Girona,20,1997,9.5,459,571,80.4,9256,2586,201,229,87.8,152,175,86.9,94,142,66.2,0,1.3,1.2,-1.3,12,35,1,0,41,24,54.5,13,9,2,12,22,10,9,1,8,17,41,12,0,Matches,571,500,67,31,0,27,39,1,35,7,16,4,459,4,6,3,0,0,5,5,0,39,17,14,0,0,0,84,10,2,83.3,Spain
Aleix Vidal,es ESP,"MF,FW",Barcelona,27,1989,5.1,207,275,75.3,3005,827,111,130,85.4,70,87,80.5,13,26,50.0,1,1.2,0.7,-0.2,4,13,9,0,27,6,10.0,2,3,1,1,10,9,4,0,4,9,15,1,0,Matches,275,259,11,0,2,3,8,8,3,2,0,0,207,5,8,0,0,0,2,12,2,8,9,4,0,0,0,24,3,5,37.5,Spain
Alejandro Arribas,es ESP,DF,La Coruña,28,1989,3.0,99,118,83.9,2115,689,24,26,92.3,61,63,96.8,13,28,46.4,0,0.0,0.0,0.0,0,5,0,0,11,2,20.0,1,1,0,1,5,4,5,3,2,6,8,8,0,Matches,118,118,0,0,0,0,0,0,0,0,0,0,99,0,0,0,0,0,5,2,0,0,6,2,0,1,1,15,2,4,33.3,Spain
Alejandro Gutiérrez Mozo,es ESP,MF,Leganés,22,1995,0.5,14,18,77.8,259,46,5,7,71.4,8,9,88.9,1,1,100.0,0,0.0,0.0,0.0,0,0,0,0,2,3,25.0,1,2,0,1,4,3,0,0,0,0,3,0,0,Matches,18,17,1,1,0,0,0,0,0,0,0,0,14,0,0,0,0,0,2,1,0,0,0,2,0,0,0,5,1,0,100.0,Spain
Aleksandar Katai,rs SRB,"MF,DF",Alavés,26,1991,0.6,8,10,80.0,96,42,2,2,100.0,4,5,80.0,0,0,,0,0.0,0.0,0.0,0,2,0,0,2,1,0.0,0,1,0,0,1,1,0,0,0,0,1,0,0,Matches,10,9,0,0,0,0,0,0,0,0,0,0,8,1,0,0,0,0,2,1,1,0,0,1,0,0,0,3,0,1,0.0,Spain
Alen Halilović,hr CRO,"FW,MF",Las Palmas,21,1996,14.5,387,539,71.8,5933,1601,213,250,85.2,114,155,73.5,36,84,42.9,1,1.8,1.9,-0.8,20,26,17,4,47,11,23.5,5,6,0,4,17,13,10,1,9,5,16,4,0,Matches,539,463,74,31,0,12,76,16,26,12,6,0,387,2,11,1,1,0,9,25,1,76,5,7,1,0,0,61,3,14,17.6,Spain
Alexander,ar ARG,"MF,FW",Leganés,28,1988,11.8,219,320,68.4,2918,931,141,172,82.0,47,80,58.8,14,29,48.3,2,2.5,2.9,-0.5,19,13,14,6,26,14,16.7,2,11,1,2,12,10,11,0,11,22,36,4,0,Matches,320,293,24,5,0,3,40,7,12,4,6,0,219,3,17,1,0,0,19,18,8,40,22,11,1,0,0,56,2,4,33.3,Spain
Alexis,es ESP,DF,Alavés,31,1985,24.3,544,743,73.2,10573,5124,205,237,86.5,249,334,74.6,79,146,54.1,0,0.3,0.2,-0.3,5,27,3,0,34,33,44.4,24,7,2,20,45,25,28,14,14,30,63,114,3,Matches,743,573,162,65,0,7,6,97,0,0,0,0,544,8,5,6,0,0,20,14,2,6,30,24,0,0,1,112,28,18,60.9,Spain
Alfonso Pedraza,es ESP,"MF,DF",Alavés,21,1996,27.1,454,720,63.1,6895,2807,251,324,77.5,160,227,70.5,25,72,34.7,5,3.9,2.6,+1.1,30,34,21,11,69,57,33.9,24,21,12,19,56,37,39,5,34,32,89,26,0,Matches,720,666,48,3,1,3,77,42,1,0,1,0,454,6,62,5,0,0,46,22,5,77,32,40,2,0,0,131,20,25,44.4,Spain
Alfred N'Diaye,sn SEN,"DF,MF",Villarreal,27,1990,1.1,32,36,88.9,628,220,13,14,92.9,12,13,92.3,7,9,77.8,0,0.0,0.0,0.0,0,0,0,0,0,3,100.0,1,1,1,1,1,0,0,0,0,3,6,3,0,Matches,36,35,1,1,0,0,0,0,0,0,0,0,32,0,0,0,0,0,2,0,0,0,3,1,0,0,0,10,3,1,75.0,Spain
Alin Toșca,ro ROU,DF,Betis,25,1992,4.7,182,217,83.9,3015,1093,96,107,89.7,65,80,81.3,16,20,80.0,0,0.0,0.1,0.0,1,11,3,1,16,12,55.6,7,5,0,5,9,4,7,1,6,5,17,17,1,Matches,217,187,30,4,0,1,9,26,0,0,0,0,182,0,2,0,0,0,5,3,0,9,5,9,0,0,1,20,6,2,75.0,Spain
Aly Abeid,mr MTN,DF,Levante,19,1997,0.9,29,38,76.3,474,167,17,19,89.5,10,12,83.3,2,5,40.0,0,0.1,0.1,-0.1,1,0,1,1,1,2,0.0,1,1,0,0,1,1,1,0,1,3,5,3,0,Matches,38,30,8,0,0,0,2,8,0,0,0,0,29,0,2,0,0,0,1,0,0,2,3,1,0,0,0,5,1,2,33.3,Spain
Amath,sn SEN,"MF,FW",Getafe,21,1996,31.8,390,596,65.4,5819,1699,211,288,73.3,121,171,70.8,29,57,50.9,3,2.7,1.5,+0.3,23,47,17,3,66,78,27.0,32,28,18,24,89,65,36,3,33,33,111,20,0,Matches,596,578,9,1,3,7,21,7,0,0,0,0,390,9,29,9,0,0,72,62,10,21,33,53,0,0,0,183,19,47,28.8,Spain
Anaitz Arbilla,es ESP,DF,Eibar,30,1987,26.8,1235,1559,79.2,29963,11577,334,383,87.2,561,638,87.9,331,499,66.3,1,0.4,0.8,+0.6,8,143,10,1,158,38,52.5,24,12,2,21,40,19,21,10,11,78,116,108,2,Matches,1559,1447,101,59,0,88,11,40,2,0,1,0,1235,11,16,8,0,0,26,11,0,11,78,30,0,2,1,238,44,35,55.7,Spain
Ander Capa,es ESP,DF,Eibar,25,1992,25.0,1062,1492,71.2,18906,7912,513,604,84.9,408,543,75.1,123,251,49.0,1,1.5,2.1,-0.5,14,95,26,14,143,57,65.8,34,14,9,25,38,13,21,2,19,52,109,50,1,Matches,1492,1131,350,23,3,2,95,327,0,0,0,0,1062,11,62,4,0,0,34,9,6,95,52,38,0,0,0,114,28,12,70.0,Spain
Ander Iturraspe,es ESP,MF,Athletic Club,28,1989,21.2,1013,1275,79.5,19925,5809,425,494,86.0,388,467,83.1,181,263,68.8,0,2.0,2.4,-2.0,22,113,13,5,124,42,31.3,18,22,2,10,32,22,22,7,15,35,77,57,0,Matches,1275,1127,138,92,3,19,74,1,41,21,19,0,1013,10,13,7,0,0,29,22,0,74,35,31,0,1,0,176,41,31,56.9,Spain
Andoni Gorosabel,es ESP,DF,Real Sociedad,20,1996,0.8,42,50,84.0,553,107,31,33,93.9,7,10,70.0,2,4,50.0,0,0.0,0.0,0.0,0,3,1,0,2,3,40.0,1,2,0,2,5,3,1,0,1,4,7,1,0,Matches,50,41,9,0,0,0,3,9,0,0,0,0,42,0,1,0,0,0,1,1,0,3,4,2,0,0,0,5,1,0,100.0,Spain
Andoni López,es ESP,DF,Athletic Club,21,1996,1.0,36,45,80.0,678,141,12,15,80.0,19,20,95.0,3,6,50.0,0,0.0,0.3,0.0,0,1,0,0,1,1,100.0,1,0,0,1,1,0,1,0,1,1,2,6,0,Matches,45,34,11,0,0,1,1,11,0,0,0,0,36,0,1,0,0,0,3,1,0,1,1,0,0,1,0,3,1,1,50.0,Spain
Andreas Pereira,br BRA,MF,Valencia,21,1996,12.0,262,405,64.7,4479,1583,135,176,76.7,90,140,64.3,29,55,52.7,3,1.9,2.5,+1.1,20,32,24,13,51,26,33.3,12,11,3,10,30,20,9,1,8,11,37,5,0,Matches,405,388,14,3,1,4,65,2,9,3,6,0,262,3,19,5,0,0,20,21,1,65,11,15,0,0,0,59,13,12,52.0,Spain
Andreu Fontàs,es ESP,DF,Celta Vigo,27,1989,9.8,642,729,88.1,13546,4803,182,192,94.8,359,387,92.8,98,143,68.5,1,0.3,0.3,+0.7,4,28,2,0,34,13,23.1,8,5,0,3,13,10,9,5,4,14,27,30,0,Matches,729,694,33,27,1,4,0,6,0,0,0,0,642,2,1,2,0,0,7,0,0,0,14,9,0,0,0,51,10,14,41.7,Spain
Andrew Hjulsager,dk DEN,"DF,MF",Celta Vigo,22,1995,0.2,5,8,62.5,95,13,0,0,,5,7,71.4,0,1,0.0,0,0.0,0.0,0.0,0,0,0,0,0,0,0.0,0,0,0,0,2,2,1,0,1,0,0,0,0,Matches,8,7,1,0,0,0,1,1,0,0,0,0,5,0,0,0,0,0,0,0,0,1,0,0,0,0,0,1,0,0,,Spain
André Gomes,pt POR,MF,Barcelona,24,1993,7.1,314,358,87.7,4448,959,188,203,92.6,84,98,85.7,22,25,88.0,0,0.1,0.2,-0.1,3,33,0,0,29,19,38.5,8,10,1,5,13,8,7,1,6,4,23,6,0,Matches,358,350,5,4,0,3,3,1,0,0,0,0,314,3,6,1,0,0,16,5,3,3,4,12,0,0,0,39,12,7,63.2,Spain
Andrés Fernández,es ESP,GK,Villarreal,30,1986,2.5,44,70,62.9,1253,946,8,8,100.0,24,24,100.0,12,37,32.4,0,0.0,0.0,0.0,0,0,0,0,0,1,,1,0,0,0,0,0,0,0,0,0,1,4,0,Matches,70,36,33,6,0,0,0,0,0,0,0,0,44,1,0,0,0,0,0,0,0,0,0,0,0,0,0,4,2,0,100.0,Spain
Andrés Guardado,mx MEX,MF,Betis,30,1986,25.2,1311,1567,83.7,23838,5943,612,667,91.8,511,578,88.4,164,253,64.8,8,5.2,4.9,+2.8,45,138,36,16,159,41,27.3,17,18,6,15,55,40,27,5,22,22,63,29,1,Matches,1567,1441,121,66,12,33,90,11,43,20,12,2,1311,5,30,7,0,0,31,39,2,90,22,27,0,0,0,166,17,18,48.6,Spain
Andrés Iniesta,es ESP,MF,Barcelona,33,1984,20.3,1352,1562,86.6,20818,5922,747,805,92.8,401,453,88.5,127,173,73.4,2,1.8,4.4,+0.2,17,179,54,6,219,28,19.4,11,8,9,6,31,25,21,2,19,10,38,12,1,Matches,1562,1518,29,24,14,27,23,4,1,0,0,0,1352,15,22,1,0,0,15,40,0,23,10,22,0,0,0,123,2,7,22.2,Spain
Andrés Prieto,es ESP,GK,Málaga,23,1993,4.0,46,110,41.8,2093,1934,0,0,,12,15,80.0,34,94,36.2,0,0.0,0.0,0.0,0,3,0,0,0,0,,0,0,0,0,0,0,0,0,0,0,0,2,0,Matches,110,60,49,16,0,0,0,0,0,0,0,0,46,1,0,0,0,0,0,0,0,0,0,0,0,0,0,7,1,0,100.0,Spain
Anthony Lozano,hn HON,"FW,MF",Girona,24,1993,5.2,81,129,62.8,1179,271,48,62,77.4,29,45,64.4,2,8,25.0,0,0.3,0.8,-0.3,4,4,2,1,11,9,20.0,2,7,0,1,5,4,3,0,3,3,12,2,0,Matches,129,120,8,0,0,0,8,1,0,0,0,0,81,1,6,0,0,0,18,10,3,8,3,5,0,0,0,19,22,21,51.2,Spain
Antoine Griezmann,fr FRA,"FW,MF",Atlético Madrid,26,1991,28.0,809,1080,74.9,12542,3324,436,539,80.9,253,314,80.6,70,116,60.3,9,6.8,4.7,+2.2,44,69,44,1,125,36,33.3,6,23,7,10,30,20,20,1,19,10,46,14,0,Matches,1080,1017,55,17,13,16,41,3,18,4,11,0,809,8,32,7,1,0,24,44,26,41,10,24,1,0,0,120,25,60,29.4,Spain
Antonio Adán,es ESP,GK,Betis,30,1987,30.0,868,1256,69.1,24352,18206,125,125,100.0,444,462,96.1,298,664,44.9,2,0.7,0.0,+1.3,4,8,0,0,0,1,100.0,1,0,0,1,1,0,1,0,1,0,1,11,2,Matches,1256,911,344,91,0,1,0,0,0,0,0,0,868,1,1,4,0,0,1,3,0,0,0,0,0,0,0,41,4,1,80.0,Spain
Antonio Barragán,es ESP,DF,Betis,30,1987,26.4,1293,1618,79.9,19836,7027,742,835,88.9,434,547,79.3,90,168,53.6,6,2.8,3.2,+3.2,21,78,26,10,123,59,66.7,40,11,8,24,36,12,22,5,17,24,83,66,0,Matches,1618,1394,219,14,2,7,92,205,0,0,0,0,1293,5,28,7,0,0,51,19,4,92,24,42,0,1,0,131,44,19,69.8,Spain
Antonio Luna,es ESP,DF,Levante,26,1991,22.5,681,997,68.3,11520,5712,343,405,84.7,248,349,71.1,66,182,36.3,2,2.1,1.5,-0.1,14,58,25,13,67,39,58.5,23,13,3,24,41,17,26,9,17,36,75,68,0,Matches,997,772,221,16,1,8,58,205,0,0,0,0,681,4,22,5,0,0,21,15,3,58,36,26,0,0,0,141,13,13,50.0,Spain
Antonio Rukavina,rs SRB,DF,Villarreal,33,1984,14.1,489,628,77.9,8304,3405,236,271,87.1,197,247,79.8,44,86,51.2,0,0.6,0.6,-0.6,8,27,8,5,36,25,68.0,12,9,4,17,25,8,11,3,8,16,41,68,0,Matches,628,483,143,8,1,0,27,135,0,0,0,0,489,2,12,5,0,0,18,3,0,27,16,22,0,1,0,59,9,11,45.0,Spain
Antonio Sanabria,py PAR,FW,Betis,21,1996,9.5,126,174,72.4,1696,210,74,93,79.6,32,50,64.0,6,7,85.7,0,0.1,0.7,-0.1,4,5,0,0,7,8,0.0,0,4,4,0,3,3,5,0,5,4,12,6,0,Matches,174,148,25,1,0,0,2,0,0,0,0,0,126,1,4,0,0,0,12,15,8,2,4,8,0,0,0,20,23,36,39.0,Spain
Antonio Sivera,es ESP,GK,Alavés,20,1996,0.7,7,15,46.7,311,279,1,1,100.0,1,1,100.0,5,13,38.5,0,0.0,0.0,0.0,0,0,0,0,0,0,,0,0,0,0,0,0,0,0,0,0,0,0,0,Matches,15,9,6,1,0,0,0,0,0,0,0,0,7,0,0,0,0,0,0,0,0,0,0,0,0,0,0,1,0,0,,Spain
Aritz Aduriz,es ESP,FW,Athletic Club,36,1981,23.9,337,518,65.1,4422,934,218,296,73.6,86,143,60.1,12,30,40.0,1,1.5,1.6,-0.5,11,41,11,0,45,11,16.7,2,6,3,1,6,5,6,0,6,3,14,18,0,Matches,518,497,20,1,2,2,20,7,0,0,0,0,337,1,15,5,0,0,42,39,35,20,3,8,0,0,0,45,99,77,56.3,Spain
Aritz Elustondo,es ESP,DF,Real Sociedad,23,1994,17.7,870,1028,84.6,16255,5748,319,357,89.4,464,514,90.3,77,133,57.9,2,0.3,0.5,+1.7,7,48,7,3,61,32,63.3,20,9,3,19,30,11,20,7,13,45,77,84,0,Matches,1028,937,90,22,2,4,9,68,0,0,0,0,870,1,11,1,0,0,21,11,3,9,45,20,0,0,0,69,41,28,59.4,Spain
Armando Sadiku,al ALB,FW,Levante,26,1991,3.0,53,71,74.6,687,179,31,39,79.5,18,23,78.3,0,2,0.0,0,0.0,0.0,0.0,1,5,0,0,6,1,0.0,0,1,0,0,1,1,4,2,2,2,3,2,0,Matches,71,65,5,0,0,1,1,0,0,0,0,0,53,1,0,1,0,0,6,1,2,1,2,1,0,0,0,9,10,26,27.8,Spain
Arona Sané,sn SEN,"MF,FW",Atlético Madrid,22,1995,0.7,10,15,66.7,129,0,6,9,66.7,3,5,60.0,0,0,,0,0.0,0.0,0.0,0,1,0,0,2,1,,1,0,0,0,0,0,1,0,1,0,1,0,0,Matches,15,15,0,0,0,0,0,0,0,0,0,0,10,0,0,0,0,0,1,1,0,0,0,0,0,0,0,0,2,1,66.7,Spain
Asier Illarramendi,es ESP,MF,Real Sociedad,27,1990,35.1,2229,2585,86.2,39187,13317,991,1071,92.5,981,1100,89.2,213,310,68.7,5,2.3,3.0,+2.7,34,277,29,7,305,85,41.1,35,41,9,37,90,53,44,8,36,75,160,35,0,Matches,2585,2405,169,152,7,20,49,8,7,2,3,0,2229,11,35,10,1,1,34,68,0,49,75,57,0,0,0,285,23,16,59.0,Spain
Asier Riesgo,es ESP,GK,Eibar,33,1983,1.0,13,33,39.4,727,716,0,0,,0,0,,13,33,39.4,0,0.0,0.0,0.0,0,1,0,0,0,0,,0,0,0,0,0,0,0,0,0,0,0,0,0,Matches,33,14,19,8,0,0,0,0,0,0,0,0,13,0,0,0,0,0,0,0,0,0,0,0,0,0,0,0,2,0,100.0,Spain
Augusto Fernández,ar ARG,MF,Atlético Madrid,31,1986,1.2,58,73,79.5,1006,288,25,27,92.6,25,27,92.6,6,14,42.9,0,0.0,0.0,0.0,1,5,0,0,5,3,33.3,1,2,0,1,3,2,3,2,1,2,5,3,0,Matches,73,68,3,2,0,0,0,0,0,0,0,0,58,2,1,1,0,0,1,1,0,0,2,2,0,0,0,12,2,2,50.0,Spain
Axel Werner,ar ARG,GK,Atlético Madrid,21,1996,1.0,5,17,29.4,223,205,0,0,,1,1,100.0,4,16,25.0,0,0.0,0.0,0.0,0,0,0,0,0,0,,0,0,0,0,0,0,0,0,0,0,0,1,0,Matches,17,10,7,0,0,0,0,0,0,0,0,0,5,0,0,0,0,0,0,0,0,0,0,0,0,0,0,0,0,0,,Spain
Aymeric Laporte,es ESP,DF,Athletic Club,23,1994,19.0,822,990,83.0,19242,6784,220,246,89.4,404,451,89.6,195,275,70.9,1,0.9,0.9,+0.1,8,67,10,3,74,38,56.0,27,11,0,14,25,11,19,13,6,27,65,94,1,Matches,990,940,46,41,1,23,9,5,0,0,0,0,822,4,6,5,0,0,19,18,2,9,27,23,1,0,1,97,47,20,70.1,Spain
Aythami Artiles,es ESP,DF,Las Palmas,31,1986,2.0,81,95,85.3,1763,583,23,26,88.5,48,54,88.9,10,15,66.7,0,0.0,0.0,0.0,0,3,0,0,1,2,0.0,2,0,0,0,1,1,2,1,1,2,4,19,0,Matches,95,83,12,12,0,0,0,0,0,0,0,0,81,0,0,0,0,0,0,1,0,0,2,2,0,0,0,9,5,0,100.0,Spain
Aïssa Mandi,dz ALG,DF,Betis,25,1991,33.6,1965,2146,91.6,35804,13638,827,876,94.4,943,1010,93.4,182,227,80.2,0,0.2,0.5,-0.2,4,146,2,0,129,54,55.9,27,25,2,19,34,15,39,24,15,71,125,133,3,Matches,2146,2042,99,86,1,25,1,13,0,0,0,0,1965,5,7,9,1,0,34,26,1,1,71,35,0,1,0,135,59,44,57.3,Spain
Barri,es ESP,"MF,FW",Getafe,21,1995,1.3,10,16,62.5,202,88,5,7,71.4,3,3,100.0,2,3,66.7,0,0.0,0.0,0.0,0,2,0,0,4,1,0.0,0,1,0,0,4,4,1,1,0,1,2,3,0,Matches,16,14,0,0,0,0,0,0,0,0,0,0,10,2,0,0,0,0,3,0,0,0,1,0,0,0,0,6,2,3,40.0,Spain
Bebé,cv CPV,"MF,FW",Eibar,27,1990,4.1,84,149,56.4,1390,280,41,52,78.8,27,50,54.0,10,29,34.5,1,1.7,0.6,-0.7,8,3,4,4,3,9,37.5,1,4,4,3,8,5,5,0,5,3,12,1,0,Matches,149,132,16,4,0,1,47,5,7,3,4,0,84,1,8,0,0,0,8,4,3,47,3,7,0,0,0,19,2,2,50.0,Spain
Benito Ramírez,es ESP,"FW,DF",Las Palmas,22,1995,1.8,41,73,56.2,498,86,26,33,78.8,7,15,46.7,2,10,20.0,0,0.1,0.2,-0.1,3,2,1,1,0,6,20.0,2,3,1,1,5,4,0,0,0,2,8,3,0,Matches,73,68,5,0,0,0,16,2,3,0,2,0,41,0,7,0,0,0,2,1,0,16,2,3,0,0,0,7,1,3,25.0,Spain
Bernardo Espinosa,co COL,DF,Girona,28,1989,31.9,960,1177,81.6,22797,9392,212,240,88.3,516,585,88.2,225,332,67.8,3,1.1,1.0,+1.9,7,43,3,0,42,36,54.5,29,6,1,18,33,15,27,19,8,66,102,169,0,Matches,1177,1139,31,30,0,25,1,0,0,0,0,0,960,7,4,7,0,0,40,16,3,1,66,22,0,1,0,126,102,50,67.1,Spain
Beñat Etxebarria,es ESP,MF,Athletic Club,30,1987,12.4,642,817,78.6,12632,3735,252,284,88.7,275,328,83.8,107,176,60.8,2,2.4,2.0,-0.4,25,62,16,1,109,28,36.1,12,13,3,13,36,23,6,1,5,28,56,12,0,Matches,817,686,124,59,2,6,79,4,49,21,25,1,642,7,13,3,0,0,17,15,0,79,28,20,0,0,0,105,5,5,50.0,Spain
Bojan Krkić,es ESP,"FW,MF",Alavés,26,1990,4.9,109,141,77.3,1865,397,52,60,86.7,38,49,77.6,12,18,66.7,0,0.1,0.2,-0.1,2,9,2,0,18,2,50.0,1,1,0,1,2,1,5,0,5,3,5,0,0,Matches,141,133,7,0,1,2,4,0,0,0,0,0,109,1,5,0,0,0,0,17,3,4,3,1,0,0,0,23,0,7,0.0,Spain
Borja Bastón,es ESP,FW,Málaga,24,1992,10.9,171,236,72.5,2013,216,121,149,81.2,34,51,66.7,4,7,57.1,0,0.1,0.1,-0.1,4,5,2,0,8,9,7.7,1,6,2,1,13,12,7,0,7,3,12,5,0,Matches,236,212,22,0,3,1,5,0,0,0,0,0,171,2,9,2,0,0,16,7,9,5,3,7,1,0,0,20,26,38,40.6,Spain
Borja García,es ESP,MF,Girona,26,1990,31.1,1162,1427,81.4,19654,5024,636,713,89.2,336,410,82.0,158,227,69.6,5,4.4,6.0,+0.6,55,135,39,12,179,39,33.3,15,18,6,13,39,26,31,2,29,30,69,15,0,Matches,1427,1337,80,30,12,29,94,8,42,6,20,2,1162,10,23,2,0,0,26,110,0,94,30,18,0,0,0,190,12,29,29.3,Spain
Borja Herrera,es ESP,DF,Las Palmas,24,1993,2.7,157,189,83.1,2254,803,91,96,94.8,54,67,80.6,8,16,50.0,0,0.0,0.1,0.0,1,16,2,2,11,2,28.6,2,0,0,2,7,5,6,1,5,3,5,4,0,Matches,189,167,22,2,0,0,14,20,0,0,0,0,157,0,4,0,0,0,1,1,0,14,3,1,0,0,0,12,2,4,33.3,Spain
Borja Lasso,es ESP,MF,Sevilla,23,1994,0.6,26,35,74.3,460,96,17,22,77.3,5,6,83.3,4,5,80.0,0,0.1,0.1,-0.1,1,2,1,0,5,4,50.0,2,2,0,1,2,1,3,0,3,0,4,0,0,Matches,35,35,0,0,1,0,0,0,0,0,0,0,26,0,2,0,0,0,2,0,0,0,0,1,0,0,0,3,0,1,0.0,Spain
Borja Mayoral,es ESP,"FW,MF",Real Madrid,20,1997,3.8,101,121,83.5,1192,191,74,84,88.1,17,20,85.0,3,5,60.0,1,0.1,0.3,+0.9,2,4,3,0,11,6,20.0,0,4,2,1,5,4,3,0,3,0,6,0,0,Matches,121,113,7,0,1,0,0,0,0,0,0,0,101,1,2,0,0,0,4,5,7,0,0,3,0,0,0,15,4,2,66.7,Spain
Borja Valle,es ESP,"FW,MF",La Coruña,25,1992,5.4,103,141,73.0,1511,277,63,71,88.7,29,48,60.4,7,11,63.6,2,1.2,0.6,+0.8,9,6,7,2,12,6,25.0,3,3,0,1,4,3,2,0,2,3,9,4,0,Matches,141,133,8,1,0,2,8,1,0,0,0,0,103,0,4,1,0,0,12,8,6,8,3,6,0,0,0,21,8,20,28.6,Spain
Brais Méndez,es ESP,"MF,FW",Celta Vigo,20,1997,10.5,362,476,76.1,5206,1504,209,246,85.0,113,144,78.5,18,41,43.9,1,1.7,1.5,-0.7,10,33,15,1,46,19,41.2,9,6,4,7,17,10,13,0,13,4,23,12,0,Matches,476,455,18,9,3,5,24,2,7,1,1,0,362,3,10,0,0,0,17,14,3,24,4,15,0,0,0,60,7,19,26.9,Spain
Brown Ideye,ng NGA,FW,Málaga,28,1988,8.1,109,159,68.6,1399,241,63,90,70.0,30,40,75.0,3,7,42.9,0,0.4,0.3,-0.4,3,10,1,0,12,2,0.0,0,2,0,0,5,5,2,0,2,1,3,11,0,Matches,159,148,11,1,0,2,1,0,0,0,0,0,109,0,3,2,0,0,12,14,8,1,1,2,0,0,0,18,22,38,36.7,Spain
Bruno Gama,pt POR,"FW,MF",La Coruña,29,1987,1.3,31,42,73.8,364,98,23,27,85.2,7,9,77.8,0,3,0.0,0,0.1,0.1,-0.1,2,3,2,1,2,1,33.3,1,0,0,1,3,2,0,0,0,0,1,2,0,Matches,42,40,2,0,0,0,5,0,2,2,0,0,31,0,1,1,0,0,5,4,0,5,0,1,1,0,0,2,0,1,0.0,Spain
Bruno González,es ESP,DF,Getafe,27,1990,17.1,224,340,65.9,5024,1787,56,75,74.7,117,149,78.5,47,99,47.5,0,0.8,0.1,-0.8,4,4,0,0,8,25,50.0,18,7,0,13,26,13,11,3,8,31,56,107,0,Matches,340,312,25,24,0,4,0,1,0,0,0,0,224,3,5,5,0,0,19,10,2,0,31,18,0,0,0,59,39,28,58.2,Spain
Burgui,es ESP,"MF,FW",Alavés,23,1993,11.5,271,365,74.2,4218,1500,149,183,81.4,91,122,74.6,22,34,64.7,0,1.6,1.3,-1.6,18,32,15,1,46,10,33.3,2,4,4,2,6,4,5,0,5,7,17,1,0,Matches,365,341,23,5,4,0,14,14,2,1,1,0,271,1,13,1,0,0,12,19,6,14,7,5,1,0,0,55,2,8,20.0,Spain
Cala,es ESP,DF,Getafe,27,1989,20.0,414,655,63.2,11752,4979,76,100,76.0,168,243,69.1,163,297,54.9,2,0.7,0.9,+1.3,6,44,0,0,42,21,48.1,16,5,0,13,27,14,21,10,11,39,60,124,0,Matches,655,576,77,75,0,40,1,2,0,0,0,0,414,2,1,9,0,0,28,23,2,1,39,14,0,1,0,94,55,32,63.2,Spain
Carles Gil,es ESP,"FW,MF",La Coruña,24,1992,5.3,189,222,85.1,2777,827,111,122,91.0,52,59,88.1,15,21,71.4,1,1.4,1.1,-0.4,12,18,10,0,31,6,20.0,1,4,1,1,5,4,5,0,5,4,10,0,0,Matches,222,208,14,6,1,0,9,1,7,1,4,0,189,0,5,0,0,0,3,16,0,9,4,4,0,0,0,25,0,3,0.0,Spain
Carles Planas,es ESP,DF,Girona,26,1991,2.1,74,106,69.8,981,369,49,57,86.0,18,31,58.1,3,7,42.9,1,1.2,0.9,-0.2,4,3,2,2,4,5,50.0,4,1,0,3,6,3,1,0,1,5,10,6,0,Matches,106,90,14,0,1,0,7,14,0,0,0,0,74,2,4,0,0,0,1,0,0,7,5,2,0,0,0,13,3,1,75.0,Spain
Carlos Bacca,co COL,FW,Villarreal,30,1986,27.7,388,538,72.1,5649,1228,232,295,78.6,112,158,70.9,27,41,65.9,6,4.7,4.2,+1.3,30,21,15,1,39,10,8.3,2,4,4,1,12,11,16,1,15,8,18,16,0,Matches,538,492,41,0,1,4,11,2,2,0,0,0,388,5,13,9,0,0,22,20,40,11,8,2,0,0,0,54,23,38,37.7,Spain
Carlos Calderón,es ESP,MF,Getafe,22,1995,0.0,2,2,100.0,7,0,1,1,100.0,0,0,,0,0,,0,0.0,0.0,0.0,0,0,0,0,0,1,,0,0,1,0,0,0,0,0,0,0,1,0,0,Matches,2,2,0,0,0,0,0,0,0,0,0,0,2,0,0,0,0,0,0,0,0,0,0,1,0,0,0,0,0,2,0.0,Spain
Carlos Fernández,es ESP,FW,Sevilla,21,1996,1.5,28,36,77.8,358,18,18,23,78.3,7,9,77.8,2,2,100.0,0,0.1,0.1,-0.1,3,0,0,0,0,2,0.0,1,1,0,0,2,2,1,0,1,0,2,0,0,Matches,36,33,3,0,0,0,0,0,0,0,0,0,28,0,0,0,0,0,4,1,0,0,0,1,0,0,0,3,2,3,40.0,Spain
Carlos Isaac,es ESP,DF,Atlético Madrid,19,1998,0.7,36,44,81.8,512,135,21,24,87.5,13,14,92.9,1,3,33.3,0,0.0,0.0,0.0,0,1,1,0,1,1,33.3,1,0,0,1,3,2,0,0,0,2,3,1,0,Matches,44,34,10,1,0,0,3,9,0,0,0,0,36,0,2,1,0,0,2,1,0,3,2,0,0,0,0,3,2,0,100.0,Spain
Carlos Martínez,es ESP,DF,Real Sociedad,31,1986,0.0,3,5,60.0,60,43,1,3,33.3,2,2,100.0,0,0,,0,0.0,0.0,0.0,0,1,0,0,1,0,,0,0,0,0,0,0,0,0,0,0,0,0,0,Matches,5,4,1,0,0,0,0,1,0,0,0,0,3,0,0,0,0,0,1,1,0,0,0,0,0,0,0,0,1,0,100.0,Spain
Carlos Soler,es ESP,MF,Valencia,20,1997,26.3,814,1002,81.2,13201,3615,437,486,89.9,288,343,84.0,67,112,59.8,4,3.7,3.7,+0.3,34,87,29,7,101,51,41.5,21,21,9,22,53,31,25,1,24,5,56,19,0,Matches,1002,978,20,14,4,9,54,2,4,1,2,0,814,4,26,4,0,0,54,42,1,54,5,32,0,0,0,135,8,16,33.3,Spain
Carlos Sánchez,co COL,MF,Espanyol,31,1986,12.5,478,584,81.8,8868,2053,209,249,83.9,197,223,88.3,63,85,74.1,0,0.3,0.2,-0.3,3,44,4,0,36,25,37.5,6,16,3,9,24,15,13,5,8,18,43,24,2,Matches,584,569,13,13,0,10,1,0,0,0,0,0,478,2,5,3,0,0,24,14,0,1,18,12,0,0,0,87,26,11,70.3,Spain
Carlos Vela,mx MEX,FW,Real Sociedad,28,1989,4.2,160,209,76.6,2510,919,89,100,89.0,44,58,75.9,18,33,54.5,0,0.5,0.6,-0.5,9,15,8,0,28,12,85.7,5,3,4,6,7,1,2,0,2,0,12,1,0,Matches,209,184,23,6,0,3,20,7,10,6,4,0,160,2,4,0,0,0,5,18,1,20,0,7,1,0,0,23,7,3,70.0,Spain
Carlos Vigaray,es ESP,DF,Alavés,22,1994,9.9,238,347,68.6,3958,1597,115,141,81.6,91,133,68.4,22,50,44.0,0,0.1,0.2,-0.1,2,18,3,0,18,27,68.8,16,9,2,11,16,5,5,1,4,14,41,13,0,Matches,347,254,93,3,1,1,17,90,0,0,0,0,238,0,11,6,0,0,18,13,0,17,14,16,0,0,0,48,6,7,46.2,Spain
Casemiro,br BRA,MF,Real Madrid,25,1992,28.8,1545,1762,87.7,28541,7974,701,759,92.4,595,666,89.3,209,260,80.4,3,2.7,2.3,+0.3,23,155,13,2,145,109,50.0,64,39,6,42,84,42,56,11,45,63,172,49,3,Matches,1762,1704,48,47,3,47,6,1,0,0,0,0,1545,10,21,8,0,0,59,72,2,6,63,78,0,0,0,242,59,37,61.5,Spain
Celso Borges,cr CRC,MF,La Coruña,29,1988,25.6,952,1236,77.0,14993,4829,568,690,82.3,273,336,81.3,85,147,57.8,3,2.4,1.5,+0.6,24,116,15,3,131,61,31.9,34,22,5,15,47,32,39,7,32,34,95,36,0,Matches,1236,1202,29,26,1,16,17,3,0,0,0,0,952,5,18,4,1,1,35,13,4,17,34,39,0,0,0,176,116,74,61.1,Spain
Charles,br BRA,FW,Eibar,33,1984,17.6,286,424,67.5,3687,672,182,257,70.8,66,103,64.1,11,14,78.6,1,1.7,1.3,-0.7,17,22,6,0,32,11,12.5,2,5,4,1,8,7,7,0,7,7,18,10,0,Matches,424,391,31,0,0,1,7,2,0,0,0,0,286,2,11,5,1,0,42,29,11,7,7,8,1,0,0,54,71,68,51.1,Spain
Cheick Doukouré,ci CIV,MF,Levante,24,1992,11.4,261,320,81.6,4171,1119,139,166,83.7,92,107,86.0,23,28,82.1,0,0.3,0.1,-0.3,4,24,1,0,31,34,27.3,18,15,1,6,22,16,15,4,11,14,48,4,0,Matches,320,317,2,1,1,0,4,1,0,0,0,0,261,1,9,4,0,0,34,10,0,4,14,19,0,0,0,71,15,20,42.9,Spain
Chema,es ESP,DF,Levante,25,1992,22.4,535,693,77.2,11905,4783,143,160,89.4,273,309,88.3,111,209,53.1,1,0.9,0.2,+0.1,4,36,3,0,49,20,50.0,14,6,0,9,18,9,43,27,16,30,50,110,1,Matches,693,650,41,41,0,10,0,0,0,0,0,0,535,2,1,7,1,0,21,13,2,0,30,13,0,1,1,93,29,21,58.0,Spain
Chory Castro,uy URU,"MF,FW",Málaga,32,1984,22.9,672,1013,66.3,11487,3929,368,438,84.0,187,294,63.6,88,187,47.1,2,2.5,2.6,-0.5,32,74,30,16,100,37,34.4,15,14,8,11,32,21,21,2,19,23,60,13,0,Matches,1013,889,111,32,2,18,133,45,33,8,16,1,672,13,37,5,1,1,23,28,3,133,23,24,0,0,0,162,21,19,52.5,Spain
Christian Santos,ve VEN,FW,Alavés,29,1988,4.8,89,137,65.0,1073,151,59,85,69.4,21,36,58.3,2,3,66.7,0,0.0,0.3,0.0,2,8,0,0,6,2,0.0,1,0,1,0,4,4,2,1,1,2,4,9,0,Matches,137,135,1,0,0,0,1,0,0,0,0,0,89,1,0,3,1,1,17,0,1,1,2,0,0,0,0,13,33,35,48.5,Spain
Chuca,es ESP,MF,Villarreal,20,1997,1.0,35,54,64.8,656,126,18,24,75.0,10,16,62.5,6,12,50.0,0,0.0,0.0,0.0,1,4,0,0,5,1,33.3,1,0,0,1,3,2,1,1,0,1,2,1,1,Matches,54,46,7,1,1,2,8,0,6,2,3,0,35,1,0,1,0,0,3,2,0,8,1,0,0,0,0,1,0,1,0.0,Spain
Cifu,es ESP,DF,Málaga,26,1990,1.2,65,85,76.5,902,372,43,49,87.8,18,23,78.3,3,6,50.0,0,0.1,0.7,-0.1,2,5,4,3,6,2,20.0,0,1,1,1,5,4,1,1,0,2,4,2,0,Matches,85,66,19,1,0,0,12,18,0,0,0,0,65,0,7,0,0,0,4,2,0,12,2,1,0,0,0,3,1,2,33.3,Spain
Claudio Beauvue,gp GLP,FW,Leganés,29,1988,18.6,208,321,64.8,2650,449,125,172,72.7,55,84,65.5,7,22,31.8,0,1.3,0.7,-1.3,9,15,5,0,22,5,8.3,2,2,1,1,12,11,7,0,7,2,7,16,0,Matches,321,279,37,1,2,1,11,3,0,0,0,0,208,5,10,4,0,0,30,27,17,11,2,3,0,0,0,31,67,108,38.3,Spain
Clément Lenglet,fr FRA,DF,Sevilla,22,1995,33.3,1441,1727,83.4,27507,12150,550,604,91.1,685,751,91.2,179,316,56.6,1,0.7,0.5,+0.3,5,67,3,0,76,67,55.3,32,35,0,21,38,17,44,27,17,35,102,157,1,Matches,1727,1663,55,52,2,12,1,3,0,0,0,0,1441,9,15,9,0,0,52,24,1,1,35,50,0,0,0,164,70,41,63.1,Spain
Coke,es ESP,DF,Levante,30,1987,15.4,543,748,72.6,8503,3984,306,352,86.9,181,251,72.1,44,96,45.8,0,0.4,0.6,-0.4,11,43,15,5,67,35,46.2,26,7,2,18,39,21,17,5,12,34,69,46,0,Matches,748,589,155,7,0,2,36,148,0,0,0,0,543,4,21,5,1,1,27,12,4,36,34,23,0,0,0,91,23,20,53.5,Spain
Costel Pantilimon,ro ROU,GK,La Coruña,30,1987,6.0,108,169,63.9,3904,3306,14,14,100.0,33,34,97.1,61,118,51.7,0,0.0,0.0,0.0,0,2,0,0,0,0,0.0,0,0,0,0,1,1,0,0,0,0,0,0,1,Matches,169,90,76,27,0,0,0,0,0,0,0,0,108,3,0,0,0,0,0,0,0,0,0,0,0,0,0,4,0,0,,Spain
Cristhian Stuani,uy URU,FW,Girona,30,1986,30.1,329,500,65.8,4250,566,220,309,71.2,83,133,62.4,9,15,60.0,0,1.3,0.8,-1.3,13,24,4,0,35,22,10.3,2,17,3,3,29,26,10,0,10,5,27,32,0,Matches,500,425,72,0,1,3,4,0,0,0,0,0,329,3,9,8,0,0,88,67,22,4,5,14,1,0,0,72,112,128,46.7,Spain
Cristian Rivera,es ESP,MF,Eibar,20,1997,2.7,112,133,84.2,2076,284,38,45,84.4,58,61,95.1,13,19,68.4,0,0.1,0.0,-0.1,2,11,0,0,5,13,71.4,4,8,1,5,7,2,2,2,0,3,16,2,0,Matches,133,130,2,2,0,0,0,0,0,0,0,0,112,1,3,0,0,0,3,1,0,0,3,10,0,0,0,34,1,1,50.0,Spain
Cristian Tello,es ESP,"FW,MF",Betis,25,1991,18.8,549,724,75.8,8029,1725,332,400,83.0,167,223,74.9,32,52,61.5,3,3.7,2.2,-0.7,25,28,17,4,46,32,18.9,12,14,6,7,37,30,19,0,19,16,48,4,1,Matches,724,698,23,2,5,9,22,16,5,1,1,0,549,3,13,2,0,0,14,20,10,22,16,24,0,0,0,108,5,5,50.0,Spain
Cristiano Ronaldo,pt POR,FW,Real Madrid,32,1985,25.4,615,789,77.9,8268,1746,390,462,84.4,164,212,77.4,26,41,63.4,5,5.0,4.9,0.0,38,44,26,4,99,7,16.7,3,3,1,1,6,5,10,3,7,6,13,14,0,Matches,789,747,34,3,5,5,34,15,4,0,0,0,615,8,24,1,0,0,19,18,40,34,6,4,1,0,0,51,34,27,55.7,Spain
Cédric Bakambu,cd COD,FW,Villarreal,26,1991,14.0,209,293,71.3,2837,684,125,152,82.2,54,84,64.3,11,17,64.7,0,1.6,0.6,-1.6,15,19,5,1,21,10,14.3,3,6,1,1,7,6,9,1,8,3,13,27,0,Matches,293,274,17,1,1,3,12,0,0,0,0,0,209,2,9,5,0,0,40,19,11,12,3,7,0,0,0,38,17,41,29.3,Spain
Damián Suárez,uy URU,DF,Getafe,29,1988,32.0,1175,1698,69.2,20384,11106,623,721,86.4,378,553,68.4,143,321,44.5,4,3.2,3.2,+0.8,36,121,28,10,152,86,48.9,54,21,11,44,90,46,34,8,26,46,132,76,1,Matches,1698,1125,564,97,5,38,95,422,45,6,24,0,1175,9,54,14,1,0,54,41,1,95,46,64,0,1,0,187,21,31,40.4,Spain
Dani Carvajal,es ESP,DF,Real Madrid,25,1992,24.7,1595,1898,84.0,25751,7152,888,982,90.4,538,627,85.8,132,201,65.7,2,4.2,3.4,-2.2,36,109,42,22,150,59,57.9,27,22,10,22,38,16,33,15,18,38,97,42,2,Matches,1898,1628,261,31,4,20,91,230,0,0,0,0,1595,9,40,11,1,0,48,32,3,91,38,40,0,2,0,155,19,27,41.3,Spain
Dani Castellano,es ESP,DF,Las Palmas,29,1987,22.5,831,1079,77.0,12247,4996,474,537,88.3,291,385,75.6,38,89,42.7,2,0.7,0.6,+1.3,9,52,8,5,55,46,52.1,29,16,1,25,48,23,28,7,21,42,88,64,1,Matches,1079,853,223,27,0,4,39,196,0,0,0,0,831,3,26,5,0,0,17,30,4,39,42,29,0,0,0,109,26,26,50.0,Spain
Dani Ceballos,es ESP,MF,Real Madrid,20,1996,4.5,353,380,92.9,5443,1220,195,205,95.1,102,107,95.3,36,42,85.7,0,0.2,0.5,-0.2,4,33,2,0,38,8,25.0,3,2,3,4,16,12,6,0,6,5,13,1,0,Matches,380,362,17,8,1,3,2,4,3,0,1,0,353,1,4,0,0,0,7,15,0,2,5,7,0,0,0,26,0,1,0.0,Spain
Dani García,es ESP,MF,Eibar,27,1990,30.8,1312,1636,80.2,27130,6341,472,561,84.1,577,691,83.5,248,335,74.0,1,1.1,1.0,-0.1,18,190,11,3,192,80,38.8,23,47,10,31,80,49,28,4,24,70,150,25,0,Matches,1636,1577,55,46,0,39,12,6,1,0,0,0,1312,4,15,14,0,0,46,25,0,12,70,59,0,1,0,235,42,27,60.9,Spain
Dani Giménez,es ESP,GK,Betis,34,1983,3.4,76,114,66.7,1916,1554,10,10,100.0,45,48,93.8,20,55,36.4,0,0.0,0.0,0.0,1,0,0,0,0,0,,0,0,0,0,0,0,0,0,0,0,0,0,0,Matches,114,83,31,11,0,0,0,0,0,0,0,0,76,0,0,0,0,0,0,1,0,0,0,0,0,0,0,4,1,0,100.0,Spain
Dani Raba,es ESP,"MF,FW",Villarreal,21,1995,12.3,374,501,74.7,6629,1551,171,204,83.8,138,183,75.4,50,76,65.8,4,3.9,2.3,+0.1,25,26,11,3,52,25,20.0,9,12,4,9,45,36,21,1,20,17,42,10,0,Matches,501,451,43,11,4,10,34,8,22,7,5,3,374,7,11,3,1,0,25,27,8,34,17,21,0,0,0,74,8,15,34.8,Spain
Daniel Carriço,pt POR,DF,Sevilla,28,1988,5.1,214,249,85.9,4265,1725,78,84,92.9,103,115,89.6,31,45,68.9,0,0.2,0.1,-0.2,2,13,0,0,16,7,57.1,6,1,0,4,7,3,6,3,3,10,17,22,0,Matches,249,242,7,7,0,2,0,0,0,0,0,0,214,0,3,1,0,0,5,0,0,0,10,7,0,0,0,35,12,11,52.2,Spain
Daniel Molina Orta,es ESP,MF,Celta Vigo,21,1996,0.1,2,3,66.7,44,17,0,0,,2,3,66.7,0,0,,0,0.0,0.0,0.0,0,1,0,0,1,0,,0,0,0,0,0,0,0,0,0,0,0,0,0,Matches,3,3,0,0,0,0,0,0,0,0,0,0,2,0,0,0,0,0,0,0,0,0,0,0,0,0,0,1,0,0,,Spain
Daniel Pacheco,es ESP,"MF,FW",Getafe,26,1991,1.9,62,102,60.8,1208,358,29,38,76.3,20,34,58.8,13,22,59.1,0,1.1,0.4,-1.1,6,8,5,1,7,4,0.0,1,2,1,0,1,1,2,0,2,2,6,1,0,Matches,102,93,9,1,1,1,20,2,6,6,0,0,62,0,7,0,0,0,0,0,0,20,2,4,0,0,0,8,0,2,0.0,Spain
Daniel Parejo,es ESP,MF,Valencia,28,1989,33.3,2090,2560,81.6,41540,16326,803,905,88.7,906,1037,87.4,333,499,66.7,7,5.6,6.1,+1.4,70,295,33,3,327,88,35.6,35,43,10,31,87,56,37,10,27,34,122,27,1,Matches,2560,2197,347,164,7,56,171,9,172,53,73,5,2090,16,31,15,1,0,47,67,2,171,34,57,0,0,0,300,16,21,43.2,Spain
Daniel Torres,co COL,MF,Alavés,27,1989,13.5,420,514,81.7,7635,2847,190,212,89.6,172,203,84.7,52,76,68.4,0,0.3,0.5,-0.3,7,53,5,1,56,19,22.6,14,5,0,7,31,24,15,7,8,19,38,32,2,Matches,514,487,21,21,2,6,2,0,0,0,0,0,420,6,6,3,0,0,23,15,0,2,19,11,0,0,0,88,10,12,45.5,Spain
Daniel Wass,dk DEN,"MF,DF",Celta Vigo,28,1989,32.6,1257,1676,75.0,19875,6057,690,801,86.1,425,547,77.7,94,216,43.5,8,6.4,4.8,+1.6,54,118,46,19,139,30,32.0,8,18,4,8,25,17,23,3,20,30,60,47,0,Matches,1676,1485,181,74,3,15,147,34,73,24,22,1,1257,10,37,3,0,0,26,53,11,147,30,21,0,0,0,164,46,50,47.9,Spain
Daniele Bonera,it ITA,DF,Villarreal,36,1981,13.2,493,569,86.6,10077,4150,174,186,93.5,235,254,92.5,79,119,66.4,1,0.6,0.2,+0.4,3,42,2,0,48,16,66.7,8,7,1,10,15,5,17,12,5,12,28,72,0,Matches,569,536,31,30,1,5,0,1,0,0,0,0,493,2,2,4,1,0,14,11,0,0,12,11,0,1,0,48,15,8,65.2,Spain
Darko Brašanac,rs SRB,"MF,FW",Leganés,25,1992,13.4,331,419,79.0,4891,1437,201,225,89.3,98,126,77.8,21,38,55.3,0,1.0,0.5,-1.0,17,28,4,1,34,32,39.4,11,17,4,13,33,20,14,3,11,14,46,12,0,Matches,419,402,13,9,1,3,10,2,2,0,2,0,331,4,11,3,0,0,19,20,3,10,14,17,0,0,0,87,19,20,48.7,Spain
Darío Poveda,es ESP,MF,Villarreal,20,1997,0.0,1,2,50.0,10,8,1,2,50.0,0,0,,0,0,,0,0.0,0.0,0.0,0,0,0,0,0,1,100.0,0,1,0,1,1,0,0,0,0,0,1,0,0,Matches,2,2,0,0,0,0,0,0,0,0,0,0,1,0,0,0,0,0,0,0,0,0,0,0,0,0,0,1,0,1,0.0,Spain
David Alba,es ESP,DF,Getafe,18,1999,0.7,7,9,77.8,178,102,2,3,66.7,3,4,75.0,2,2,100.0,0,0.0,0.0,0.0,0,2,0,0,2,1,100.0,1,0,0,1,1,0,0,0,0,0,1,7,1,Matches,9,9,0,0,0,0,0,0,0,0,0,0,7,0,0,0,0,0,3,0,0,0,0,1,0,0,0,3,1,2,33.3,Spain
David García,es ESP,DF,Las Palmas,35,1982,9.6,383,477,80.3,7203,3089,153,165,92.7,179,208,86.1,47,95,49.5,0,0.3,0.4,-0.3,4,18,1,1,32,16,66.7,10,4,2,8,12,4,15,8,7,19,35,33,1,Matches,477,439,37,23,0,6,3,14,0,0,0,0,383,1,3,2,0,0,11,14,0,3,19,10,0,0,0,45,14,9,60.9,Spain
David Juncà,es ESP,DF,Eibar,23,1993,10.0,447,643,69.5,8720,3244,163,196,83.2,207,280,73.9,70,142,49.3,2,1.6,1.1,+0.4,15,60,18,12,61,15,36.8,9,6,0,7,19,12,7,1,6,11,26,25,0,Matches,643,515,126,11,1,5,71,107,8,0,8,0,447,2,14,3,0,0,14,7,0,71,11,13,0,0,0,58,5,5,50.0,Spain
David Lombán,es ESP,DF,Eibar,30,1987,11.0,363,450,80.7,8660,3303,96,112,85.7,174,192,90.6,91,142,64.1,0,0.0,0.1,0.0,1,41,0,0,35,16,66.7,12,3,1,10,15,5,6,4,2,29,45,66,2,Matches,450,428,21,21,0,15,0,0,0,0,0,0,363,1,0,3,0,0,9,5,1,0,29,8,0,0,0,55,44,17,72.1,Spain
David López,es ESP,"DF,MF",Espanyol,27,1989,37.0,1565,1933,81.0,31746,13492,547,608,90.0,767,845,90.8,237,427,55.5,1,0.5,0.6,+0.5,7,106,7,0,140,67,50.0,47,19,1,27,54,27,43,26,17,67,134,161,0,Matches,1933,1817,109,99,1,28,3,10,0,0,0,0,1565,7,21,7,0,0,45,25,2,3,67,49,0,2,0,240,61,51,54.5,Spain
David Simón,es ESP,DF,Las Palmas,28,1988,8.0,413,525,78.7,5778,2109,258,284,90.8,115,153,75.2,22,54,40.7,0,1.0,1.0,-1.0,10,15,14,7,27,24,56.3,11,10,3,9,16,7,13,4,9,22,46,11,1,Matches,525,426,99,9,1,3,29,90,0,0,0,0,413,0,10,3,0,0,17,11,1,29,22,17,0,0,0,41,7,11,38.9,Spain
David Soria,es ESP,GK,Sevilla,24,1993,14.0,273,377,72.4,8315,6742,29,29,100.0,132,137,96.4,111,210,52.9,0,0.0,0.0,0.0,0,3,0,0,0,1,100.0,1,0,0,1,1,0,0,0,0,2,3,13,2,Matches,377,247,130,32,0,0,0,0,0,0,0,0,273,0,0,1,0,0,0,1,0,0,2,0,0,0,0,18,5,1,83.3,Spain
David Timor,es ESP,"MF,DF",Girona,27,1989,10.3,379,470,80.6,7227,2560,172,192,89.6,136,160,85.0,53,87,60.9,0,0.2,0.2,-0.2,6,45,1,0,51,17,38.9,7,7,3,7,18,11,10,5,5,20,37,30,1,Matches,470,454,13,13,0,24,3,0,0,0,0,0,379,3,4,8,0,0,16,10,0,3,20,10,0,0,0,65,22,12,64.7,Spain
David Zurutuza,es ESP,MF,Real Sociedad,31,1986,24.9,987,1165,84.7,16088,4090,512,580,88.3,374,427,87.6,80,104,76.9,2,1.2,1.4,+0.8,11,125,11,1,118,49,40.8,22,25,2,20,49,29,32,10,22,41,90,24,1,Matches,1165,1143,12,9,5,7,6,3,0,0,0,0,987,10,14,2,0,0,44,47,1,6,41,36,0,0,0,160,30,31,49.2,Spain
Denis Cheryshev,ru RUS,"MF,FW",Villarreal,26,1990,10.3,224,334,67.1,3582,1127,120,149,80.5,83,126,65.9,15,32,46.9,1,3.5,1.5,-2.5,17,21,15,6,38,27,26.1,12,10,5,6,23,17,18,1,17,13,40,10,0,Matches,334,324,5,1,1,2,27,2,1,0,0,0,224,5,10,2,0,0,21,14,5,27,13,16,1,0,0,50,12,16,42.9,Spain
Denis Suárez,es ESP,"MF,FW",Barcelona,23,1994,6.6,312,387,80.6,4244,1048,193,218,88.5,81,97,83.5,16,31,51.6,2,2.7,1.8,-0.7,14,17,11,1,27,11,37.5,3,8,0,3,8,5,7,0,7,2,13,3,0,Matches,387,351,31,7,3,1,21,3,21,8,9,0,312,5,6,1,0,0,6,10,0,21,2,9,0,0,0,30,2,2,50.0,Spain
Diego Costa,es ESP,FW,Atlético Madrid,28,1988,11.6,237,316,75.0,2810,422,157,193,81.3,44,55,80.0,8,13,61.5,3,2.4,1.3,+0.6,13,11,9,1,16,17,26.7,2,10,5,4,15,11,14,4,10,5,22,3,0,Matches,316,311,4,0,3,2,2,0,0,0,0,0,237,1,16,7,1,1,22,19,19,2,5,11,1,0,0,26,25,33,43.1,Spain
Diego Godín,uy URU,DF,Atlético Madrid,31,1986,28.4,1044,1217,85.8,21290,9039,354,390,90.8,508,552,92.0,165,249,66.3,0,0.6,0.6,-0.6,6,46,1,0,55,50,55.3,37,11,2,26,47,21,33,20,13,59,109,145,1,Matches,1217,1140,76,71,1,11,0,5,0,0,0,0,1044,1,6,6,0,0,46,26,5,0,59,33,0,1,0,135,54,28,65.9,Spain
Diego González,es ESP,DF,Málaga,22,1995,15.9,408,561,72.7,7452,2373,161,188,85.6,199,252,79.0,40,102,39.2,0,0.6,0.5,-0.6,3,26,4,1,22,27,69.2,20,7,0,18,26,8,25,10,15,19,46,69,0,Matches,561,475,81,13,1,2,7,68,0,0,0,0,408,5,5,5,0,0,27,3,1,7,19,19,0,1,0,49,34,27,55.7,Spain
Diego Llorente,es ESP,DF,Real Sociedad,23,1993,25.8,1360,1532,88.8,27297,8582,459,498,92.2,690,733,94.1,194,268,72.4,0,0.0,0.2,0.0,0,81,4,0,89,30,62.1,16,13,1,18,29,11,41,18,23,43,73,96,0,Matches,1532,1481,46,42,0,27,3,4,0,0,0,0,1360,5,10,9,1,1,35,27,0,3,43,22,0,2,0,147,63,51,55.3,Spain
Diego López,es ESP,GK,Espanyol,35,1981,9.5,147,270,54.4,5175,4340,10,10,100.0,60,63,95.2,76,195,39.0,0,0.0,0.0,0.0,0,2,0,0,0,0,0.0,0,0,0,0,1,1,0,0,0,0,0,1,0,Matches,270,153,117,25,0,0,0,0,0,0,0,0,147,0,1,1,0,0,1,1,0,0,0,0,0,0,0,6,1,0,100.0,Spain
Diego Rico,es ESP,DF,Leganés,24,1993,24.8,892,1329,67.1,15813,8615,442,531,83.2,336,482,69.7,101,230,43.9,2,3.5,3.1,-1.5,27,83,28,14,107,68,67.9,37,21,10,36,53,17,30,6,24,76,144,61,0,Matches,1329,967,352,56,0,12,125,270,26,8,15,0,892,10,56,9,1,1,37,43,4,125,76,43,0,3,0,183,28,20,58.3,Spain
Diego Rolán,uy URU,"FW,MF",Málaga,24,1993,21.6,472,606,77.9,6500,1331,296,347,85.3,119,157,75.8,29,49,59.2,0,1.3,1.0,-1.3,20,37,17,3,57,33,20.5,7,13,13,9,44,35,18,1,17,12,45,9,0,Matches,606,568,36,2,3,2,27,5,1,0,0,0,472,2,18,0,0,0,28,48,19,27,12,25,1,0,0,107,11,41,21.2,Spain
Dimitris Siovas,gr GRE,DF,Leganés,28,1988,22.9,547,744,73.5,10832,3917,188,228,82.5,275,340,80.9,76,153,49.7,1,0.7,0.1,+0.3,2,21,1,0,44,48,63.0,43,5,0,29,46,17,27,12,15,62,110,89,0,Matches,744,704,35,27,0,4,2,8,0,0,0,0,547,5,5,9,1,1,28,15,2,2,62,33,0,0,0,169,62,27,69.7,Spain
Djené,tg TOG,DF,Getafe,25,1991,36.0,688,992,69.4,14079,6009,225,269,83.6,346,443,78.1,107,240,44.6,0,0.2,0.5,-0.2,3,47,4,1,60,87,65.4,71,15,1,34,52,18,33,14,19,78,165,190,1,Matches,992,925,56,52,2,8,10,4,0,0,0,0,688,11,9,9,0,0,52,26,1,10,78,65,1,1,0,245,70,52,57.4,Spain
Douglas Luiz,br BRA,"MF,FW",Girona,19,1998,3.4,107,144,74.3,1776,502,54,65,83.1,42,52,80.8,9,18,50.0,0,0.7,0.8,-0.7,3,11,0,0,18,10,27.3,4,6,0,3,11,8,1,0,1,4,14,0,0,Matches,144,133,8,4,0,4,8,1,3,3,0,0,107,3,3,3,0,0,13,8,0,8,4,9,0,0,0,24,3,6,33.3,Spain
Dídac Vilà,es ESP,"DF,MF",Espanyol,28,1989,8.1,318,418,76.1,5439,1636,164,184,89.1,115,145,79.3,30,58,51.7,0,0.9,0.6,-0.9,8,23,8,4,33,29,72.2,15,9,5,13,18,5,14,3,11,14,43,27,0,Matches,418,355,61,8,0,8,24,51,2,0,2,0,318,2,14,3,0,0,14,13,1,24,14,26,0,0,0,43,13,8,61.9,Spain
Edu Expósito,es ESP,"MF,FW",La Coruña,20,1996,1.1,45,52,86.5,766,174,21,24,87.5,19,20,95.0,4,5,80.0,0,0.0,0.0,0.0,0,4,0,0,3,1,0.0,0,0,1,0,1,1,1,0,1,2,3,2,0,Matches,52,52,0,0,0,0,0,0,0,0,0,0,45,0,2,1,0,0,2,1,0,0,2,0,0,0,0,8,0,1,0.0,Spain
Eloi Amagat,es ESP,MF,Girona,32,1985,0.2,8,9,88.9,176,49,3,3,100.0,4,5,80.0,1,1,100.0,0,0.0,0.0,0.0,0,2,0,0,3,0,0.0,0,0,0,0,1,1,0,0,0,0,0,0,0,Matches,9,9,0,0,0,0,1,0,0,0,0,0,8,0,0,0,0,0,0,0,0,1,0,0,0,0,0,0,0,0,,Spain
Emanuel Cecchini,ar ARG,"MF,DF",Málaga,20,1996,0.3,13,16,81.3,183,52,11,11,100.0,0,0,,2,2,100.0,0,0.0,0.0,0.0,0,3,0,0,3,3,66.7,2,1,0,2,3,1,0,0,0,2,5,2,0,Matches,16,16,0,0,0,0,0,0,0,0,0,0,13,0,2,2,0,0,2,0,0,0,2,1,0,0,0,2,0,1,0.0,Spain
Emiliano Martínez,ar ARG,GK,Getafe,24,1992,5.0,70,153,45.8,3597,3322,2,2,100.0,11,11,100.0,57,137,41.6,0,0.0,0.0,0.0,0,8,0,0,0,0,,0,0,0,0,0,0,0,0,0,0,0,3,0,Matches,153,81,70,22,0,0,0,0,0,0,0,0,70,2,1,0,0,0,0,1,0,0,0,0,0,0,0,5,1,1,50.0,Spain
Emmanuel Boateng,gh GHA,FW,Levante,21,1996,14.2,143,228,62.7,1890,358,99,138,71.7,31,58,53.4,7,9,77.8,0,1.3,0.4,-1.3,7,18,7,0,21,4,0.0,0,0,4,0,6,6,8,1,7,5,9,17,0,Matches,228,207,17,0,0,0,3,0,0,0,0,0,143,4,4,5,0,0,41,37,9,3,5,3,1,1,0,35,73,64,53.3,Spain
Emre Mor,tr TUR,"FW,MF",Celta Vigo,20,1997,7.4,189,292,64.7,3004,654,106,135,78.5,57,84,67.9,18,42,42.9,2,2.2,2.1,-0.2,14,13,12,6,17,14,54.5,6,7,1,6,11,5,7,1,6,4,18,7,0,Matches,292,271,18,3,1,2,41,1,14,6,3,0,189,3,16,4,0,0,10,22,2,41,4,7,0,0,0,44,1,3,25.0,Spain
Emre Çolak,tr TUR,MF,La Coruña,26,1991,16.1,683,881,77.5,11741,3873,357,407,87.7,209,256,81.6,91,160,56.9,1,4.0,4.1,-3.0,38,109,33,6,144,24,25.0,4,14,6,7,28,21,7,1,6,7,31,5,1,Matches,881,805,69,24,9,20,70,12,30,15,11,0,683,7,20,4,0,0,20,24,2,70,7,19,0,0,0,110,1,16,5.9,Spain
Eneko Bóveda,es ESP,DF,Athletic Club,28,1988,5.8,203,293,69.3,3153,1225,121,142,85.2,63,101,62.4,15,39,38.5,1,0.2,0.2,+0.8,4,14,4,3,18,12,45.5,7,4,1,5,11,6,3,0,3,14,26,14,0,Matches,293,225,68,6,0,0,19,62,0,0,0,0,203,0,7,1,0,0,11,1,1,19,14,11,0,0,0,26,8,7,53.3,Spain
Eneko Bóveda,es ESP,DF,La Coruña,28,1988,7.4,212,284,74.6,4237,1316,71,90,78.9,98,121,81.0,36,54,66.7,0,0.0,0.0,0.0,0,9,1,0,14,24,61.5,13,10,1,8,13,5,18,7,11,16,40,36,2,Matches,284,255,29,6,0,3,3,23,0,0,0,0,212,0,10,2,0,0,10,3,0,3,16,16,0,0,1,30,17,18,48.6,Spain
Enes Ünal,tr TUR,FW,Levante,20,1997,6.6,104,140,74.3,1173,195,71,94,75.5,24,34,70.6,0,1,0.0,1,0.5,0.2,+0.5,5,7,1,0,9,6,10.0,2,2,2,1,10,9,7,1,6,2,8,5,0,Matches,140,126,14,1,0,0,0,0,0,0,0,0,104,0,1,0,0,0,10,10,4,0,2,6,0,0,0,7,15,25,37.5,Spain
Enes Ünal,tr TUR,FW,Villarreal,20,1997,12.5,205,286,71.7,2352,582,146,179,81.6,43,65,66.2,3,5,60.0,2,1.7,1.6,+0.3,9,12,3,0,19,9,0.0,0,4,5,0,12,12,16,3,13,4,13,11,0,Matches,286,274,11,0,2,1,5,0,0,0,0,0,205,1,14,1,0,0,32,25,9,5,4,5,0,0,0,32,41,47,46.6,Spain
Enis Bardhi,mk MKD,MF,Levante,22,1995,17.6,520,683,76.1,9176,2631,252,295,85.4,183,220,83.2,63,118,53.4,1,1.3,1.3,-0.3,23,83,8,0,91,39,26.3,14,16,9,10,38,28,11,0,11,16,55,7,0,Matches,683,602,78,27,2,15,55,6,42,15,15,3,520,3,14,8,0,0,39,25,3,55,16,26,0,0,0,93,4,15,21.1,Spain
Enric Saborit,es ESP,DF,Athletic Club,25,1992,15.9,524,707,74.1,9157,2571,244,288,84.7,228,294,77.6,47,92,51.1,1,0.5,0.5,+0.5,6,32,11,3,40,50,65.5,31,17,2,19,29,10,17,5,12,24,74,55,0,Matches,707,553,151,10,0,4,36,141,0,0,0,0,524,3,18,5,0,0,20,13,1,36,24,27,0,0,0,86,22,10,68.8,Spain
Enzo Zidane,es ESP,MF,Alavés,22,1995,0.8,17,30,56.7,223,54,9,15,60.0,6,10,60.0,0,1,0.0,0,0.0,0.0,0.0,1,2,0,0,3,2,,2,0,0,0,0,0,0,0,0,0,2,1,0,Matches,30,30,0,0,0,0,0,0,0,0,0,0,17,0,1,0,0,0,0,0,1,0,0,2,0,0,0,8,0,3,0.0,Spain
Erick Cabaco,uy URU,DF,Levante,22,1995,11.6,232,324,71.6,4950,2263,71,82,86.6,123,144,85.4,34,87,39.1,0,0.0,0.1,0.0,1,15,1,0,22,25,70.0,21,4,0,14,20,6,10,8,2,17,42,71,2,Matches,324,282,42,42,1,7,0,0,0,0,0,0,232,0,4,5,0,0,13,12,0,0,17,14,1,0,0,45,19,13,59.4,Spain
Erik Expósito,es ESP,FW,Las Palmas,21,1996,5.2,58,95,61.1,682,181,41,59,69.5,8,18,44.4,3,4,75.0,0,0.2,0.3,-0.2,4,7,6,1,10,1,0.0,0,1,0,0,6,6,6,0,6,1,2,5,0,Matches,95,84,8,0,0,0,3,0,0,0,0,0,58,3,2,0,0,0,5,3,2,3,1,1,0,0,0,9,20,28,41.7,Spain
Erik Morán,es ESP,MF,Leganés,26,1991,2.5,81,111,73.0,1492,518,39,46,84.8,29,42,69.0,13,21,61.9,0,0.0,0.0,0.0,0,11,1,0,13,2,0.0,1,0,1,0,3,3,1,1,0,4,6,0,0,Matches,111,110,0,0,0,0,2,0,0,0,0,0,81,1,0,2,0,0,3,0,0,2,4,2,0,1,0,16,1,0,100.0,Spain
Ermedin Demirović,ba BIH,FW,Alavés,19,1998,2.0,16,29,55.2,183,21,14,20,70.0,0,2,0.0,1,3,33.3,1,0.0,0.0,+1.0,1,1,0,0,1,1,0.0,0,1,0,0,1,1,5,0,5,0,1,2,0,Matches,29,29,0,0,0,1,0,0,0,0,0,0,16,0,1,0,0,0,5,3,2,0,0,1,0,0,0,2,4,10,28.6,Spain
Esteban Granero,es ESP,MF,Espanyol,30,1987,13.7,598,754,79.3,10191,2755,285,315,90.5,237,280,84.6,59,123,48.0,2,2.1,1.7,-0.1,17,53,12,3,74,32,33.3,15,13,4,9,27,18,19,0,19,19,51,21,0,Matches,754,657,95,54,1,4,60,2,39,14,22,0,598,2,7,4,0,0,19,21,1,60,19,22,1,1,0,85,13,25,34.2,Spain
Esteban Rolón,ar ARG,MF,Málaga,22,1995,4.6,105,138,76.1,1780,483,58,71,81.7,32,45,71.1,13,15,86.7,0,0.0,0.1,0.0,1,7,1,0,10,6,50.0,4,2,0,2,4,2,7,1,6,9,15,8,1,Matches,138,134,3,3,1,1,1,0,0,0,0,0,105,1,4,1,0,0,12,4,0,1,9,4,0,0,0,22,3,5,37.5,Spain
Ezequiel Garay,ar ARG,DF,Valencia,30,1986,22.5,939,1098,85.5,19128,6717,280,309,90.6,544,591,92.0,107,179,59.8,0,0.4,0.3,-0.4,3,52,5,2,61,18,71.4,15,3,0,10,14,4,22,11,11,24,42,139,0,Matches,1098,1050,47,46,1,10,3,1,0,0,0,0,939,1,6,5,0,0,22,15,1,3,24,12,0,0,0,101,43,22,66.2,Spain
Ezequiel Muñoz,ar ARG,DF,Leganés,26,1990,15.6,381,497,76.7,7123,2342,143,174,82.2,186,222,83.8,47,91,51.6,1,0.7,0.4,+0.3,5,6,1,0,10,36,55.0,24,12,0,11,20,9,18,11,7,24,60,84,0,Matches,497,480,17,16,0,0,1,1,0,0,0,0,381,0,5,2,0,0,18,6,2,1,24,28,0,0,0,79,36,23,61.0,Spain
Fabian Schär,ch SUI,DF,La Coruña,25,1991,24.7,758,957,79.2,17100,7069,233,260,89.6,353,400,88.3,166,272,61.0,2,0.6,0.8,+1.4,7,53,3,0,45,59,52.5,45,14,0,32,61,29,36,20,16,45,104,141,1,Matches,957,874,72,71,4,29,1,1,0,0,0,0,758,11,3,10,0,0,39,22,3,1,45,45,0,0,0,131,43,35,55.1,Spain
Fabio González,es ESP,MF,Las Palmas,20,1997,0.7,39,45,86.7,643,154,20,21,95.2,16,19,84.2,3,3,100.0,0,0.0,0.0,0.0,1,5,2,0,3,2,25.0,2,0,0,1,4,3,1,0,1,1,3,1,0,Matches,45,45,0,0,0,0,0,0,0,0,0,0,39,0,1,1,0,0,1,0,0,0,1,1,0,0,0,7,0,1,0.0,Spain
Fabián Orellana,cl CHI,"MF,FW",Eibar,31,1986,13.1,377,541,69.7,6144,1292,207,257,80.5,108,161,67.1,44,72,61.1,2,3.8,3.4,-1.8,28,25,16,7,46,14,17.4,5,8,1,4,23,19,10,1,9,7,21,3,0,Matches,541,485,55,16,1,14,57,14,23,2,16,0,377,1,21,5,1,1,15,20,5,57,7,8,0,0,0,82,12,24,33.3,Spain
Fabián Ruiz Peña,es ESP,MF,Betis,21,1996,29.5,1813,2120,85.5,29626,7190,960,1057,90.8,633,723,87.6,168,212,79.2,6,2.2,2.2,+3.8,33,188,30,2,211,83,35.6,34,40,9,26,73,47,35,3,32,42,125,36,1,Matches,2120,2063,47,34,6,21,15,11,2,0,1,0,1813,10,43,3,0,0,27,35,2,15,42,53,0,0,0,254,25,17,59.5,Spain
Facundo Roncaglia,ar ARG,DF,Celta Vigo,30,1987,16.6,945,1083,87.3,19810,6810,286,305,93.8,507,536,94.6,147,224,65.6,0,0.1,0.2,-0.1,2,52,2,0,60,35,61.1,30,5,0,22,36,14,18,6,12,31,66,50,1,Matches,1083,1046,36,30,2,26,6,6,0,0,0,0,945,1,8,2,0,0,15,8,1,6,31,25,0,1,0,112,23,18,56.1,Spain
Fahad Al Muwallad,sa KSA,MF,Levante,22,1994,0.3,6,9,66.7,69,2,3,4,75.0,2,3,66.7,0,0,,0,0.0,0.0,0.0,0,0,0,0,0,0,0.0,0,0,0,0,1,1,0,0,0,1,1,0,0,Matches,9,9,0,0,0,0,0,0,0,0,0,0,6,0,0,0,0,0,1,0,0,0,1,0,0,0,0,3,0,0,,Spain
Fayçal Fajr,ma MAR,"MF,FW",Getafe,28,1988,26.5,738,1068,69.1,16475,4556,275,343,80.2,234,324,72.2,200,327,61.2,4,2.9,2.6,+1.1,34,74,25,15,89,62,25.8,22,34,6,17,66,49,26,4,22,30,92,42,0,Matches,1068,907,150,84,3,61,121,3,55,15,20,1,738,11,22,7,0,0,46,37,1,121,30,45,0,0,0,178,22,27,44.9,Spain
Federico Cartabia,ar ARG,"FW,MF",La Coruña,24,1993,14.7,451,596,75.7,7541,1892,235,280,83.9,161,205,78.5,42,73,57.5,1,1.6,2.1,-0.6,23,29,19,5,78,37,36.7,15,15,7,11,30,19,15,0,15,18,55,10,0,Matches,596,544,49,12,3,10,47,21,16,4,4,0,451,3,16,6,0,0,23,47,4,47,18,23,1,0,0,93,4,25,13.8,Spain
Federico Ricca,uy URU,DF,Málaga,22,1994,12.3,396,607,65.2,6327,3521,222,264,84.1,134,207,64.7,30,98,30.6,1,0.8,0.5,+0.2,6,36,7,4,40,43,69.7,32,9,2,23,33,10,10,2,8,24,67,46,0,Matches,607,459,145,7,0,1,32,138,0,0,0,0,396,3,29,4,0,0,18,6,0,32,24,24,0,0,0,50,26,16,61.9,Spain
Federico Valverde,uy URU,"MF,FW",La Coruña,19,1998,13.7,447,593,75.4,7941,2267,237,282,84.0,145,192,75.5,55,77,71.4,0,0.9,1.0,-0.9,11,56,10,2,66,25,53.3,12,10,3,8,15,7,12,1,11,21,46,17,0,Matches,593,581,10,4,2,22,13,2,4,1,0,0,447,2,16,0,0,0,14,3,1,13,21,16,0,1,0,81,15,14,51.7,Spain
Fernando Navarro,es ESP,DF,La Coruña,35,1982,11.6,412,529,77.9,7396,3281,192,222,86.5,161,202,79.7,52,89,58.4,0,0.3,0.2,-0.3,4,36,4,2,46,32,64.0,24,7,1,16,25,9,13,3,10,29,61,49,0,Matches,529,441,86,13,0,4,12,73,0,0,0,0,412,2,5,5,0,0,19,12,0,12,29,22,0,0,0,52,18,12,60.0,Spain
Fernando Pacheco,es ESP,GK,Alavés,25,1992,37.3,580,1056,54.9,23564,20644,49,50,98.0,153,157,97.5,377,844,44.7,0,0.0,0.1,0.0,0,19,0,0,0,0,,0,0,0,0,0,0,1,0,1,3,3,12,4,Matches,1056,579,474,119,0,0,0,0,0,0,0,0,580,3,1,2,0,0,0,3,0,0,3,0,0,0,0,27,4,0,100.0,Spain
Fernando Torres,es ESP,FW,Atlético Madrid,33,1984,10.9,147,248,59.3,1882,401,95,143,66.4,31,59,52.5,8,16,50.0,0,0.4,0.3,-0.4,5,11,6,0,24,11,33.3,3,7,1,2,6,4,4,1,3,2,13,9,0,Matches,248,240,4,0,2,0,2,1,0,0,0,0,147,4,7,2,0,0,17,23,10,2,2,8,0,0,0,35,46,41,52.9,Spain
Ferrán Torres,es ESP,MF,Valencia,17,2000,3.5,68,110,61.8,1005,379,46,63,73.0,17,26,65.4,4,13,30.8,1,0.8,0.7,+0.2,4,4,3,0,11,8,33.3,3,5,0,2,6,4,1,0,1,3,11,1,0,Matches,110,108,1,0,0,1,11,0,1,0,1,0,68,1,5,0,0,0,4,6,0,11,3,7,0,0,0,18,4,5,44.4,Spain
Filipe Luís,br BRA,DF,Atlético Madrid,31,1985,18.4,956,1178,81.2,14285,5380,557,608,91.6,307,372,82.5,56,116,48.3,2,2.0,1.3,0.0,19,64,15,5,102,83,73.5,41,33,9,36,49,13,27,7,20,35,118,34,0,Matches,1178,964,208,26,0,8,43,181,1,0,0,0,956,6,27,4,0,0,16,27,1,43,35,52,0,1,0,111,17,10,63.0,Spain
Florin Andone,ro ROU,FW,La Coruña,24,1993,18.2,188,308,61.0,2226,245,130,176,73.9,43,75,57.3,1,10,10.0,3,0.9,1.1,+2.1,9,4,4,1,11,9,23.5,4,4,1,4,17,13,9,2,7,3,12,12,0,Matches,308,271,35,0,0,0,17,2,0,0,0,0,188,2,20,6,0,0,59,19,17,17,3,7,0,0,0,50,32,70,31.4,Spain
Francis Coquelin,fr FRA,"MF,DF",Valencia,26,1991,7.3,256,310,82.6,4423,1405,126,140,90.0,91,109,83.5,29,41,70.7,0,0.1,0.1,-0.1,2,33,1,0,28,18,56.3,11,6,1,9,16,7,9,2,7,20,38,23,0,Matches,310,296,9,8,0,8,1,1,0,0,0,0,256,5,4,2,0,0,13,7,1,1,20,14,0,0,0,60,20,6,76.9,Spain
Francis Guerrero,es ESP,"DF,MF",Betis,21,1996,11.0,456,601,75.9,6116,1868,301,341,88.3,121,167,72.5,17,41,41.5,0,0.5,0.9,-0.5,8,18,11,5,23,31,47.1,22,7,2,16,34,18,16,4,12,21,52,26,0,Matches,601,512,88,9,0,2,37,79,0,0,0,0,456,1,27,2,0,0,17,26,1,37,21,19,0,0,0,67,11,15,42.3,Spain
Francis Uzoho,ng NGA,GK,La Coruña,18,1998,2.0,20,48,41.7,770,685,1,1,100.0,6,6,100.0,13,40,32.5,0,0.0,0.0,0.0,0,0,0,0,0,0,,0,0,0,0,0,0,0,0,0,0,0,1,0,Matches,48,24,24,6,0,0,0,0,0,0,0,0,20,0,0,0,0,0,0,1,0,0,0,0,0,0,0,0,0,1,0.0,Spain
Francisco Molinero,es ESP,DF,Getafe,32,1985,6.4,190,267,71.2,2987,1477,108,119,90.8,62,86,72.1,16,41,39.0,0,0.2,0.2,-0.2,3,22,8,3,26,13,43.8,10,3,0,7,16,9,6,0,6,14,27,27,0,Matches,267,199,66,9,0,2,11,57,0,0,0,0,190,2,14,5,0,0,21,6,0,11,14,10,0,1,0,32,6,5,54.5,Spain
Francisco Portillo,es ESP,"MF,FW",Getafe,27,1990,27.3,739,1020,72.5,11163,4024,418,505,82.8,229,312,73.4,57,100,57.0,3,3.5,2.8,-0.5,23,101,56,2,158,38,24.4,15,18,5,11,45,34,25,1,24,22,60,21,0,Matches,1020,985,26,5,15,5,29,11,8,0,3,0,739,9,37,6,0,0,27,29,2,29,22,23,0,0,0,173,12,42,22.2,Spain
Franco Vázquez,ar ARG,MF,Sevilla,28,1989,20.4,655,915,71.6,9906,2769,367,448,81.9,213,280,76.1,46,85,54.1,6,5.1,2.6,+0.9,41,74,24,5,117,39,17.6,16,15,8,6,34,28,20,2,18,11,50,11,0,Matches,915,881,17,12,10,7,32,4,1,0,0,0,655,17,31,5,0,0,47,61,9,32,11,32,0,2,0,120,33,32,50.8,Spain
Gabi,es ESP,MF,Atlético Madrid,34,1983,26.1,1484,1779,83.4,26186,9736,715,773,92.5,500,598,83.6,210,305,68.9,1,1.6,2.7,-0.6,22,191,20,0,184,80,36.5,39,37,4,38,104,66,28,10,18,44,124,38,0,Matches,1779,1637,133,100,4,17,45,4,29,2,23,2,1484,9,26,8,0,0,51,23,1,45,44,49,0,1,0,235,17,16,51.5,Spain
Gabriel,br BRA,MF,Leganés,23,1993,26.4,792,1196,66.2,12967,4552,440,608,72.4,228,319,71.5,90,165,54.5,2,2.0,2.4,0.0,21,115,11,2,117,90,39.2,28,54,8,29,74,45,38,4,34,38,128,27,0,Matches,1196,1159,28,25,6,30,14,3,0,0,0,0,792,9,30,6,1,0,56,51,1,14,38,69,1,0,0,208,110,87,55.8,Spain
Gabriel Mercado,ar ARG,DF,Sevilla,30,1987,23.5,878,1079,81.4,14111,5293,452,489,92.4,355,412,86.2,54,125,43.2,1,1.8,0.7,-0.8,9,57,8,5,67,55,53.7,35,18,2,36,67,31,32,20,12,42,97,83,1,Matches,1079,943,131,38,1,7,23,93,0,0,0,0,878,5,30,9,0,0,36,16,6,23,42,37,1,1,0,118,39,32,54.9,Spain
Gabriel Paulista,br BRA,DF,Valencia,26,1990,28.7,1197,1379,86.8,24126,9483,368,405,90.9,655,719,91.1,165,230,71.7,0,0.1,0.3,-0.1,3,54,0,0,50,47,69.6,41,4,2,32,46,14,30,14,16,51,98,142,2,Matches,1379,1303,75,63,1,9,1,12,0,0,0,0,1197,1,8,6,1,1,23,19,0,1,51,27,0,1,0,166,59,26,69.4,Spain
Gabriel Peñalba,ar ARG,MF,Las Palmas,32,1984,6.3,326,381,85.6,5200,1515,162,178,91.0,122,139,87.8,24,39,61.5,0,0.0,0.2,0.0,1,22,3,0,20,6,45.5,4,2,0,5,11,6,7,4,3,8,14,15,0,Matches,381,364,16,16,2,2,0,0,0,0,0,0,326,1,4,3,0,0,9,4,0,0,8,5,0,0,0,55,14,8,63.6,Spain
Gaku Shibasaki,jp JPN,"MF,FW",Getafe,25,1992,11.1,256,357,71.7,4278,976,121,155,78.1,91,120,75.8,26,50,52.0,0,0.9,1.0,-0.9,9,24,4,4,28,21,28.6,8,10,3,6,21,15,6,1,5,19,40,9,0,Matches,357,323,33,11,4,6,26,2,15,3,4,0,256,1,8,2,0,0,27,13,5,26,19,10,0,0,0,58,6,30,16.7,Spain
Ganso,br BRA,MF,Sevilla,27,1989,5.8,287,353,81.3,3972,1078,175,203,86.2,85,98,86.7,10,20,50.0,0,0.4,0.5,-0.4,8,32,5,1,33,15,27.3,3,12,0,3,11,8,7,0,7,2,17,4,0,Matches,353,328,21,13,2,5,5,3,4,2,1,0,287,4,6,0,0,0,5,11,0,5,2,11,0,0,0,42,2,10,16.7,Spain
Gareth Bale,wls WAL,"FW,MF",Real Madrid,28,1989,20.0,603,779,77.4,9329,2213,360,408,88.2,162,210,77.1,56,89,62.9,2,5.0,4.1,-3.0,41,32,44,11,87,19,21.4,7,8,4,3,14,11,13,1,12,12,31,18,0,Matches,779,746,25,1,2,22,55,20,0,0,0,0,603,8,25,5,0,0,25,16,13,55,12,13,2,0,0,37,33,29,53.2,Spain
Geoffrey Kondogbia,cf CTA,MF,Valencia,24,1993,29.0,1355,1559,86.9,24809,6908,589,653,90.2,567,630,90.0,173,222,77.9,4,2.7,1.5,+1.3,22,158,15,0,182,88,33.8,38,43,7,23,68,45,46,14,32,62,150,66,0,Matches,1559,1513,39,37,4,36,3,1,0,0,0,0,1355,7,15,12,1,1,57,53,1,3,62,57,0,1,0,231,41,35,53.9,Spain
Gerard Deulofeu,es ESP,"MF,FW",Barcelona,23,1994,5.6,230,294,78.2,3290,494,138,158,87.3,57,73,78.1,18,31,58.1,1,1.5,0.9,-0.5,10,6,5,1,14,8,75.0,6,1,1,3,4,1,2,0,2,8,16,0,0,Matches,294,276,18,2,1,1,16,3,13,3,5,0,230,0,11,1,0,0,11,5,4,16,8,5,0,0,0,38,2,5,28.6,Spain
Gerard Gumbau,es ESP,MF,Leganés,22,1994,15.9,412,529,77.9,8119,2579,188,228,82.5,147,173,85.0,70,103,68.0,0,0.5,0.2,-0.5,5,62,2,0,49,35,32.4,13,21,1,12,37,25,12,4,8,14,49,27,0,Matches,529,511,13,12,2,22,2,0,1,1,0,0,412,5,11,8,0,0,40,6,1,2,14,26,0,0,0,89,20,20,50.0,Spain
Gerard Moreno,es ESP,FW,Espanyol,25,1992,37.9,846,1246,67.9,13940,3218,465,613,75.9,254,357,71.1,99,160,61.9,1,4.2,3.4,-3.2,43,96,30,3,139,41,22.6,7,22,12,12,53,41,27,6,21,19,60,46,0,Matches,1246,1211,30,7,10,25,39,5,0,0,0,0,846,5,55,4,0,0,56,78,36,39,19,28,1,0,0,146,132,162,44.9,Spain
Gerard Piqué,es ESP,DF,Barcelona,30,1987,29.2,1669,1868,89.3,32441,10907,613,661,92.7,791,856,92.4,236,304,77.6,0,1.0,0.6,-1.0,6,111,5,0,99,31,44.4,22,9,0,16,36,20,40,27,13,30,61,127,0,Matches,1868,1786,81,69,0,36,2,12,0,0,0,0,1669,1,12,9,0,0,23,11,3,2,30,22,1,0,0,206,64,29,68.8,Spain
Gerard Valentín,es ESP,"DF,FW",La Coruña,24,1993,1.8,35,55,63.6,629,309,15,18,83.3,15,25,60.0,4,9,44.4,0,0.0,0.0,0.0,0,2,0,0,3,5,50.0,4,0,1,1,2,1,1,0,1,3,8,3,0,Matches,55,38,16,1,0,0,0,15,0,0,0,0,35,1,0,0,0,0,2,1,0,0,3,4,0,0,0,7,2,5,28.6,Spain
Gerónimo Rulli,ar ARG,GK,Real Sociedad,25,1992,26.0,847,1115,76.0,23365,16757,113,114,99.1,446,459,97.2,284,533,53.3,0,0.0,0.0,0.0,1,4,0,0,0,2,33.3,2,0,0,2,6,4,0,0,0,0,2,10,2,Matches,1115,882,228,77,0,4,0,0,0,0,0,0,847,5,0,3,0,0,1,2,0,0,0,1,0,1,0,43,1,0,100.0,Spain
Giampaolo Pazzini,it ITA,FW,Levante,32,1984,4.9,43,66,65.2,542,67,30,44,68.2,9,12,75.0,1,3,33.3,0,0.0,0.0,0.0,0,3,0,0,4,0,,0,0,0,0,0,0,1,0,1,1,1,1,0,Matches,66,51,15,0,1,0,1,0,0,0,0,0,43,0,1,1,0,0,10,11,5,1,1,0,0,0,0,6,4,12,25.0,Spain
Gonzalo Escalante,ar ARG,MF,Eibar,24,1993,17.4,490,674,72.7,7937,1894,236,308,76.6,201,244,82.4,34,76,44.7,0,1.0,0.8,-1.0,10,46,8,2,64,59,43.6,21,32,6,17,39,22,26,3,23,32,91,19,0,Matches,674,661,8,5,1,9,10,3,0,0,0,0,490,5,15,3,0,0,25,16,0,10,32,35,0,0,0,110,46,39,54.1,Spain
Gonçalo Guedes,pt POR,MF,Valencia,20,1996,27.1,736,964,76.3,11656,3527,397,468,84.8,260,328,79.3,57,101,56.4,9,7.0,4.1,+2.0,47,61,67,9,146,38,31.4,18,15,5,16,51,35,22,0,22,16,54,10,0,Matches,964,931,28,7,9,5,52,15,6,1,2,0,736,5,29,2,0,0,35,70,10,52,16,26,0,0,0,133,9,15,37.5,Spain
Gorka Iraizoz,es ESP,GK,Girona,36,1981,8.5,145,249,58.2,5497,4596,9,10,90.0,45,46,97.8,90,191,47.1,0,0.0,0.0,0.0,0,16,0,0,1,1,50.0,1,0,0,1,2,1,0,0,0,1,2,9,2,Matches,249,159,89,37,0,0,0,0,0,0,0,0,145,1,0,1,0,0,0,0,0,0,1,1,0,0,1,11,0,1,0.0,Spain
Guido Pizarro,ar ARG,MF,Sevilla,27,1990,19.5,1076,1251,86.0,18426,5709,494,555,89.0,480,540,88.9,82,103,79.6,0,1.0,0.6,-1.0,8,89,4,0,102,75,43.3,36,36,3,29,67,38,20,7,13,26,101,48,0,Matches,1251,1209,38,37,1,5,0,1,0,0,0,0,1076,4,22,9,0,0,48,25,0,0,26,47,0,0,0,123,48,25,65.8,Spain
Guilherme,br BRA,MF,La Coruña,26,1991,29.3,1207,1441,83.8,23061,6300,480,536,89.6,521,596,87.4,173,243,71.2,0,1.6,1.6,-1.6,15,108,9,2,152,79,36.4,35,37,7,28,77,49,36,9,27,46,125,62,0,Matches,1441,1356,83,58,2,31,28,4,20,10,0,0,1207,2,16,11,0,0,56,46,0,28,46,56,0,0,1,212,38,33,53.5,Spain
Guilherme Arana,br BRA,DF,Sevilla,20,1997,2.1,105,123,85.4,1310,461,81,86,94.2,19,25,76.0,2,7,28.6,0,0.0,0.0,0.0,0,2,0,0,4,4,100.0,3,1,0,1,1,0,0,0,0,5,9,8,0,Matches,123,102,21,1,0,0,3,20,0,0,0,0,105,0,2,0,0,0,2,2,0,3,5,2,0,0,1,19,2,3,40.0,Spain
Guillermo Maripán,cl CHI,DF,Alavés,23,1994,17.0,352,460,76.5,6982,2964,117,132,88.6,184,219,84.0,48,99,48.5,0,0.0,0.0,0.0,1,13,0,0,26,28,53.1,24,4,0,17,32,15,19,10,9,36,64,108,0,Matches,460,431,27,26,2,7,0,1,0,0,0,0,352,2,0,4,0,0,15,4,0,0,36,16,0,0,0,69,29,25,53.7,Spain
Gustavo Cabral,ar ARG,DF,Celta Vigo,31,1985,21.0,1134,1283,88.4,23771,7263,289,315,91.7,662,700,94.6,169,241,70.1,1,0.3,0.2,+0.7,2,36,0,0,40,29,36.8,14,15,0,14,38,24,22,11,11,43,72,106,2,Matches,1283,1243,37,35,0,2,0,2,0,0,0,0,1134,3,3,5,0,0,14,4,2,0,43,21,0,1,0,109,56,36,60.9,Spain
Hacen,mr MTN,"FW,MF",Levante,19,1997,0.9,25,40,62.5,464,113,12,18,66.7,9,13,69.2,4,6,66.7,0,0.0,0.0,0.0,0,0,0,0,0,0,,0,0,0,0,0,0,4,2,2,1,1,0,0,Matches,40,39,1,1,0,0,0,0,0,0,0,0,25,0,2,0,0,0,1,1,0,0,1,0,0,0,0,5,4,2,66.7,Spain
Hernán,es ESP,MF,Las Palmas,26,1990,3.9,214,238,89.9,3138,707,120,130,92.3,78,85,91.8,9,10,90.0,0,0.0,0.1,0.0,1,15,0,0,15,18,58.8,8,7,3,10,17,7,2,0,2,8,26,5,0,Matches,238,232,6,4,0,1,1,1,1,0,1,0,214,0,3,1,0,0,9,7,0,1,8,9,0,0,0,22,7,3,70.0,Spain
Hernán Pérez,py PAR,MF,Alavés,28,1989,4.2,101,149,67.8,1611,458,57,76,75.0,26,36,72.2,12,24,50.0,0,0.4,0.4,-0.4,6,6,8,4,10,11,10.5,6,4,1,2,19,17,5,0,5,3,14,6,0,Matches,149,136,12,1,0,2,15,1,7,1,6,0,101,1,5,2,0,0,10,6,3,15,3,8,0,0,0,35,5,10,33.3,Spain
Hernán Pérez,py PAR,"MF,DF",Espanyol,28,1989,1.6,47,79,59.5,746,312,29,37,78.4,12,24,50.0,5,12,41.7,0,0.0,0.0,0.0,0,7,0,0,1,4,66.7,1,1,2,2,3,1,1,0,1,1,5,1,0,Matches,79,72,7,0,0,1,10,6,1,0,1,0,47,0,2,1,0,0,3,1,0,10,1,3,0,0,0,11,4,3,57.1,Spain
Hernán Toledo,ar ARG,"FW,MF",Las Palmas,21,1996,6.9,113,173,65.3,1385,419,77,98,78.6,30,50,60.0,1,5,20.0,1,0.9,0.8,+0.1,6,6,3,1,15,5,9.1,2,2,1,1,11,10,2,0,2,5,10,5,0,Matches,173,171,2,0,0,0,20,2,0,0,0,0,113,0,10,2,0,0,8,10,3,20,5,5,1,0,0,34,0,3,0.0,Spain
Hugo Duro,es ESP,FW,Getafe,17,1999,0.2,6,6,100.0,67,13,4,4,100.0,2,2,100.0,0,0,,0,0.0,0.0,0.0,0,0,0,0,0,0,0.0,0,0,0,0,1,1,0,0,0,0,0,0,0,Matches,6,6,0,0,0,0,0,0,0,0,0,0,6,0,0,0,0,0,1,0,0,0,0,0,0,0,0,2,0,4,0.0,Spain
Hugo Mallo,es ESP,DF,Celta Vigo,26,1991,33.3,1608,2187,73.5,26399,10439,818,940,87.0,628,798,78.7,126,329,38.3,5,5.3,4.6,-0.3,29,112,44,16,159,84,66.0,55,26,3,35,53,18,30,15,15,68,152,111,1,Matches,2187,1804,371,53,1,19,113,316,2,0,0,0,1608,12,55,12,0,0,48,27,5,113,68,55,0,0,0,168,63,44,58.9,Spain
Héctor Hernández,es ESP,DF,Alavés,26,1991,0.2,2,2,100.0,47,26,1,1,100.0,0,0,,1,1,100.0,0,0.0,0.0,0.0,0,0,0,0,0,1,100.0,0,1,0,1,1,0,0,0,0,0,1,1,0,Matches,2,1,1,0,0,0,0,1,0,0,0,0,2,0,0,0,0,0,0,0,0,0,0,1,0,0,0,0,0,0,,Spain
Héctor Moreno,mx MEX,DF,Real Sociedad,29,1988,8.0,441,511,86.3,9010,3025,134,147,91.2,244,263,92.8,57,86,66.3,0,0.1,0.1,-0.1,2,22,1,0,28,7,71.4,7,0,0,5,7,2,3,3,0,10,17,17,0,Matches,511,481,28,25,1,9,0,3,0,0,0,0,441,2,3,1,0,0,9,13,1,0,10,3,0,0,0,56,24,9,72.7,Spain
Iago Aspas,es ESP,FW,Celta Vigo,29,1987,32.6,992,1316,75.4,14982,3301,592,705,84.0,277,366,75.7,81,125,64.8,5,9.5,7.0,-4.5,69,73,50,7,126,26,14.7,10,10,6,5,34,29,15,1,14,23,49,11,1,Matches,1316,1236,69,20,9,18,62,9,29,7,3,0,992,11,47,9,0,0,23,62,11,62,23,22,1,0,0,137,15,40,27.3,Spain
Iago Herrerín,es ESP,GK,Athletic Club,29,1988,8.0,175,288,60.8,7231,6284,18,18,100.0,42,43,97.7,115,227,50.7,0,0.0,0.0,0.0,0,13,0,0,0,2,100.0,2,0,0,2,2,0,0,0,0,0,2,7,1,Matches,288,200,88,23,0,0,0,0,0,0,0,0,175,0,0,0,0,0,2,2,0,0,0,1,0,2,0,12,3,1,75.0,Spain
Ibai Gómez,es ESP,"MF,FW",Alavés,27,1989,25.8,647,997,64.9,11177,4142,334,401,83.3,193,296,65.2,93,229,40.6,6,5.7,4.3,+0.3,40,71,22,8,87,19,20.0,11,4,4,6,30,24,16,1,15,15,34,20,1,Matches,997,788,196,72,7,9,145,20,79,34,28,5,647,13,20,1,0,0,17,19,8,145,15,15,0,0,0,144,8,14,36.4,Spain
Ignasi Miquel,es ESP,DF,Málaga,24,1992,19.7,517,727,71.1,11500,4896,139,169,82.2,273,330,82.7,102,207,49.3,1,0.4,0.2,+0.6,2,31,0,0,42,19,26.7,11,7,1,4,15,11,23,13,10,33,52,113,0,Matches,727,670,52,24,1,14,2,28,0,0,0,0,517,5,6,5,1,0,41,14,0,2,33,10,0,1,0,87,44,42,51.2,Spain
Igor Zubeldia,es ESP,MF,Real Sociedad,20,1997,17.6,810,944,85.8,15702,3292,305,348,87.6,387,426,90.8,106,137,77.4,2,0.2,0.4,+1.8,6,65,6,1,72,39,33.3,17,16,6,14,42,28,20,5,15,32,71,31,0,Matches,944,935,7,6,2,18,2,1,0,0,0,0,810,2,11,3,1,1,19,15,1,2,32,29,0,0,0,113,38,23,62.3,Spain
Iker Muniain,es ESP,"MF,FW",Athletic Club,24,1992,8.7,372,451,82.5,6433,1649,165,191,86.4,148,173,85.5,41,59,69.5,2,1.7,1.4,+0.3,15,56,20,3,79,10,14.3,2,6,2,1,7,6,4,0,4,4,14,3,0,Matches,451,421,26,12,5,7,15,3,5,3,2,0,372,4,4,1,0,0,5,29,1,15,4,8,1,0,0,45,2,3,40.0,Spain
Imanol Agirretxe,es ESP,FW,Real Sociedad,30,1987,2.6,38,60,63.3,488,81,24,32,75.0,9,16,56.3,1,3,33.3,0,0.0,0.0,0.0,0,1,0,0,5,0,0.0,0,0,0,0,1,1,0,0,0,0,0,2,0,Matches,60,56,3,0,1,0,1,0,0,0,0,0,38,1,2,0,0,0,1,4,1,1,0,0,1,0,0,6,8,10,44.4,Spain
Imanol Sarriegi,es ESP,"MF,FW",Eibar,22,1995,0.5,20,25,80.0,352,30,8,11,72.7,9,9,100.0,2,4,50.0,0,0.0,0.0,0.0,0,2,0,0,1,2,66.7,1,0,1,2,3,1,2,0,2,1,3,0,0,Matches,25,25,0,0,0,0,0,0,0,0,0,0,20,0,0,1,0,0,1,0,0,0,1,2,0,0,0,5,0,0,,Spain
Imoh Ezekiel,ng NGA,"MF,FW",Las Palmas,23,1993,5.2,94,123,76.4,1214,206,65,74,87.8,24,29,82.8,2,8,25.0,0,0.1,0.3,-0.1,3,7,5,0,11,8,75.0,3,2,3,3,4,1,4,0,4,2,10,3,0,Matches,123,119,4,1,0,0,11,2,0,0,0,0,94,0,8,0,0,0,6,7,2,11,2,6,0,0,0,21,3,14,17.6,Spain
Isaac Success,ng NGA,"MF,FW",Málaga,21,1996,5.5,81,143,56.6,1370,283,39,57,68.4,35,52,67.3,5,18,27.8,1,2.1,1.9,-1.1,7,7,5,1,14,9,37.5,4,4,1,3,8,5,2,0,2,5,14,0,0,Matches,143,142,1,1,4,2,10,0,0,0,0,0,81,0,6,0,0,0,15,26,6,10,5,7,0,0,0,41,3,7,30.0,Spain
Isco,es ESP,MF,Real Madrid,25,1992,19.7,1387,1636,84.8,20955,5838,826,889,92.9,415,483,85.9,106,169,62.7,7,6.3,7.0,+0.7,48,159,63,13,220,22,14.3,5,10,7,5,35,30,11,0,11,15,37,2,0,Matches,1636,1527,101,23,10,19,94,13,51,11,12,0,1387,8,35,1,0,0,19,59,6,94,15,12,0,0,0,89,3,14,17.6,Spain
Ivan Rakitić,hr CRO,MF,Barcelona,29,1988,31.5,2282,2575,88.6,38020,11750,1127,1202,93.8,827,905,91.4,238,325,73.2,5,3.9,4.8,+1.1,29,241,28,2,250,52,33.3,16,30,6,15,45,30,42,7,35,44,96,16,0,Matches,2575,2460,104,40,11,19,54,15,49,17,19,0,2282,11,22,4,0,0,33,46,3,54,44,31,0,0,0,232,24,24,50.0,Spain
Ivi,es ESP,"MF,FW",Levante,23,1994,19.6,442,674,65.6,7581,2112,223,286,78.0,128,190,67.4,62,134,46.3,3,2.6,2.7,+0.4,23,41,28,8,82,48,33.9,19,23,6,21,62,41,21,1,20,15,63,15,0,Matches,674,606,65,19,5,16,101,8,34,16,12,0,442,3,23,3,0,0,40,20,4,101,15,34,1,0,0,95,10,20,33.3,Spain
Iván Alejo,es ESP,"MF,FW",Eibar,22,1995,12.2,182,340,53.5,2848,887,111,151,73.5,54,99,54.5,15,52,28.8,3,2.1,2.0,+0.9,17,11,26,19,20,20,10.0,4,9,7,1,10,9,9,0,9,5,25,1,0,Matches,340,325,13,1,1,2,109,11,1,0,0,0,182,2,32,5,0,0,25,45,3,109,5,16,0,0,0,67,10,13,43.5,Spain
Iván Cuéllar,es ESP,GK,Leganés,33,1984,35.0,503,1126,44.7,22645,20523,21,21,100.0,122,126,96.8,360,967,37.2,0,0.1,0.1,-0.1,2,42,0,0,0,4,75.0,4,0,0,3,4,1,0,0,0,3,7,22,6,Matches,1126,684,433,175,0,1,0,0,0,0,0,0,503,9,2,4,0,0,0,7,0,0,3,3,0,0,0,33,11,4,73.3,Spain
Iván López,es ESP,DF,Levante,23,1993,1.9,77,104,74.0,1488,719,38,40,95.0,27,34,79.4,11,25,44.0,1,0.6,0.2,+0.4,1,5,5,1,8,1,,1,0,0,0,0,0,2,2,0,8,9,2,0,Matches,104,77,27,1,0,4,8,26,0,0,0,0,77,0,3,0,0,0,0,0,0,8,8,1,0,0,0,14,1,0,100.0,Spain
Iván Ramis,es ESP,DF,Eibar,32,1984,14.5,578,700,82.6,14264,4965,121,142,85.2,287,331,86.7,162,208,77.9,0,0.0,0.2,0.0,1,53,0,0,62,20,42.1,8,12,0,8,19,11,12,5,7,25,45,51,2,Matches,700,669,28,27,0,33,0,1,0,0,0,0,578,3,5,4,0,0,11,8,2,0,25,14,0,0,0,107,53,31,63.1,Spain
Iván Rodríguez,es ESP,DF,Málaga,21,1996,0.2,10,11,90.9,194,82,6,6,100.0,2,2,100.0,2,2,100.0,0,0.0,0.0,0.0,0,2,0,0,0,1,,0,1,0,0,0,0,0,0,0,1,2,1,0,Matches,11,10,1,1,0,0,0,0,0,0,0,0,10,0,0,1,0,0,1,0,0,0,1,1,0,0,0,0,0,0,,Spain
Iñaki Williams,gh GHA,"FW,MF",Athletic Club,23,1994,31.7,555,761,72.9,8171,1619,311,383,81.2,177,241,73.4,39,58,67.2,6,5.0,5.2,+1.0,33,29,31,11,64,28,19.5,11,15,2,8,41,33,24,2,22,17,45,13,0,Matches,761,723,34,2,4,1,63,14,0,0,0,0,555,4,32,3,0,0,31,41,26,63,17,17,0,0,0,110,38,47,44.7,Spain
Iñigo Córdoba,es ESP,FW,Athletic Club,20,1997,16.2,348,540,64.4,5509,1591,191,245,78.0,111,162,68.5,33,75,44.0,1,1.9,2.0,-0.9,16,37,22,9,65,44,27.6,18,21,5,16,58,42,31,0,31,21,65,9,0,Matches,540,527,10,5,2,3,70,5,0,0,0,0,348,3,33,3,0,0,20,35,5,70,21,30,0,0,0,115,16,36,30.8,Spain
Iñigo Lekue,es ESP,"DF,FW",Athletic Club,24,1993,23.5,922,1231,74.9,15319,4906,472,545,86.6,344,444,77.5,83,166,50.0,1,1.4,1.7,-0.4,19,74,30,14,109,71,64.2,37,26,8,34,53,19,29,3,26,16,87,46,1,Matches,1231,1005,216,16,0,5,72,200,0,0,0,0,922,10,35,3,0,0,25,12,1,72,16,42,0,1,0,136,27,29,48.2,Spain
Iñigo Martínez,es ESP,DF,Athletic Club,26,1991,16.0,595,780,76.3,13872,5769,154,178,86.5,309,357,86.6,125,210,59.5,0,0.3,0.7,-0.3,2,81,7,0,71,28,62.1,20,8,0,18,29,11,17,8,9,30,58,82,0,Matches,780,708,58,40,2,24,6,18,0,0,0,0,595,14,11,6,0,0,20,18,0,6,30,20,0,0,0,104,40,32,55.6,Spain
Iñigo Martínez,es ESP,DF,Real Sociedad,26,1991,11.7,611,780,78.3,12085,4509,231,253,91.3,281,329,85.4,90,165,54.5,1,0.9,1.3,+0.1,7,73,7,4,84,14,45.5,9,4,1,5,11,6,9,4,5,23,37,55,0,Matches,780,688,85,52,2,18,13,33,0,0,0,0,611,7,13,0,0,0,10,17,3,13,23,9,0,1,0,83,29,21,58.0,Spain
Jaime Sierra Mateos,es ESP,"FW,MF",Leganés,19,1998,0.3,3,5,60.0,39,5,2,4,50.0,1,1,100.0,0,0,,0,0.0,0.0,0.0,0,0,0,0,0,1,0.0,1,0,0,0,1,1,0,0,0,1,2,0,0,Matches,5,5,0,0,0,0,0,0,0,0,0,0,3,0,0,0,0,0,1,0,0,0,1,1,0,0,0,0,0,0,,Spain
Jairo Samperio,es ESP,"FW,MF",Las Palmas,24,1993,6.2,96,155,61.9,1406,401,58,79,73.4,30,46,65.2,5,13,38.5,0,0.4,0.2,-0.4,4,6,5,2,18,9,23.1,2,6,1,3,13,10,5,1,4,1,10,5,0,Matches,155,147,5,0,2,0,8,5,0,0,0,0,96,3,8,1,0,0,11,7,3,8,1,6,0,0,0,24,5,10,33.3,Spain
Jan Oblak,si SVN,GK,Atlético Madrid,24,1993,37.0,505,911,55.4,17911,14751,49,49,100.0,186,190,97.9,270,668,40.4,0,0.0,0.0,0.0,2,11,0,0,0,0,,0,0,0,0,0,0,0,0,0,2,2,7,0,Matches,911,541,366,91,0,0,0,0,0,0,0,0,505,4,0,1,0,0,2,3,0,0,2,0,0,1,0,36,4,1,80.0,Spain
Jason,es ESP,"FW,MF",Levante,23,1994,19.8,370,576,64.2,5332,1449,216,273,79.1,108,166,65.1,27,58,46.6,2,2.7,2.6,-0.7,26,21,28,12,55,32,28.9,11,14,7,11,38,27,14,1,13,20,52,8,0,Matches,576,543,27,4,5,3,63,7,14,1,10,0,370,6,38,2,0,0,31,29,5,63,20,25,0,0,0,95,16,29,35.6,Spain
Jasper Cillessen,nl NED,GK,Barcelona,28,1989,1.0,25,31,80.6,605,330,4,4,100.0,14,14,100.0,7,13,53.8,0,0.0,0.0,0.0,0,0,0,0,0,0,,0,0,0,0,0,0,0,0,0,0,0,0,0,Matches,31,21,10,0,0,0,0,0,0,0,0,0,25,0,0,0,0,0,0,0,0,0,0,0,0,0,0,1,0,0,,Spain
Jaume Costa,es ESP,DF,Villarreal,29,1988,28.2,1262,1583,79.7,20464,8096,673,745,90.3,476,596,79.9,97,185,52.4,0,1.7,2.3,-1.7,31,115,31,10,129,67,64.7,39,22,6,33,51,18,30,8,22,46,113,97,0,Matches,1583,1350,225,16,1,6,67,208,1,0,0,0,1262,8,22,14,1,1,54,37,0,67,46,43,1,3,0,122,33,39,45.8,Spain
Jaume Doménech,es ESP,GK,Valencia,26,1990,5.0,105,140,75.0,2815,2254,26,26,100.0,45,47,95.7,32,65,49.2,0,0.0,0.0,0.0,0,0,0,0,0,0,,0,0,0,0,0,0,0,0,0,0,0,2,0,Matches,140,90,50,16,0,0,0,0,0,0,0,0,105,0,0,2,0,0,0,1,0,0,0,0,0,0,0,10,1,0,100.0,Spain
Javi Castellano,es ESP,MF,Las Palmas,29,1987,17.4,971,1085,89.5,15593,4532,520,568,91.5,355,380,93.4,74,93,79.6,0,0.1,0.2,-0.1,3,52,1,0,60,47,54.1,20,25,2,20,37,17,23,6,17,38,85,16,1,Matches,1085,1034,51,47,0,6,3,4,0,0,0,0,971,0,10,4,0,0,14,26,0,3,38,27,0,1,0,91,27,30,47.4,Spain
Javi Fuego,es ESP,MF,Espanyol,33,1984,14.9,492,625,78.7,7744,2367,253,301,84.1,181,219,82.6,37,62,59.7,0,0.0,0.2,0.0,2,47,1,0,41,34,39.3,19,12,3,11,28,17,15,6,9,19,53,23,0,Matches,625,601,21,21,1,3,0,0,0,0,0,0,492,3,11,6,0,0,24,26,0,0,19,25,0,0,0,79,27,21,56.3,Spain
Javi Fuego,es ESP,MF,Villarreal,33,1984,6.0,261,334,78.1,4185,1485,136,158,86.1,94,116,81.0,24,36,66.7,0,0.0,0.1,0.0,0,28,2,0,32,20,50.0,8,11,1,7,14,7,7,4,3,3,23,14,0,Matches,334,321,10,10,0,6,1,0,0,0,0,0,261,3,7,2,0,0,13,8,0,1,3,13,0,1,0,40,8,10,44.4,Spain
Javi García,es ESP,"MF,DF",Betis,30,1987,26.8,1540,1677,91.8,28012,7302,585,629,93.0,813,860,94.5,124,156,79.5,0,0.6,0.3,-0.6,10,82,1,0,93,34,32.5,18,16,0,13,40,27,19,12,7,25,59,78,1,Matches,1677,1638,39,37,0,10,0,2,0,0,0,0,1540,0,5,7,0,0,33,33,1,0,25,22,0,0,0,141,47,31,60.3,Spain
Javi López,es ESP,DF,Espanyol,31,1986,10.7,455,613,74.2,6643,2752,272,313,86.9,154,213,72.3,23,59,39.0,0,0.7,0.9,-0.7,6,28,7,4,35,47,51.4,31,12,4,18,35,17,7,2,5,18,65,48,0,Matches,613,460,151,8,0,2,28,143,0,0,0,0,455,2,15,4,0,0,20,20,0,28,18,35,0,0,0,55,15,15,50.0,Spain
Javier Eraso,es ESP,"MF,FW",Leganés,27,1990,28.1,623,875,71.2,9010,2313,386,461,83.7,162,239,67.8,47,104,45.2,3,3.4,2.3,-0.4,33,53,9,4,75,32,31.0,10,18,4,13,42,29,16,5,11,23,55,17,0,Matches,875,785,82,22,3,4,80,1,47,16,27,0,623,8,24,4,0,0,35,25,6,80,23,15,0,0,0,125,12,46,20.7,Spain
Javier Mascherano,ar ARG,DF,Barcelona,33,1984,6.0,402,444,90.5,9435,3558,87,91,95.6,223,231,96.5,90,111,81.1,0,0.2,0.4,-0.2,3,43,5,0,42,15,88.9,9,6,0,8,9,1,14,8,6,8,23,20,0,Matches,444,426,13,12,4,11,0,1,0,0,0,0,402,5,3,0,0,0,9,1,0,0,8,13,0,0,0,38,0,4,0.0,Spain
Javier Ontiveros,es ESP,"MF,FW",Málaga,19,1997,4.3,118,173,68.2,1876,648,67,81,82.7,37,56,66.1,10,22,45.5,0,0.6,0.9,-0.6,6,10,8,6,13,10,50.0,8,2,0,2,4,2,4,2,2,4,14,4,0,Matches,173,162,10,2,0,1,22,4,4,1,2,0,118,1,5,4,0,0,8,6,0,22,4,7,0,0,0,29,7,6,53.8,Spain
Jefferson Lerma,co COL,MF,Levante,22,1994,23.7,894,1103,81.1,15424,4362,393,463,84.9,391,452,86.5,86,129,66.7,1,1.5,0.7,-0.5,19,92,8,1,106,51,37.8,26,23,2,17,45,28,25,10,15,49,100,43,0,Matches,1103,1075,20,19,4,15,2,1,0,0,0,0,894,8,14,16,0,0,55,51,0,2,49,35,0,0,0,187,84,43,66.1,Spain
Jefferson Montero,ec ECU,"MF,FW",Getafe,27,1989,0.6,10,20,50.0,154,64,6,6,100.0,3,6,50.0,1,3,33.3,0,0.0,0.0,0.0,0,1,0,0,1,1,100.0,1,0,0,1,1,0,0,0,0,0,1,2,0,Matches,20,19,1,0,0,0,9,1,0,0,0,0,10,0,4,0,0,0,2,0,0,9,0,1,0,0,0,3,2,1,66.7,Spain
Jeison Murillo,co COL,DF,Valencia,25,1992,15.3,671,752,89.2,14054,5048,198,224,88.4,376,399,94.2,94,124,75.8,0,0.0,0.1,0.0,0,21,0,0,23,31,66.7,25,6,0,14,21,7,18,9,9,29,60,85,1,Matches,752,724,28,27,1,10,0,1,0,0,0,0,671,0,1,4,0,0,16,15,2,0,29,24,0,1,0,85,45,22,67.2,Spain
Jesús Navas,es ESP,"FW,DF",Sevilla,31,1985,19.6,678,960,70.6,10432,3210,401,475,84.4,209,296,70.6,52,107,48.6,0,2.9,2.7,-2.9,31,59,40,8,110,32,46.2,17,9,6,12,26,14,14,5,9,19,51,37,0,Matches,960,868,80,6,2,7,94,72,2,0,1,0,678,12,46,2,0,0,16,24,8,94,19,25,0,1,0,106,11,24,31.4,Spain
Jesús Vallejo,es ESP,DF,Real Madrid,20,1997,7.0,319,366,87.2,6507,2306,98,108,90.7,177,189,93.7,44,67,65.7,0,0.0,0.0,0.0,0,9,0,0,18,8,40.0,6,2,0,2,5,3,6,5,1,16,24,21,1,Matches,366,354,12,12,0,4,0,0,0,0,0,0,319,0,1,0,0,0,2,2,1,0,16,7,0,0,0,39,9,11,45.0,Spain
Joan Jordán,es ESP,MF,Eibar,23,1994,27.0,1013,1301,77.9,18719,4160,460,526,87.5,358,449,79.7,159,254,62.6,4,3.1,3.6,+0.9,39,93,24,7,130,31,14.7,8,19,4,10,68,58,24,0,24,30,61,12,0,Matches,1301,1180,116,46,3,31,114,1,66,20,40,1,1013,5,16,2,1,1,37,17,5,114,30,24,0,0,0,176,36,35,50.7,Spain
Joaquín,es ESP,"MF,FW",Betis,36,1981,27.5,1114,1348,82.6,18012,4232,616,678,90.9,348,420,82.9,116,176,65.9,7,6.2,5.5,+0.8,51,83,40,11,138,22,25.0,11,10,1,4,16,12,17,2,15,15,37,38,0,Matches,1348,1236,106,31,9,21,94,15,60,24,11,3,1114,6,22,7,0,0,21,40,5,94,15,19,1,0,0,131,17,29,37.0,Spain
Joaquín Correa,ar ARG,FW,Sevilla,22,1994,13.3,397,486,81.7,5850,1469,234,266,88.0,112,136,82.4,28,32,87.5,1,2.0,1.5,-1.0,23,24,19,0,50,15,27.6,7,6,2,8,29,21,15,1,14,2,17,12,0,Matches,486,455,23,6,2,5,7,11,2,0,0,0,397,8,14,5,0,0,26,43,5,7,2,10,1,0,0,65,12,15,44.4,Spain
Joel Campbell,cr CRC,"MF,FW",Betis,25,1992,2.4,80,94,85.1,1151,326,52,55,94.5,21,26,80.8,5,10,50.0,1,0.5,0.2,+0.5,5,5,5,0,16,6,50.0,3,3,0,3,6,3,2,0,2,0,6,0,0,Matches,94,92,1,0,0,2,3,1,0,0,0,0,80,1,0,1,0,0,3,13,0,3,0,2,0,0,0,8,0,3,0.0,Spain
Johan Mojica,co COL,DF,Girona,24,1992,23.7,855,1163,73.5,13587,4540,498,572,87.1,251,342,73.4,81,167,48.5,4,2.8,2.5,+1.2,23,26,32,28,48,42,56.8,31,8,3,21,37,16,24,3,21,32,74,42,2,Matches,1163,914,246,6,1,6,147,239,1,0,0,0,855,3,45,6,0,0,38,47,6,147,32,27,0,0,0,161,26,34,43.3,Spain
Johannes Geis,de GER,"DF,MF",Sevilla,23,1993,7.5,316,379,83.4,6091,2559,128,144,88.9,135,155,87.1,47,70,67.1,1,0.5,0.5,+0.5,5,37,3,1,26,20,52.4,12,7,1,11,21,10,13,5,8,10,30,27,1,Matches,379,356,21,17,0,9,9,3,1,1,0,0,316,2,1,0,0,0,9,1,0,9,10,15,0,0,0,57,6,7,46.2,Spain
John Guidetti,se SWE,FW,Alavés,25,1992,13.6,230,367,62.7,3143,861,143,206,69.4,59,87,67.8,12,27,44.4,3,1.7,1.6,+1.3,13,29,5,0,35,7,20.0,3,1,3,2,10,8,10,1,9,2,9,7,0,Matches,367,358,4,0,3,3,14,1,1,1,0,0,230,5,13,3,0,0,31,16,10,14,2,7,0,1,0,38,30,46,39.5,Spain
John Guidetti,se SWE,"FW,MF",Celta Vigo,25,1992,1.3,28,38,73.7,373,114,17,22,77.3,6,8,75.0,1,2,50.0,0,0.5,0.2,-0.5,2,3,0,0,4,0,,0,0,0,0,0,0,0,0,0,0,0,0,0,Matches,38,38,0,0,1,0,0,0,0,0,0,0,28,0,2,0,0,0,2,0,1,0,0,0,0,0,0,6,1,1,50.0,Spain
Jon Ander Serantes,es ESP,GK,Leganés,27,1989,1.0,12,33,36.4,636,597,0,0,,2,2,100.0,10,31,32.3,0,0.0,0.0,0.0,0,1,0,0,0,0,,0,0,0,0,0,0,0,0,0,0,0,0,1,Matches,33,18,15,7,0,0,0,0,0,0,0,0,12,0,0,0,0,0,0,0,0,0,0,0,0,0,0,0,0,1,0.0,Spain
Jon Bautista,es ESP,"FW,MF",Real Sociedad,22,1995,2.0,27,35,77.1,305,46,16,18,88.9,4,8,50.0,2,3,66.7,0,0.1,0.1,-0.1,1,0,2,0,3,0,0.0,0,0,0,0,1,1,2,0,2,0,0,0,0,Matches,35,32,3,0,0,0,0,0,0,0,0,0,27,0,0,0,0,0,6,1,1,0,0,0,0,0,0,5,7,9,43.8,Spain
Jon Guridi,es ESP,MF,Real Sociedad,22,1995,0.6,18,23,78.3,286,67,9,10,90.0,8,9,88.9,1,1,100.0,0,0.0,0.0,0.0,0,1,1,0,3,1,0.0,1,0,0,0,1,1,1,0,1,0,1,0,0,Matches,23,23,0,0,0,0,0,0,0,0,0,0,18,0,3,0,0,0,0,1,0,0,0,0,0,0,0,1,0,1,0.0,Spain
Jonathan Calleri,ar ARG,FW,Las Palmas,23,1993,34.5,464,748,62.0,6581,1358,259,371,69.8,127,207,61.4,31,73,42.5,3,2.8,2.7,+0.2,27,32,15,1,64,24,17.4,5,10,9,4,23,19,15,2,13,7,31,35,0,Matches,748,644,98,3,1,12,30,2,0,0,0,0,464,6,21,7,0,0,73,75,39,30,7,16,1,1,0,84,105,132,44.3,Spain
Jonathan Viera,es ESP,MF,Las Palmas,27,1989,22.1,1271,1557,81.6,18812,5418,718,801,89.6,398,488,81.6,84,146,57.5,3,6.4,6.1,-3.4,63,139,53,2,179,36,10.7,10,22,4,3,28,25,21,0,21,11,47,2,0,Matches,1557,1421,121,69,21,17,55,9,41,18,13,0,1271,15,23,4,0,0,21,69,3,55,11,25,2,0,0,101,8,19,29.6,Spain
Jonny Castro,es ESP,DF,Celta Vigo,23,1994,35.6,1744,2114,82.5,28020,9276,933,1032,90.4,653,788,82.9,128,199,64.3,1,1.6,2.9,-0.6,22,120,29,8,162,102,47.3,60,31,11,43,91,48,48,8,40,93,195,92,1,Matches,2114,1739,361,54,5,19,51,307,0,0,0,0,1744,14,37,10,0,0,50,37,1,51,93,78,1,1,0,213,35,33,51.5,Spain
Jony,es ESP,"FW,MF",Málaga,26,1991,2.4,53,107,49.5,909,372,29,39,74.4,14,31,45.2,9,26,34.6,0,0.3,0.4,-0.3,5,6,5,2,10,3,0.0,2,0,1,0,4,4,1,0,1,2,5,1,0,Matches,107,91,16,3,1,1,35,3,10,2,6,0,53,0,10,1,0,0,2,2,0,35,2,2,0,0,0,12,0,1,0.0,Spain
Jonás Ramalho,es ESP,DF,Girona,24,1993,25.5,668,903,74.0,13589,5325,243,279,87.1,320,399,80.2,95,190,50.0,0,0.8,0.7,-0.8,5,51,5,0,59,25,62.5,20,5,0,15,24,9,25,11,14,35,60,115,0,Matches,903,861,38,23,0,20,7,15,0,0,0,0,668,4,16,3,0,0,20,12,1,7,35,16,0,1,1,135,38,26,59.4,Spain
Jordi Alba,es ESP,DF,Barcelona,28,1989,30.5,2074,2418,85.8,28727,8911,1320,1416,93.2,597,716,83.4,91,138,65.9,8,6.1,5.3,+1.9,38,99,39,4,135,63,50.0,35,22,6,26,52,26,34,5,29,68,131,67,1,Matches,2418,2101,308,46,2,19,46,261,1,0,0,0,2074,9,55,7,0,0,35,21,16,46,68,42,0,0,0,189,15,21,41.7,Spain
Jordi Amat,id IDN,"DF,MF",Betis,25,1992,22.7,1444,1609,89.7,27991,7765,497,538,92.4,782,831,94.1,152,201,75.6,0,0.1,0.3,-0.1,5,77,3,0,101,32,45.8,15,16,1,11,24,13,14,4,10,38,70,77,2,Matches,1609,1542,64,56,0,19,0,8,0,0,0,0,1444,3,15,7,2,1,38,10,0,0,38,23,0,2,1,112,29,30,49.2,Spain
Jorge Molina,es ESP,FW,Getafe,35,1982,31.0,502,864,58.1,6546,1788,304,489,62.2,128,206,62.1,21,47,44.7,4,3.1,2.9,+0.9,33,54,29,2,72,18,14.8,3,6,9,4,27,23,25,4,21,7,25,27,0,Matches,864,835,22,0,9,7,17,4,0,0,0,0,502,7,33,10,0,0,54,61,39,17,7,10,6,0,0,88,97,151,39.1,Spain
Joseba Zaldúa,es ESP,DF,Leganés,25,1992,28.4,921,1264,72.9,14775,6227,501,571,87.7,339,455,74.5,64,173,37.0,0,2.2,2.0,-2.2,15,70,24,11,100,68,62.9,31,31,6,39,62,23,28,5,23,61,129,85,0,Matches,1264,901,362,34,0,5,78,328,0,0,0,0,921,1,36,9,1,0,43,62,2,78,61,52,0,0,0,122,46,24,65.7,Spain
José Alonso Lara,es ESP,MF,Sevilla,17,2000,0.1,3,4,75.0,41,12,2,2,100.0,1,1,100.0,0,1,0.0,0,0.0,0.0,0.0,0,1,0,0,0,0,,0,0,0,0,0,0,0,0,0,0,0,0,0,Matches,4,4,0,0,0,0,0,0,0,0,0,0,3,0,0,0,0,0,0,0,0,0,0,0,0,0,0,0,0,0,,Spain
José Arnaiz,es ESP,MF,Barcelona,22,1995,0.1,3,4,75.0,46,0,2,2,100.0,1,2,50.0,0,0,,0,0.0,0.0,0.0,0,0,0,0,0,1,,0,1,0,0,0,0,0,0,0,0,1,0,0,Matches,4,4,0,0,0,0,0,0,0,0,0,0,3,0,0,0,0,0,1,0,0,0,0,1,0,0,0,0,0,0,,Spain
José Campaña,es ESP,MF,Levante,24,1993,30.4,1352,1693,79.9,23878,7904,643,734,87.6,512,606,84.5,158,259,61.0,4,4.7,2.8,-0.7,49,157,34,8,232,57,32.8,25,27,5,19,58,39,31,10,21,45,102,37,0,Matches,1693,1549,138,60,5,34,113,4,74,28,29,5,1352,6,34,9,1,1,32,31,1,113,45,36,0,0,0,210,30,37,44.8,Spain
José Luis Gayà,es ESP,DF,Valencia,22,1995,32.4,1325,1676,79.1,21329,7487,680,750,90.7,525,654,80.3,93,195,47.7,3,4.1,3.3,-1.1,36,116,41,22,145,77,63.2,52,22,3,43,68,25,43,12,31,56,133,90,1,Matches,1676,1418,250,29,2,6,94,221,0,0,0,0,1325,8,38,11,0,0,35,45,5,94,56,60,2,0,0,176,24,26,48.0,Spain
José Luis Morales,es ESP,"MF,FW",Levante,30,1987,34.0,609,973,62.6,10379,3235,325,410,79.3,201,307,65.5,71,148,48.0,8,6.9,4.1,+1.1,47,59,54,17,112,37,20.0,15,15,7,13,65,52,28,0,28,26,63,20,0,Matches,973,902,67,16,8,10,148,30,18,1,13,1,609,4,75,7,1,1,28,43,9,148,26,23,2,0,0,181,10,32,23.8,Spain
José Manuel Jurado,es ESP,"MF,FW",Espanyol,31,1986,16.7,512,642,79.8,7600,1869,303,335,90.4,145,181,80.1,40,75,53.3,3,1.5,1.4,+1.5,16,49,13,2,64,18,35.7,8,8,2,5,14,9,13,1,12,16,34,5,0,Matches,642,612,27,12,2,5,23,9,1,0,0,0,512,3,14,1,0,0,6,34,0,23,16,14,0,1,0,116,2,3,40.0,Spain
José María Giménez,uy URU,DF,Atlético Madrid,22,1995,18.8,595,765,77.8,12334,5524,212,239,88.7,267,308,86.7,108,199,54.3,1,0.4,0.1,+0.6,6,42,1,0,28,38,65.7,29,6,3,23,35,12,28,15,13,30,68,101,1,Matches,765,696,68,35,0,6,2,26,0,0,0,0,595,1,7,6,0,0,15,18,2,2,30,27,0,0,0,107,57,28,67.1,Spain
José Ángel,es ESP,DF,Eibar,27,1989,27.0,1003,1645,61.0,20949,9014,347,431,80.5,434,630,68.9,197,486,40.5,8,4.1,3.6,+3.9,45,119,35,29,128,61,65.5,36,19,6,38,58,20,31,1,30,38,99,76,0,Matches,1645,1223,411,66,0,33,226,304,41,5,36,0,1003,11,57,4,0,0,20,17,1,226,38,44,0,0,0,187,36,29,55.4,Spain
Jozabed,es ESP,MF,Celta Vigo,26,1991,16.4,763,888,85.9,13360,3475,348,382,91.1,298,331,90.0,89,114,78.1,4,2.4,1.3,+1.6,21,90,11,1,111,18,16.7,7,9,2,3,18,15,18,2,16,16,34,19,0,Matches,888,876,7,4,5,19,7,1,2,0,1,0,763,5,15,7,0,0,14,10,2,7,16,12,0,0,0,126,5,9,35.7,Spain
João Cancelo,pt POR,MF,Valencia,23,1994,1.0,28,47,59.6,397,146,20,28,71.4,4,9,44.4,3,5,60.0,0,0.4,0.5,-0.4,5,3,3,0,6,1,100.0,0,1,0,1,1,0,1,0,1,2,3,0,0,Matches,47,46,1,0,1,0,5,1,0,0,0,0,28,0,3,0,0,0,4,2,0,5,2,1,0,0,0,5,1,0,100.0,Spain
Juan Cruz,es ESP,FW,Málaga,17,2000,0.1,3,3,100.0,25,9,2,2,100.0,0,0,,0,0,,0,0.0,0.0,0.0,0,0,0,0,0,2,,0,2,0,0,0,0,0,0,0,0,2,0,0,Matches,3,3,0,0,0,0,0,0,0,0,0,0,3,0,0,0,0,0,0,0,0,0,0,2,0,0,0,1,0,0,,Spain
Juanfran,es ESP,DF,Atlético Madrid,32,1985,14.5,536,681,78.7,7751,3154,323,363,89.0,175,228,76.8,21,48,43.8,1,1.8,1.5,-0.8,7,28,13,3,44,33,65.6,21,9,3,21,32,11,14,4,10,26,59,35,0,Matches,681,534,144,6,1,1,36,138,0,0,0,0,536,3,16,3,0,0,32,9,5,36,26,24,0,0,0,76,5,10,33.3,Spain
Juanfran,es ESP,DF,La Coruña,28,1988,34.0,1335,1869,71.4,22134,10014,682,785,86.9,478,644,74.2,129,312,41.3,1,3.9,3.4,-2.9,31,130,41,27,157,64,53.8,38,22,4,35,65,30,29,11,18,63,127,121,0,Matches,1869,1537,326,25,1,14,161,299,2,0,1,0,1335,6,56,3,0,0,24,32,1,161,63,44,0,1,0,201,39,31,55.7,Spain
Juanjo Narváez,co COL,MF,Betis,22,1995,3.4,142,161,88.2,2331,377,68,72,94.4,60,67,89.6,10,14,71.4,0,0.1,0.3,-0.1,2,10,2,1,15,8,50.0,4,4,0,3,6,3,3,0,3,8,16,4,0,Matches,161,161,0,0,2,4,6,0,0,0,0,0,142,0,4,0,0,0,4,16,0,6,8,6,0,0,0,27,2,5,28.6,Spain
Juankar,es ESP,DF,Málaga,27,1990,8.7,309,420,73.6,5344,2496,151,188,80.3,118,157,75.2,33,61,54.1,0,0.6,0.7,-0.6,11,27,11,7,32,23,55.0,13,8,2,11,20,9,8,1,7,19,42,26,0,Matches,420,332,87,8,1,1,24,79,0,0,0,0,309,1,4,2,0,0,9,8,1,24,19,17,0,0,0,51,5,11,31.3,Spain
Juanmi,es ESP,"FW,MF",Real Sociedad,24,1993,16.5,286,356,80.3,3729,508,188,218,86.2,62,76,81.6,15,19,78.9,2,0.8,0.8,+1.2,9,7,8,1,15,22,18.2,7,12,3,4,22,18,11,0,11,10,32,6,0,Matches,356,345,11,0,0,2,5,3,0,0,0,0,286,0,10,3,0,0,20,23,16,5,10,13,1,1,0,57,12,17,41.4,Spain
Juanpe,es ESP,DF,Girona,26,1991,34.1,1029,1348,76.3,23202,9993,290,332,87.3,520,602,86.4,202,376,53.7,1,0.9,0.8,+0.1,7,86,3,0,103,48,69.8,28,20,0,30,43,13,27,19,8,53,101,137,0,Matches,1348,1262,81,77,0,72,4,4,0,0,0,0,1029,5,9,7,0,0,48,7,1,4,53,30,1,0,0,108,60,30,66.7,Spain
Juanpi,ve VEN,"MF,FW",Málaga,23,1994,6.8,177,225,78.7,2646,719,108,120,90.0,45,58,77.6,14,27,51.9,2,1.4,0.9,+0.6,12,18,6,1,26,11,37.5,2,7,2,3,8,5,7,0,7,6,17,1,0,Matches,225,201,23,11,2,4,13,2,7,3,3,0,177,1,7,1,0,0,4,15,0,13,6,8,0,0,0,28,2,15,11.8,Spain
Julio Gracia,es ESP,"DF,FW",Betis,19,1998,0.3,17,22,77.3,238,53,10,12,83.3,5,6,83.3,1,2,50.0,0,0.0,0.0,0.0,0,0,0,0,1,0,,0,0,0,0,0,0,0,0,0,1,1,0,0,Matches,22,22,0,0,0,0,1,0,0,0,0,0,17,0,0,0,0,0,0,0,0,1,1,0,0,0,0,2,0,1,0.0,Spain
Junior Firpo,do DOM,DF,Betis,20,1996,13.2,539,652,82.7,8642,2339,282,320,88.1,219,259,84.6,32,49,65.3,2,1.5,1.2,+0.5,9,23,8,4,40,26,55.6,15,8,3,10,18,8,21,2,19,20,46,37,1,Matches,652,561,89,16,0,2,13,73,0,0,0,0,539,2,9,4,0,0,17,16,0,13,20,17,0,0,0,56,19,14,57.6,Spain
Karim Benzema,fr FRA,FW,Real Madrid,29,1987,23.9,723,881,82.1,9638,1966,473,541,87.4,159,194,82.0,46,54,85.2,10,6.8,5.3,+3.2,44,59,30,1,98,14,15.0,2,6,6,3,20,17,18,0,18,8,22,19,0,Matches,881,832,42,2,8,10,6,0,1,0,0,0,723,7,25,0,0,0,19,11,15,6,8,8,1,0,0,43,9,28,24.3,Spain
Keko,es ESP,"MF,FW",Málaga,25,1991,13.4,271,395,68.6,4039,1025,164,197,83.2,74,113,65.5,20,42,47.6,2,1.8,1.1,+0.2,14,18,11,7,29,38,31.9,17,13,8,15,47,32,25,3,22,13,51,9,0,Matches,395,382,9,2,0,4,41,7,0,0,0,0,271,4,20,3,0,0,35,28,6,41,13,23,0,0,0,88,14,10,58.3,Spain
Kepa Arrizabalaga,es ESP,GK,Athletic Club,22,1994,30.0,700,1056,66.3,27639,23096,24,25,96.0,246,249,98.8,429,771,55.6,0,0.3,0.1,-0.3,1,32,0,0,0,0,0.0,0,0,0,0,2,2,0,0,0,2,2,6,2,Matches,1056,748,301,95,0,0,0,0,0,0,0,0,700,7,2,3,0,0,1,7,0,0,2,0,0,1,0,47,5,1,83.3,Spain
Keylor Navas,cr CRC,GK,Real Madrid,30,1986,27.0,560,700,80.0,15660,10767,59,60,98.3,309,314,98.4,191,325,58.8,0,0.0,0.0,0.0,0,2,0,0,0,2,100.0,2,0,0,1,1,0,0,0,0,3,5,10,2,Matches,700,485,215,52,0,5,0,0,0,0,0,0,560,0,1,1,0,0,1,3,0,0,3,1,0,1,0,44,4,0,100.0,Spain
Kiko Casilla,es ESP,GK,Real Madrid,30,1986,10.0,211,268,78.7,5988,4168,23,23,100.0,112,115,97.4,75,128,58.6,0,0.0,0.0,0.0,0,1,0,0,0,1,100.0,1,0,0,1,1,0,0,0,0,2,3,6,2,Matches,268,175,92,20,0,1,0,0,0,0,0,0,211,1,0,0,0,0,0,0,0,0,2,0,0,0,0,16,2,0,100.0,Spain
Kiké,es ESP,FW,Eibar,27,1989,27.3,501,709,70.7,6144,781,317,401,79.1,120,174,69.0,14,35,40.0,1,0.6,0.8,+0.4,14,20,6,1,41,14,18.2,1,7,6,2,11,9,15,1,14,10,24,14,0,Matches,709,676,31,1,0,2,15,4,0,0,0,0,501,2,33,5,0,0,47,76,13,15,10,8,0,0,0,101,95,133,41.7,Spain
Koke,es ESP,MF,Atlético Madrid,25,1992,30.6,1729,2153,80.3,28200,9343,901,989,91.1,547,652,83.9,189,349,54.2,4,6.7,6.5,-2.7,51,198,40,4,237,75,28.4,31,32,12,27,95,68,40,3,37,24,99,38,0,Matches,2153,1953,180,73,15,23,140,4,97,33,45,0,1729,20,36,3,0,0,24,51,1,140,24,45,0,0,0,232,13,10,56.5,Spain
Koke Vegas,es ESP,GK,Levante,21,1995,1.0,15,29,51.7,481,392,2,2,100.0,6,6,100.0,7,21,33.3,0,0.0,0.0,0.0,0,0,0,0,0,0,,0,0,0,0,0,0,0,0,0,0,0,1,0,Matches,29,16,13,3,0,0,0,0,0,0,0,0,15,0,0,0,1,0,0,0,0,0,0,0,0,0,0,1,0,0,,Spain
Kévin Gameiro,fr FRA,FW,Atlético Madrid,30,1987,12.5,182,234,77.8,2193,336,119,146,81.5,42,54,77.8,4,5,80.0,2,1.5,1.0,+0.5,9,6,6,0,16,11,10.0,3,4,4,1,10,9,6,0,6,4,15,11,0,Matches,234,221,13,0,0,0,2,2,0,0,0,0,182,0,8,0,0,0,9,9,12,2,4,9,0,0,0,30,9,28,24.3,Spain
Kévin Rodrigues,pt POR,DF,Real Sociedad,23,1994,18.2,726,927,78.3,11312,4117,398,445,89.4,270,330,81.8,44,103,42.7,2,0.9,1.4,+1.1,15,56,16,9,65,44,55.9,18,20,6,19,34,15,22,6,16,27,71,39,0,Matches,927,760,165,11,0,3,70,153,1,0,0,0,726,2,26,1,0,0,23,15,0,70,27,32,0,0,1,99,19,19,50.0,Spain
Kévin Soni,cm CMR,MF,Girona,19,1998,0.2,3,5,60.0,53,22,1,1,100.0,2,4,50.0,0,0,,0,0.0,0.0,0.0,0,0,1,0,2,1,,0,1,0,0,0,0,0,0,0,0,1,0,0,Matches,5,5,0,0,0,0,0,0,0,0,0,0,3,0,0,0,0,0,1,0,0,0,0,1,0,0,0,0,1,0,100.0,Spain
Leandro Cabrera,uy URU,DF,Getafe,26,1991,8.0,151,297,50.8,3269,1970,55,72,76.4,60,105,57.1,34,105,32.4,0,0.3,0.2,-0.3,2,29,7,3,32,19,41.2,12,7,0,7,17,10,9,5,4,22,41,37,0,Matches,297,215,80,11,0,8,12,69,0,0,0,0,151,2,9,3,0,0,14,2,1,12,22,10,0,0,0,39,20,14,58.8,Spain
Leandro Chichizola,ar ARG,GK,Las Palmas,27,1990,27.0,807,1142,70.7,23394,17039,125,127,98.4,386,394,98.0,295,614,48.0,0,0.0,0.0,0.0,1,9,0,0,0,2,33.3,2,0,0,2,6,4,0,0,0,4,6,29,3,Matches,1142,809,328,98,0,3,0,0,0,0,0,0,807,5,1,2,0,0,0,6,0,0,4,0,0,0,0,38,12,2,85.7,Spain
Leonardo Suárez,ar ARG,MF,Villarreal,21,1996,0.3,9,12,75.0,133,11,7,10,70.0,1,1,100.0,1,1,100.0,0,0.0,0.0,0.0,0,1,0,0,0,0,,0,0,0,0,0,0,0,0,0,0,0,1,0,Matches,12,12,0,0,0,0,1,0,0,0,0,0,9,0,0,0,0,0,0,1,1,1,0,0,0,0,0,1,0,0,,Spain
Lionel Carole,fr FRA,DF,Sevilla,26,1991,6.0,294,360,81.7,4718,1743,156,174,89.7,118,137,86.1,19,38,50.0,1,0.1,0.2,+0.9,3,17,4,1,24,12,71.4,7,5,0,5,7,2,6,3,3,6,18,29,0,Matches,360,299,58,3,0,0,8,55,0,0,0,0,294,3,6,0,0,0,4,6,0,8,6,6,0,0,0,37,7,11,38.9,Spain
Lionel Messi,ar ARG,FW,Barcelona,30,1987,33.3,1544,1978,78.1,22697,8141,893,1023,87.3,448,548,81.8,116,192,60.4,12,13.9,14.4,-1.9,86,211,131,2,333,17,11.1,0,11,6,2,18,16,11,1,10,7,24,0,0,Matches,1978,1801,138,80,37,14,52,4,44,20,6,0,1544,39,53,3,0,0,17,80,13,52,7,8,0,0,0,86,8,11,42.1,Spain
Loren Morón,es ESP,FW,Betis,23,1993,11.8,139,197,70.6,1837,395,93,119,78.2,28,39,71.8,7,13,53.8,0,1.3,0.9,-1.3,7,7,7,0,17,14,23.5,4,5,5,4,17,13,14,1,13,1,15,12,0,Matches,197,176,19,2,3,0,4,2,0,0,0,0,139,2,6,3,0,0,26,28,5,4,1,8,0,0,0,28,13,31,29.5,Spain
Loïc Rémy,fr FRA,"FW,MF",Getafe,30,1987,5.1,85,124,68.5,1227,156,53,69,76.8,23,34,67.6,6,10,60.0,0,0.0,0.2,0.0,0,2,3,1,6,4,20.0,1,3,0,1,5,4,4,0,4,1,5,2,0,Matches,124,121,3,0,0,1,5,1,0,0,0,0,85,0,3,3,1,1,14,12,9,5,1,2,2,0,0,11,21,19,52.5,Spain
Loïc Rémy,fr FRA,FW,Las Palmas,30,1987,8.5,189,243,77.8,2863,607,109,133,82.0,52,67,77.6,18,27,66.7,0,0.2,0.3,-0.2,5,7,3,1,14,4,0.0,1,3,0,0,1,1,0,0,0,1,5,2,0,Matches,243,238,4,0,1,5,7,4,0,0,0,0,189,1,3,1,0,0,8,7,3,7,1,3,0,0,0,22,5,4,55.6,Spain
Luca Zidane,fr FRA,GK,Real Madrid,19,1998,1.0,30,32,93.8,725,327,2,2,100.0,22,22,100.0,6,8,75.0,0,0.0,0.0,0.0,0,0,0,0,0,0,0.0,0,0,0,0,1,1,0,0,0,0,0,0,0,Matches,32,23,9,1,0,0,0,0,0,0,0,0,30,0,0,0,0,0,0,0,0,0,0,0,0,0,0,1,1,0,100.0,Spain
Lucas Boyé,ar ARG,"FW,MF",Celta Vigo,21,1996,3.1,79,128,61.7,961,269,60,76,78.9,14,31,45.2,2,6,33.3,0,0.2,0.3,-0.2,2,2,3,1,10,12,30.0,3,7,2,3,10,7,5,0,5,6,18,4,0,Matches,128,125,2,0,0,0,10,1,0,0,0,0,79,1,7,2,0,0,11,1,0,10,6,8,0,0,0,26,1,8,11.1,Spain
Lucas Digne,fr FRA,DF,Barcelona,24,1993,7.8,489,564,86.7,7217,2095,281,311,90.4,163,180,90.6,33,44,75.0,2,1.8,1.7,+0.2,6,25,5,2,36,22,66.7,13,6,3,8,12,4,15,3,12,12,34,18,0,Matches,564,486,78,9,0,3,15,69,0,0,0,0,489,0,12,2,0,0,12,7,2,15,12,17,0,1,0,58,9,7,56.3,Spain
Lucas Hernández,fr FRA,DF,Atlético Madrid,21,1996,23.5,873,1084,80.5,13247,4704,481,538,89.4,298,356,83.7,56,120,46.7,1,0.3,0.5,+0.7,6,38,4,1,49,93,74.3,51,35,7,55,74,19,35,10,25,40,133,90,0,Matches,1084,913,167,20,1,1,17,147,0,0,0,0,873,4,20,7,1,1,31,46,4,17,40,68,0,0,0,134,41,33,55.4,Spain
Lucas Pérez,es ESP,FW,La Coruña,28,1988,31.1,680,1001,67.9,11110,3608,353,432,81.7,215,307,70.0,77,184,41.8,6,10.9,9.0,-4.9,79,53,41,7,107,17,3.1,5,8,4,1,32,31,19,1,18,9,26,1,0,Matches,1001,763,231,37,7,7,168,18,111,52,34,1,680,7,26,3,0,0,25,33,37,168,9,12,3,0,0,112,4,15,21.1,Spain
Lucas Vázquez,es ESP,"MF,FW",Real Madrid,26,1991,18.7,818,1014,80.7,11947,2704,515,563,91.5,218,273,79.9,55,91,60.4,7,5.8,6.1,+1.2,51,47,50,15,94,48,28.6,16,21,11,12,42,30,28,2,26,7,55,9,0,Matches,1014,961,46,7,2,18,91,19,20,3,11,0,818,7,35,3,0,0,33,42,12,91,7,33,2,0,0,86,5,16,23.8,Spain
Luciano Vietto,ar ARG,FW,Atlético Madrid,23,1993,3.0,68,80,85.0,823,132,43,46,93.5,14,18,77.8,2,3,66.7,0,0.3,0.1,-0.3,1,2,0,0,5,5,0.0,1,2,2,0,3,3,3,0,3,3,8,3,0,Matches,80,78,2,0,0,0,1,0,0,0,0,0,68,0,2,1,0,0,4,7,1,1,3,4,0,0,0,11,1,4,20.0,Spain
Luciano Vietto,ar ARG,FW,Valencia,23,1993,5.9,158,204,77.5,2190,469,99,113,87.6,38,54,70.4,11,16,68.8,1,1.4,0.8,-0.4,14,14,8,3,21,8,25.0,2,3,3,1,4,3,3,0,3,2,10,5,0,Matches,204,196,5,1,1,3,6,0,0,0,0,0,158,3,5,1,0,0,5,7,7,6,2,6,0,0,0,28,3,4,42.9,Spain
Luis Hernández,es ESP,DF,Málaga,28,1989,36.0,1154,1463,78.9,24432,11329,347,388,89.4,592,688,86.0,206,352,58.5,1,0.4,1.0,+0.6,6,88,8,2,105,49,51.5,37,9,3,17,33,16,32,21,11,77,126,185,1,Matches,1463,1352,109,68,1,18,8,40,0,0,0,0,1154,2,17,8,0,0,42,10,3,8,77,43,0,3,0,190,48,40,54.5,Spain
Luis Muriel,co COL,FW,Sevilla,26,1991,17.9,326,445,73.3,4444,959,199,245,81.2,97,129,75.2,10,19,52.6,1,2.3,1.9,-1.3,20,27,18,1,47,16,8.7,2,8,6,2,23,21,16,2,14,3,19,4,1,Matches,445,398,46,1,4,3,18,3,2,1,0,0,326,1,16,4,0,0,26,13,31,18,3,9,0,1,0,42,26,49,34.7,Spain
Luis Suárez,uy URU,FW,Barcelona,30,1987,32.2,818,1080,75.7,11732,2032,486,596,81.5,211,274,77.0,58,84,69.0,12,10.5,8.1,+1.5,57,32,50,1,97,17,21.1,4,5,8,4,19,15,4,3,1,8,25,31,0,Matches,1080,1009,64,2,11,14,12,7,1,0,0,0,818,7,31,9,0,0,46,50,56,12,8,10,1,0,0,50,11,9,55.0,Spain
Luisinho,pt POR,DF,La Coruña,32,1985,29.1,1206,1580,76.3,19835,8603,609,680,89.6,482,614,78.5,92,212,43.4,1,2.1,2.2,-1.1,18,89,22,17,115,111,67.7,64,40,7,65,96,31,24,4,20,55,166,113,0,Matches,1580,1254,319,16,1,11,88,303,0,0,0,0,1206,7,36,12,0,0,43,49,2,88,55,77,0,0,0,157,19,23,45.2,Spain
Luka Modrić,hr CRO,MF,Real Madrid,31,1985,21.9,1394,1572,88.7,24341,7975,692,739,93.6,491,545,90.1,169,207,81.6,6,4.2,4.0,+1.8,39,196,42,1,254,33,36.6,14,15,4,15,41,26,13,4,9,31,64,7,0,Matches,1572,1530,36,29,11,33,18,1,6,0,4,0,1394,6,21,3,0,0,20,31,0,18,31,22,1,0,0,149,7,12,36.8,Spain
Léo Baptistão,br BRA,"FW,MF",Espanyol,24,1992,29.7,473,727,65.1,6165,1407,300,387,77.5,132,193,68.4,13,45,28.9,3,2.5,3.2,+0.5,25,33,19,4,51,54,25.0,12,28,14,13,52,39,22,1,21,23,77,25,0,Matches,727,684,42,0,5,2,34,5,0,0,0,0,473,1,51,4,0,0,48,49,14,34,23,34,0,0,0,128,46,60,43.4,Spain
Maksym Koval,ua UKR,GK,La Coruña,24,1992,1.3,32,48,66.7,1200,860,5,5,100.0,7,8,87.5,20,35,57.1,0,0.0,0.0,0.0,0,0,0,0,0,0,,0,0,0,0,0,0,0,0,0,0,0,0,2,Matches,48,24,24,5,0,1,0,0,0,0,0,0,32,0,0,0,1,0,1,0,0,0,0,0,0,0,0,1,0,0,,Spain
Manu García,es ESP,MF,Alavés,31,1986,27.1,731,1013,72.2,12294,3710,357,432,82.6,272,360,75.6,75,141,53.2,0,1.2,0.7,-1.2,16,89,4,1,96,95,27.0,38,51,6,24,89,65,34,11,23,35,130,67,0,Matches,1013,984,21,12,2,10,12,9,0,0,0,0,731,8,28,9,0,0,65,72,5,12,35,65,0,0,0,181,69,54,56.1,Spain
Manu Trigueros,es ESP,MF,Villarreal,25,1991,30.0,1612,1912,84.3,29669,8839,714,777,91.9,651,738,88.2,218,308,70.8,4,3.8,3.5,+0.2,43,191,28,5,189,61,29.6,23,34,4,21,71,50,38,13,25,22,83,44,0,Matches,1912,1762,137,82,9,34,83,2,53,18,12,1,1612,13,33,10,1,1,38,43,1,83,22,41,0,0,0,213,27,24,52.9,Spain
Manuel Iturra,cl CHI,MF,Málaga,33,1984,17.6,478,606,78.9,8850,2515,202,242,83.5,194,227,85.5,69,110,62.7,0,0.7,0.7,-0.7,7,54,8,2,56,70,40.0,36,27,7,22,55,33,19,2,17,29,99,23,0,Matches,606,582,21,13,1,7,9,7,1,0,1,0,478,3,3,6,0,0,43,21,0,9,29,45,0,0,0,122,22,22,50.0,Spain
Marc Bartra,es ESP,DF,Betis,26,1991,15.8,939,1100,85.4,18744,6976,314,336,93.5,491,527,93.2,123,212,58.0,0,0.7,0.5,-0.7,5,75,3,1,57,38,53.8,30,8,0,21,39,18,19,10,9,32,70,97,1,Matches,1100,1038,57,55,3,12,2,1,0,0,0,0,939,5,7,6,0,0,20,16,0,2,32,28,0,0,0,113,51,23,68.9,Spain
Marc Muniesa,es ESP,DF,Girona,25,1992,12.5,506,640,79.1,10263,4375,182,209,87.1,252,291,86.6,70,119,58.8,1,0.1,0.2,+0.9,1,39,1,0,50,33,47.8,17,15,1,11,23,12,12,5,7,33,66,40,0,Matches,640,607,32,24,0,14,1,8,0,0,0,0,506,1,12,3,0,0,12,9,0,1,33,18,0,0,0,69,24,19,55.8,Spain
Marc Navarro,es ESP,DF,Espanyol,22,1995,12.3,418,588,71.1,6702,2369,234,266,88.0,142,200,71.0,33,90,36.7,0,0.8,0.6,-0.8,9,16,13,12,24,20,50.0,12,8,0,10,20,10,11,6,5,22,42,17,0,Matches,588,447,135,6,1,4,61,129,0,0,0,0,418,6,14,3,0,0,12,8,0,61,22,13,0,1,0,59,11,21,34.4,Spain
Marc Roca,es ESP,MF,Espanyol,20,1996,2.9,151,170,88.8,2735,875,66,71,93.0,59,66,89.4,21,25,84.0,0,0.0,0.1,0.0,2,15,0,0,17,8,75.0,3,5,0,3,4,1,4,2,2,4,12,10,0,Matches,170,165,4,3,0,2,1,0,1,1,0,0,151,1,1,0,0,0,6,0,0,1,4,7,0,0,0,20,0,4,0.0,Spain
Marc-André ter Stegen,de GER,GK,Barcelona,25,1992,37.0,1068,1304,81.9,27867,19433,154,154,100.0,598,613,97.6,313,531,58.9,0,0.0,0.0,0.0,0,1,0,0,0,1,33.3,1,0,0,1,3,2,1,0,1,4,5,12,1,Matches,1304,989,313,51,0,6,0,0,0,0,0,0,1068,2,1,0,0,0,0,1,0,0,4,0,0,0,0,59,2,0,100.0,Spain
Marcelo,br BRA,DF,Real Madrid,29,1988,25.1,1569,1969,79.7,24686,9969,908,975,93.1,467,593,78.8,144,285,50.5,6,6.5,7.6,-0.5,57,163,77,26,254,53,37.9,19,23,11,22,58,36,26,2,24,30,83,23,2,Matches,1969,1721,239,31,4,36,155,197,11,0,1,0,1569,9,44,3,1,0,26,41,3,155,30,37,0,0,0,159,9,26,25.7,Spain
Marco Asensio,es ESP,"FW,MF",Real Madrid,21,1996,20.5,1062,1264,84.0,15960,3700,627,676,92.8,322,378,85.2,77,130,59.2,6,6.4,3.6,-0.4,52,113,43,7,157,26,42.3,7,13,6,11,26,15,15,0,15,9,35,2,0,Matches,1264,1172,87,16,9,21,106,19,50,12,17,2,1062,5,31,2,0,0,9,27,3,106,9,17,0,0,0,77,3,3,50.0,Spain
Marcos Llorente,es ESP,MF,Real Madrid,22,1995,6.1,401,430,93.3,7029,1568,160,169,94.7,193,201,96.0,33,38,86.8,0,0.2,0.2,-0.2,3,42,1,0,46,15,54.5,7,8,0,6,11,5,7,0,7,5,20,8,0,Matches,430,418,12,12,0,5,1,0,0,0,0,0,401,0,5,1,0,0,6,4,0,1,5,8,0,0,0,46,7,11,38.9,Spain
Mariano Barbosa,ar ARG,GK,Villarreal,33,1984,12.5,225,335,67.2,6683,5191,35,35,100.0,106,106,100.0,84,194,43.3,0,0.0,0.0,0.0,0,1,0,0,0,0,,0,0,0,0,0,0,0,0,0,1,1,4,0,Matches,335,202,133,28,0,0,0,0,0,0,0,0,225,0,0,0,0,0,0,3,0,0,1,0,0,0,0,20,1,0,100.0,Spain
Mario Gaspar,es ESP,DF,Villarreal,26,1990,31.2,1406,1817,77.4,22732,9508,750,846,88.7,552,701,78.7,88,192,45.8,3,2.3,2.4,+0.7,31,85,18,6,121,110,66.7,63,37,10,58,87,29,58,11,47,58,168,114,0,Matches,1817,1457,353,45,1,8,60,308,0,0,0,0,1406,7,45,6,0,0,44,15,3,60,58,66,0,0,0,157,57,37,60.6,Spain
Mario González,es ESP,FW,Villarreal,21,1996,0.2,4,7,57.1,65,17,2,4,50.0,2,3,66.7,0,0,,0,0.1,0.0,-0.1,1,0,1,0,1,0,,0,0,0,0,0,0,1,0,1,0,0,0,0,Matches,7,6,1,0,0,0,0,0,0,0,0,0,4,0,0,0,0,0,0,0,1,0,0,0,0,0,0,0,2,0,100.0,Spain
Mario Hermoso,es ESP,DF,Espanyol,22,1995,21.4,712,962,74.0,16861,6691,183,205,89.3,359,423,84.9,166,314,52.9,0,0.2,0.2,-0.2,5,52,2,0,49,14,38.1,13,1,0,8,21,13,15,8,7,25,39,122,0,Matches,962,908,49,46,0,32,2,1,2,2,0,0,712,5,7,6,1,1,19,15,1,2,25,12,0,0,2,116,52,34,60.5,Spain
Markel Bergara,es ESP,MF,Getafe,31,1986,16.3,278,397,70.0,3817,1056,158,212,74.5,85,114,74.6,13,32,40.6,1,0.0,0.2,+1.0,2,19,3,0,28,35,28.0,17,17,1,7,25,18,10,3,7,23,58,20,0,Matches,397,369,23,3,0,1,5,0,0,0,0,0,278,5,6,5,0,0,34,18,2,5,23,22,0,0,0,80,28,29,49.1,Spain
Markel Susaeta,es ESP,"FW,MF",Athletic Club,29,1987,25.2,746,1013,73.6,12787,3245,368,428,86.0,254,314,80.9,100,205,48.8,2,5.3,4.9,-3.3,54,65,23,14,85,42,24.6,16,15,11,16,65,49,17,0,17,18,60,13,0,Matches,1013,868,142,48,2,12,154,8,85,36,44,0,746,3,31,2,0,0,20,50,10,154,18,29,1,0,0,142,9,24,27.3,Spain
Marko Dmitrović,rs SRB,GK,Eibar,25,1992,36.0,580,1163,49.9,26463,23662,46,47,97.9,134,136,98.5,399,974,41.0,0,0.0,0.2,0.0,1,82,1,0,1,4,36.4,4,0,0,4,11,7,1,0,1,2,6,26,2,Matches,1163,785,373,157,1,0,0,0,0,0,0,0,580,5,0,1,0,0,0,5,0,0,2,4,0,0,0,80,13,1,92.9,Spain
Marlos Moreno,co COL,"MF,DF",Girona,20,1996,0.3,1,1,100.0,11,0,1,1,100.0,0,0,,0,0,,0,0.0,0.0,0.0,1,0,0,0,0,1,0.0,0,0,1,0,1,1,1,0,1,0,1,0,0,Matches,1,1,0,0,0,0,0,0,0,0,0,0,1,0,0,0,0,0,2,0,0,0,0,1,0,0,0,0,0,1,0.0,Spain
Martin Agirregabiria,es ESP,DF,Alavés,21,1996,20.3,634,884,71.7,9706,4749,366,436,83.9,207,288,71.9,47,104,45.2,4,1.5,0.9,+2.5,13,46,12,9,48,50,64.0,31,17,2,32,50,18,13,7,6,41,91,66,0,Matches,884,658,226,10,2,3,50,216,0,0,0,0,634,0,31,4,0,0,19,18,0,50,41,33,0,0,0,120,17,13,56.7,Spain
Martín Mantovani,ar ARG,DF,Leganés,33,1984,11.4,297,384,77.3,5705,2183,116,136,85.3,141,172,82.0,36,67,53.7,0,0.1,0.1,-0.1,2,17,1,0,20,12,70.0,10,2,0,7,10,3,10,6,4,22,34,67,0,Matches,384,361,23,17,0,2,0,6,0,0,0,0,297,0,2,3,0,0,17,15,0,0,22,5,0,1,0,45,35,22,61.4,Spain
Martín Montoya,es ESP,DF,Valencia,26,1991,23.9,976,1257,77.6,15642,5451,502,563,89.2,405,505,80.2,58,139,41.7,4,2.0,1.4,+2.0,13,76,17,6,104,66,54.5,36,22,8,30,55,25,35,10,25,53,119,89,0,Matches,1257,1016,234,18,0,5,51,215,1,0,0,0,976,7,25,7,0,0,38,28,1,51,53,48,0,2,0,98,33,25,56.9,Spain
Mateo Kovačić,hr CRO,MF,Real Madrid,23,1994,11.0,742,797,93.1,12983,3579,319,336,94.9,334,348,96.0,72,83,86.7,1,0.4,0.6,+0.6,10,75,6,0,81,37,29.6,19,18,0,8,27,19,9,4,5,5,42,5,0,Matches,797,777,19,16,1,5,4,1,1,0,0,0,742,1,6,2,0,0,10,20,0,4,5,27,1,0,0,79,1,7,12.5,Spain
Mathieu Flamini,fr FRA,MF,Getafe,33,1984,5.3,98,148,66.2,1512,425,42,56,75.0,41,58,70.7,6,15,40.0,0,0.1,0.2,-0.1,1,7,1,0,11,11,44.4,3,7,1,4,9,5,2,0,2,8,19,8,0,Matches,148,145,1,1,0,0,3,0,0,0,0,0,98,2,3,2,1,1,15,1,0,3,8,5,0,0,0,27,12,3,80.0,Spain
Mathías Olivera,uy URU,MF,Getafe,19,1997,1.1,11,31,35.5,110,29,9,16,56.3,1,5,20.0,0,3,0.0,0,0.1,0.1,-0.1,1,0,1,1,1,3,60.0,1,0,2,3,5,2,3,0,3,1,4,2,0,Matches,31,30,0,0,0,0,1,0,0,0,0,0,11,1,2,0,0,0,2,0,0,1,1,1,0,0,0,9,6,11,35.3,Spain
Matías Aguirregaray,uy URU,DF,Las Palmas,28,1989,12.8,519,698,74.4,8233,3470,272,304,89.5,188,260,72.3,40,94,42.6,0,0.6,1.3,-0.6,5,42,18,5,57,26,37.5,12,12,2,12,32,20,13,1,12,24,50,25,0,Matches,698,546,148,22,2,4,19,126,0,0,0,0,519,4,16,3,0,0,19,21,1,19,24,20,0,0,0,87,14,17,45.2,Spain
Matías Nahuel,es ESP,"MF,FW",Betis,20,1996,2.8,97,124,78.2,1375,193,60,67,89.6,24,31,77.4,7,13,53.8,0,0.1,0.1,-0.1,4,5,0,0,6,4,40.0,1,1,2,2,5,3,2,0,2,2,6,1,0,Matches,124,122,2,1,0,1,5,1,0,0,0,0,97,0,5,2,0,0,7,6,0,5,2,4,0,0,0,17,1,2,33.3,Spain
Mauricio Lemos,uy URU,"DF,MF",Las Palmas,21,1995,14.0,729,830,87.8,14783,5518,275,297,92.6,316,343,92.1,127,172,73.8,0,0.4,0.6,-0.4,4,35,2,0,34,22,55.6,17,5,0,15,27,12,16,13,3,25,47,51,1,Matches,830,796,34,34,0,20,0,0,0,0,0,0,729,0,3,6,0,0,18,3,0,0,25,10,0,1,0,96,14,9,60.9,Spain
Mauro Arambarri,uy URU,MF,Getafe,21,1995,23.6,435,629,69.2,9748,2632,147,191,77.0,162,217,74.7,115,178,64.6,1,1.9,1.3,-0.9,9,53,7,1,76,56,29.8,19,30,7,14,47,33,26,3,23,25,81,36,0,Matches,629,618,5,4,3,30,6,0,0,0,0,0,435,6,18,9,1,1,49,42,0,6,25,41,0,0,0,166,17,31,35.4,Spain
Mauro dos Santos,ar ARG,DF,Leganés,28,1989,10.9,235,311,75.6,4951,1829,85,99,85.9,103,130,79.2,45,74,60.8,0,0.0,0.1,0.0,0,21,1,0,15,16,66.7,11,5,0,10,15,5,7,5,2,12,28,53,1,Matches,311,304,7,7,0,0,3,0,0,0,0,0,235,0,4,3,0,0,9,3,2,3,12,14,0,0,0,35,21,13,61.8,Spain
Maxi Gómez,uy URU,FW,Celta Vigo,20,1996,34.1,459,649,70.7,7458,1125,240,321,74.8,163,216,75.5,34,56,60.7,4,3.9,3.2,+0.1,22,37,10,2,46,7,0.0,1,4,2,0,18,18,9,4,5,3,10,34,0,Matches,649,557,90,5,1,11,16,2,0,0,0,0,459,2,17,12,0,0,54,93,32,16,3,4,0,0,0,68,83,99,45.6,Spain
Maxime Lestienne,be BEL,MF,Málaga,25,1992,7.4,160,236,67.8,2449,660,82,104,78.8,49,70,70.0,18,37,48.6,1,1.6,1.2,-0.6,10,5,5,3,11,8,20.0,5,0,3,3,15,12,7,1,6,6,14,6,0,Matches,236,217,17,7,0,3,32,2,8,3,3,0,160,2,8,1,0,0,3,3,1,32,6,5,0,0,0,37,0,5,0.0,Spain
Mehdi Lacen,dz ALG,MF,Getafe,33,1984,0.7,22,27,81.5,297,133,13,13,100.0,8,10,80.0,0,2,0.0,0,0.0,0.0,0.0,0,4,0,0,4,3,,2,1,0,0,0,0,1,0,1,0,3,1,0,Matches,27,25,1,0,0,0,1,1,0,0,0,0,22,1,0,1,0,0,2,0,0,1,0,1,0,0,0,5,0,0,,Spain
Mehdi Lacen,dz ALG,MF,Málaga,33,1984,11.7,408,486,84.0,7737,1986,179,204,87.7,158,176,89.8,61,75,81.3,0,0.4,0.4,-0.4,5,31,3,2,54,35,36.8,18,17,0,14,38,24,13,1,12,15,50,11,0,Matches,486,473,12,12,0,14,7,0,0,0,0,0,408,1,12,2,0,0,18,11,0,7,15,19,0,0,0,78,17,13,56.7,Spain
Merveille Ndockyt,cg CGO,"MF,FW",Getafe,19,1998,0.8,16,25,64.0,239,51,12,16,75.0,3,6,50.0,1,2,50.0,0,0.0,0.0,0.0,0,2,0,0,2,1,0.0,0,1,0,0,1,1,2,0,2,2,3,0,0,Matches,25,25,0,0,0,0,0,0,0,0,0,0,16,0,0,1,0,0,4,3,0,0,2,1,0,0,0,5,2,2,50.0,Spain
Michael Krohn-Dehli,dk DEN,MF,La Coruña,34,1983,8.1,301,362,83.1,4858,1439,157,175,89.7,104,121,86.0,29,40,72.5,0,0.1,0.2,-0.1,1,33,6,1,42,12,23.5,6,5,1,4,17,13,2,0,2,13,25,7,0,Matches,362,353,5,1,0,1,11,3,1,1,0,0,301,4,4,2,0,0,9,2,0,11,13,9,0,0,0,57,4,4,50.0,Spain
Michael Krohn-Dehli,dk DEN,"MF,FW",Sevilla,34,1983,6.0,308,382,80.6,5019,1241,165,181,91.2,109,125,87.2,27,52,51.9,1,0.3,0.6,+0.7,3,25,8,0,37,13,54.5,4,5,4,6,11,5,5,0,5,4,17,7,0,Matches,382,349,26,5,2,6,17,2,18,10,5,0,308,7,10,0,0,0,3,3,2,17,4,7,0,0,0,34,1,10,9.1,Spain
Michael Olunga,ke KEN,"FW,MF",Girona,23,1994,4.8,76,112,67.9,996,120,43,63,68.3,25,30,83.3,1,3,33.3,1,0.5,0.5,+0.5,6,6,1,0,7,6,33.3,1,3,2,1,3,2,5,0,5,3,9,5,0,Matches,112,102,10,0,0,0,3,0,0,0,0,0,76,0,3,0,0,0,12,2,7,3,3,5,0,0,0,20,20,23,46.5,Spain
Michel,br BRA,DF,Las Palmas,27,1990,23.7,963,1200,80.3,14048,5510,578,630,91.7,308,385,80.0,48,109,44.0,1,1.2,1.6,-0.2,23,51,25,15,78,33,56.0,21,8,4,14,25,11,21,11,10,39,72,64,1,Matches,1200,962,233,15,2,1,64,218,0,0,0,0,963,5,29,5,1,1,38,43,6,64,39,24,0,0,0,124,32,28,53.3,Spain
Miguel Layún,mx MEX,DF,Sevilla,29,1988,13.2,504,683,73.8,8433,3145,259,299,86.6,180,238,75.6,49,107,45.8,0,1.3,1.1,-1.3,11,31,12,6,55,28,47.2,14,12,2,17,36,19,18,4,14,15,43,44,1,Matches,683,540,138,12,1,8,53,114,11,3,6,0,504,5,16,4,0,0,12,9,0,53,15,19,0,1,0,65,14,10,58.3,Spain
Miguel Torres,es ESP,DF,Málaga,31,1986,7.5,248,306,81.0,4098,2180,118,127,92.9,101,125,80.8,22,42,52.4,0,0.1,0.1,-0.1,2,17,1,1,25,16,42.9,13,3,0,6,14,8,9,7,2,13,29,35,0,Matches,306,252,52,3,0,0,4,49,0,0,0,0,248,2,3,3,0,0,8,0,2,4,13,13,0,0,0,36,5,7,41.7,Spain
Miguel Ángel Guerrero,es ESP,FW,Leganés,27,1990,16.0,283,374,75.7,3755,473,181,227,79.7,78,101,77.2,10,13,76.9,3,1.5,1.0,+1.5,14,13,4,0,18,7,9.1,0,2,5,1,11,10,11,0,11,9,16,16,0,Matches,374,336,35,0,1,2,1,0,0,0,0,0,283,3,5,3,0,0,36,23,13,1,9,5,0,0,0,37,42,41,50.6,Spain
Miguel Ángel Moyá,es ESP,GK,Real Sociedad,33,1984,8.5,274,361,75.9,8727,6236,14,14,100.0,135,140,96.4,124,205,60.5,0,0.0,0.0,0.0,0,6,0,0,0,0,0.0,0,0,0,0,1,1,0,0,0,2,2,7,0,Matches,361,267,94,24,0,2,0,0,0,0,0,0,274,0,0,0,0,0,1,0,0,0,2,0,0,1,0,22,2,0,100.0,Spain
Miguel Ángel Rubio,es ESP,DF,Getafe,19,1998,0.3,3,10,30.0,35,35,2,4,50.0,1,3,33.3,0,2,0.0,0,0.0,0.0,0.0,0,0,0,0,1,0,,0,0,0,0,0,0,0,0,0,0,0,1,0,Matches,10,10,0,0,0,0,0,0,0,0,0,0,3,0,0,0,0,0,1,1,0,0,0,0,0,0,0,2,3,1,75.0,Spain
Mikel Balenziaga,es ESP,DF,Athletic Club,29,1988,17.2,599,791,75.7,9534,2681,304,340,89.4,239,315,75.9,35,85,41.2,2,1.0,1.1,+1.0,7,34,16,12,48,34,55.6,17,13,4,15,27,12,24,5,19,17,51,61,0,Matches,791,615,176,11,0,3,50,165,0,0,0,0,599,0,27,1,0,0,21,16,0,50,17,24,0,0,0,91,15,13,53.6,Spain
Mikel Oyarzabal,es ESP,"FW,MF",Real Sociedad,20,1997,30.8,740,1008,73.4,10621,2571,457,543,84.2,169,228,74.1,59,114,51.8,5,5.0,3.0,0.0,43,44,30,3,93,33,17.9,10,13,10,7,39,32,32,2,30,18,51,19,0,Matches,1008,915,89,8,2,14,85,14,60,33,20,0,740,4,45,3,0,0,28,46,17,85,18,23,1,0,0,110,32,50,39.0,Spain
Mikel Rico,es ESP,MF,Athletic Club,32,1984,13.0,441,554,79.6,8001,1852,192,214,89.7,184,223,82.5,53,77,68.8,0,1.1,0.6,-1.1,11,44,5,1,48,24,35.3,7,16,1,12,34,22,15,5,10,23,47,12,1,Matches,554,527,21,6,1,3,12,1,1,0,1,0,441,6,18,2,0,0,19,23,0,12,23,13,0,0,0,125,6,12,33.3,Spain
Mikel San José,es ESP,MF,Athletic Club,28,1989,23.9,800,1025,78.0,14622,4586,341,412,82.8,348,420,82.9,93,139,66.9,1,1.2,1.4,-0.2,12,97,12,2,121,52,26.0,19,23,10,19,73,54,43,13,30,41,93,30,0,Matches,1025,993,29,20,7,8,11,0,0,0,0,0,800,3,24,5,0,0,39,8,0,11,41,37,0,0,2,151,67,58,53.6,Spain
Mikel Vesga,es ESP,MF,Athletic Club,24,1993,9.0,327,404,80.9,6069,1464,136,158,86.1,141,172,82.0,42,57,73.7,1,0.5,0.5,+0.5,7,29,5,2,42,17,16.0,6,11,0,4,25,21,14,3,11,8,25,15,0,Matches,404,384,20,8,0,8,12,3,5,1,2,1,327,0,7,6,0,0,16,11,0,12,8,8,0,0,0,65,21,20,51.2,Spain
Momo,es ESP,"FW,MF",Las Palmas,35,1982,7.5,312,404,77.2,4950,1601,165,187,88.2,99,120,82.5,33,59,55.9,1,1.2,1.0,-0.2,14,37,10,6,39,14,30.8,8,3,3,4,13,9,5,0,5,5,19,1,0,Matches,404,366,33,13,2,2,34,8,12,3,7,0,312,5,12,3,0,0,5,21,3,34,5,8,0,0,0,44,4,8,33.3,Spain
Mujaid Sadick,es ESP,DF,La Coruña,17,2000,1.2,38,41,92.7,620,185,14,14,100.0,22,24,91.7,1,2,50.0,0,0.0,0.0,0.0,0,0,0,0,0,4,66.7,2,2,0,2,3,1,3,2,1,1,5,4,0,Matches,41,40,1,1,0,0,1,0,0,0,0,0,38,0,0,0,0,0,0,0,0,1,1,2,0,0,0,6,0,1,0.0,Spain
Munir El Haddadi,ma MAR,FW,Alavés,21,1995,27.2,471,724,65.1,6677,1736,260,338,76.9,134,194,69.1,34,83,41.0,6,3.9,3.0,+2.1,41,33,22,6,68,25,35.7,8,9,8,5,14,9,13,2,11,9,34,5,0,Matches,724,604,115,34,4,6,83,8,35,18,15,1,471,5,33,7,1,1,33,114,45,83,9,20,0,0,0,83,34,62,35.4,Spain
Nabil El Zhar,ma MAR,"FW,MF",Leganés,30,1986,22.0,469,644,72.8,7069,2171,280,337,83.1,130,181,71.8,40,73,54.8,2,2.3,2.8,-0.3,25,55,22,10,97,11,16.7,4,6,1,3,18,15,14,1,13,18,29,3,0,Matches,644,619,22,5,0,6,70,5,12,2,10,0,469,3,23,2,0,0,30,35,5,70,18,6,0,0,0,118,13,30,30.2,Spain
Nacho,es ESP,DF,Real Madrid,27,1990,23.0,1064,1195,89.0,17838,6173,516,552,93.5,433,477,90.8,90,120,75.0,0,0.3,0.5,-0.3,5,46,5,3,70,55,52.6,29,19,7,20,38,18,21,9,12,46,101,51,0,Matches,1195,1095,94,38,1,6,23,56,0,0,0,0,1064,6,11,7,0,0,33,28,0,23,46,40,0,1,1,126,34,25,57.6,Spain
Nacho Gil,es ESP,"FW,MF",Las Palmas,21,1995,8.1,223,296,75.3,3141,919,137,160,85.6,53,68,77.9,15,38,39.5,0,1.0,1.4,-1.0,10,14,4,1,24,10,23.8,6,2,2,5,21,16,9,0,9,6,16,2,0,Matches,296,255,41,7,0,0,35,5,29,17,10,0,223,0,9,1,0,0,14,22,0,35,6,6,0,0,0,32,7,8,46.7,Spain
Nacho Gil,es ESP,MF,Valencia,21,1995,2.5,68,90,75.6,1048,402,37,43,86.0,20,23,87.0,7,12,58.3,1,0.4,0.5,+0.6,2,7,2,0,10,6,12.5,2,4,0,1,8,7,6,0,6,2,8,2,0,Matches,90,79,10,2,0,0,11,1,7,2,4,1,68,1,5,0,0,0,6,11,2,11,2,1,1,0,0,11,1,1,50.0,Spain
Nacho Vidal,es ESP,DF,Valencia,22,1995,5.0,176,221,79.6,2842,1050,97,107,90.7,64,81,79.0,12,24,50.0,0,0.0,0.2,0.0,1,11,2,2,12,17,63.6,15,1,1,14,22,8,5,2,3,10,27,18,0,Matches,221,182,39,6,0,0,6,33,0,0,0,0,176,0,5,1,0,0,5,3,0,6,10,14,0,0,0,23,4,5,44.4,Spain
Naldo,br BRA,DF,Espanyol,28,1988,10.2,360,434,82.9,7538,2430,99,109,90.8,206,229,90.0,53,85,62.4,0,0.0,0.1,0.0,0,7,1,0,9,14,50.0,12,1,1,5,10,5,13,10,3,16,30,57,1,Matches,434,415,18,17,0,4,0,1,0,0,0,0,360,1,5,2,0,0,7,0,1,0,16,8,0,1,0,45,24,20,54.5,Spain
Nano,es ESP,FW,Levante,22,1995,3.1,36,59,61.0,564,121,16,24,66.7,16,21,76.2,2,3,66.7,0,0.0,0.1,0.0,1,1,2,0,4,7,100.0,2,4,1,1,1,0,4,0,4,0,7,0,0,Matches,59,53,5,0,0,0,0,1,0,0,0,0,36,1,5,2,0,0,8,4,5,0,0,6,0,0,0,14,3,7,30.0,Spain
Naranjo,es ESP,"MF,FW",Leganés,23,1994,6.2,111,159,69.8,1661,413,62,76,81.6,28,36,77.8,11,25,44.0,0,0.4,0.5,-0.4,7,9,1,0,10,17,33.3,3,12,2,4,12,8,11,1,10,3,20,4,0,Matches,159,136,19,10,0,1,15,0,9,8,1,0,111,4,6,2,0,0,12,3,2,15,3,10,0,0,0,24,7,9,43.8,Spain
Nemanja Maksimović,rs SRB,MF,Valencia,22,1995,6.2,216,258,83.7,3422,753,113,129,87.6,80,93,86.0,17,27,63.0,0,0.4,0.2,-0.4,9,11,7,1,22,21,50.0,10,8,3,8,16,8,15,6,9,16,37,8,0,Matches,258,255,2,2,0,2,5,0,0,0,0,0,216,1,1,1,0,0,5,2,0,5,16,13,0,0,0,29,13,17,43.3,Spain
Nemanja Radoja,rs SRB,MF,Celta Vigo,24,1993,12.3,523,611,85.6,8770,1890,247,281,87.9,223,250,89.2,39,51,76.5,1,0.6,0.5,+0.4,7,51,5,1,62,18,37.5,6,8,4,3,8,5,8,2,6,10,28,11,0,Matches,611,597,13,13,0,3,4,0,0,0,0,0,523,1,8,3,0,0,11,15,1,4,10,16,0,0,0,64,19,14,57.6,Spain
Nereo Champagne,ar ARG,GK,Leganés,32,1985,2.0,32,58,55.2,1424,1353,1,1,100.0,5,5,100.0,26,51,51.0,0,0.0,0.0,0.0,0,1,0,0,0,0,,0,0,0,0,0,0,0,0,0,0,0,3,0,Matches,58,29,28,9,0,0,0,0,0,0,0,0,32,1,0,0,0,0,0,0,0,0,0,0,0,0,0,3,0,0,,Spain
Neto,br BRA,GK,Valencia,28,1989,33.0,484,820,59.0,16966,14248,56,57,98.2,198,203,97.5,227,555,40.9,0,0.0,0.0,0.0,0,1,0,0,0,1,50.0,1,0,0,1,2,1,1,0,1,1,2,8,3,Matches,820,417,401,124,0,0,0,0,0,0,0,0,484,2,0,2,0,0,0,4,0,0,1,1,0,0,0,22,6,0,100.0,Spain
Nicola Sansone,it ITA,"FW,MF",Villarreal,25,1991,7.1,177,239,74.1,2538,596,112,135,83.0,44,60,73.3,12,18,66.7,1,1.3,1.1,-0.3,13,14,7,1,17,8,11.8,2,4,2,2,17,15,1,0,1,1,9,2,0,Matches,239,211,24,3,1,2,17,2,9,4,0,1,177,4,10,1,0,0,3,12,9,17,1,4,1,0,0,31,1,7,12.5,Spain
Nicolás Gaitán,ar ARG,"MF,FW",Atlético Madrid,29,1988,2.4,75,104,72.1,1041,382,47,56,83.9,17,25,68.0,4,11,36.4,0,0.4,0.5,-0.4,5,7,0,0,7,9,33.3,3,5,1,3,9,6,2,0,2,1,10,3,0,Matches,104,95,8,2,0,1,9,1,5,1,4,0,75,1,3,0,0,0,1,4,1,9,1,6,0,0,0,11,4,7,36.4,Spain
Nicolás Pareja,ar ARG,DF,Sevilla,33,1984,4.5,197,228,86.4,4155,1684,70,74,94.6,86,97,88.7,37,53,69.8,0,0.1,0.1,-0.1,1,15,0,0,11,11,60.0,7,3,1,3,5,2,8,1,7,13,24,24,0,Matches,228,214,14,14,1,1,0,0,0,0,0,0,197,0,0,2,0,0,10,2,0,0,13,8,0,0,0,18,14,4,77.8,Spain
Nolito,es ESP,"FW,MF",Sevilla,30,1986,17.8,461,654,70.5,7015,2553,271,320,84.7,148,200,74.0,31,72,43.1,5,4.0,4.1,+1.0,32,38,42,3,94,49,42.4,21,21,7,14,33,19,17,2,15,10,59,17,0,Matches,654,607,37,5,9,3,27,11,20,8,2,0,461,10,29,4,0,0,17,24,20,27,10,36,0,0,0,97,13,19,40.6,Spain
Nordin Amrabat,ma MAR,"FW,MF",Leganés,30,1987,18.0,296,481,61.5,4395,981,173,215,80.5,95,151,62.9,16,49,32.7,4,3.2,2.1,+0.8,23,20,17,5,50,19,29.4,5,10,4,5,17,12,13,0,13,5,24,2,0,Matches,481,450,24,0,5,3,61,13,2,1,0,0,296,7,23,6,1,1,54,36,25,61,5,10,0,1,0,76,12,23,34.3,Spain
Nélson Semedo,pt POR,DF,Barcelona,23,1993,16.6,1000,1148,87.1,13975,3939,618,656,94.2,280,330,84.8,53,80,66.3,0,1.2,1.3,-1.2,11,61,14,1,62,34,58.6,19,11,4,17,29,12,16,2,14,22,56,26,1,Matches,1148,972,176,21,1,5,15,155,0,0,0,0,1000,0,25,1,0,0,12,21,3,15,22,25,1,0,0,103,7,7,50.0,Spain
Oghenekaro Etebo,ng NGA,MF,Las Palmas,21,1995,13.5,540,639,84.5,9926,2389,226,255,88.6,231,254,90.9,67,94,71.3,1,0.4,0.4,+0.6,7,52,7,1,62,24,46.2,9,12,3,12,26,14,17,3,14,27,51,10,0,Matches,639,612,22,18,2,13,4,2,2,1,0,0,540,5,6,3,0,0,21,46,1,4,27,17,0,0,0,90,11,14,44.0,Spain
Oier Olazábal,es ESP,GK,Levante,27,1989,26.0,383,727,52.7,14832,12804,15,15,100.0,134,142,94.4,233,568,41.0,0,0.0,0.0,0.0,0,22,0,0,0,0,0.0,0,0,0,0,2,2,1,0,1,1,1,12,3,Matches,727,408,318,93,0,0,0,0,0,0,0,0,383,1,0,2,0,0,2,4,0,0,1,0,0,1,0,20,3,1,75.0,Spain
Olarenwaju Kayode,ng NGA,"FW,MF",Girona,24,1993,4.3,36,58,62.1,574,50,19,29,65.5,7,14,50.0,6,6,100.0,0,1.0,0.4,-1.0,5,0,1,0,2,3,0.0,1,2,0,0,4,4,1,0,1,1,4,0,0,Matches,58,54,4,0,2,1,4,0,0,0,0,0,36,0,3,2,0,0,11,11,5,4,1,3,2,0,0,14,5,7,41.7,Spain
Omar Ramos,es ESP,"FW,MF",Leganés,29,1988,16.1,362,512,70.7,5745,1590,212,246,86.2,103,140,73.6,35,95,36.8,1,1.8,1.8,-0.8,22,29,18,8,47,22,40.9,6,8,8,9,22,13,16,1,15,14,36,15,0,Matches,512,457,52,21,3,7,76,7,24,11,7,1,362,3,12,3,0,0,14,18,2,76,14,14,0,0,0,75,15,20,42.9,Spain
Ousmane Dembélé,fr FRA,"FW,MF",Barcelona,20,1997,10.3,391,505,77.4,5835,1462,227,262,86.6,111,145,76.6,33,46,71.7,6,3.7,3.6,+2.3,28,29,27,3,55,10,7.7,2,5,3,1,13,12,8,0,8,5,15,2,0,Matches,505,463,36,4,3,2,45,5,27,1,18,0,391,6,18,2,0,0,10,18,3,45,5,7,0,1,0,37,1,5,16.7,Spain
Oussama Tannane,ma MAR,FW,Las Palmas,23,1994,6.4,183,251,72.9,2774,724,106,124,85.5,59,78,75.6,13,29,44.8,0,1.0,0.6,-1.0,8,11,5,1,17,15,58.3,6,8,1,7,12,5,5,0,5,5,20,0,0,Matches,251,215,33,4,2,1,21,8,21,12,0,0,183,3,8,1,0,0,15,17,1,21,5,13,0,0,0,24,1,3,25.0,Spain
Pablo Fornals,es ESP,"MF,FW",Villarreal,21,1996,29.1,1047,1373,76.3,17421,4820,544,646,84.2,363,458,79.3,110,170,64.7,12,8.6,3.8,+3.4,52,125,40,6,171,52,30.0,19,26,7,18,60,42,29,3,26,22,74,18,0,Matches,1373,1339,21,6,17,19,30,4,9,3,4,0,1047,13,43,4,0,0,34,32,2,30,22,33,0,0,0,195,28,35,44.4,Spain
Pablo Hernández,cl CHI,MF,Celta Vigo,30,1986,20.2,1033,1238,83.4,19206,5783,440,506,87.0,428,488,87.7,145,194,74.7,2,1.3,1.1,+0.7,14,125,14,3,152,48,30.4,17,27,4,14,46,32,29,11,18,40,88,72,0,Matches,1238,1199,38,36,4,14,7,2,0,0,0,0,1033,1,9,4,0,0,54,62,8,7,40,33,0,1,0,166,78,53,59.5,Spain
Pablo Maffeo,es ESP,DF,Girona,20,1997,29.4,879,1240,70.9,14966,4211,440,511,86.1,322,445,72.4,92,221,41.6,1,3.1,2.6,-2.1,28,55,31,21,70,74,51.0,39,23,12,25,49,24,28,7,21,50,124,82,0,Matches,1240,953,282,8,1,5,112,272,2,0,0,0,879,5,23,10,0,0,30,35,1,112,50,55,1,1,0,165,59,34,63.4,Spain
Pablo Piatti,ar ARG,"MF,FW",Espanyol,28,1989,19.3,428,679,63.0,6722,2430,249,305,81.6,105,175,60.0,51,125,40.8,3,4.1,4.4,-1.1,43,35,26,15,57,45,29.8,14,21,10,17,57,40,28,3,25,22,67,16,0,Matches,679,570,103,31,1,3,145,7,63,28,33,0,428,6,30,0,0,0,35,52,7,145,22,32,1,0,0,107,23,46,33.3,Spain
Pablo Sarabia,es ESP,"FW,MF",Sevilla,25,1992,26.6,865,1178,73.4,12670,4209,510,589,86.6,256,343,74.6,55,134,41.0,5,6.5,5.6,-1.5,46,68,55,12,136,27,22.4,10,13,4,11,49,38,39,1,38,30,57,34,1,Matches,1178,1057,113,20,8,3,113,48,45,20,16,0,865,8,45,8,1,1,46,41,20,113,30,19,0,0,0,133,12,28,30.0,Spain
Paco Alcácer,es ESP,"MF,FW",Barcelona,23,1993,7.7,188,234,80.3,2272,421,116,134,86.6,46,56,82.1,5,11,45.5,3,2.1,1.6,+0.9,10,7,8,1,13,4,0.0,0,2,2,0,6,6,5,0,5,11,15,3,0,Matches,234,224,8,0,3,0,6,3,3,2,0,1,188,2,5,0,0,0,2,9,7,6,11,3,0,0,0,28,7,17,29.2,Spain
Papakouli Diop,sn SEN,MF,Eibar,31,1986,10.4,340,449,75.7,6280,1795,130,162,80.2,158,192,82.3,43,74,58.1,0,0.2,0.5,-0.2,4,52,7,2,65,26,42.3,6,16,4,11,26,15,3,0,3,13,39,10,0,Matches,449,433,16,14,1,4,5,2,0,0,0,0,340,0,3,5,0,0,25,21,0,5,13,20,0,0,0,69,29,29,50.0,Spain
Papakouli Diop,sn SEN,MF,Espanyol,31,1986,2.9,63,80,78.8,1074,300,27,32,84.4,28,33,84.8,5,10,50.0,0,0.0,0.0,0.0,2,13,0,0,9,5,0.0,1,3,1,0,3,3,5,2,3,6,11,6,0,Matches,80,79,1,1,0,1,0,0,0,0,0,0,63,0,1,2,0,0,11,5,0,0,6,3,0,0,0,18,4,3,57.1,Spain
Pau López,es ESP,GK,Espanyol,22,1994,28.5,465,817,56.9,17532,14632,34,34,100.0,184,188,97.9,246,591,41.6,0,0.1,0.0,-0.1,2,16,0,0,0,0,,0,0,0,0,0,0,0,0,0,1,1,15,2,Matches,817,485,330,93,0,0,0,0,0,0,0,0,465,2,1,3,0,0,0,5,0,0,1,0,0,0,0,27,7,1,87.5,Spain
Pau Torres,es ESP,DF,Villarreal,20,1997,0.6,20,32,62.5,428,175,6,9,66.7,10,12,83.3,4,8,50.0,0,0.0,0.0,0.0,0,0,0,0,2,0,0.0,0,0,0,0,1,1,1,1,0,0,0,4,0,Matches,32,29,2,2,1,0,0,0,0,0,0,0,20,1,2,0,0,0,2,0,0,0,0,0,0,0,0,5,3,2,60.0,Spain
Paul Baysse,fr FRA,DF,Málaga,29,1988,13.8,448,549,81.6,9290,3165,141,159,88.7,238,273,87.2,66,110,60.0,0,0.0,0.0,0.0,0,13,0,0,25,25,58.8,21,3,1,10,17,7,10,6,4,20,45,84,0,Matches,549,517,32,30,0,7,0,2,0,0,0,0,448,0,1,1,0,0,20,7,3,0,20,16,0,0,0,56,34,22,60.7,Spain
Paulinho,br BRA,MF,Barcelona,29,1988,21.6,1074,1231,87.2,14866,3366,615,679,90.6,324,366,88.5,47,58,81.0,2,2.7,1.7,-0.7,13,79,9,0,105,39,28.9,17,15,7,11,38,27,25,3,22,15,54,16,1,Matches,1231,1209,17,14,2,2,3,3,0,0,0,0,1074,5,17,2,0,0,32,33,4,3,15,28,0,0,0,112,29,35,45.3,Spain
Paulo Oliveira,pt POR,DF,Eibar,25,1992,24.6,658,897,73.4,14770,5154,162,200,81.0,344,423,81.3,143,254,56.3,0,0.3,0.2,-0.3,5,60,2,1,67,41,72.7,28,13,0,16,22,6,23,9,14,62,103,140,0,Matches,897,863,32,26,1,12,1,6,0,0,0,0,658,2,4,3,0,0,15,12,0,1,62,22,0,0,1,115,70,62,53.0,Spain
Pedro Alcalá,es ESP,DF,Girona,28,1989,7.7,208,295,70.5,4905,1524,50,59,84.7,111,134,82.8,46,93,49.5,0,0.2,0.1,-0.2,1,24,1,0,24,9,33.3,5,4,0,1,3,2,7,3,4,14,23,41,0,Matches,295,279,13,13,0,18,4,0,0,0,0,0,208,3,3,4,0,0,11,3,2,4,14,5,0,0,0,26,19,11,63.3,Spain
Pedro Bigas,es ESP,DF,Las Palmas,26,1990,9.9,522,596,87.6,9370,3911,236,258,91.5,224,241,92.9,56,82,68.3,0,0.3,0.2,-0.3,5,24,2,0,32,14,53.8,10,4,0,7,13,6,18,11,7,16,30,41,2,Matches,596,566,28,22,0,10,0,6,0,0,0,0,522,2,7,3,0,0,12,6,1,0,16,9,0,0,0,53,11,6,64.7,Spain
Pedro León,es ESP,"FW,MF",Eibar,30,1986,10.3,231,429,53.8,3879,1416,130,163,79.8,57,102,55.9,35,128,27.3,3,2.1,1.9,+0.9,27,18,17,13,28,9,0.0,0,2,7,0,4,4,18,2,16,9,18,5,0,Matches,429,318,107,33,0,6,133,6,68,29,37,0,231,4,16,1,0,0,12,10,3,133,9,4,0,0,0,36,10,18,35.7,Spain
Pedro López,es ESP,GK,Betis,22,1995,4.6,144,182,79.1,3550,2789,30,30,100.0,74,76,97.4,40,76,52.6,0,0.0,0.0,0.0,0,0,0,0,0,0,,0,0,0,0,0,0,1,0,1,0,0,3,0,Matches,182,130,52,13,0,0,0,0,0,0,0,0,144,0,0,0,0,0,0,0,0,0,0,0,0,0,0,10,0,0,,Spain
Pedro López Muñoz,es ESP,DF,Levante,33,1983,17.7,612,830,73.7,9652,4361,323,365,88.5,234,316,74.1,45,113,39.8,0,0.3,0.6,-0.3,7,40,11,7,56,33,56.7,21,10,2,17,30,13,22,7,15,26,59,45,0,Matches,830,614,215,15,0,3,53,200,0,0,0,0,612,1,21,4,0,0,19,29,4,53,26,23,0,0,0,89,8,23,25.8,Spain
Pedro Mosquera,es ESP,MF,La Coruña,29,1988,15.5,574,727,79.0,11023,3892,252,294,85.7,210,245,85.7,97,149,65.1,2,1.3,0.6,+0.7,9,84,9,1,84,48,34.2,15,29,4,13,38,25,26,6,20,23,71,38,0,Matches,727,697,25,21,1,13,11,4,0,0,0,0,574,5,14,7,0,0,32,12,0,11,23,31,0,1,0,114,23,34,40.4,Spain
Pere Pons,es ESP,MF,Girona,24,1993,28.4,824,1033,79.8,13993,3850,404,471,85.8,327,394,83.0,74,108,68.5,2,1.1,0.8,+0.9,11,86,7,1,116,80,26.4,28,48,4,23,87,64,28,3,25,30,110,25,0,Matches,1033,1019,11,9,4,11,3,2,0,0,0,0,824,3,25,8,0,0,59,35,0,3,30,54,0,1,0,176,24,43,35.8,Spain
Philippe Coutinho,br BRA,"MF,FW",Barcelona,25,1992,14.4,728,877,83.0,9986,2462,429,470,91.3,192,224,85.7,44,83,53.0,5,4.2,5.0,+0.8,29,62,29,2,99,27,28.1,8,14,5,9,32,23,14,0,14,6,33,4,0,Matches,877,802,70,11,10,6,51,7,52,28,9,0,728,5,18,1,0,0,12,32,8,51,6,14,0,0,0,70,5,6,45.5,Spain
Pione Sisto,dk DEN,"FW,MF",Celta Vigo,22,1995,28.0,863,1075,80.3,14422,3380,472,532,88.7,254,314,80.9,108,169,63.9,10,5.1,5.0,+4.9,41,65,48,17,108,18,27.3,8,6,4,9,33,24,12,1,11,12,30,7,1,Matches,1075,1010,60,22,6,18,78,12,26,10,4,0,863,5,20,2,0,0,15,74,10,78,12,12,0,0,0,155,1,15,6.3,Spain
Portu,es ESP,MF,Girona,25,1992,33.3,477,672,71.0,7134,1785,273,331,82.5,159,214,74.3,25,51,49.0,5,5.6,6.3,-0.6,39,50,33,15,74,30,24.2,9,11,10,8,33,25,14,0,14,12,42,1,0,Matches,672,655,13,2,5,4,72,9,0,0,0,0,477,4,35,4,0,0,54,55,23,72,12,24,1,0,0,140,17,77,18.1,Spain
Przemysław Tytoń,pl POL,GK,La Coruña,30,1987,1.1,17,28,60.7,508,358,1,1,100.0,9,9,100.0,7,18,38.9,0,0.0,0.0,0.0,0,0,0,0,0,0,,0,0,0,0,0,0,0,0,0,0,0,0,0,Matches,28,13,15,5,0,0,0,0,0,0,0,0,17,0,0,0,0,0,0,0,0,0,0,0,0,0,0,0,0,0,,Spain
Rafa Navarro,es ESP,DF,Betis,23,1994,1.5,73,82,89.0,1064,303,43,46,93.5,24,27,88.9,4,6,66.7,0,0.3,0.1,-0.3,2,3,2,0,6,3,0.0,3,0,0,0,4,4,0,0,0,1,4,6,0,Matches,82,74,8,2,0,0,2,6,0,0,0,0,73,0,0,0,0,0,2,3,0,2,1,2,0,0,0,6,1,3,25.0,Spain
Ramiro Guerra,uy URU,MF,Villarreal,20,1997,0.8,26,32,81.3,381,107,15,16,93.8,9,12,75.0,2,3,66.7,0,0.1,0.1,-0.1,1,1,1,1,2,3,66.7,1,0,2,2,3,1,0,0,0,0,3,2,0,Matches,32,32,0,0,0,0,1,0,0,0,0,0,26,0,0,1,0,0,1,2,0,1,0,2,0,0,0,4,0,0,,Spain
Raphaël Varane,fr FRA,DF,Real Madrid,24,1993,25.8,1211,1339,90.4,24144,8452,434,460,94.3,591,635,93.1,169,214,79.0,1,0.5,0.2,+0.5,6,86,2,0,66,28,53.3,20,7,1,8,15,7,27,10,17,33,61,109,2,Matches,1339,1280,54,51,0,25,1,3,0,0,0,0,1211,5,4,3,0,0,19,12,0,1,33,19,0,0,0,143,49,27,64.5,Spain
Raúl Albentosa,es ESP,DF,La Coruña,28,1988,19.4,607,775,78.3,14038,5509,136,162,84.0,334,386,86.5,135,214,63.1,0,0.2,0.2,-0.2,3,28,1,0,27,13,35.0,9,4,0,7,20,13,26,19,7,26,39,92,1,Matches,775,738,34,33,1,12,2,1,0,0,0,0,607,3,8,5,0,0,15,14,1,2,26,6,0,1,0,73,39,18,68.4,Spain
Raúl Fernández,es ESP,GK,Levante,29,1988,11.0,174,325,53.5,8144,7283,3,3,100.0,39,40,97.5,132,279,47.3,0,0.0,0.0,0.0,0,16,0,0,0,0,,0,0,0,0,0,0,1,0,1,0,0,10,1,Matches,325,170,153,58,0,0,0,0,0,0,0,0,174,2,1,0,0,0,0,2,0,0,0,0,0,0,0,9,2,0,100.0,Spain
Raúl García,es ESP,"MF,FW",Athletic Club,31,1986,29.2,498,901,55.3,7630,2785,279,426,65.5,158,271,58.3,39,102,38.2,1,3.5,3.2,-2.5,23,78,25,7,110,82,36.6,28,36,18,26,71,45,55,3,52,30,112,23,0,Matches,901,877,9,3,9,7,40,0,0,0,0,0,498,15,43,10,0,0,79,74,16,40,30,51,2,0,0,121,121,87,58.2,Spain
Raúl García,es ESP,DF,Leganés,28,1989,15.5,455,682,66.7,7447,3703,255,293,87.0,142,204,69.6,49,144,34.0,2,2.2,2.5,-0.2,25,29,9,9,36,34,60.0,24,9,1,18,30,12,18,3,15,19,53,50,1,Matches,682,482,196,51,1,4,74,128,17,9,7,0,455,4,24,1,0,0,10,17,0,74,19,25,0,0,0,94,13,15,46.4,Spain
Raúl Lizoain,es ESP,GK,Las Palmas,26,1991,11.0,296,383,77.3,7746,5614,34,34,100.0,182,187,97.3,79,160,49.4,0,0.0,0.0,0.0,0,0,0,0,0,1,33.3,1,0,0,1,3,2,0,0,0,1,2,2,3,Matches,383,254,128,34,0,1,0,0,0,0,0,0,296,1,0,0,0,0,0,3,0,0,1,0,0,0,0,19,0,0,,Spain
Raúl Navas,es ESP,DF,Real Sociedad,29,1988,19.9,1054,1230,85.7,22969,7664,281,303,92.7,567,621,91.3,198,277,71.5,1,0.5,0.6,+0.5,4,34,1,0,53,22,53.8,18,4,0,14,26,12,23,13,10,30,52,73,0,Matches,1230,1175,47,44,2,20,1,3,0,0,0,0,1054,8,7,4,0,0,13,6,0,1,30,15,0,0,0,120,40,21,65.6,Spain
Recio,es ESP,MF,Málaga,26,1991,20.4,812,1027,79.1,13953,4200,397,455,87.3,285,343,83.1,95,161,59.0,2,2.1,1.9,-0.1,24,81,13,2,97,54,27.4,26,23,5,17,62,45,15,3,12,30,84,17,0,Matches,1027,905,115,73,5,13,68,0,40,21,14,0,812,7,18,11,1,1,42,44,1,68,30,42,0,0,0,145,21,21,50.0,Spain
Riza Durmisi,dk DEN,DF,Betis,23,1994,23.1,856,1069,80.1,12924,3616,487,518,94.0,311,394,78.9,39,103,37.9,3,2.6,2.3,+0.4,18,43,14,4,60,39,55.6,24,14,1,10,18,8,18,7,11,15,54,65,1,Matches,1069,880,186,11,1,2,68,172,3,1,1,0,856,3,22,4,0,0,15,10,2,68,15,21,0,0,0,89,6,16,27.3,Spain
Rober,es ESP,"DF,MF",Levante,22,1995,21.2,555,680,81.6,10831,4125,204,234,87.2,277,316,87.7,71,110,64.5,0,0.5,0.1,-0.5,2,34,0,0,45,35,53.1,27,8,0,17,32,15,29,18,11,41,76,75,1,Matches,680,649,29,25,0,9,3,4,0,0,0,0,555,2,12,4,0,0,18,7,0,3,41,22,0,1,1,125,16,24,40.0,Spain
Roberto,es ESP,GK,Málaga,31,1986,34.0,519,998,52.0,21747,18799,24,24,100.0,165,168,98.2,330,804,41.0,0,0.1,0.1,-0.1,2,18,0,0,0,0,,0,0,0,0,0,0,0,0,0,2,2,15,0,Matches,998,556,440,161,0,1,0,0,0,0,0,0,519,2,0,0,0,0,1,3,0,0,2,0,0,0,0,35,13,1,92.9,Spain
Roberto Rosales,ve VEN,DF,Málaga,28,1988,34.7,1359,1936,70.2,24397,12465,673,783,86.0,467,664,70.3,194,393,49.4,0,3.8,3.7,-3.8,54,132,36,25,153,104,59.5,52,40,12,50,84,34,37,13,24,58,162,104,1,Matches,1936,1481,442,52,0,17,168,345,44,23,19,1,1359,13,52,10,0,0,47,22,3,168,58,69,1,2,0,245,49,47,51.0,Spain
Roberto Soriano,it ITA,"MF,FW",Villarreal,26,1991,12.7,395,511,77.3,5515,1416,249,293,85.0,113,138,81.9,16,29,55.2,0,0.7,0.8,-0.7,13,38,11,4,49,30,18.8,10,16,4,3,16,13,14,0,14,4,34,9,0,Matches,511,496,8,2,3,2,18,2,3,0,1,0,395,7,18,3,0,0,36,32,7,18,4,20,0,0,0,66,12,24,33.3,Spain
Rodri,es ESP,MF,Villarreal,21,1996,35.9,2227,2483,89.7,40468,11625,975,1067,91.4,953,1039,91.7,265,308,86.0,3,1.7,1.3,+1.3,23,162,5,0,208,104,34.9,50,48,6,30,86,56,49,21,28,52,156,100,1,Matches,2483,2412,66,66,3,20,5,0,0,0,0,0,2227,5,22,8,0,0,77,35,2,5,52,71,0,0,0,320,98,35,73.7,Spain
Rodrigo,es ESP,FW,Valencia,26,1991,29.8,688,928,74.1,10085,2192,370,453,81.7,221,299,73.9,46,80,57.5,4,4.0,2.9,0.0,35,74,28,4,116,23,14.3,9,12,2,3,21,18,14,2,12,17,40,11,1,Matches,928,900,21,3,12,12,26,3,2,0,0,0,688,7,25,4,0,0,28,40,20,26,17,13,2,0,0,86,34,46,42.5,Spain
Rodrigo Ely,br BRA,DF,Alavés,23,1993,29.9,753,1040,72.4,16921,6729,199,250,79.6,396,475,83.4,152,292,52.1,0,0.4,0.2,-0.4,2,40,1,0,46,32,55.9,26,6,0,19,34,15,45,36,9,50,82,183,0,Matches,1040,951,81,75,2,19,1,6,0,0,0,0,753,8,6,11,1,1,29,19,2,1,50,18,0,3,0,128,109,45,70.8,Spain
Roger Martí,es ESP,FW,Levante,26,1991,10.7,138,197,70.1,1920,568,87,106,82.1,35,53,66.0,9,16,56.3,2,1.5,0.8,+0.5,10,14,7,1,24,8,15.4,2,5,1,2,13,11,11,0,11,1,9,5,0,Matches,197,185,11,0,2,0,6,0,0,0,0,0,138,1,9,4,0,0,17,14,5,6,1,4,0,0,0,34,9,22,29.0,Spain
Roger Martínez,co COL,FW,Villarreal,23,1994,2.6,45,62,72.6,578,85,33,40,82.5,8,12,66.7,2,6,33.3,0,0.0,0.1,0.0,0,4,1,0,4,1,0.0,0,1,0,0,2,2,2,0,2,0,1,1,0,Matches,62,61,1,0,0,1,2,0,0,0,0,0,45,0,1,1,0,0,6,10,1,2,0,1,0,0,0,7,5,5,50.0,Spain
Roque Mesa,es ESP,MF,Sevilla,28,1989,3.8,202,223,90.6,3329,851,99,107,92.5,72,80,90.0,22,23,95.7,0,0.4,0.3,-0.4,5,21,3,1,18,13,75.0,2,7,4,6,8,2,3,2,1,0,13,5,0,Matches,223,215,6,5,0,2,1,0,1,0,0,0,202,2,2,2,0,0,10,6,0,1,0,10,0,0,0,21,1,3,25.0,Spain
Rubén,es ESP,GK,La Coruña,33,1984,27.5,442,712,62.1,16078,12538,44,45,97.8,159,160,99.4,237,501,47.3,0,0.0,0.0,0.0,0,10,0,0,0,1,33.3,1,0,0,1,3,2,0,0,0,1,2,5,4,Matches,712,392,316,82,0,1,0,0,0,0,0,0,442,4,0,3,0,0,0,5,0,0,1,0,0,0,0,19,5,1,83.3,Spain
Rubén Blanco,es ESP,GK,Celta Vigo,22,1995,21.6,507,819,61.9,16518,11951,22,22,100.0,277,281,98.6,208,507,41.0,0,0.0,0.0,0.0,0,12,0,0,1,0,0.0,0,0,0,0,2,2,1,0,1,3,3,16,1,Matches,819,602,209,58,0,0,0,0,0,0,0,0,507,8,1,3,1,0,1,0,0,0,3,0,0,0,0,22,6,0,100.0,Spain
Rubén Castro,es ESP,FW,Betis,36,1981,4.0,49,59,83.1,694,132,26,29,89.7,13,14,92.9,4,5,80.0,1,0.6,0.2,+0.4,2,2,0,0,6,1,,0,0,1,0,0,0,0,0,0,0,1,2,0,Matches,59,51,8,0,2,0,0,1,0,0,0,0,49,0,3,0,0,0,1,5,6,0,0,1,0,0,0,10,1,4,20.0,Spain
Rubén Duarte,es ESP,DF,Alavés,21,1995,23.8,670,968,69.2,10762,5136,371,441,84.1,221,327,67.6,59,154,38.3,2,1.6,1.6,+0.4,19,42,22,14,74,76,59.3,42,27,7,35,59,24,40,10,30,44,120,94,0,Matches,968,697,257,11,0,3,54,246,0,0,0,0,670,14,11,9,1,1,47,35,1,54,44,40,0,2,0,110,25,23,52.1,Spain
Rubén Pardo,es ESP,MF,Real Sociedad,24,1992,2.5,107,140,76.4,1977,588,44,50,88.0,48,57,84.2,12,25,48.0,1,0.6,0.3,+0.4,4,10,3,0,16,1,50.0,0,1,0,1,2,1,5,0,5,5,6,1,0,Matches,140,129,11,6,1,3,8,0,5,4,0,0,107,0,1,0,1,0,1,1,0,8,5,0,0,0,0,24,3,0,100.0,Spain
Rubén Peña,es ESP,"DF,MF",Eibar,26,1991,19.2,664,955,69.5,11799,4717,315,399,78.9,241,328,73.5,89,170,52.4,0,1.0,1.8,-1.0,17,65,21,13,78,41,47.6,20,17,4,20,42,22,24,6,18,30,71,31,0,Matches,955,790,160,4,0,4,70,154,0,0,0,0,664,5,28,1,0,0,15,18,5,70,30,28,0,0,0,130,14,21,40.0,Spain
Rubén Pérez,es ESP,MF,Leganés,28,1989,28.0,1140,1500,76.0,23886,8306,417,507,82.2,487,583,83.5,216,346,62.4,0,0.8,0.9,-0.8,14,168,8,0,161,99,47.5,47,48,4,48,101,53,30,5,25,77,176,40,0,Matches,1500,1442,50,49,5,40,2,1,0,0,0,0,1140,8,25,13,0,0,44,47,0,2,77,61,0,0,0,311,38,24,61.3,Spain
Rubén Rochina,es ESP,"MF,DF",Levante,26,1991,1.7,62,86,72.1,1167,475,25,30,83.3,25,31,80.6,9,14,64.3,0,0.0,0.1,0.0,1,14,6,0,15,8,66.7,5,2,1,4,6,2,0,0,0,2,10,0,0,Matches,86,79,3,3,0,1,1,0,0,0,0,0,62,4,3,0,1,0,2,4,0,1,2,5,0,0,0,12,0,2,0.0,Spain
Rubén Sobrino,es ESP,"FW,MF",Alavés,25,1992,16.3,290,407,71.3,3622,774,193,239,80.8,62,93,66.7,11,21,52.4,2,1.2,0.9,+0.8,21,19,8,3,29,33,22.2,12,16,5,6,27,21,19,2,17,18,51,10,0,Matches,407,396,7,0,0,1,13,1,0,0,0,0,290,4,14,5,0,0,37,32,6,13,18,24,0,0,0,76,54,68,44.3,Spain
Ryad Boudebouz,dz ALG,"MF,FW",Betis,27,1990,15.1,661,862,76.7,10048,2252,373,437,85.4,199,258,77.1,54,104,51.9,3,2.5,2.6,+0.5,26,55,12,1,75,32,23.1,6,21,5,6,26,20,18,1,17,7,39,8,0,Matches,862,799,61,29,4,13,52,5,23,15,6,0,661,2,18,2,0,0,21,17,1,52,7,18,0,0,0,65,6,22,21.4,Spain
Róbert Mazáň,sk SVK,DF,Celta Vigo,23,1994,0.9,74,84,88.1,1274,436,32,35,91.4,38,41,92.7,4,6,66.7,0,0.0,0.1,0.0,1,5,2,2,10,0,0.0,0,0,0,0,1,1,1,0,1,2,2,0,0,Matches,84,75,9,2,0,1,3,7,0,0,0,0,74,0,1,0,0,0,2,0,0,3,2,0,0,0,0,5,1,0,100.0,Spain
Rúben Semedo,pt POR,"DF,MF",Villarreal,23,1994,2.6,78,89,87.6,1272,444,38,41,92.7,34,36,94.4,4,8,50.0,0,0.0,0.0,0.0,1,1,0,0,4,6,66.7,6,0,0,4,6,2,5,1,4,5,11,13,2,Matches,89,86,3,2,0,0,0,1,0,0,0,0,78,0,1,0,0,0,1,1,0,0,5,5,0,0,0,10,7,3,70.0,Spain
Rúben Vezo,pt POR,DF,Valencia,23,1994,17.3,630,825,76.4,11175,4877,261,301,86.7,305,378,80.7,52,103,50.5,0,0.2,0.4,-0.2,3,35,5,1,50,43,50.0,30,12,1,16,32,16,25,9,16,23,66,83,0,Matches,825,716,106,14,0,5,15,92,0,0,0,0,630,3,22,2,1,1,23,13,1,15,23,24,0,0,0,94,39,14,73.6,Spain
Sabin Merino,es ESP,"FW,MF",Athletic Club,25,1992,4.2,61,93,65.6,786,156,40,52,76.9,15,27,55.6,2,3,66.7,0,0.1,0.1,-0.1,2,4,1,0,7,7,37.5,2,3,2,3,8,5,6,2,4,1,8,10,0,Matches,93,91,2,0,0,0,4,0,0,0,0,0,61,0,4,1,0,0,7,6,2,4,1,3,1,0,0,25,12,13,48.0,Spain
Salem Al-Dawsari,sa KSA,MF,Villarreal,25,1991,0.4,15,17,88.2,221,36,10,10,100.0,4,5,80.0,1,1,100.0,0,0.0,0.0,0.0,0,1,0,0,0,1,100.0,0,1,0,1,1,0,1,0,1,0,1,0,0,Matches,17,17,0,0,0,0,0,0,0,0,0,0,15,0,1,1,0,0,1,1,1,0,0,0,0,0,0,7,0,0,,Spain
Samu Castillejo,es ESP,"MF,FW",Villarreal,22,1995,23.0,763,996,76.6,13006,3436,380,434,87.6,277,338,82.0,81,156,51.9,5,4.4,4.0,+0.6,43,58,32,8,111,41,21.0,22,10,9,13,62,49,39,5,34,22,63,37,0,Matches,996,875,111,34,7,15,97,4,73,32,13,0,763,10,26,4,0,0,42,66,7,97,22,28,2,0,0,121,15,41,26.8,Spain
Samu García,es ESP,"FW,MF",Levante,27,1990,2.1,40,70,57.1,490,111,28,40,70.0,7,13,53.8,2,2,100.0,0,0.2,0.1,-0.2,3,6,1,1,3,9,40.0,1,6,2,2,5,3,3,0,3,1,10,2,0,Matches,70,66,0,0,1,0,4,0,0,0,0,0,40,4,7,1,0,0,11,2,0,4,1,7,0,0,0,7,2,6,25.0,Spain
Samu García,es ESP,MF,Málaga,27,1990,2.0,29,48,60.4,350,88,19,27,70.4,8,12,66.7,0,4,0.0,1,0.1,0.1,+0.9,1,1,1,1,3,8,30.0,4,3,1,3,10,7,4,0,4,6,14,3,0,Matches,48,47,0,0,0,1,8,0,0,0,0,0,29,1,2,1,1,0,11,4,1,8,6,6,0,0,0,11,2,3,40.0,Spain
Samuel Umtiti,fr FRA,DF,Barcelona,23,1993,24.3,1483,1628,91.1,26965,9644,587,622,94.4,736,778,94.6,143,189,75.7,0,0.1,0.3,-0.1,1,115,1,0,112,50,69.0,35,15,0,20,29,9,25,17,8,37,87,72,3,Matches,1628,1570,56,48,0,9,0,8,0,0,0,0,1483,2,13,7,0,0,22,25,4,0,37,35,0,0,0,141,47,19,71.2,Spain
Sandro Ramírez,es ESP,"FW,MF",Sevilla,22,1995,8.0,198,259,76.4,2736,532,123,140,87.9,58,76,76.3,8,25,32.0,1,1.7,0.9,-0.7,9,5,8,0,19,8,14.3,1,5,2,1,7,6,2,0,2,4,12,2,0,Matches,259,243,16,0,1,2,18,3,10,9,1,0,198,0,7,0,0,0,17,22,5,18,4,8,1,0,0,25,4,9,30.8,Spain
Santi Mina,es ESP,FW,Valencia,21,1995,17.3,367,475,77.3,4992,872,235,288,81.6,86,116,74.1,22,33,66.7,2,1.6,1.6,+0.4,10,27,6,1,34,17,18.2,4,9,4,4,22,18,14,1,13,2,19,19,0,Matches,475,449,26,4,2,3,6,3,0,0,0,0,367,0,5,4,0,0,24,36,11,6,2,9,1,0,0,50,35,54,39.3,Spain
Saúl Ñíguez,es ESP,MF,Atlético Madrid,22,1994,35.1,1420,1750,81.1,21740,7111,802,910,88.1,464,580,80.0,102,154,66.2,3,2.8,1.9,+0.2,21,164,18,1,188,132,38.5,53,69,10,40,104,64,61,12,49,55,187,77,0,Matches,1750,1699,39,6,4,11,19,29,0,0,0,0,1420,12,27,9,0,0,67,35,5,19,55,90,1,0,0,237,75,97,43.6,Spain
Saša Lukić,rs SRB,MF,Levante,20,1996,11.0,289,345,83.8,4541,1376,138,157,87.9,118,132,89.4,17,30,56.7,1,1.6,1.2,-0.6,9,23,5,1,32,21,31.3,9,8,4,5,16,11,14,6,8,17,38,13,0,Matches,345,333,10,10,2,1,5,0,0,0,0,0,289,2,5,4,0,0,24,15,0,5,17,16,0,1,0,60,12,13,48.0,Spain
Sergi Darder,es ESP,MF,Espanyol,23,1993,30.9,1213,1506,80.5,21560,7141,574,646,88.9,448,539,83.1,154,235,65.5,2,2.4,2.5,-0.4,28,162,15,3,191,64,30.6,29,28,7,19,62,43,31,5,26,52,116,48,1,Matches,1506,1415,83,54,7,26,46,6,23,6,14,0,1213,8,27,7,0,0,36,31,0,46,52,43,0,0,0,187,16,21,43.2,Spain
Sergi Enrich,es ESP,FW,Eibar,27,1990,14.8,289,430,67.2,3759,477,194,275,70.5,58,86,67.4,16,25,64.0,1,1.7,1.0,-0.7,15,17,1,0,21,11,25.0,3,3,5,2,8,6,13,1,12,6,17,8,0,Matches,430,400,29,1,0,3,5,4,0,0,0,0,289,1,8,2,0,0,20,28,20,5,6,8,2,0,1,58,64,81,44.1,Spain
Sergi Gómez,es ESP,DF,Celta Vigo,25,1992,29.8,1460,1661,87.9,31163,10148,381,422,90.3,850,897,94.8,224,314,71.3,0,0.8,0.4,-0.8,5,68,3,1,102,52,58.8,38,13,1,20,34,14,32,22,10,56,108,118,1,Matches,1661,1603,55,50,1,19,3,5,0,0,0,0,1460,3,14,3,0,0,14,6,2,3,56,37,0,0,1,136,63,34,64.9,Spain
Sergi Roberto,es ESP,DF,Barcelona,25,1992,24.7,1634,1832,89.2,23188,6591,1001,1053,95.1,478,545,87.7,89,121,73.6,7,3.8,3.9,+3.2,23,119,31,4,139,63,51.0,30,25,8,25,49,24,18,8,10,39,102,30,1,Matches,1832,1638,190,14,3,8,35,176,0,0,0,0,1634,4,23,3,2,0,16,26,1,35,39,40,0,0,0,150,14,23,37.8,Spain
Sergi Samper,es ESP,MF,Las Palmas,22,1995,1.6,69,84,82.1,1088,231,33,38,86.8,28,33,84.8,4,8,50.0,0,0.0,0.0,0.0,0,2,0,0,4,10,66.7,4,6,0,2,3,1,0,0,0,0,10,0,0,Matches,84,82,2,2,0,0,2,0,0,0,0,0,69,0,1,0,0,0,2,2,0,2,0,4,0,0,0,11,1,0,100.0,Spain
Sergio Araujo,ar ARG,"MF,FW",Las Palmas,25,1992,0.4,20,21,95.2,253,39,15,15,100.0,4,4,100.0,0,0,,0,0.0,0.0,0.0,0,3,0,0,0,3,100.0,0,0,3,1,1,0,0,0,0,0,3,0,0,Matches,21,19,2,0,0,0,0,1,0,0,0,0,20,0,1,0,0,0,0,0,0,0,0,2,0,0,0,1,0,2,0.0,Spain
Sergio Arribas,es ESP,MF,Leganés,22,1995,0.3,9,10,90.0,90,3,7,7,100.0,1,1,100.0,0,0,,0,0.0,0.0,0.0,0,0,0,0,0,2,100.0,2,0,0,2,2,0,0,0,0,1,3,0,0,Matches,10,10,0,0,0,0,0,0,0,0,0,0,9,0,1,0,0,0,0,0,0,0,1,2,0,0,0,2,0,1,0.0,Spain
Sergio Asenjo,es ESP,GK,Villarreal,28,1989,23.0,406,657,61.8,13406,10597,50,50,100.0,163,168,97.0,191,434,44.0,0,0.0,0.0,0.0,0,6,0,0,0,2,20.0,2,0,0,1,5,4,0,0,0,0,2,11,2,Matches,657,390,264,64,0,1,0,0,0,0,0,0,406,3,0,3,0,0,2,3,0,0,0,2,0,1,0,32,7,1,87.5,Spain
Sergio Busquets,es ESP,MF,Barcelona,29,1988,28.8,2031,2249,90.3,35903,11780,848,929,91.3,869,933,93.1,230,266,86.5,4,2.0,1.9,+2.0,24,209,10,0,203,88,49.4,27,46,15,39,79,40,37,10,27,51,139,15,1,Matches,2249,2152,91,89,5,27,0,2,0,0,0,0,2031,6,17,8,0,0,36,58,0,0,51,48,1,0,0,211,51,27,65.4,Spain
Sergio Canales,es ESP,"MF,FW",Real Sociedad,26,1991,21.4,1050,1334,78.7,17549,4452,545,597,91.3,333,412,80.8,129,235,54.9,5,6.0,6.0,-1.0,57,99,40,10,138,30,28.1,6,18,6,9,32,23,25,0,25,11,41,3,0,Matches,1334,1156,174,56,6,19,153,11,101,40,47,0,1050,4,34,4,0,0,23,29,0,153,11,24,1,0,0,116,2,13,13.3,Spain
Sergio Escudero,es ESP,DF,Sevilla,27,1989,25.9,1303,1651,78.9,20152,8064,724,810,89.4,430,557,77.2,94,179,52.5,2,1.2,1.5,+0.8,14,102,17,4,145,78,51.6,40,26,12,32,62,30,35,6,29,66,144,69,1,Matches,1651,1306,334,58,2,13,41,275,1,1,0,0,1303,11,35,10,0,0,34,38,1,41,66,49,0,0,0,157,56,37,60.2,Spain
Sergio García,es ESP,"FW,MF",Espanyol,34,1983,18.2,323,455,71.0,4868,1450,184,228,80.7,91,127,71.7,27,45,60.0,6,3.9,3.1,+2.1,27,29,22,3,61,15,13.6,1,10,4,3,22,19,6,3,3,10,25,12,0,Matches,455,427,25,2,1,3,19,6,0,0,0,0,323,3,19,4,0,0,18,35,13,19,10,12,0,0,0,65,16,34,32.0,Spain
Sergio León,es ESP,FW,Betis,28,1989,22.0,259,381,68.0,3530,540,158,195,81.0,50,89,56.2,24,46,52.2,1,1.2,1.0,-0.2,10,15,7,1,27,13,27.3,3,6,4,3,11,8,12,1,11,6,19,5,0,Matches,381,332,48,0,2,5,9,1,1,0,1,0,259,1,13,5,0,0,25,39,11,9,6,7,0,0,0,44,22,51,30.1,Spain
Sergio Mora,es ESP,MF,Getafe,37,1979,9.0,302,401,75.3,4863,1730,158,193,81.9,109,143,76.2,25,41,61.0,0,0.2,0.2,-0.2,6,32,4,1,49,21,45.2,8,12,1,14,31,17,10,2,8,15,36,11,0,Matches,401,395,4,4,0,4,4,0,0,0,0,0,302,2,9,5,0,0,15,6,0,4,15,15,0,0,0,55,12,15,44.4,Spain
Sergio Postigo,es ESP,DF,Levante,28,1988,26.9,768,961,79.9,16597,7338,223,248,89.9,398,445,89.4,142,244,58.2,0,0.6,0.8,-0.6,5,76,4,1,71,36,56.3,30,5,1,18,32,14,27,13,14,40,76,140,1,Matches,961,893,65,63,2,16,3,2,0,0,0,0,768,3,5,6,0,0,12,15,0,3,40,23,0,0,1,113,24,37,39.3,Spain
Sergio Ramos,es ESP,DF,Real Madrid,31,1986,25.4,1717,1921,89.4,32838,14791,708,752,94.1,765,822,93.1,227,305,74.4,1,1.7,0.9,-0.7,14,156,10,1,145,40,67.9,22,18,0,19,28,9,22,12,10,47,87,91,0,Matches,1921,1834,75,61,5,40,9,14,0,0,0,0,1717,12,7,9,2,2,37,20,6,9,47,29,0,0,1,195,84,45,65.1,Spain
Sergio Rico,es ESP,GK,Sevilla,23,1993,24.0,444,668,66.5,12988,10100,63,63,100.0,227,229,99.1,152,373,40.8,0,0.0,0.0,0.0,0,0,0,0,0,1,0.0,1,0,0,0,2,2,0,0,0,1,2,5,3,Matches,668,417,250,58,0,1,0,0,0,0,0,0,444,1,0,2,0,0,1,3,0,0,1,1,0,1,0,31,11,1,91.7,Spain
Sergio Sánchez,es ESP,DF,Espanyol,31,1986,1.1,28,41,68.3,516,201,9,12,75.0,14,15,93.3,4,10,40.0,0,0.0,0.0,0.0,0,2,0,0,3,4,75.0,4,0,0,3,4,1,1,0,1,3,7,3,0,Matches,41,26,14,2,0,1,1,12,0,0,0,0,28,1,0,1,0,0,2,0,0,1,3,3,0,0,0,2,2,0,100.0,Spain
Sergio Álvarez,es ESP,GK,Celta Vigo,30,1986,16.4,424,626,67.7,13411,10001,30,30,100.0,234,239,97.9,160,353,45.3,0,0.1,0.0,-0.1,1,7,1,0,0,0,0.0,0,0,0,0,1,1,1,0,1,0,0,11,1,Matches,626,442,181,52,0,2,0,0,0,0,0,0,424,3,1,0,0,0,0,5,0,0,0,0,0,0,0,25,5,1,83.3,Spain
Shaq Moore,us USA,DF,Levante,20,1996,4.7,170,226,75.2,2498,1047,105,120,87.5,54,74,73.0,9,26,34.6,0,0.1,0.1,-0.1,3,12,3,3,16,8,42.9,3,3,2,3,7,4,4,0,4,13,21,11,0,Matches,226,176,50,1,1,1,11,49,0,0,0,0,170,0,5,0,0,0,8,3,0,11,13,6,0,0,0,25,2,1,66.7,Spain
Sidnei,br BRA,DF,La Coruña,27,1989,19.8,642,769,83.5,13907,4492,185,203,91.1,329,372,88.4,121,181,66.9,1,0.5,0.5,+0.5,5,24,6,2,44,41,72.0,30,11,0,18,25,7,26,9,17,31,72,101,1,Matches,769,739,29,29,2,18,4,0,0,0,0,0,642,1,2,4,0,0,12,11,0,4,31,28,0,0,0,139,38,29,56.7,Spain
Simon Kjær,dk DEN,DF,Sevilla,28,1989,17.5,666,790,84.3,13037,4594,254,277,91.7,307,354,86.7,94,140,67.1,0,0.1,0.1,-0.1,2,34,2,0,34,35,59.1,25,8,2,13,22,9,16,10,6,32,67,109,0,Matches,790,764,26,25,0,9,1,1,0,0,0,0,666,0,7,3,0,0,18,9,0,1,32,24,0,0,0,69,43,21,67.2,Spain
Simone Zaza,it ITA,FW,Valencia,26,1991,23.1,319,465,68.6,4630,913,179,226,79.2,94,135,69.6,22,32,68.8,1,2.1,1.5,-1.1,15,20,9,0,31,21,5.0,4,10,7,1,20,19,26,1,25,8,29,34,0,Matches,465,423,37,0,3,7,9,0,0,0,0,0,319,5,25,9,1,1,41,32,16,9,8,14,1,0,0,43,74,77,49.0,Spain
Stanislav Lobotka,sk SVK,MF,Celta Vigo,22,1994,34.0,1888,2087,90.5,33434,10037,854,926,92.2,772,838,92.1,217,244,88.9,0,0.6,1.1,-0.6,10,188,12,2,205,64,35.4,24,35,5,23,65,42,25,9,16,39,103,22,0,Matches,2087,2029,54,49,2,18,10,4,0,0,0,0,1888,4,14,2,0,0,42,47,0,10,39,45,0,1,0,289,26,33,44.1,Spain
Stefan Savić,me MNE,DF,Atlético Madrid,26,1991,25.5,809,994,81.4,16894,6144,270,299,90.3,384,427,89.9,145,242,59.9,0,0.2,0.2,-0.2,3,54,5,0,52,30,41.0,23,7,0,16,39,23,38,23,15,45,75,150,1,Matches,994,962,31,29,0,7,3,2,0,0,0,0,809,1,11,6,0,0,24,8,0,3,45,20,0,0,1,115,46,19,70.8,Spain
Steve Aldo One,cm CMR,DF,La Coruña,22,1995,1.0,18,22,81.8,354,169,5,6,83.3,10,12,83.3,3,4,75.0,0,0.0,0.0,0.0,0,0,0,0,0,1,,0,1,0,0,0,0,0,0,0,0,1,7,0,Matches,22,21,1,1,0,0,0,0,0,0,0,0,18,0,0,0,0,0,1,0,0,0,0,0,0,0,0,3,1,0,100.0,Spain
Steven Nzonzi,fr FRA,MF,Sevilla,28,1988,24.6,1632,1865,87.5,25757,7955,867,942,92.0,599,688,87.1,114,147,77.6,2,1.0,1.4,+1.0,13,155,5,1,167,39,66.7,14,19,6,20,30,10,27,8,19,28,67,36,2,Matches,1865,1833,28,28,0,4,10,0,0,0,0,0,1632,4,14,2,0,0,31,13,2,10,28,26,0,0,0,186,101,23,81.5,Spain
Sulley Muntari,gh GHA,MF,La Coruña,32,1984,4.5,110,158,69.6,2136,893,52,62,83.9,36,49,73.5,21,36,58.3,0,0.4,0.4,-0.4,1,14,3,0,18,9,14.3,2,7,0,1,7,6,10,4,6,11,20,10,0,Matches,158,150,6,4,1,4,6,2,0,0,0,0,110,2,4,3,0,0,11,7,0,6,11,7,0,0,0,13,11,9,55.0,Spain
Sébastien Corchia,fr FRA,DF,Sevilla,26,1990,9.1,305,397,76.8,4441,1789,191,212,90.1,91,134,67.9,15,36,41.7,1,0.5,0.6,+0.5,5,18,6,5,25,18,56.3,7,8,3,9,16,7,18,4,14,16,34,20,0,Matches,397,315,81,6,0,2,23,75,0,0,0,0,305,1,6,4,0,0,20,22,3,23,16,13,0,1,0,32,11,3,78.6,Spain
Takashi Inui,jp JPN,"MF,FW",Eibar,29,1988,29.2,710,936,75.9,10659,1703,407,470,86.6,234,303,77.2,45,93,48.4,2,1.9,1.9,+0.1,26,39,17,10,68,39,31.0,12,19,8,13,42,29,36,0,36,18,57,10,0,Matches,936,891,40,5,4,16,67,23,12,1,7,1,710,5,27,4,0,0,40,49,5,67,18,21,0,0,0,127,13,32,28.9,Spain
Tana,es ESP,"MF,FW",Las Palmas,26,1990,17.2,694,832,83.4,9639,2925,434,473,91.8,179,214,83.6,44,81,54.3,1,1.2,2.4,-0.2,21,62,20,3,94,31,33.3,13,14,4,12,36,24,8,0,8,23,54,5,0,Matches,832,763,64,20,4,4,51,5,39,14,19,0,694,5,7,2,0,0,11,36,0,51,23,24,0,0,0,92,2,20,9.1,Spain
Theo Hernández,fr FRA,DF,Real Madrid,19,1997,10.7,541,642,84.3,7234,2246,365,393,92.9,134,168,79.8,19,37,51.4,0,1.1,0.6,-1.1,8,43,12,6,45,21,52.0,16,2,3,13,25,12,9,2,7,17,38,20,0,Matches,642,574,65,7,1,3,30,58,0,0,0,0,541,3,16,1,0,0,11,15,1,30,17,15,1,0,0,68,10,4,71.4,Spain
Thomas Partey,gh GHA,"MF,DF",Atlético Madrid,24,1993,26.4,1182,1437,82.3,20409,6530,577,649,88.9,429,506,84.8,135,195,69.2,0,0.6,1.6,-0.6,12,111,19,2,134,94,47.8,48,39,7,33,69,36,32,7,25,53,147,34,1,Matches,1437,1378,52,11,5,17,20,32,5,1,3,1,1182,7,27,6,0,0,40,35,0,20,53,64,0,0,0,216,51,37,58.0,Spain
Thomas Vermaelen,be BEL,DF,Barcelona,31,1985,11.3,603,650,92.8,12304,3928,187,193,96.9,320,338,94.7,91,105,86.7,1,0.4,0.1,+0.6,3,22,2,0,43,13,45.5,7,5,1,5,11,6,10,3,7,18,31,28,0,Matches,650,629,19,17,1,9,2,2,0,0,0,0,603,2,5,3,0,0,9,3,1,2,18,9,0,0,0,57,18,11,62.1,Spain
Tito,es ESP,DF,Leganés,32,1985,6.8,215,294,73.1,3192,1487,126,140,90.0,65,95,68.4,14,38,36.8,0,0.0,0.2,0.0,0,13,5,3,21,8,33.3,5,3,0,6,18,12,12,5,7,12,20,16,0,Matches,294,233,61,3,0,0,15,58,0,0,0,0,215,0,8,0,0,0,8,6,0,15,12,5,0,0,0,30,5,4,55.6,Spain
Tomás Pina Isla,es ESP,MF,Alavés,29,1987,26.5,795,980,81.1,13329,4426,391,465,84.1,302,359,84.1,75,109,68.8,0,1.3,0.9,-1.3,10,108,4,0,122,71,50.0,27,38,6,20,40,20,28,10,18,43,114,37,0,Matches,980,959,17,16,2,9,6,1,0,0,0,0,795,4,7,7,0,0,72,29,1,6,43,49,0,0,0,200,44,61,41.9,Spain
Toni Kroos,de GER,MF,Real Madrid,27,1990,25.1,1982,2235,88.7,36218,11344,920,965,95.3,736,810,90.9,277,377,73.5,7,5.7,6.1,+1.3,64,251,34,7,274,55,37.3,19,29,7,22,59,37,20,2,18,16,71,10,1,Matches,2235,1995,233,91,9,61,148,10,132,36,64,0,1982,7,16,4,0,0,21,38,2,148,16,35,0,0,0,151,11,7,61.1,Spain
Toni Lato,es ESP,"DF,MF",Valencia,19,1997,8.9,317,411,77.1,5293,2019,145,171,84.8,148,176,84.1,18,43,41.9,1,1.3,0.8,-0.3,6,25,2,1,28,30,59.3,22,6,2,16,27,11,9,3,6,9,39,23,0,Matches,411,332,76,7,0,1,10,69,0,0,0,0,317,3,8,4,0,0,10,8,1,10,9,16,0,0,0,55,8,11,42.1,Spain
Toni Moya,es ESP,MF,Atlético Madrid,19,1998,0.0,1,1,100.0,10,0,1,1,100.0,0,0,,0,0,,0,0.0,0.0,0.0,0,0,0,0,0,0,,0,0,0,0,0,0,0,0,0,0,0,0,0,Matches,1,1,0,0,0,0,0,0,0,0,0,0,1,0,0,0,0,0,0,0,0,0,0,0,0,0,0,0,0,0,,Spain
Toño,es ESP,DF,Levante,27,1989,12.0,443,589,75.2,7402,2914,247,275,89.8,145,193,75.1,45,97,46.4,1,1.0,0.7,0.0,7,44,12,7,49,12,50.0,11,1,0,5,10,5,4,0,4,6,18,29,0,Matches,589,455,132,14,2,5,43,118,0,0,0,0,443,2,13,2,0,0,6,8,0,43,6,11,0,1,0,56,2,5,28.6,Spain
Toño Ramírez,es ESP,GK,Real Sociedad,30,1986,3.5,91,131,69.5,2496,1852,12,12,100.0,53,53,100.0,26,66,39.4,0,0.0,0.0,0.0,0,0,0,0,0,0,0.0,0,0,0,0,1,1,0,0,0,0,0,1,3,Matches,131,101,30,5,0,0,0,0,0,0,0,0,91,0,0,0,0,0,0,0,0,0,0,0,0,0,0,2,1,0,100.0,Spain
Unai Bustinza,es ESP,DF,Leganés,25,1992,18.2,540,691,78.1,10452,4246,234,257,91.1,218,268,81.3,81,140,57.9,0,0.2,0.4,-0.2,4,31,4,2,37,36,55.3,25,8,3,21,38,17,17,9,8,47,83,64,0,Matches,691,607,80,30,0,12,8,50,0,0,0,0,540,4,11,5,0,0,27,19,2,8,47,21,0,1,0,87,37,41,47.4,Spain
Unai Núñez,es ESP,DF,Athletic Club,20,1997,32.7,1220,1489,81.9,26641,9465,334,383,87.2,641,707,90.7,233,365,63.8,0,0.5,0.3,-0.5,3,94,4,0,119,73,67.9,54,19,0,38,56,18,52,27,25,67,140,155,2,Matches,1489,1429,55,40,1,25,3,15,0,0,0,0,1220,5,10,11,0,0,42,24,0,3,67,52,0,0,0,172,70,43,61.9,Spain
Vicente Guaita,es ESP,GK,Getafe,30,1987,33.0,429,1002,42.8,18806,16430,22,23,95.7,109,113,96.5,296,856,34.6,0,0.2,0.1,-0.2,1,49,0,0,0,0,,0,0,0,0,0,0,0,0,0,3,3,12,1,Matches,1002,578,416,132,0,2,0,0,0,0,0,0,429,8,0,1,0,0,0,4,0,0,3,0,0,0,0,36,13,1,92.9,Spain
Vicente Gómez,es ESP,MF,Las Palmas,28,1988,16.9,774,891,86.9,11575,2445,424,460,92.2,273,313,87.2,42,60,70.0,0,0.4,0.5,-0.4,5,39,4,1,56,21,34.5,6,11,4,10,29,19,18,4,14,17,38,14,1,Matches,891,867,21,21,2,3,10,0,0,0,0,0,774,3,12,3,0,0,22,29,0,10,17,13,0,0,0,64,32,25,56.1,Spain
Vitolo,es ESP,"MF,FW",Atlético Madrid,27,1989,6.9,235,304,77.3,2885,743,149,174,85.6,56,69,81.2,6,13,46.2,2,0.6,0.4,+1.4,3,17,8,0,24,9,20.0,4,3,2,3,15,12,10,1,9,6,15,5,0,Matches,304,287,14,0,0,1,4,11,0,0,0,0,235,3,14,1,1,0,19,22,3,4,6,6,1,0,0,43,8,14,36.4,Spain
Vitolo,es ESP,"FW,MF",Las Palmas,27,1989,7.7,307,369,83.2,3854,1014,208,230,90.4,75,86,87.2,7,15,46.7,0,0.8,1.1,-0.8,7,19,10,0,34,15,23.5,9,5,1,4,17,13,10,3,7,6,21,9,0,Matches,369,354,13,6,0,0,6,3,1,0,1,0,307,2,14,0,0,0,5,29,2,6,6,12,0,0,0,35,2,6,25.0,Spain
Vitorino Antunes,pt POR,DF,Getafe,30,1987,31.1,862,1366,63.1,15837,8357,400,455,87.9,328,491,66.8,114,345,33.0,2,3.4,3.2,-1.4,28,89,36,15,116,58,51.4,42,14,2,38,74,36,31,3,28,58,116,89,1,Matches,1366,934,423,53,3,12,149,318,52,12,22,1,862,9,37,14,0,0,50,36,1,149,58,44,0,0,0,172,18,23,43.9,Spain
Víctor Camarasa,es ESP,MF,Betis,23,1994,13.9,549,637,86.2,9190,1736,271,304,89.1,209,228,91.7,51,65,78.5,0,1.5,1.1,-1.5,14,59,4,2,68,20,23.1,8,10,2,3,13,10,8,0,8,15,35,13,0,Matches,637,626,8,6,1,17,4,0,2,0,0,0,549,3,15,1,0,0,19,31,2,4,15,15,0,0,1,72,10,12,45.5,Spain
Víctor Laguardia,es ESP,DF,Alavés,27,1989,17.0,384,565,68.0,8690,4359,104,129,80.6,198,234,84.6,81,194,41.8,0,0.2,0.5,-0.2,1,43,6,0,44,20,57.9,13,5,2,11,19,8,23,14,9,29,49,109,0,Matches,565,516,48,46,0,8,2,2,0,0,0,0,384,1,3,3,0,0,10,5,0,2,29,15,0,1,1,75,45,20,69.2,Spain
Víctor López,es ESP,MF,Alavés,20,1997,0.7,10,18,55.6,223,97,4,5,80.0,2,4,50.0,4,6,66.7,1,0.1,0.1,+0.9,2,0,2,1,1,2,0.0,0,2,0,0,1,1,0,0,0,1,3,1,0,Matches,18,16,2,0,0,0,5,0,1,0,1,0,10,0,2,0,0,0,0,0,1,5,1,1,0,0,0,4,0,1,0.0,Spain
Víctor Ruiz,es ESP,DF,Villarreal,28,1989,26.8,1218,1430,85.2,23906,10797,472,500,94.4,569,625,91.0,160,272,58.8,1,0.1,0.7,+0.9,3,61,4,1,57,33,52.0,29,4,0,13,25,12,27,18,9,58,91,134,1,Matches,1430,1351,73,71,2,22,2,2,0,0,0,0,1218,6,8,10,1,1,28,6,0,2,58,22,0,1,0,158,59,40,59.6,Spain
Víctor Sánchez,es ESP,"MF,DF",Espanyol,29,1987,27.3,1007,1404,71.7,15933,6241,558,637,87.6,331,445,74.4,83,240,34.6,2,0.5,0.7,+1.5,5,93,15,6,101,106,43.4,56,45,5,49,113,64,38,14,24,79,185,73,1,Matches,1404,1197,200,39,0,9,67,152,9,4,5,0,1007,7,26,13,0,0,72,50,0,67,79,72,0,0,0,145,49,25,66.2,Spain
Wakaso,gh GHA,MF,Alavés,27,1990,12.2,330,480,68.8,6784,2151,125,148,84.5,123,172,71.5,72,134,53.7,1,0.6,0.4,+0.4,9,27,2,1,37,43,33.3,25,15,3,13,39,26,22,1,21,35,78,21,0,Matches,480,422,50,14,1,16,19,32,4,0,2,0,330,8,5,7,0,0,31,22,3,19,35,30,0,2,0,85,17,18,48.6,Spain
Walter Montoya,ar ARG,FW,Sevilla,24,1993,0.8,17,24,70.8,247,72,9,11,81.8,4,6,66.7,2,4,50.0,0,0.3,0.2,-0.3,1,2,2,0,3,1,33.3,1,0,0,1,3,2,1,0,1,0,1,3,0,Matches,24,23,1,0,1,0,0,1,0,0,0,0,17,0,1,0,0,0,2,2,1,0,0,1,0,0,0,5,1,0,100.0,Spain
Willian José,br BRA,FW,Real Sociedad,25,1991,30.8,638,864,73.8,9308,1503,352,423,83.2,153,223,68.6,58,95,61.1,4,4.6,2.5,-0.6,40,34,14,3,59,10,22.2,1,5,4,2,9,7,10,1,9,5,15,31,0,Matches,864,787,72,3,9,24,15,0,2,1,1,0,638,5,27,4,0,0,31,53,21,15,5,7,0,1,0,77,49,59,45.4,Spain
Wissam Ben Yedder,fr FRA,FW,Sevilla,26,1990,18.9,371,481,77.1,4592,831,242,283,85.5,93,126,73.8,11,22,50.0,3,2.1,2.8,+0.9,28,18,16,0,53,12,50.0,2,5,5,1,2,1,10,0,10,5,17,2,0,Matches,481,440,39,0,2,0,8,0,0,0,0,0,371,2,10,2,1,1,17,20,21,8,5,8,0,0,0,60,15,58,20.5,Spain
Xabi Prieto,es ESP,"MF,FW",Real Sociedad,33,1983,21.4,869,1065,81.6,12685,3384,495,565,87.6,296,354,83.6,50,78,64.1,5,4.9,4.0,+0.1,42,99,31,10,142,18,20.0,5,9,4,2,10,8,8,2,6,7,25,20,0,Matches,1065,1029,31,7,1,2,56,11,12,1,0,0,869,5,22,1,0,0,15,31,4,56,7,14,0,0,0,89,30,28,51.7,Spain
Xabier Etxeita,es ESP,DF,Athletic Club,29,1987,4.2,136,161,84.5,3024,1198,33,36,91.7,76,84,90.5,25,34,73.5,0,0.0,0.0,0.0,0,14,0,0,10,2,25.0,2,0,0,1,4,3,3,2,1,7,9,25,1,Matches,161,161,0,0,0,1,0,0,0,0,0,0,136,0,3,2,0,0,10,2,0,0,7,2,0,0,0,17,6,9,40.0,Spain
Xesc Regis,es ESP,FW,Eibar,20,1996,0.0,0,0,,0,0,0,0,,0,0,,0,0,,0,0.0,0.0,0.0,0,0,0,0,0,1,,0,1,0,0,0,0,0,0,0,0,1,0,0,Matches,0,0,0,0,0,0,0,0,0,0,0,0,0,0,0,0,0,0,0,0,0,0,0,1,0,0,0,0,0,0,,Spain
Ximo Navarro,es ESP,DF,Las Palmas,27,1990,29.0,1130,1372,82.4,20643,7460,473,522,90.6,523,591,88.5,113,207,54.6,1,0.5,0.4,+0.5,5,56,3,0,76,63,56.0,44,19,0,28,50,22,27,16,11,66,129,131,4,Matches,1372,1259,111,90,1,10,11,21,0,0,0,0,1130,2,17,12,0,0,28,51,0,11,66,43,0,1,1,203,29,30,49.2,Spain
Yannick Carrasco,be BEL,"MF,FW",Atlético Madrid,23,1993,10.0,247,333,74.2,3236,760,154,181,85.1,70,92,76.1,7,24,29.2,4,2.6,1.5,+1.4,17,18,7,3,29,17,37.5,7,5,5,3,8,5,9,0,9,4,21,3,0,Matches,333,301,26,8,3,0,24,11,6,1,1,0,247,6,15,3,0,0,13,8,2,24,4,13,0,0,0,53,0,9,0.0,Spain
Yassine Bounou,ma MAR,GK,Girona,26,1991,29.5,444,879,50.5,18205,15133,31,31,100.0,118,122,96.7,293,720,40.7,0,0.0,0.1,0.0,0,19,0,0,0,1,0.0,1,0,0,0,2,2,0,0,0,4,5,14,0,Matches,879,524,352,109,0,1,0,0,0,0,0,0,444,3,1,2,0,0,1,1,0,0,4,1,0,1,0,36,3,2,60.0,Spain
Yeray Álvarez,es ESP,DF,Athletic Club,22,1995,7.5,385,468,82.3,8463,3208,101,119,84.9,207,229,90.4,74,111,66.7,0,0.1,0.1,-0.1,2,36,1,0,41,12,66.7,8,4,0,6,9,3,8,2,6,11,23,18,0,Matches,468,431,35,26,0,8,1,9,0,0,0,0,385,2,1,2,0,0,12,10,0,1,11,7,0,0,0,66,13,12,52.0,Spain
Yerry Mina,co COL,DF,Barcelona,22,1994,4.1,226,244,92.6,3970,1335,103,108,95.4,101,104,97.1,19,26,73.1,1,0.2,0.1,+0.8,3,14,2,0,12,10,66.7,6,4,0,4,6,2,6,3,3,6,16,16,0,Matches,244,234,10,9,0,2,0,1,0,0,0,0,226,0,1,2,0,0,6,6,1,0,6,8,0,0,0,13,10,5,66.7,Spain
Yoel,es ESP,GK,Eibar,28,1988,1.0,14,40,35.0,746,742,0,0,,0,0,,14,40,35.0,0,0.0,0.0,0.0,0,0,0,0,0,0,,0,0,0,0,0,0,0,0,0,0,0,2,0,Matches,40,25,15,3,0,0,0,0,0,0,0,0,14,0,0,0,0,0,0,0,0,0,0,0,0,0,0,1,0,0,,Spain
Youssef En-Nesyri,ma MAR,FW,Málaga,20,1997,17.7,190,342,55.6,2524,500,119,179,66.5,43,87,49.4,11,26,42.3,0,0.9,0.4,-0.9,10,13,6,2,23,31,23.1,10,14,7,6,26,20,11,0,11,9,40,32,0,Matches,342,319,21,0,3,2,19,1,0,0,0,0,190,2,19,2,1,1,34,33,14,19,9,25,0,0,0,54,78,115,40.4,Spain
Zakaria Bakkali,be BEL,"FW,MF",La Coruña,21,1996,10.1,232,307,75.6,3284,692,145,164,88.4,66,93,71.0,14,29,48.3,0,0.3,0.9,-0.3,8,13,3,2,30,12,28.6,7,4,1,4,14,10,5,0,5,4,16,6,0,Matches,307,287,16,1,1,0,36,6,9,4,0,0,232,4,9,5,0,0,14,20,4,36,4,10,0,0,0,46,4,11,26.7,Spain
Zdravko Kuzmanović,rs SRB,MF,Málaga,29,1987,5.3,304,342,88.9,5473,1691,134,142,94.4,128,141,90.8,35,46,76.1,1,0.6,0.3,+0.4,8,32,3,2,40,4,0.0,1,3,0,0,5,5,2,2,0,4,8,9,0,Matches,342,325,14,13,0,5,4,1,0,0,0,0,304,3,1,4,2,2,7,2,0,4,4,4,0,0,0,36,6,5,54.5,Spain
Zouhair Feddal,ma MAR,DF,Betis,28,1989,14.0,668,825,81.0,14299,4829,218,240,90.8,314,353,89.0,128,211,60.7,0,0.1,0.2,-0.1,1,64,1,1,66,22,58.3,14,6,2,7,12,5,17,13,4,36,58,95,2,Matches,825,780,42,35,0,25,3,7,0,0,0,0,668,3,5,7,0,0,20,16,1,3,36,14,0,0,1,73,27,17,61.4,Spain
Álex Alegría,es ESP,FW,Levante,24,1992,7.0,111,164,67.7,1333,166,73,99,73.7,33,44,75.0,0,3,0.0,0,0.2,0.2,-0.2,3,10,2,0,8,8,33.3,1,3,4,2,6,4,7,0,7,4,12,9,0,Matches,164,144,19,0,1,0,2,0,0,0,0,0,111,1,6,1,0,0,16,18,5,2,4,5,0,0,0,16,24,24,50.0,Spain
Álex Granell,es ESP,MF,Girona,28,1988,31.6,1395,1859,75.0,28972,10049,552,646,85.4,529,656,80.6,286,481,59.5,7,6.5,5.9,+0.5,75,186,25,11,214,78,33.3,31,39,8,38,114,76,46,3,43,47,125,29,0,Matches,1859,1583,264,171,3,60,172,3,90,20,28,14,1395,12,27,11,0,0,70,39,0,172,47,53,0,0,0,230,24,24,50.0,Spain
Álex Gálvez,es ESP,DF,Eibar,28,1989,4.0,161,208,77.4,3498,1577,58,66,87.9,63,74,85.1,39,65,60.0,0,0.0,0.1,0.0,1,19,1,0,19,11,58.3,5,6,0,7,12,5,5,1,4,13,24,17,0,Matches,208,192,16,11,0,3,0,5,0,0,0,0,161,0,2,1,0,0,2,2,1,0,13,4,0,1,0,29,12,3,80.0,Spain
Álex Gálvez,es ESP,DF,Las Palmas,28,1989,18.0,770,952,80.9,15922,6403,263,291,90.4,368,421,87.4,127,213,59.6,0,0.1,0.1,-0.1,1,58,0,0,63,50,53.7,26,24,0,22,41,19,20,11,9,43,93,74,2,Matches,952,877,74,69,0,22,2,5,0,0,0,0,770,1,10,5,1,0,34,18,4,2,43,36,0,1,0,137,39,30,56.5,Spain
Álex Mula,es ESP,"FW,MF",Málaga,21,1996,6.2,159,218,72.9,2627,498,83,99,83.8,55,68,80.9,18,42,42.9,0,0.4,0.6,-0.4,2,14,4,2,15,7,16.7,3,4,0,2,12,10,5,0,5,6,13,1,0,Matches,218,213,5,1,1,3,25,1,3,1,2,0,159,0,3,1,0,0,6,4,2,25,6,3,0,0,0,41,3,10,23.1,Spain
Álex Robles,es ESP,DF,Málaga,18,1999,1.0,21,34,61.8,361,151,10,10,100.0,7,13,53.8,2,6,33.3,0,0.0,0.0,0.0,0,1,0,0,1,2,,1,1,0,0,0,0,1,0,1,3,5,4,0,Matches,34,26,8,1,0,0,1,7,0,0,0,0,21,0,2,0,0,0,3,1,0,1,3,1,0,0,0,5,2,0,100.0,Spain
Álvaro González,es ESP,DF,Villarreal,27,1990,32.2,1221,1464,83.4,25257,10399,413,456,90.6,598,663,90.2,203,322,63.0,2,0.6,0.6,+1.4,8,84,5,2,90,38,53.7,30,7,1,22,41,19,34,23,11,53,91,188,0,Matches,1464,1383,78,60,0,19,7,18,0,0,0,0,1221,3,9,14,1,1,33,30,3,7,53,26,0,0,0,132,58,50,53.7,Spain
Álvaro Jiménez,es ESP,"MF,FW",Getafe,22,1995,5.9,82,146,56.2,1236,419,45,62,72.6,26,50,52.0,6,18,33.3,1,0.7,0.4,+0.3,7,11,4,1,17,15,38.1,5,6,4,8,21,13,6,0,6,1,16,6,0,Matches,146,143,2,0,2,1,17,1,0,0,0,0,82,1,7,4,1,1,12,25,0,17,1,8,0,0,0,27,5,12,29.4,Spain
Álvaro Medrán,es ESP,MF,Alavés,23,1994,10.5,368,473,77.8,6946,2308,158,185,85.4,145,168,86.3,56,88,63.6,0,1.0,0.8,-1.0,10,47,5,1,52,20,38.1,5,10,5,8,21,13,7,0,7,13,33,10,0,Matches,473,443,23,16,3,11,11,1,5,4,0,0,368,7,15,2,0,0,20,13,2,11,13,14,0,0,0,66,6,9,40.0,Spain
Álvaro Medrán,es ESP,MF,Valencia,23,1994,0.8,44,48,91.7,972,330,16,17,94.1,18,19,94.7,10,10,100.0,0,0.0,0.0,0.0,0,6,0,0,4,1,50.0,1,0,0,1,2,1,0,0,0,3,4,1,0,Matches,48,47,1,1,0,1,0,0,0,0,0,0,44,0,0,0,0,0,3,1,0,0,3,1,0,0,0,5,0,0,,Spain
Álvaro Odriozola,es ESP,DF,Real Sociedad,21,1995,32.4,1436,1756,81.8,20470,6201,873,950,91.9,434,548,79.2,73,130,56.2,4,3.6,3.7,+0.4,46,54,41,25,98,41,57.1,22,15,4,20,35,15,25,7,18,26,67,50,0,Matches,1756,1428,325,21,1,2,155,303,1,1,0,0,1436,3,67,3,1,1,25,31,9,155,26,27,0,1,0,178,5,29,14.7,Spain
Ángel Correa,ar ARG,"MF,FW",Atlético Madrid,22,1995,25.0,633,891,71.0,8092,2206,411,499,82.4,148,212,69.8,27,63,42.9,4,2.7,2.4,+1.3,29,44,26,4,85,41,14.0,12,16,13,8,57,49,30,1,29,25,66,17,0,Matches,891,873,8,0,10,8,30,1,3,0,0,0,633,10,34,4,1,1,47,49,6,30,25,29,0,0,0,168,6,30,16.7,Spain
Ángel Rodríguez,es ESP,FW,Getafe,30,1987,25.5,260,392,66.3,3934,882,133,183,72.7,87,130,66.9,22,35,62.9,2,3.7,3.3,-1.7,18,26,15,3,33,28,11.5,3,19,6,3,26,23,18,3,15,6,34,14,0,Matches,392,374,15,1,3,5,20,1,0,0,0,0,260,3,21,6,0,0,48,36,32,20,6,19,2,0,0,62,29,108,21.2,Spain
Éver Banega,ar ARG,MF,Sevilla,29,1988,26.7,1896,2309,82.1,35620,13307,784,865,90.6,811,923,87.9,260,421,61.8,3,6.2,5.5,-3.2,66,268,38,2,350,71,34.9,25,37,9,22,63,41,23,1,22,12,83,17,3,Matches,2309,2065,223,107,10,31,145,11,103,42,48,1,1896,21,25,9,1,0,42,51,2,145,12,53,0,0,0,244,10,13,43.5,Spain
Óscar Duarte,cr CRC,DF,Espanyol,28,1989,11.0,380,483,78.7,7877,3145,117,131,89.3,193,218,88.5,65,125,52.0,0,0.0,0.1,0.0,0,15,3,1,20,12,36.4,8,4,0,4,11,7,8,8,0,9,21,60,2,Matches,483,461,21,21,0,1,1,0,0,0,0,0,380,1,1,1,0,0,8,6,0,1,9,9,0,0,0,33,32,14,69.6,Spain
Óscar Melendo,es ESP,"MF,FW",Espanyol,19,1997,7.6,221,270,81.9,3483,761,113,132,85.6,76,85,89.4,20,30,66.7,1,0.4,0.4,+0.6,9,30,4,2,35,2,0.0,2,0,0,0,5,5,2,0,2,3,5,3,0,Matches,270,262,7,0,2,1,7,5,2,1,1,0,221,1,5,1,0,0,6,21,0,7,3,2,0,0,0,38,3,10,23.1,Spain
Óscar Romero,py PAR,"MF,FW",Alavés,25,1992,2.8,44,74,59.5,943,356,17,24,70.8,14,22,63.6,11,23,47.8,0,0.3,0.2,-0.3,5,5,1,0,6,5,0.0,4,1,0,0,3,3,3,0,3,3,8,2,0,Matches,74,61,13,9,0,2,6,1,3,2,1,0,44,0,1,0,0,0,7,10,0,6,3,2,0,0,0,20,6,2,75.0,Spain
Óscar de Marcos,es ESP,"DF,FW",Athletic Club,28,1989,18.4,706,921,76.7,11694,3605,364,422,86.3,266,335,79.4,61,113,54.0,2,2.4,2.1,-0.4,21,64,25,14,83,28,44.8,11,15,2,13,29,16,15,2,13,19,47,36,0,Matches,921,758,160,10,2,8,58,150,0,0,0,0,706,3,25,5,0,0,17,10,4,58,19,21,1,0,0,86,21,17,55.3,Spain
Šime Vrsaljko,hr CRO,DF,Atlético Madrid,25,1992,18.8,608,891,68.2,9404,3391,335,406,82.5,221,318,69.5,36,110,32.7,4,2.4,1.9,+1.6,13,29,16,9,48,48,65.0,25,17,6,26,40,14,24,8,16,36,84,63,0,Matches,891,700,187,6,0,4,81,178,3,1,1,1,608,4,29,7,0,0,30,12,3,81,36,30,0,0,0,68,44,21,67.7,Spain
