Player,Nation,Pos,Squad,Age,Born,90s,Cmp_Total_Passing,Att_Total_Passing,Cmp%_Total,TotDist,PrgDist,Cmp_Short_Passing,Att_Short_Passing,Cmp%_Short,Cmp_Medium_Passing,Att_Medium_Passing,Cmp%_Medium,Cmp_Long_Passing,Att_Long_Passing,Cmp%_Long,Ast,xAG,xA,A-xAG,KP,1/3,PPA,CrsPA,PrgP,Tkl_Tackles,Tkl,TklW_Defense,Def 3rd,Mid 3rd,Att 3rd,Tkl_Challenges,Att_Defense,Tkl%,Lost_Defense,Blocks_Defense,Sh,Pass,Int_Defense,Tkl+Int,Clr,Att_PassingTypes,Live,Dead,FK,TB,Sw,Crs_PassingTypes,TI,CK,In,Out,Str,Cmp_PassingTypes,Off_PassingTypes,Blocks_PassingTypes,CrdY,CrdR,2CrdY,Fls,Fld,Off_Misc,Crs_Misc,Int_Misc,TklW_Misc,PKwon,PKcon,OG,Recov,Won,Lost_Misc,Won%,League
Achraf Lazaar,ma MAR,"MF,DF",Benevento,25,1992,5.3,118,169,69.8,1810,392,64,77,83.1,36,48,75.0,11,29,37.9,0,0.2,0.2,-0.2,3,4,4,3,4,12,45.5,9,2,1,5,11,6,5,1,4,6,18,10,0,Matches,169,148,21,1,0,2,20,18,2,0,2,0,118,0,5,0,0,0,10,4,0,20,6,8,0,0,0,33,5,6,45.5,Italy
Adam Marušić,me MNE,DF,Lazio,24,1992,28.0,926,1206,76.8,13219,4097,546,637,85.7,319,410,77.8,28,68,41.2,4,3.3,3.1,+0.7,36,35,30,13,67,28,42.9,17,8,3,12,28,16,22,2,20,31,59,33,0,Matches,1206,981,224,4,0,3,98,220,0,0,0,0,926,1,58,3,1,0,28,15,6,98,31,21,1,0,0,134,27,16,62.8,Italy
Adam Masina,ma MAR,DF,Bologna,23,1994,31.4,1276,1662,76.8,21096,9195,648,771,84.0,512,642,79.8,93,171,54.4,1,1.8,1.9,-0.8,25,143,21,10,162,82,42.9,49,26,7,36,84,48,46,7,39,51,133,127,0,Matches,1662,1350,306,22,0,12,46,284,0,0,0,0,1276,6,38,8,1,0,56,23,5,46,51,57,0,2,0,163,115,48,70.6,Italy
Adam Ounas,dz ALG,FW,Napoli,20,1996,1.1,45,58,77.6,650,137,24,28,85.7,17,22,77.3,3,5,60.0,0,0.3,0.3,-0.3,5,1,2,2,4,4,25.0,0,2,2,1,4,3,2,0,2,0,4,2,0,Matches,58,57,1,0,0,0,7,0,1,1,0,0,45,0,2,0,0,0,0,1,0,7,0,3,1,0,0,3,0,0,,Italy
Adel Taarabt,ma MAR,"FW,MF",Genoa,28,1989,17.9,587,767,76.5,9731,2191,282,354,79.7,232,295,78.6,57,78,73.1,2,2.7,2.6,-0.7,34,51,30,1,81,18,43.8,5,11,2,7,16,9,13,3,10,12,30,7,0,Matches,767,716,49,8,3,9,42,4,14,6,2,0,587,2,20,4,1,0,22,27,15,42,12,11,0,0,0,98,5,19,20.8,Italy
Adem Ljajić,rs SRB,"MF,FW",Torino,25,1991,24.1,1010,1280,78.9,14406,4669,622,698,89.1,263,345,76.2,69,120,57.5,10,8.4,6.2,+1.6,68,106,55,3,149,12,38.5,4,6,2,5,13,8,11,1,10,9,21,13,0,Matches,1280,1111,161,63,8,5,85,26,57,25,20,0,1010,8,32,2,0,0,7,17,2,85,9,9,0,0,0,75,1,5,16.7,Italy
Adrian Stoian,ro ROU,"MF,FW",Crotone,26,1991,23.7,644,1055,61.0,12046,5242,280,375,74.7,258,411,62.8,97,203,47.8,4,2.4,2.6,+1.6,19,112,37,10,139,23,25.0,12,10,1,11,44,33,29,0,29,25,48,26,0,Matches,1055,1004,44,18,7,4,68,15,9,6,1,1,644,7,45,5,0,0,26,49,3,68,25,19,0,0,0,159,6,30,16.7,Italy
Afriyie Acquah,gh GHA,MF,Torino,25,1992,10.6,405,478,84.7,6431,1627,204,220,92.7,166,189,87.8,23,40,57.5,0,0.6,0.2,-0.6,6,38,2,0,60,8,14.3,2,6,0,1,7,6,8,1,7,16,24,10,2,Matches,478,468,8,6,0,1,12,0,0,0,0,0,405,2,9,5,1,1,17,14,0,12,16,6,0,0,0,68,12,17,41.4,Italy
Ahmad Benali,ly LBY,MF,Crotone,25,1992,9.0,313,403,77.7,4782,1629,162,188,86.2,122,153,79.7,16,33,48.5,1,0.3,0.5,+0.7,8,38,9,0,50,19,18.5,8,10,1,5,27,22,14,1,13,8,27,15,0,Matches,403,362,38,9,2,2,9,12,3,0,1,0,313,3,13,2,0,0,14,15,0,9,8,10,0,0,0,64,9,14,39.1,Italy
Albano Bizzarri,ar ARG,GK,Udinese,39,1977,32.0,716,1093,65.5,24841,19064,58,58,100.0,261,267,97.8,394,763,51.6,0,0.0,0.0,0.0,1,7,0,0,0,2,100.0,2,0,0,2,2,0,0,0,0,1,3,12,4,Matches,1093,690,401,101,0,4,0,0,0,0,0,0,716,2,0,0,1,0,2,3,0,0,1,2,0,0,0,54,7,0,100.0,Italy
Alberto Brignoli,it ITA,GK,Benevento,25,1991,12.5,310,503,61.6,10179,7043,26,27,96.3,147,153,96.1,136,319,42.6,0,0.0,0.0,0.0,0,6,0,0,0,0,,0,0,0,0,0,0,0,0,0,0,0,15,3,Matches,503,332,168,52,0,4,0,0,0,0,0,0,310,3,0,2,0,0,1,1,0,0,0,0,0,1,0,13,9,1,90.0,Italy
Alberto Grassi,it ITA,MF,SPAL,22,1995,25.0,644,783,82.2,9839,2473,339,401,84.5,246,285,86.3,31,46,67.4,0,0.7,0.7,-0.7,10,67,8,1,76,44,45.7,22,12,10,16,35,19,27,8,19,47,91,55,0,Matches,783,768,11,7,1,4,11,4,0,0,0,0,644,4,11,3,0,0,27,69,3,11,47,33,1,1,0,128,48,40,54.5,Italy
Alberto Paloschi,it ITA,FW,SPAL,27,1990,24.3,287,398,72.1,3783,532,164,211,77.7,78,105,74.3,12,24,50.0,0,0.9,0.5,-0.9,12,13,4,0,24,10,0.0,0,9,1,0,10,10,2,1,1,4,14,11,0,Matches,398,349,46,1,0,2,6,0,0,0,0,0,287,3,14,2,0,0,42,24,22,6,4,7,1,0,0,58,19,48,28.4,Italy
Aleandro Rosi,it ITA,DF,Genoa,30,1987,18.9,564,815,69.2,8859,3437,312,370,84.3,214,315,67.9,31,90,34.4,1,1.1,0.5,-0.1,7,51,4,3,55,24,26.3,7,13,4,5,19,14,24,5,19,20,44,61,1,Matches,815,636,174,5,1,1,55,169,0,0,0,0,564,5,26,5,0,0,46,23,2,55,20,17,0,0,0,80,47,48,49.5,Italy
Aleksandar Kolarov,rs SRB,DF,Roma,31,1985,34.0,1996,2624,76.1,33119,11754,1005,1130,88.9,734,907,80.9,189,425,44.5,6,9.0,6.6,-3.0,80,140,60,26,178,58,55.1,34,16,8,27,49,22,24,7,17,53,111,100,2,Matches,2624,2078,537,99,0,34,295,332,106,52,44,0,1996,9,83,3,0,0,26,40,4,295,53,47,2,1,0,217,53,30,63.9,Italy
Aleksandar Tonev,bg BUL,"FW,MF",Crotone,27,1990,4.5,69,119,58.0,956,260,40,59,67.8,18,32,56.3,3,12,25.0,0,0.2,0.2,-0.2,3,5,4,2,6,5,0.0,1,2,2,0,1,1,4,1,3,1,6,6,0,Matches,119,113,6,0,0,2,14,0,1,1,0,0,69,0,11,0,0,0,4,2,5,14,1,3,0,0,0,16,0,8,0.0,Italy
Alessandro Bastoni,it ITA,DF,Atalanta,18,1999,1.0,70,86,81.4,1223,262,32,38,84.2,32,38,84.2,4,5,80.0,0,0.1,0.1,-0.1,2,4,0,0,6,2,100.0,2,0,0,1,1,0,0,0,0,1,3,3,0,Matches,86,72,14,3,0,2,0,11,0,0,0,0,70,0,4,0,0,0,2,6,0,0,1,2,0,0,0,6,0,3,0.0,Italy
Alessandro Buongiorno,it ITA,DF,Torino,18,1999,0.1,6,7,85.7,75,22,4,5,80.0,2,2,100.0,0,0,,0,0.0,0.0,0.0,0,0,0,0,0,0,,0,0,0,0,0,0,0,0,0,0,0,1,0,Matches,7,7,0,0,0,0,0,0,0,0,0,0,6,0,0,0,0,0,0,0,0,0,0,0,0,0,0,0,2,0,100.0,Italy
Alessandro Deiola,it ITA,MF,Cagliari,21,1995,5.0,105,153,68.6,1510,413,64,84,76.2,30,45,66.7,7,15,46.7,0,0.2,0.2,-0.2,2,7,3,2,13,9,46.2,5,3,1,6,13,7,8,0,8,4,13,12,0,Matches,153,147,5,1,0,2,3,3,0,0,0,0,105,1,3,3,0,0,7,2,1,3,4,7,0,0,0,32,2,8,20.0,Italy
Alessandro Florenzi,it ITA,DF,Roma,26,1991,26.5,1379,1802,76.5,25054,9186,630,694,90.8,518,672,77.1,191,343,55.7,3,4.6,4.4,-1.6,41,137,51,22,177,38,38.3,20,13,5,18,47,29,19,8,11,44,82,62,1,Matches,1802,1493,302,42,1,20,144,245,15,0,11,0,1379,7,43,2,0,0,15,14,2,144,44,28,0,0,0,165,15,30,33.3,Italy
Alessandro Gamberini,it ITA,DF,Chievo,35,1981,20.2,591,687,86.0,11240,3740,193,211,91.5,327,375,87.2,59,82,72.0,0,0.0,0.1,0.0,0,17,0,0,23,13,66.7,11,2,0,8,12,4,32,25,7,16,29,117,1,Matches,687,663,22,13,0,2,0,9,0,0,0,0,591,2,2,2,0,0,10,9,0,0,16,8,0,1,0,67,48,32,60.0,Italy
Alessandro Matri,it ITA,FW,Sassuolo,32,1984,10.2,148,211,70.1,2218,444,82,114,71.9,54,69,78.3,6,10,60.0,0,1.0,0.6,-1.0,12,12,3,1,22,2,0.0,1,1,0,0,3,3,1,0,1,0,2,5,0,Matches,211,183,26,1,2,0,6,0,0,0,0,0,148,2,7,1,0,0,7,17,13,6,0,1,3,0,0,28,12,23,34.3,Italy
Alessandro Murgia,it ITA,MF,Lazio,20,1996,8.6,308,376,81.9,4608,1357,175,205,85.4,93,105,88.6,23,32,71.9,0,0.3,0.3,-0.3,8,24,3,0,42,19,26.3,9,9,1,5,19,14,14,3,11,17,36,13,0,Matches,376,353,20,3,1,2,7,6,2,1,0,0,308,3,10,3,1,0,18,24,1,7,17,12,0,0,0,40,4,15,21.1,Italy
Alessio Cerci,it ITA,FW,Hellas Verona,30,1987,18.2,314,493,63.7,4854,1369,171,217,78.8,101,161,62.7,26,67,38.8,1,4.1,2.3,-3.1,25,18,19,4,42,15,25.0,7,3,5,4,16,12,4,0,4,4,19,8,0,Matches,493,426,63,17,4,6,67,18,22,11,5,1,314,4,25,1,0,0,20,25,26,67,4,10,2,0,0,57,18,46,28.1,Italy
Alessio Cragno,it ITA,GK,Cagliari,23,1994,28.2,516,807,63.9,18953,16683,60,60,100.0,171,179,95.5,282,557,50.6,0,0.0,0.1,0.0,0,15,0,0,0,0,,0,0,0,0,0,0,1,0,1,0,0,12,0,Matches,807,462,341,86,0,0,0,0,0,0,0,0,516,4,2,0,0,0,1,2,0,0,0,0,0,1,0,36,4,1,80.0,Italy
Alessio Romagnoli,it ITA,DF,Milan,22,1995,26.1,1356,1491,90.9,27291,9911,382,405,94.3,800,834,95.9,162,221,73.3,0,0.3,0.3,-0.3,7,72,0,0,81,20,64.3,17,2,1,9,14,5,24,14,10,23,43,154,1,Matches,1491,1431,57,32,0,3,5,25,0,0,0,0,1356,3,11,9,1,1,31,10,2,5,23,14,0,0,0,96,69,36,65.7,Italy
Alex Cordaz,it ITA,GK,Crotone,34,1983,38.0,553,1184,46.7,23348,20777,41,42,97.6,151,158,95.6,360,978,36.8,0,0.2,0.2,-0.2,2,51,1,0,1,0,,0,0,0,0,0,0,0,0,0,2,2,16,4,Matches,1184,650,529,174,0,2,0,0,0,0,0,0,553,5,0,2,0,0,0,2,0,0,2,0,0,0,0,44,6,1,85.7,Italy
Alex Ferrari,it ITA,DF,Hellas Verona,23,1994,23.7,759,1026,74.0,13228,5760,346,412,84.0,324,402,80.6,70,146,47.9,0,0.2,0.3,-0.2,5,53,6,2,61,73,53.7,42,23,8,36,67,31,41,15,26,47,120,117,4,Matches,1026,834,189,37,0,7,18,152,0,0,0,0,759,3,34,5,0,0,19,25,0,18,47,54,0,0,0,115,52,41,55.9,Italy
Alex Meret,it ITA,GK,SPAL,20,1997,12.9,236,397,59.4,8314,6717,24,24,100.0,86,87,98.9,124,282,44.0,0,0.0,0.0,0.0,0,5,0,0,0,0,0.0,0,0,0,0,1,1,0,0,0,0,0,5,0,Matches,397,217,178,47,0,0,0,0,0,0,0,0,236,2,0,0,0,0,1,0,0,0,0,0,0,1,0,21,3,1,75.0,Italy
Alex Sandro,br BRA,DF,Juventus,26,1991,23.5,1417,1699,83.4,25719,6951,609,678,89.8,600,693,86.6,171,236,72.5,3,2.8,3.1,+0.2,27,115,43,22,136,57,51.3,33,17,7,20,39,19,21,1,20,30,87,45,0,Matches,1699,1494,199,18,2,27,90,181,0,0,0,0,1417,6,36,8,0,0,51,29,5,90,30,31,0,1,0,144,46,29,61.3,Italy
Alfred Duncan,gh GHA,MF,Sassuolo,24,1993,21.6,556,803,69.2,10521,3957,238,296,80.4,231,311,74.3,76,139,54.7,2,2.4,2.0,-0.4,34,91,22,6,125,39,28.8,16,18,5,15,52,37,32,2,30,19,58,29,1,Matches,803,763,31,5,3,11,74,12,14,1,10,1,556,9,43,4,0,0,40,16,4,74,19,29,0,0,0,144,14,23,37.8,Italy
Alfred Gomis,sn SEN,GK,SPAL,23,1993,25.1,460,796,57.8,16227,13152,44,44,100.0,180,180,100.0,235,567,41.4,0,0.0,0.1,0.0,1,12,1,0,0,0,0.0,0,0,0,0,1,1,0,0,0,1,1,10,3,Matches,796,456,336,115,0,1,0,0,0,0,0,0,460,4,0,0,0,0,1,2,0,0,1,0,0,1,0,24,5,0,100.0,Italy
Ali Adnan Kadhim,iq IRQ,"DF,FW",Udinese,23,1993,18.6,585,883,66.3,10724,4935,245,305,80.3,247,358,69.0,79,171,46.2,1,1.7,1.2,-0.7,20,38,14,9,58,54,58.0,35,14,5,29,50,21,31,6,25,41,95,90,0,Matches,883,671,211,17,0,3,88,173,21,6,12,0,585,1,34,4,0,0,21,22,1,88,41,35,0,0,1,94,51,34,60.0,Italy
Alin Toșca,ro ROU,DF,Benevento,25,1992,13.0,635,727,87.3,11377,4512,260,283,91.9,314,336,93.5,53,85,62.4,0,0.1,0.2,-0.1,2,46,1,1,53,11,50.0,7,4,0,6,12,6,9,4,5,13,24,69,0,Matches,727,698,27,22,0,3,3,5,0,0,0,0,635,2,9,1,0,0,4,13,0,3,13,8,0,0,0,64,22,9,71.0,Italy
Alisson,br BRA,GK,Roma,24,1992,37.0,1090,1323,82.4,31865,23250,127,127,100.0,518,525,98.7,443,667,66.4,0,0.0,0.0,0.0,1,15,0,0,0,1,0.0,1,0,0,0,1,1,0,0,0,2,3,22,4,Matches,1323,988,333,81,0,7,0,0,0,0,0,0,1090,2,0,1,0,0,1,3,0,0,2,0,0,0,0,69,7,0,100.0,Italy
Allan,br BRA,MF,Napoli,26,1991,31.7,1572,1826,86.1,21836,5571,967,1058,91.4,470,537,87.5,68,106,64.2,5,3.6,4.0,+1.4,34,172,45,2,186,107,34.6,24,65,18,36,104,68,52,3,49,28,135,16,0,Matches,1826,1783,35,17,7,6,29,17,1,0,0,0,1572,8,34,2,0,0,37,47,0,29,28,68,0,0,0,244,11,33,25.0,Italy
Amadou Diawara,gn GUI,MF,Napoli,20,1997,7.3,681,739,92.2,9974,2341,395,413,95.6,229,247,92.7,30,46,65.2,0,0.2,0.5,-0.2,5,57,6,0,51,11,14.3,3,7,1,1,7,6,12,2,10,9,20,5,0,Matches,739,716,23,23,2,3,5,0,0,0,0,0,681,0,3,1,0,0,12,4,0,5,9,9,0,0,0,65,2,4,33.3,Italy
Amato Ciciretti,it ITA,"MF,FW",Benevento,23,1993,9.0,250,346,72.3,4256,983,114,138,82.6,98,126,77.8,26,56,46.4,1,1.5,1.7,-0.5,15,11,9,5,23,14,18.2,5,6,3,2,11,9,9,0,9,6,20,4,0,Matches,346,317,28,8,0,5,47,3,14,10,1,2,250,1,15,0,0,0,8,17,0,47,6,8,0,0,0,42,3,15,16.7,Italy
Andrea Barberis,it ITA,MF,Crotone,23,1993,33.7,813,1148,70.8,13858,4950,376,458,82.1,326,437,74.6,81,172,47.1,1,3.1,2.3,-2.1,34,79,16,6,116,80,23.5,33,42,5,16,68,52,52,5,47,58,138,67,1,Matches,1148,1009,130,49,0,5,88,8,57,30,19,0,813,9,32,1,0,0,30,21,1,88,58,44,0,0,0,199,40,51,44.0,Italy
Andrea Barzagli,it ITA,DF,Juventus,36,1981,16.1,1162,1266,91.8,22771,7407,418,447,93.5,570,603,94.5,151,180,83.9,1,0.4,0.5,+0.6,4,86,5,2,81,26,56.3,14,11,1,9,16,7,14,7,7,17,43,46,0,Matches,1266,1205,60,19,0,19,3,41,0,0,0,0,1162,1,4,2,0,0,10,10,0,3,17,15,0,0,1,88,22,16,57.9,Italy
Andrea Belotti,it ITA,FW,Torino,23,1993,29.8,429,604,71.0,5705,1057,273,364,75.0,111,147,75.5,17,24,70.8,5,4.7,3.6,+0.3,31,30,13,1,39,32,10.0,9,15,8,3,30,27,14,1,13,6,38,19,1,Matches,604,583,20,1,1,4,9,6,0,0,0,0,429,1,27,2,0,0,60,95,19,9,6,23,1,0,0,82,80,105,43.2,Italy
Andrea Bertolacci,it ITA,MF,Genoa,26,1991,32.2,1309,1644,79.6,23424,7906,577,673,85.7,578,672,86.0,131,229,57.2,0,1.6,2.1,-1.6,26,190,30,2,211,85,33.3,40,38,7,21,63,42,46,12,34,46,131,37,1,Matches,1644,1553,84,58,2,13,27,14,10,6,4,0,1309,7,34,7,1,0,71,87,0,27,46,53,1,0,0,225,25,20,55.6,Italy
Andrea Consigli,it ITA,GK,Sassuolo,30,1987,36.8,761,1114,68.3,26777,20638,61,61,100.0,280,283,98.9,420,765,54.9,0,0.0,0.0,0.0,1,15,0,0,0,0,0.0,0,0,0,0,2,2,0,0,0,0,0,27,6,Matches,1114,660,449,153,0,5,0,0,0,0,0,0,761,5,0,2,0,0,1,10,0,0,0,0,0,0,0,33,11,1,91.7,Italy
Andrea Conti,it ITA,DF,Milan,23,1994,1.7,94,106,88.7,1592,634,43,46,93.5,47,53,88.7,4,5,80.0,0,0.1,0.2,-0.1,1,12,1,1,18,4,66.7,1,3,0,2,3,1,3,0,3,1,5,5,0,Matches,106,88,18,1,0,0,3,17,0,0,0,0,94,0,3,0,0,0,4,2,1,3,1,2,0,0,0,9,6,0,100.0,Italy
Andrea Cossu,it ITA,"MF,FW",Cagliari,37,1980,2.7,75,124,60.5,1362,356,35,43,81.4,27,39,69.2,11,33,33.3,1,0.3,0.3,+0.7,4,4,2,1,7,1,0.0,0,0,1,0,2,2,2,0,2,3,4,2,0,Matches,124,103,20,8,0,0,27,0,12,2,10,0,75,1,3,0,0,0,4,6,0,27,3,0,0,0,0,8,0,1,0.0,Italy
Andrea Costa,it ITA,DF,Benevento,31,1986,15.3,539,702,76.8,9926,4757,233,260,89.6,233,287,81.2,61,131,46.6,0,0.1,0.4,-0.1,2,37,6,3,51,19,47.4,13,6,0,9,19,10,21,15,6,37,56,78,2,Matches,702,658,42,27,1,10,6,15,0,0,0,0,539,2,4,5,0,0,22,11,0,6,37,14,0,1,0,62,26,22,54.2,Italy
Andrea Danzi,it ITA,MF,Hellas Verona,18,1999,4.4,175,195,89.7,2979,675,89,98,90.8,64,69,92.8,17,22,77.3,0,0.0,0.1,0.0,1,4,0,0,16,11,38.5,7,4,0,5,13,8,3,0,3,5,16,5,1,Matches,195,188,7,5,0,1,0,1,0,0,0,0,175,0,0,1,0,0,6,1,0,0,5,6,0,0,0,21,3,3,50.0,Italy
Andrea Masiello,it ITA,DF,Atalanta,31,1986,30.1,1644,1941,84.7,33368,12618,627,675,92.9,713,804,88.7,280,405,69.1,0,0.3,0.5,-0.3,10,129,9,0,153,58,55.6,34,20,4,30,54,24,24,6,18,72,130,137,0,Matches,1941,1820,115,42,0,73,5,71,2,0,0,0,1644,6,14,5,0,0,19,11,5,5,72,38,0,0,0,236,37,18,67.3,Italy
Andrea Nalini,it ITA,"FW,MF",Crotone,27,1990,18.2,352,559,63.0,5628,1773,196,262,74.8,94,158,59.5,41,81,50.6,2,2.6,1.7,-0.6,18,35,18,14,39,43,64.0,22,16,5,16,25,9,25,2,23,15,58,19,1,Matches,559,549,8,0,0,8,47,4,1,1,0,0,352,2,22,2,0,0,47,30,20,47,15,32,2,0,0,88,52,77,40.3,Italy
Andrea Petagna,it ITA,FW,Atalanta,22,1995,18.0,380,525,72.4,6244,947,207,258,80.2,112,150,74.7,38,53,71.7,5,4.1,2.6,+0.9,29,21,19,2,45,8,9.1,2,4,2,1,11,10,14,3,11,4,12,5,0,Matches,525,480,43,3,5,17,20,8,0,0,0,0,380,2,26,6,0,0,25,37,8,20,4,3,1,1,0,61,25,25,50.0,Italy
Andrea Pinamonti,it ITA,FW,Inter,18,1999,0.2,4,4,100.0,49,0,3,3,100.0,1,1,100.0,0,0,,0,0.0,0.0,0.0,0,0,0,0,0,0,,0,0,0,0,0,0,0,0,0,0,0,0,0,Matches,4,3,1,0,0,0,0,1,0,0,0,0,4,0,0,0,0,0,0,0,0,0,0,0,0,0,0,1,0,0,,Italy
Andrea Poli,it ITA,MF,Bologna,27,1989,28.3,1127,1270,88.7,18037,4250,567,616,92.0,455,489,93.0,74,90,82.2,0,0.6,1.3,-0.6,14,97,19,3,113,66,28.1,33,27,6,18,64,46,55,3,52,43,109,27,0,Matches,1270,1230,35,14,2,1,14,16,0,0,0,0,1127,5,26,10,1,1,31,54,1,14,43,53,0,0,0,183,10,45,18.2,Italy
Andrea Ranocchia,it ITA,DF,Inter,29,1988,7.0,283,315,89.8,5379,2095,93,99,93.9,165,176,93.8,24,37,64.9,0,0.0,0.0,0.0,0,10,1,0,19,8,50.0,6,2,0,3,6,3,6,5,1,12,20,35,0,Matches,315,310,4,4,0,1,1,0,0,0,0,0,283,1,0,4,0,0,8,3,0,1,12,4,0,0,1,38,25,5,83.3,Italy
Andreas Cornelius,dk DEN,FW,Atalanta,24,1993,10.4,205,317,64.7,2863,400,121,160,75.6,61,95,64.2,11,22,50.0,1,2.1,1.4,-1.1,22,15,5,0,23,9,14.3,3,3,3,1,7,6,7,0,7,2,11,7,0,Matches,317,299,17,0,0,3,12,0,0,0,0,0,205,1,18,0,0,0,23,20,8,12,2,5,0,0,0,30,52,52,50.0,Italy
Andrew Gravillon,gp GLP,DF,Benevento,19,1998,0.9,17,24,70.8,386,176,5,5,100.0,8,11,72.7,4,6,66.7,0,0.0,0.0,0.0,0,2,0,0,1,2,0.0,2,0,0,0,1,1,1,1,0,3,5,10,0,Matches,24,22,2,0,0,0,0,2,0,0,0,0,17,0,2,0,0,0,2,2,0,0,3,1,0,0,0,2,1,2,33.3,Italy
Andrey Galabinov,bg BUL,FW,Genoa,28,1988,12.5,232,363,63.9,3539,556,129,188,68.6,77,127,60.6,17,22,77.3,1,1.1,1.1,-0.1,12,18,5,1,25,7,0.0,0,5,2,0,5,5,17,1,16,2,9,11,0,Matches,363,351,11,0,2,3,7,1,0,0,0,0,232,1,15,2,0,0,26,15,16,7,2,5,1,0,0,37,54,62,46.6,Italy
Andrija Balić,hr CRO,MF,Udinese,19,1997,12.0,446,561,79.5,8362,2123,179,210,85.2,196,226,86.7,57,88,64.8,1,0.6,1.1,+0.4,14,40,6,2,51,18,29.6,5,12,1,8,27,19,6,3,3,16,34,13,0,Matches,561,519,40,19,1,12,38,2,19,5,11,1,446,2,18,2,0,0,15,10,1,38,16,9,0,0,0,105,8,8,50.0,Italy
André Silva,pt POR,FW,Milan,21,1995,10.4,232,313,74.1,2974,436,157,189,83.1,61,78,78.2,5,14,35.7,1,0.9,0.9,+0.1,18,8,2,0,23,5,28.6,1,0,4,2,7,5,10,1,9,4,9,6,0,Matches,313,296,13,1,1,0,6,3,0,0,0,0,232,4,16,0,0,0,20,18,6,6,4,4,0,0,0,25,22,34,39.3,Italy
Angelo da Costa Júnior,br BRA,GK,Bologna,33,1983,4.0,120,166,72.3,3713,2934,17,17,100.0,52,52,100.0,51,96,53.1,0,0.0,0.0,0.0,0,4,1,0,2,0,,0,0,0,0,0,0,0,0,0,0,0,2,0,Matches,166,115,50,8,0,0,0,0,0,0,0,0,120,1,0,0,0,0,0,0,0,0,0,0,0,0,0,11,0,0,,Italy
Ante Budimir,hr CRO,FW,Crotone,26,1991,17.6,245,394,62.2,3163,562,155,223,69.5,67,114,58.8,7,12,58.3,0,1.4,1.3,-1.4,18,22,5,0,35,28,10.0,4,16,8,2,20,18,20,3,17,7,35,27,0,Matches,394,366,27,0,1,0,3,4,0,0,0,0,245,1,9,8,0,0,43,44,20,3,7,20,0,0,0,50,94,112,45.6,Italy
Antonino Ragusa,it ITA,"FW,MF",Sassuolo,27,1990,9.2,167,254,65.7,2569,785,95,119,79.8,54,87,62.1,12,28,42.9,1,0.7,0.8,+0.3,10,14,8,3,25,17,34.8,11,4,2,8,23,15,12,1,11,6,23,16,0,Matches,254,237,17,2,2,0,21,9,3,1,1,0,167,0,13,6,0,0,26,32,4,21,6,7,1,0,0,45,10,11,47.6,Italy
Antonio Barreca,it ITA,DF,Torino,22,1995,5.2,228,285,80.0,3557,1627,117,135,86.7,92,104,88.5,13,27,48.1,0,0.1,0.1,-0.1,2,14,1,0,26,9,100.0,3,5,1,4,4,0,3,0,3,5,14,16,0,Matches,285,204,81,7,0,1,12,72,2,0,2,0,228,0,11,0,1,0,4,2,2,12,5,8,0,1,0,27,7,2,77.8,Italy
Antonio Candreva,it ITA,FW,Inter,30,1987,28.2,1174,1639,71.6,18652,4954,691,774,89.3,317,476,66.6,124,254,48.8,7,7.9,7.1,-0.9,71,62,63,28,120,12,20.5,7,5,0,8,39,31,20,2,18,22,34,24,0,Matches,1639,1459,168,15,6,31,288,54,99,12,60,3,1174,12,65,4,0,0,20,28,18,288,22,7,0,0,0,130,0,3,0.0,Italy
Antonio Caracciolo,it ITA,DF,Hellas Verona,27,1990,31.7,785,981,80.0,16277,5677,234,258,90.7,419,477,87.8,126,218,57.8,4,1.0,0.6,+3.0,4,23,1,0,33,52,56.7,41,8,3,17,30,13,64,44,20,39,91,203,0,Matches,981,944,33,28,1,14,5,5,0,0,0,0,785,4,7,6,0,0,21,3,2,5,39,34,0,2,0,101,48,39,55.2,Italy
Antonio Mirante,it ITA,GK,Bologna,34,1983,33.0,886,1264,70.1,31229,26108,63,63,100.0,347,354,98.0,472,838,56.3,0,0.0,0.1,0.0,1,22,0,0,3,0,0.0,0,0,0,0,3,3,1,0,1,0,0,11,5,Matches,1264,782,478,157,0,2,0,3,0,0,0,0,886,4,1,5,0,0,1,1,0,0,0,0,0,0,1,73,11,1,91.7,Italy
Antonio Santurro,do DOM,GK,Bologna,25,1992,1.0,24,47,51.1,1076,1014,1,1,100.0,5,5,100.0,18,40,45.0,0,0.0,0.0,0.0,0,0,0,0,0,0,,0,0,0,0,0,0,0,0,0,0,0,1,0,Matches,47,26,20,5,0,0,0,0,0,0,0,0,24,1,0,1,0,0,0,0,0,0,0,0,0,0,0,3,1,1,50.0,Italy
Antonín Barák,cz CZE,MF,Udinese,22,1994,30.1,905,1171,77.3,14980,4768,446,526,84.8,373,457,81.6,65,120,54.2,3,3.3,2.2,-0.3,30,117,28,3,161,58,36.2,22,27,9,21,58,37,34,2,32,18,76,26,1,Matches,1171,1148,18,4,2,8,34,6,7,5,1,0,905,5,35,5,0,0,47,24,0,34,18,38,0,0,0,172,30,29,50.8,Italy
Aristóteles Romero,ve VEN,"MF,FW",Crotone,21,1995,1.0,37,49,75.5,812,162,12,16,75.0,17,21,81.0,8,10,80.0,0,0.0,0.0,0.0,1,7,0,0,8,11,60.0,7,4,0,3,5,2,3,0,3,5,16,0,0,Matches,49,49,0,0,0,2,0,0,0,0,0,0,37,0,2,2,0,0,6,0,0,0,5,7,0,0,0,15,1,4,20.0,Italy
Arkadiusz Milik,pl POL,"FW,MF",Napoli,23,1994,5.0,115,149,77.2,1405,211,57,76,75.0,31,38,81.6,4,7,57.1,1,0.7,0.4,+0.3,7,6,5,0,12,2,0.0,0,1,1,0,1,1,5,0,5,1,3,4,0,Matches,149,141,8,1,1,0,2,0,0,0,0,0,115,0,6,2,0,0,8,7,1,2,1,1,0,0,0,11,4,17,19.0,Italy
Arlind Ajeti,al ALB,DF,Crotone,23,1993,14.1,282,362,77.9,5865,2708,89,104,85.6,140,165,84.8,51,84,60.7,1,1.0,0.9,0.0,4,16,1,0,20,42,60.0,25,14,3,18,30,12,27,15,12,34,76,82,0,Matches,362,348,13,13,0,2,0,0,0,0,0,0,282,1,5,7,0,0,19,6,0,0,34,23,0,1,0,75,20,27,42.6,Italy
Armando Izzo,it ITA,DF,Genoa,25,1992,15.4,650,869,74.8,13251,5057,214,251,85.3,335,399,84.0,97,201,48.3,0,0.2,0.3,-0.2,3,61,8,1,57,30,66.7,14,10,6,12,18,6,15,6,9,34,64,70,0,Matches,869,776,90,40,0,12,14,49,1,0,1,0,650,3,10,2,0,0,15,35,0,14,34,23,0,0,0,111,27,14,65.9,Italy
Artur Ioniță,md MDA,MF,Cagliari,26,1990,29.7,742,982,75.6,10965,3009,458,568,80.6,201,269,74.7,48,76,63.2,2,1.7,1.9,+0.3,18,78,12,8,83,63,44.7,30,24,9,17,38,21,39,7,32,28,91,29,0,Matches,982,973,5,1,0,14,36,4,0,0,0,0,742,4,35,4,0,0,54,17,6,36,28,45,0,0,0,163,75,56,57.3,Italy
Bacary Sagna,fr FRA,DF,Benevento,34,1983,10.6,690,783,88.1,10520,3514,378,403,93.8,247,278,88.8,42,64,65.6,0,1.5,0.6,-1.5,12,30,5,4,49,9,14.3,5,3,1,1,7,6,9,2,7,20,29,28,0,Matches,783,688,94,18,0,3,26,75,1,0,1,0,690,1,8,1,0,0,2,10,0,26,20,7,0,0,0,47,28,11,71.8,Italy
Bartosz Bereszyński,pl POL,DF,Sampdoria,25,1992,27.6,1271,1606,79.1,20496,7823,649,726,89.4,485,601,80.7,107,199,53.8,1,1.0,1.0,0.0,12,99,16,8,118,63,58.5,30,28,5,31,53,22,33,8,25,30,93,98,2,Matches,1606,1302,303,21,0,1,61,282,0,0,0,0,1271,1,56,5,0,0,26,27,0,61,30,47,0,1,0,154,26,23,53.1,Italy
Bartosz Salamon,pl POL,DF,SPAL,26,1991,19.2,699,867,80.6,14972,5638,197,225,87.6,383,419,91.4,111,198,56.1,0,0.3,0.3,-0.3,3,74,6,2,90,28,57.1,21,7,0,12,21,9,24,18,6,58,86,148,0,Matches,867,819,44,42,1,21,11,2,0,0,0,0,699,4,8,5,0,0,23,16,2,11,58,22,0,0,1,114,51,21,70.8,Italy
Bartłomiej Drągowski,pl POL,GK,Fiorentina,19,1997,2.4,28,51,54.9,955,839,5,5,100.0,12,13,92.3,11,33,33.3,0,0.0,0.1,0.0,0,3,1,0,0,0,,0,0,0,0,0,0,0,0,0,0,0,0,1,Matches,51,31,20,10,0,0,0,0,0,0,0,0,28,0,0,0,0,0,0,2,0,0,0,0,0,0,0,3,1,0,100.0,Italy
Bastos,ao ANG,DF,Lazio,26,1991,15.6,782,859,91.0,14089,4078,321,334,96.1,385,412,93.4,67,99,67.7,0,0.2,0.2,-0.2,4,37,2,0,57,33,63.3,19,13,1,19,30,11,13,8,5,24,57,67,0,Matches,859,831,28,20,0,5,0,7,0,0,0,0,782,0,6,4,0,0,13,4,0,0,24,24,0,2,0,102,20,18,52.6,Italy
Benedikt Höwedes,de GER,DF,Juventus,29,1988,2.7,201,216,93.1,3617,1207,74,76,97.4,115,118,97.5,11,20,55.0,0,0.1,0.1,-0.1,2,8,2,2,13,1,,1,0,0,0,0,0,0,0,0,8,9,10,1,Matches,216,208,8,3,0,1,2,5,0,0,0,0,201,0,0,1,0,0,3,2,0,2,8,1,0,0,0,11,2,3,40.0,Italy
Berat Djimsiti,al ALB,DF,Benevento,24,1993,30.0,1423,1618,87.9,27772,10280,470,513,91.6,768,830,92.5,168,233,72.1,1,0.6,0.5,+0.4,3,64,2,0,90,32,40.0,28,4,0,12,30,18,37,23,14,62,94,178,1,Matches,1618,1542,73,62,0,17,1,11,0,0,0,0,1423,3,8,2,0,0,24,22,0,1,62,17,0,3,0,164,60,32,65.2,Italy
Blaise Matuidi,fr FRA,MF,Juventus,30,1987,26.2,1247,1387,89.9,19550,4859,622,658,94.5,487,538,90.5,81,97,83.5,1,0.9,0.9,+0.1,17,123,11,2,141,49,28.6,14,25,10,10,35,25,28,4,24,32,81,22,1,Matches,1387,1357,24,18,1,6,23,6,0,0,0,0,1247,6,20,3,0,0,48,24,4,23,32,35,0,0,0,106,33,40,45.2,Italy
Blerim Džemaili,ch SUI,"MF,FW",Bologna,31,1986,13.3,383,494,77.5,6045,1708,200,242,82.6,139,161,86.3,29,51,56.9,0,0.6,0.9,-0.6,11,40,18,0,62,27,33.3,11,15,1,9,27,18,15,4,11,18,45,11,0,Matches,494,464,27,14,3,5,10,9,0,0,0,0,383,3,19,4,0,0,13,19,1,10,18,19,0,0,0,69,9,6,60.0,Italy
Borja Valero,es ESP,MF,Inter,32,1985,28.5,1856,2058,90.2,29992,7777,973,1031,94.4,627,683,91.8,180,223,80.7,0,1.8,1.7,-1.8,35,206,21,1,236,46,34.5,17,25,4,20,58,38,15,4,11,18,64,41,1,Matches,2058,1989,59,36,7,17,23,13,10,1,1,0,1856,10,26,3,0,0,27,39,0,23,18,31,0,0,0,189,9,26,25.7,Italy
Boukary Dramé,sn SEN,"DF,MF",SPAL,32,1985,1.1,45,57,78.9,708,232,20,21,95.2,20,24,83.3,2,8,25.0,0,0.0,0.0,0.0,0,1,1,0,3,1,,1,0,0,0,0,0,0,0,0,2,3,4,0,Matches,57,47,10,1,0,0,2,9,0,0,0,0,45,0,1,0,0,0,0,1,0,2,2,1,0,0,0,9,2,0,100.0,Italy
Boštjan Cesar,si SVN,DF,Chievo,35,1982,6.1,197,239,82.4,4073,1759,61,65,93.8,103,125,82.4,31,46,67.4,0,0.0,0.0,0.0,0,10,0,0,20,4,75.0,3,1,0,3,4,1,6,4,2,3,7,40,0,Matches,239,226,13,12,0,1,0,1,0,0,0,0,197,0,1,1,0,0,5,7,0,0,3,3,0,0,2,22,13,14,48.1,Italy
Bram Nuytinck,nl NED,DF,Udinese,27,1990,26.2,1062,1251,84.9,21525,7599,328,357,91.9,583,651,89.6,139,210,66.2,1,0.5,0.5,+0.5,3,68,4,0,78,65,64.1,40,24,1,25,39,14,43,24,19,37,102,124,1,Matches,1251,1180,70,48,1,15,3,22,0,0,0,0,1062,1,9,2,0,0,28,5,0,3,37,41,0,0,0,101,53,33,61.6,Italy
Bright Gyamfi,gh GHA,DF,Benevento,21,1996,3.6,142,181,78.5,2043,712,88,97,90.7,49,66,74.2,3,8,37.5,0,0.0,0.2,0.0,1,6,3,2,8,2,50.0,1,1,0,1,2,1,3,1,2,7,9,8,0,Matches,181,153,27,2,0,0,11,25,0,0,0,0,142,1,6,1,0,0,6,1,0,11,7,2,0,0,0,17,4,7,36.4,Italy
Bruno Gaspar,ao ANG,DF,Fiorentina,24,1993,8.7,469,580,80.9,7728,2690,214,232,92.2,203,249,81.5,36,64,56.3,2,0.8,0.8,+1.2,10,35,12,6,52,20,60.0,13,6,1,9,15,6,8,1,7,9,29,25,0,Matches,580,467,113,7,0,1,36,106,0,0,0,0,469,0,18,2,0,0,9,9,1,36,9,11,0,0,0,35,7,8,46.7,Italy
Bruno Martella,it ITA,DF,Crotone,24,1992,29.1,946,1378,68.7,16347,8793,462,567,81.5,367,517,71.0,102,228,44.7,3,2.1,2.0,+0.9,18,105,28,18,126,30,40.0,19,7,4,12,30,18,22,9,13,48,78,151,1,Matches,1378,1042,324,11,0,7,117,312,1,1,0,0,946,12,53,3,0,0,7,7,1,117,48,21,0,0,0,170,46,40,53.5,Italy
Bruno Peres,br BRA,DF,Roma,27,1990,12.8,664,808,82.2,10978,3780,314,354,88.7,265,311,85.2,58,88,65.9,0,1.1,1.2,-1.1,15,46,16,9,55,26,43.5,16,7,3,10,23,13,9,2,7,22,48,28,1,Matches,808,666,141,12,0,9,58,123,6,0,6,0,664,1,25,1,0,0,15,11,0,58,22,17,0,0,0,92,8,11,42.1,Italy
Bruno Petković,hr CRO,"FW,MF",Bologna,22,1994,3.7,88,117,75.2,1368,297,45,60,75.0,31,35,88.6,7,10,70.0,1,0.9,0.4,+0.1,4,5,4,0,13,7,100.0,0,5,2,1,1,0,3,0,3,4,11,5,0,Matches,117,113,4,0,1,1,3,0,0,0,0,0,88,0,6,3,0,0,5,16,2,3,4,6,0,0,0,15,5,8,38.5,Italy
Bruno Petković,hr CRO,FW,Hellas Verona,22,1994,10.2,173,267,64.8,2328,494,103,143,72.0,39,65,60.0,12,17,70.6,2,1.5,0.9,+0.5,12,14,11,1,25,14,46.2,3,8,3,6,13,7,11,1,10,7,21,12,0,Matches,267,247,17,0,1,3,6,3,0,0,0,0,173,3,11,1,0,0,18,21,3,6,7,12,0,0,0,43,43,52,45.3,Italy
Bruno Zuculini,ar ARG,MF,Hellas Verona,24,1993,13.5,518,635,81.6,9247,3037,236,275,85.8,204,241,84.6,67,95,70.5,0,0.0,0.1,0.0,2,45,1,0,58,68,41.7,37,28,3,20,48,28,35,8,27,38,106,31,0,Matches,635,615,19,15,0,6,2,2,0,0,0,0,518,1,7,8,3,2,41,8,0,2,38,49,0,1,0,78,23,32,41.8,Italy
Bryan Cristante,it ITA,MF,Atalanta,22,1995,31.4,1233,1622,76.0,19540,6260,620,751,82.6,491,614,80.0,77,144,53.5,2,4.9,4.5,-2.9,47,165,40,1,212,66,30.5,21,32,13,18,59,41,43,6,37,23,89,27,0,Matches,1622,1589,26,19,3,13,27,6,0,0,0,0,1233,7,41,4,0,0,57,15,5,27,23,50,1,0,0,200,96,86,52.7,Italy
Bryan Dabo,bf BFA,MF,Fiorentina,25,1992,6.6,253,331,76.4,3738,1000,140,162,86.4,90,119,75.6,13,28,46.4,0,0.1,0.2,-0.1,4,18,2,0,31,17,40.0,6,10,1,6,15,9,13,1,12,15,32,24,1,Matches,331,314,16,9,1,1,4,6,0,0,0,0,253,1,8,3,1,1,12,8,0,4,15,11,0,0,0,58,14,5,73.7,Italy
Carlo Pinsoglio,it ITA,GK,Juventus,27,1990,0.3,4,5,80.0,98,70,0,0,,4,4,100.0,0,1,0.0,0,0.0,0.0,0.0,0,0,0,0,0,0,,0,0,0,0,0,0,0,0,0,0,0,0,0,Matches,5,5,0,0,0,0,0,0,0,0,0,0,4,0,0,0,0,0,0,0,0,0,0,0,0,0,0,0,0,0,,Italy
Carlos Sánchez,co COL,"MF,DF",Fiorentina,31,1986,4.1,210,252,83.3,3780,1079,87,96,90.6,97,111,87.4,21,35,60.0,0,0.0,0.1,0.0,0,13,0,0,21,7,66.7,2,5,0,4,6,2,3,1,2,8,15,10,0,Matches,252,245,6,5,1,1,0,0,0,0,0,0,210,1,3,2,0,0,6,1,0,0,8,6,0,0,0,33,4,11,26.7,Italy
Cengiz Ünder,tr TUR,FW,Roma,20,1997,13.9,300,450,66.7,4651,1116,166,207,80.2,82,127,64.6,32,63,50.8,2,2.0,2.2,0.0,23,9,26,9,33,10,16.7,4,6,0,3,18,15,8,1,7,9,19,10,0,Matches,450,414,32,5,1,5,59,4,23,15,0,0,300,4,21,0,0,0,2,20,9,59,9,6,0,0,0,57,5,14,26.3,Italy
Cesar Falletti,uy URU,"MF,FW",Bologna,24,1992,3.6,136,177,76.8,2238,420,69,84,82.1,59,64,92.2,8,18,44.4,0,0.1,0.4,-0.1,3,15,6,1,19,11,50.0,4,6,1,4,8,4,10,0,10,0,11,5,0,Matches,177,163,11,2,0,4,11,5,4,1,2,0,136,3,8,1,0,0,5,10,0,11,0,7,0,0,0,19,1,3,25.0,Italy
Charalampos Lykogiannis,gr GRE,DF,Cagliari,23,1993,7.6,170,296,57.4,3138,1564,67,98,68.4,81,138,58.7,19,45,42.2,1,0.8,0.6,+0.2,3,12,6,3,14,16,61.1,9,5,2,11,18,7,12,3,9,15,31,28,0,Matches,296,203,93,6,0,2,28,82,5,2,2,0,170,0,16,2,0,0,13,13,0,28,15,12,0,0,0,28,16,8,66.7,Italy
Cheick Diabaté,ml MLI,FW,Benevento,29,1988,7.4,85,116,73.3,1215,133,52,64,81.3,26,41,63.4,4,5,80.0,0,0.1,0.1,-0.1,2,3,1,0,8,1,33.3,0,1,0,1,3,2,2,0,2,0,1,6,0,Matches,116,104,11,0,0,0,0,0,0,0,0,0,85,1,0,2,1,1,15,9,6,0,0,1,0,0,0,8,24,42,36.4,Italy
Cheick Keita,ml MLI,DF,Bologna,21,1996,1.4,29,33,87.9,353,86,23,25,92.0,6,7,85.7,0,0,,0,0.0,0.0,0.0,0,0,0,0,0,2,33.3,1,1,0,1,3,2,5,0,5,2,4,1,0,Matches,33,26,7,0,0,0,0,7,0,0,0,0,29,0,1,0,0,0,6,2,0,0,2,2,0,0,0,9,2,3,40.0,Italy
Christian Maggio,it ITA,DF,Napoli,35,1982,7.1,394,471,83.7,5733,1608,234,262,89.3,130,153,85.0,22,33,66.7,0,0.2,0.2,-0.2,3,18,5,3,26,17,36.8,9,6,2,7,19,12,15,4,11,13,30,21,0,Matches,471,362,109,13,0,1,16,96,0,0,0,0,394,0,10,0,0,0,4,15,0,16,13,10,1,0,0,38,20,14,58.8,Italy
Christian Puggioni,it ITA,GK,Benevento,36,1981,13.1,358,480,74.6,10523,7682,48,48,100.0,167,171,97.7,143,260,55.0,0,0.0,0.0,0.0,0,5,0,0,0,0,,0,0,0,0,0,0,0,0,0,0,0,5,1,Matches,480,316,163,43,0,3,0,0,0,0,0,0,358,1,0,0,1,0,1,1,0,0,0,0,0,0,0,12,5,0,100.0,Italy
Christian Puggioni,it ITA,GK,Sampdoria,36,1981,9.0,227,314,72.3,6611,5325,40,40,100.0,98,101,97.0,89,171,52.0,0,0.0,0.0,0.0,0,4,0,0,0,0,,0,0,0,0,0,0,0,0,0,0,0,6,1,Matches,314,201,111,33,0,3,0,0,0,0,0,0,227,2,0,0,0,0,1,1,0,0,0,0,0,1,0,15,3,0,100.0,Italy
Christian Rutjens,,,Benevento,,,0.0,,,,,,,,,,,,,,,0,,,,,,,,,,,,,,,,,,,,,,,,Matches,,,,,,,,,,,,,,,,0,0,,0,,,,,,,,,,,,,Italy
Ciro Immobile,it ITA,FW,Lazio,27,1990,29.8,620,798,77.7,8219,1201,369,432,85.4,161,207,77.8,33,45,73.3,6,6.6,3.9,-0.6,38,28,16,2,47,4,0.0,0,3,1,0,17,17,14,1,13,0,4,9,0,Matches,798,755,41,2,0,14,17,10,0,0,0,0,620,2,34,3,1,0,21,36,43,17,0,2,3,0,0,67,15,23,39.5,Italy
Claud Adjapong,it ITA,"DF,FW",Sassuolo,19,1998,13.6,363,509,71.3,5921,2319,167,197,84.8,166,227,73.1,21,53,39.6,0,1.1,0.9,-1.1,11,28,5,2,42,35,84.6,24,5,6,11,13,2,16,3,13,23,58,37,0,Matches,509,442,65,1,3,2,27,63,1,0,0,0,363,2,17,5,1,0,24,19,2,27,23,26,0,0,0,80,15,15,50.0,Italy
Claudio Marchisio,it ITA,MF,Juventus,31,1986,9.1,602,681,88.4,11447,2552,227,246,92.3,260,281,92.5,94,117,80.3,1,0.7,0.6,+0.3,6,52,7,1,67,17,28.6,9,5,3,6,21,15,7,2,5,4,21,7,0,Matches,681,660,16,13,5,10,4,1,2,0,1,0,602,5,7,1,0,0,8,3,0,4,4,10,0,0,0,55,2,1,66.7,Italy
Cristian Ansaldi,ar ARG,DF,Torino,30,1986,20.8,712,1003,71.0,13243,4625,337,371,90.8,249,351,70.9,107,221,48.4,3,3.6,2.8,-0.6,19,53,26,14,87,49,37.8,25,20,4,14,37,23,23,5,18,20,69,61,0,Matches,1003,797,202,22,0,36,78,176,4,0,3,0,712,4,30,7,1,1,26,36,0,78,20,33,1,1,0,121,5,13,27.8,Italy
Cristian Dell'Orco,it ITA,DF,Sassuolo,23,1994,4.7,115,175,65.7,2200,943,47,57,82.5,51,67,76.1,16,44,36.4,0,0.1,0.1,-0.1,2,11,2,0,12,4,33.3,1,2,1,1,3,2,5,1,4,10,14,19,0,Matches,175,147,27,7,0,0,0,20,0,0,0,0,115,1,5,0,0,0,4,5,0,0,10,1,0,0,0,27,7,6,53.8,Italy
Cristian Molinaro,it ITA,DF,Torino,34,1983,17.4,809,1025,78.9,13029,5522,417,457,91.2,304,372,81.7,65,140,46.4,1,0.5,0.7,+0.5,10,73,11,3,94,37,61.1,19,14,4,11,18,7,15,4,11,22,59,70,1,Matches,1025,829,194,22,0,6,33,172,0,0,0,0,809,2,25,2,0,0,25,19,2,33,22,29,0,2,0,129,23,7,76.7,Italy
Cristiano Biraghi,it ITA,DF,Fiorentina,24,1992,33.1,1268,1790,70.8,22496,7919,573,656,87.3,519,686,75.7,144,355,40.6,4,4.5,4.4,-0.5,58,68,41,25,81,74,62.1,33,32,9,36,58,22,42,5,37,43,117,103,2,Matches,1790,1336,446,73,2,5,245,280,93,31,56,0,1268,8,52,7,0,0,39,33,0,245,43,48,1,0,0,166,32,31,50.8,Italy
Cristiano Lombardi,it ITA,"MF,DF",Benevento,21,1995,12.4,258,364,70.9,4057,1003,137,164,83.5,77,104,74.0,26,45,57.8,2,1.7,1.1,+0.3,16,11,11,9,15,25,22.2,16,7,2,6,27,21,12,2,10,13,38,22,0,Matches,364,320,43,4,0,4,37,39,0,0,0,0,258,1,30,3,0,0,14,18,6,37,13,19,1,0,0,46,10,18,35.7,Italy
Cristián Zapata,co COL,DF,Milan,30,1986,11.0,629,706,89.1,12059,4621,232,248,93.5,318,341,93.3,75,105,71.4,0,0.5,0.3,-0.5,4,48,3,0,64,25,93.8,21,4,0,15,16,1,12,6,6,15,40,50,1,Matches,706,661,43,18,0,2,4,25,0,0,0,0,629,2,4,2,0,0,14,5,0,4,15,20,0,0,0,59,32,12,72.7,Italy
Cyril Théréau,fr FRA,"FW,MF",Fiorentina,34,1983,12.4,394,506,77.9,5027,919,252,295,85.4,100,135,74.1,11,24,45.8,2,2.3,1.2,-0.3,22,31,11,2,45,11,36.8,3,6,2,7,19,12,13,0,13,8,19,9,0,Matches,506,496,7,2,5,1,16,3,2,1,1,0,394,3,6,2,0,0,11,20,9,16,8,6,0,0,0,62,43,41,51.2,Italy
Cyril Théréau,fr FRA,"FW,MF",Udinese,34,1983,2.0,58,74,78.4,730,90,38,46,82.6,14,19,73.7,3,4,75.0,0,0.0,0.1,0.0,1,4,1,0,7,1,50.0,1,0,0,1,2,1,0,0,0,0,1,2,0,Matches,74,72,2,0,0,1,3,1,0,0,0,0,58,0,3,0,0,0,2,1,2,3,0,1,0,0,0,3,3,4,42.9,Italy
Dalbert Henrique,br BRA,DF,Inter,23,1993,5.9,286,365,78.4,4314,1334,156,171,91.2,97,125,77.6,18,38,47.4,0,0.2,0.3,-0.2,3,28,3,2,29,15,53.8,11,3,1,7,13,6,7,4,3,13,28,19,0,Matches,365,301,63,2,0,3,19,61,0,0,0,0,286,1,9,0,0,0,6,5,0,19,13,10,0,0,0,23,13,10,56.5,Italy
Damir Ceter,co COL,FW,Cagliari,19,1997,2.2,37,60,61.7,549,143,21,29,72.4,12,23,52.2,3,5,60.0,0,0.3,0.2,-0.3,4,4,1,0,6,2,,0,2,0,0,0,0,3,0,3,0,2,1,0,Matches,60,58,2,0,0,0,2,1,0,0,0,0,37,0,0,0,0,0,2,4,1,2,0,1,0,0,0,8,15,18,45.5,Italy
Daniel Bessa,it ITA,MF,Genoa,24,1993,4.9,161,201,80.1,2385,655,94,109,86.2,52,62,83.9,11,19,57.9,0,0.6,0.7,-0.6,6,15,4,0,18,6,0.0,2,2,2,0,1,1,7,0,7,3,9,6,0,Matches,201,186,15,2,1,0,9,4,8,1,7,0,161,0,4,0,0,0,11,3,0,9,3,6,0,0,0,35,3,5,37.5,Italy
Daniel Bessa,it ITA,"MF,FW",Hellas Verona,24,1993,15.4,549,685,80.1,9516,2343,244,283,86.2,228,273,83.5,60,86,69.8,1,1.8,0.8,-0.8,23,54,10,3,68,26,27.6,9,15,2,8,29,21,12,2,10,14,40,8,1,Matches,685,649,32,8,0,8,21,5,6,3,0,0,549,4,16,5,0,0,28,13,5,21,14,19,1,0,0,90,0,21,0.0,Italy
Daniel Pavlović,ba BIH,DF,Crotone,29,1988,8.4,222,357,62.2,4138,2206,99,121,81.8,87,131,66.4,32,83,38.6,0,1.0,1.2,-1.0,10,18,5,1,26,10,50.0,9,0,1,5,10,5,4,3,1,5,15,22,0,Matches,357,263,88,22,0,0,39,53,13,7,6,0,222,6,10,0,0,0,7,1,0,39,5,5,0,1,0,25,7,7,50.0,Italy
Daniel Pavlović,ba BIH,DF,Sampdoria,29,1988,1.0,52,67,77.6,945,307,15,19,78.9,30,35,85.7,5,9,55.6,0,0.0,0.0,0.0,1,4,2,1,5,3,100.0,1,1,1,1,1,0,0,0,0,0,3,5,0,Matches,67,57,9,2,0,1,3,7,0,0,0,0,52,1,1,0,0,0,0,0,0,3,0,1,0,0,0,0,2,0,100.0,Italy
Daniele Baselli,it ITA,MF,Torino,25,1992,28.0,1080,1332,81.1,18167,4920,526,607,86.7,414,488,84.8,103,148,69.6,0,1.5,2.0,-1.5,24,106,25,5,138,63,35.7,23,36,4,20,56,36,29,5,24,57,120,40,1,Matches,1332,1290,36,16,3,11,27,4,10,5,5,0,1080,6,35,13,2,1,53,52,3,27,57,33,0,0,0,199,33,29,53.2,Italy
Daniele De Rossi,it ITA,MF,Roma,34,1983,20.3,1094,1300,84.2,21657,7453,381,425,89.6,499,571,87.4,178,253,70.4,1,1.9,1.7,-0.9,17,151,11,2,156,23,27.3,12,9,2,9,33,24,18,13,5,43,66,45,2,Matches,1300,1217,75,73,2,38,3,2,0,0,0,0,1094,8,5,6,1,0,26,23,0,3,43,13,0,1,0,133,28,21,57.1,Italy
Daniele Dessena,it ITA,"MF,DF",Cagliari,30,1987,6.4,170,245,69.4,2799,1072,92,115,80.0,56,81,69.1,17,35,48.6,0,0.1,0.3,-0.1,2,11,3,3,16,18,50.0,12,5,1,6,12,6,7,1,6,6,24,17,0,Matches,245,224,21,4,0,0,8,16,0,0,0,0,170,0,4,1,0,0,9,16,0,8,6,10,0,0,0,37,5,10,33.3,Italy
Daniele Rugani,it ITA,DF,Juventus,23,1994,21.5,1371,1512,90.7,25803,8500,442,462,95.7,799,856,93.3,110,165,66.7,1,0.6,0.5,+0.4,3,39,0,0,39,18,53.8,11,5,2,7,13,6,18,14,4,20,38,87,1,Matches,1512,1485,25,24,0,11,2,1,0,0,0,0,1371,2,5,3,0,0,25,14,1,2,20,12,0,2,0,93,40,29,58.0,Italy
Daniele Verde,it ITA,"FW,MF",Hellas Verona,21,1996,21.7,467,705,66.2,7855,3166,238,300,79.3,159,234,67.9,50,122,41.0,2,2.0,1.5,0.0,22,45,32,17,68,10,30.0,8,1,1,6,20,14,8,0,8,30,40,19,0,Matches,705,597,103,18,1,8,106,48,30,2,17,0,467,5,21,0,0,0,2,12,7,106,30,9,0,0,0,97,0,5,0.0,Italy
Danilo Cataldi,it ITA,MF,Benevento,22,1994,25.4,1124,1369,82.1,19121,5343,537,600,89.5,412,475,86.7,128,209,61.2,4,2.3,2.1,+1.7,37,98,18,6,135,33,17.9,12,19,2,5,28,23,18,5,13,37,70,20,1,Matches,1369,1272,92,46,5,19,62,12,33,11,14,0,1124,5,19,11,1,1,35,28,0,62,37,25,0,0,0,180,2,10,16.7,Italy
Danilo D'Ambrosio,it ITA,DF,Inter,28,1988,33.1,1719,2119,81.1,25752,10194,958,1049,91.3,610,750,81.3,93,196,47.4,3,1.4,1.9,+1.6,20,134,21,8,179,82,50.8,38,35,9,30,59,29,31,7,24,45,127,68,1,Matches,2119,1801,309,40,3,7,59,268,1,1,0,0,1719,9,50,6,0,0,58,39,5,59,45,64,1,0,0,195,64,42,60.4,Italy
Danilo Larangeira,br BRA,DF,Udinese,33,1984,30.8,1111,1413,78.6,24014,10176,300,344,87.2,622,710,87.6,182,334,54.5,0,0.2,0.6,-0.2,3,58,3,0,62,35,55.2,26,8,1,16,29,13,50,38,12,50,85,161,2,Matches,1413,1324,84,73,0,16,2,11,0,0,0,0,1111,5,8,8,0,0,22,13,2,2,50,21,0,0,1,147,71,60,54.2,Italy
Dario Dainelli,it ITA,DF,Chievo,38,1979,16.7,465,600,77.5,10013,4799,142,166,85.5,226,255,88.6,90,165,54.5,0,0.1,0.2,-0.1,3,38,2,0,48,19,47.6,14,4,1,10,21,11,27,22,5,46,65,126,0,Matches,600,558,38,38,0,11,1,0,0,0,0,0,465,4,2,4,0,0,18,11,0,1,46,14,0,0,0,90,49,17,74.2,Italy
Darko Lazović,rs SRB,"DF,MF",Genoa,26,1990,13.8,475,678,70.1,7901,2547,242,297,81.5,185,250,74.0,39,98,39.8,1,1.9,1.8,-0.9,14,34,22,13,47,19,50.0,16,2,1,9,18,9,8,0,8,13,32,12,0,Matches,678,575,99,5,0,4,83,88,6,1,3,1,475,4,27,2,0,0,8,9,0,83,13,12,0,1,0,71,5,10,33.3,Italy
Davide Astori,it ITA,DF,Fiorentina,30,1987,25.0,1319,1534,86.0,25296,9045,470,500,94.0,682,751,90.8,146,239,61.1,1,0.3,0.9,+0.7,9,92,9,2,97,47,62.1,33,13,1,18,29,11,29,17,12,51,98,131,2,Matches,1534,1465,64,60,0,15,18,4,0,0,0,0,1319,5,9,5,0,0,22,22,1,18,51,31,0,1,0,188,50,24,67.6,Italy
Davide Biondini,it ITA,MF,Sassuolo,34,1983,2.3,93,112,83.0,1696,439,39,42,92.9,47,53,88.7,7,15,46.7,0,0.1,0.1,-0.1,3,8,2,1,13,4,50.0,2,2,0,1,2,1,1,0,1,3,7,1,0,Matches,112,107,5,2,0,3,4,3,0,0,0,0,93,0,2,1,0,0,6,2,0,4,3,4,0,0,0,11,1,4,20.0,Italy
Davide Biraschi,it ITA,DF,Genoa,23,1994,20.0,753,990,76.1,13911,5330,297,340,87.4,377,452,83.4,72,164,43.9,1,0.8,0.7,+0.2,10,79,8,8,84,33,72.0,13,19,1,18,25,7,19,10,9,38,71,78,0,Matches,990,895,90,25,1,2,34,65,0,0,0,0,753,5,24,2,0,0,26,21,0,34,38,25,0,0,0,111,26,22,54.2,Italy
Davide Calabria,it ITA,DF,Milan,20,1996,17.4,910,1165,78.1,16092,6048,399,440,90.7,417,504,82.7,86,175,49.1,2,2.3,1.6,-0.3,17,78,19,10,100,64,51.2,33,24,7,21,41,20,19,4,15,33,97,82,1,Matches,1165,943,221,26,0,6,81,195,0,0,0,0,910,1,35,2,1,1,26,13,2,81,33,50,0,0,0,102,17,14,54.8,Italy
Davide Di Gennaro,it ITA,MF,Lazio,29,1988,0.1,3,3,100.0,45,0,1,1,100.0,2,2,100.0,0,0,,0,0.0,0.0,0.0,0,0,0,0,0,1,100.0,1,0,0,1,1,0,0,0,0,0,1,0,0,Matches,3,3,0,0,0,0,0,0,0,0,0,0,3,0,0,0,0,0,0,0,0,0,0,0,0,0,0,0,0,0,,Italy
Davide Faraoni,it ITA,"DF,MF",Crotone,25,1991,19.5,638,932,68.5,11946,5240,255,293,87.0,281,366,76.8,86,207,41.5,4,0.8,0.9,+3.2,10,54,13,4,74,62,59.6,36,20,6,28,47,19,30,8,22,58,120,76,0,Matches,932,721,203,40,0,9,54,160,3,3,0,0,638,8,33,3,0,0,18,26,0,54,58,39,0,1,0,160,18,22,45.0,Italy
Davide Santon,it ITA,DF,Inter,26,1991,9.3,439,549,80.0,7514,2030,221,239,92.5,164,212,77.4,47,75,62.7,0,0.1,0.2,-0.1,2,26,2,1,32,19,52.9,13,6,0,9,17,8,10,3,7,20,39,32,2,Matches,549,477,69,5,1,5,16,64,0,0,0,0,439,3,12,2,0,0,11,8,0,16,20,14,0,1,0,59,26,11,70.3,Italy
Davide Zappacosta,it ITA,"DF,FW",Torino,25,1992,1.1,41,55,74.5,696,135,22,24,91.7,14,17,82.4,4,11,36.4,0,0.0,0.0,0.0,1,2,1,1,2,1,,1,0,0,0,0,0,0,0,0,2,3,1,0,Matches,55,36,19,1,0,0,9,15,3,3,0,0,41,0,2,0,0,0,0,0,2,9,2,0,0,0,0,5,1,3,25.0,Italy
Dawid Kownacki,pl POL,FW,Sampdoria,20,1997,9.1,187,262,71.4,2440,355,120,144,83.3,53,76,69.7,7,15,46.7,2,1.0,0.8,+1.0,8,8,6,1,14,8,27.3,1,4,3,3,11,8,7,0,7,1,9,5,0,Matches,262,245,17,1,0,0,16,2,0,0,0,0,187,0,12,0,0,0,15,16,1,16,1,7,1,0,0,24,28,27,50.9,Italy
Deian Boldor,ro ROU,DF,Hellas Verona,22,1995,1.0,29,36,80.6,625,265,10,11,90.9,14,14,100.0,5,11,45.5,0,0.1,0.0,-0.1,1,3,0,0,4,3,66.7,3,0,0,2,3,1,5,2,3,3,6,11,0,Matches,36,36,0,0,0,2,0,0,0,0,0,0,29,0,0,1,0,0,1,0,0,0,3,2,0,0,0,3,3,2,60.0,Italy
Dennis Praet,be BEL,MF,Sampdoria,23,1994,29.5,1228,1511,81.3,19759,5706,612,707,86.6,492,577,85.3,86,140,61.4,3,3.3,3.1,-0.3,33,144,43,8,174,85,52.1,34,36,15,38,73,35,49,1,48,37,122,22,0,Matches,1511,1470,37,8,5,4,70,26,3,1,1,0,1228,4,45,4,0,0,26,28,0,70,37,57,0,0,0,200,21,46,31.3,Italy
Diego Falcinelli,it ITA,FW,Fiorentina,26,1991,4.9,84,116,72.4,911,155,60,79,75.9,16,23,69.6,2,4,50.0,0,0.5,0.6,-0.5,5,3,4,0,9,1,0.0,1,0,0,0,5,5,5,1,4,1,2,4,0,Matches,116,113,3,0,0,0,6,1,0,0,0,0,84,0,2,0,0,0,13,17,1,6,1,1,0,0,0,11,13,26,33.3,Italy
Diego Falcinelli,it ITA,FW,Sassuolo,26,1991,14.6,157,237,66.2,2408,392,92,128,71.9,55,80,68.8,8,12,66.7,1,0.4,0.3,+0.6,8,11,5,1,24,4,7.7,1,2,1,1,13,12,12,2,10,2,6,9,0,Matches,237,205,30,4,0,2,9,1,0,0,0,0,157,2,12,2,0,0,27,53,10,9,2,4,0,0,0,29,39,41,48.8,Italy
Diego Farias,br BRA,"FW,MF",Cagliari,27,1990,17.9,442,564,78.4,6328,1330,256,302,84.8,143,177,80.8,22,41,53.7,4,1.7,1.8,+2.3,20,19,18,3,42,21,25.0,3,9,9,6,24,18,17,0,17,8,29,6,0,Matches,564,521,39,3,3,1,35,21,12,8,0,0,442,4,20,4,0,0,28,24,15,35,8,15,0,0,0,75,8,15,34.8,Italy
Diego Laxalt,uy URU,DF,Genoa,24,1993,31.2,929,1326,70.1,14681,6035,517,595,86.9,326,468,69.7,68,172,39.5,3,2.2,2.0,+0.8,24,60,33,23,91,54,37.3,31,17,6,22,59,37,38,3,35,25,79,55,1,Matches,1326,1094,229,3,0,2,114,226,0,0,0,0,929,3,75,2,0,0,42,36,0,114,25,43,0,0,0,170,18,24,42.9,Italy
Diego Perotti,ar ARG,"FW,MF",Roma,29,1988,17.9,709,918,77.2,10214,2296,384,434,88.5,239,310,77.1,34,76,44.7,3,3.6,3.9,-0.6,39,62,35,14,97,25,40.0,6,14,5,8,20,12,19,0,19,11,36,13,0,Matches,918,845,70,8,4,2,123,14,48,25,4,0,709,3,34,0,0,0,11,32,4,123,11,17,1,0,0,87,9,17,34.6,Italy
Domenico Berardi,it ITA,FW,Sassuolo,22,1994,25.5,642,986,65.1,11339,3272,269,352,76.4,286,408,70.1,63,151,41.7,2,3.7,4.0,-1.7,52,49,31,7,113,31,16.9,9,16,6,11,65,54,23,0,23,17,48,14,1,Matches,986,890,94,20,16,8,120,9,64,38,17,0,642,2,50,8,1,0,42,48,21,120,17,17,0,0,0,116,16,34,32.0,Italy
Domenico Maietta,it ITA,DF,Bologna,34,1982,5.2,212,254,83.5,4554,1871,50,56,89.3,137,145,94.5,24,49,49.0,0,0.0,0.0,0.0,0,21,0,0,22,5,33.3,4,1,0,3,9,6,8,6,2,7,12,13,1,Matches,254,235,17,17,0,2,1,0,0,0,0,0,212,2,1,1,0,0,3,3,0,1,7,4,0,0,0,25,4,2,66.7,Italy
Douglas Costa,br BRA,"FW,MF",Juventus,26,1990,19.9,828,1047,79.1,14220,2912,388,437,88.8,285,353,80.7,107,156,68.6,12,7.6,6.2,+4.4,60,56,48,18,84,17,32.0,10,5,2,8,25,17,15,0,15,7,24,7,0,Matches,1047,1012,34,3,2,24,99,12,19,4,8,2,828,1,32,1,0,0,21,19,2,99,7,14,1,0,0,92,6,19,24.0,Italy
Dries Mertens,be BEL,FW,Napoli,30,1987,33.4,744,1015,73.3,9449,2057,486,601,80.9,155,222,69.8,38,57,66.7,7,7.2,5.7,-0.2,58,48,49,2,105,28,13.9,5,13,10,5,36,31,18,2,16,5,33,8,1,Matches,1015,978,29,3,22,2,30,3,0,0,0,0,744,8,29,4,0,0,38,42,13,30,5,22,2,0,0,67,3,24,11.1,Italy
Duje Čop,hr CRO,"FW,MF",Cagliari,27,1990,1.1,11,21,52.4,166,63,7,13,53.8,4,6,66.7,0,1,0.0,0,0.0,0.0,0.0,0,2,0,0,4,1,0.0,0,0,1,0,1,1,1,0,1,0,1,0,0,Matches,21,20,1,0,0,1,0,0,0,0,0,0,11,0,0,0,0,0,1,3,0,0,0,1,1,0,0,2,1,3,25.0,Italy
Duván Zapata,co COL,FW,Sampdoria,26,1991,23.4,391,586,66.7,5291,799,224,300,74.7,119,178,66.9,17,40,42.5,3,3.6,2.7,-0.6,28,19,17,5,36,12,16.7,1,7,4,1,6,5,13,0,13,5,17,22,1,Matches,586,559,23,1,1,3,42,10,0,0,0,0,391,4,30,1,0,0,27,51,3,42,5,7,2,0,0,61,68,83,45.0,Italy
Dušan Basta,rs SRB,DF,Lazio,32,1984,8.6,298,395,75.4,4654,1618,176,197,89.3,90,123,73.2,23,51,45.1,1,0.2,0.6,+0.8,6,15,12,8,23,9,42.9,4,3,2,6,14,8,10,3,7,13,22,15,0,Matches,395,329,66,6,0,5,29,60,0,0,0,0,298,0,15,0,0,0,5,4,3,29,13,7,0,0,0,49,3,9,25.0,Italy
Eddie Salcedo,it ITA,FW,Genoa,15,2001,0.4,6,7,85.7,94,10,4,5,80.0,2,2,100.0,0,0,,0,0.0,0.0,0.0,0,0,0,0,0,0,,0,0,0,0,0,0,0,0,0,0,0,0,0,Matches,7,7,0,0,0,0,0,0,0,0,0,0,6,0,0,0,0,0,1,0,0,0,0,0,0,0,0,0,0,1,0.0,Italy
Edin Džeko,ba BIH,FW,Roma,31,1986,33.5,546,796,68.6,9295,1863,259,350,74.0,157,229,68.6,83,106,78.3,3,3.9,2.7,-0.9,48,63,19,1,95,15,20.0,1,9,5,3,15,12,9,1,8,4,19,36,0,Matches,796,730,57,4,9,16,19,0,1,0,0,0,546,9,35,6,0,0,37,28,19,19,4,10,1,0,0,80,109,64,63.0,Italy
Edoardo Goldaniga,it ITA,DF,Sassuolo,23,1993,12.8,267,376,71.0,6075,2014,62,77,80.5,152,187,81.3,52,100,52.0,0,0.2,0.4,-0.2,1,14,1,0,18,14,55.6,10,4,0,5,9,4,10,5,5,19,33,56,0,Matches,376,336,37,12,0,8,1,25,0,0,0,0,267,3,6,7,2,2,13,11,1,1,19,8,0,0,0,41,19,18,51.4,Italy
Elio Capradossi,ug UGA,DF,Roma,21,1996,0.9,41,47,87.2,741,222,18,20,90.0,18,19,94.7,4,6,66.7,0,0.0,0.0,0.0,0,3,0,0,3,1,,1,0,0,0,0,0,2,2,0,2,3,13,0,Matches,47,43,4,2,0,1,0,2,0,0,0,0,41,0,1,0,0,0,1,0,0,0,2,0,0,0,0,7,4,3,57.1,Italy
Elseid Hysaj,al ALB,DF,Napoli,23,1994,34.7,2341,2705,86.5,32073,9074,1497,1615,92.7,650,762,85.3,101,154,65.6,1,1.7,1.9,-0.7,20,124,23,7,144,64,57.1,28,30,6,32,56,24,35,4,31,43,107,68,4,Matches,2705,2299,401,52,0,14,52,349,0,0,0,0,2341,5,52,3,1,0,29,17,2,52,43,45,0,2,0,263,37,40,48.1,Italy
Emanuele Giaccherini,it ITA,"MF,FW",Chievo,32,1985,10.0,311,430,72.3,5126,1296,153,176,86.9,111,146,76.0,31,63,49.2,2,0.9,0.8,+1.1,15,27,3,0,52,7,20.0,4,2,1,5,25,20,9,3,6,5,12,6,0,Matches,430,398,31,17,0,6,37,0,12,9,2,0,311,1,19,4,0,0,8,16,2,37,5,4,0,0,0,81,4,12,25.0,Italy
Emanuele Giaccherini,it ITA,"FW,MF",Napoli,32,1985,0.7,46,54,85.2,519,77,30,31,96.8,10,14,71.4,1,1,100.0,0,0.1,0.1,-0.1,2,2,3,1,4,1,,0,1,0,0,0,0,0,0,0,0,1,0,0,Matches,54,54,0,0,0,0,2,0,0,0,0,0,46,0,1,2,0,0,1,2,0,2,0,1,1,0,0,7,0,0,,Italy
Emanuele Torrasi,it ITA,MF,Milan,18,1999,0.1,,,,,,,,,,,,,,,0,,,,,,,,,,,,,,,,,,,,,,,,Matches,,,,,,,,,,,,,,,,0,0,,0,,,,,,,,,,,,,Italy
Emanuele Torrasi,it ITA,MF,Milan,18,1999,0.1,,,,,,,,,,,,,,,0,,,,,,,,,,,,,,,,,,,,,,,,Matches,,,,,,,,,,,,,,,,0,0,0,0,0,0,0,0,0,0,0,0,0,0,0,,Italy
Emanuele Torrasi,it ITA,MF,Milan,18,1999,0.1,,,,,,,,,,,,,,,0,,,,,,,,,,,,,,,,,,,,,,,,Matches,11,11,0,0,0,0,0,0,0,0,0,0,11,0,0,0,0,,0,,,,,,,,,,,,,Italy
Emanuele Torrasi,it ITA,MF,Milan,18,1999,0.1,,,,,,,,,,,,,,,0,,,,,,,,,,,,,,,,,,,,,,,,Matches,11,11,0,0,0,0,0,0,0,0,0,0,11,0,0,0,0,0,0,0,0,0,0,0,0,0,0,0,0,0,,Italy
Emanuele Torrasi,it ITA,MF,Milan,18,1999,0.1,,,,,,,,,,,,,,,0,,,,,,,,,0,,0,0,0,0,0,0,0,0,0,0,0,0,0,Matches,,,,,,,,,,,,,,,,0,0,,0,,,,,,,,,,,,,Italy
Emanuele Torrasi,it ITA,MF,Milan,18,1999,0.1,,,,,,,,,,,,,,,0,,,,,,,,,0,,0,0,0,0,0,0,0,0,0,0,0,0,0,Matches,,,,,,,,,,,,,,,,0,0,0,0,0,0,0,0,0,0,0,0,0,0,0,,Italy
Emanuele Torrasi,it ITA,MF,Milan,18,1999,0.1,,,,,,,,,,,,,,,0,,,,,,,,,0,,0,0,0,0,0,0,0,0,0,0,0,0,0,Matches,11,11,0,0,0,0,0,0,0,0,0,0,11,0,0,0,0,,0,,,,,,,,,,,,,Italy
Emanuele Torrasi,it ITA,MF,Milan,18,1999,0.1,,,,,,,,,,,,,,,0,,,,,,,,,0,,0,0,0,0,0,0,0,0,0,0,0,0,0,Matches,11,11,0,0,0,0,0,0,0,0,0,0,11,0,0,0,0,0,0,0,0,0,0,0,0,0,0,0,0,0,,Italy
Emanuele Torrasi,it ITA,MF,Milan,18,1999,0.1,11,11,100.0,115,24,9,9,100.0,2,2,100.0,0,0,,0,0.0,0.0,0.0,0,1,0,0,0,,,,,,,,,,,,,,,,Matches,,,,,,,,,,,,,,,,0,0,,0,,,,,,,,,,,,,Italy
Emanuele Torrasi,it ITA,MF,Milan,18,1999,0.1,11,11,100.0,115,24,9,9,100.0,2,2,100.0,0,0,,0,0.0,0.0,0.0,0,1,0,0,0,,,,,,,,,,,,,,,,Matches,,,,,,,,,,,,,,,,0,0,0,0,0,0,0,0,0,0,0,0,0,0,0,,Italy
Emanuele Torrasi,it ITA,MF,Milan,18,1999,0.1,11,11,100.0,115,24,9,9,100.0,2,2,100.0,0,0,,0,0.0,0.0,0.0,0,1,0,0,0,,,,,,,,,,,,,,,,Matches,11,11,0,0,0,0,0,0,0,0,0,0,11,0,0,0,0,,0,,,,,,,,,,,,,Italy
Emanuele Torrasi,it ITA,MF,Milan,18,1999,0.1,11,11,100.0,115,24,9,9,100.0,2,2,100.0,0,0,,0,0.0,0.0,0.0,0,1,0,0,0,,,,,,,,,,,,,,,,Matches,11,11,0,0,0,0,0,0,0,0,0,0,11,0,0,0,0,0,0,0,0,0,0,0,0,0,0,0,0,0,,Italy
Emanuele Torrasi,it ITA,MF,Milan,18,1999,0.1,11,11,100.0,115,24,9,9,100.0,2,2,100.0,0,0,,0,0.0,0.0,0.0,0,1,0,0,0,0,,0,0,0,0,0,0,0,0,0,0,0,0,0,Matches,,,,,,,,,,,,,,,,0,0,,0,,,,,,,,,,,,,Italy
Emanuele Torrasi,it ITA,MF,Milan,18,1999,0.1,11,11,100.0,115,24,9,9,100.0,2,2,100.0,0,0,,0,0.0,0.0,0.0,0,1,0,0,0,0,,0,0,0,0,0,0,0,0,0,0,0,0,0,Matches,,,,,,,,,,,,,,,,0,0,0,0,0,0,0,0,0,0,0,0,0,0,0,,Italy
Emanuele Torrasi,it ITA,MF,Milan,18,1999,0.1,11,11,100.0,115,24,9,9,100.0,2,2,100.0,0,0,,0,0.0,0.0,0.0,0,1,0,0,0,0,,0,0,0,0,0,0,0,0,0,0,0,0,0,Matches,11,11,0,0,0,0,0,0,0,0,0,0,11,0,0,0,0,,0,,,,,,,,,,,,,Italy
Emanuele Torrasi,it ITA,MF,Milan,18,1999,0.1,11,11,100.0,115,24,9,9,100.0,2,2,100.0,0,0,,0,0.0,0.0,0.0,0,1,0,0,0,0,,0,0,0,0,0,0,0,0,0,0,0,0,0,Matches,11,11,0,0,0,0,0,0,0,0,0,0,11,0,0,0,0,0,0,0,0,0,0,0,0,0,0,0,0,0,,Italy
Emerson Palmieri,it ITA,DF,Roma,22,1994,0.2,16,17,94.1,220,32,8,8,100.0,6,6,100.0,1,2,50.0,0,0.0,0.0,0.0,0,0,0,0,0,0,,0,0,0,0,0,0,0,0,0,0,0,0,0,Matches,17,16,1,0,0,0,1,1,0,0,0,0,16,0,0,0,0,0,0,0,0,1,0,0,0,0,0,2,0,0,,Italy
Emil Hallfreðsson,is ISL,MF,Udinese,33,1984,8.5,390,455,85.7,6732,1640,186,205,90.7,153,177,86.4,41,54,75.9,0,0.5,0.5,-0.5,13,34,6,3,45,19,29.2,9,7,3,7,24,17,13,2,11,20,39,16,0,Matches,455,443,12,11,0,2,19,1,0,0,0,0,390,0,5,5,0,0,20,12,0,19,20,14,0,0,1,80,12,6,66.7,Italy
Emil Krafth,se SWE,DF,Bologna,22,1994,10.5,414,521,79.5,6886,2762,187,211,88.6,199,243,81.9,22,42,52.4,0,0.1,0.1,-0.1,3,31,3,2,45,23,52.6,14,8,1,10,19,9,12,4,8,16,39,39,1,Matches,521,430,89,5,0,0,11,84,0,0,0,0,414,2,11,2,0,0,7,11,0,11,16,16,0,1,0,53,13,17,43.3,Italy
Emiliano Moretti,it ITA,DF,Torino,36,1981,19.8,904,1068,84.6,17351,6350,331,365,90.7,467,511,91.4,97,162,59.9,0,0.5,0.8,-0.5,3,57,2,0,68,31,87.5,25,6,0,14,16,2,30,23,7,21,52,77,2,Matches,1068,1018,44,38,0,9,0,6,0,0,0,0,904,6,11,6,0,0,17,16,0,0,21,18,0,0,0,130,45,27,62.5,Italy
Emiliano Viviano,it ITA,GK,Sampdoria,31,1985,27.0,584,862,67.7,19197,15361,78,80,97.5,240,240,100.0,264,536,49.3,0,0.0,0.1,0.0,0,16,0,0,0,0,,0,0,0,0,0,0,0,0,0,2,2,10,4,Matches,862,541,317,91,0,2,0,0,0,0,0,0,584,4,0,2,0,0,1,1,0,0,2,0,0,0,1,45,3,1,75.0,Italy
Enrico Bearzotti,it ITA,"DF,FW",Hellas Verona,20,1996,4.6,132,177,74.6,2304,1043,56,63,88.9,63,76,82.9,10,28,35.7,0,0.0,0.0,0.0,1,11,1,1,16,3,25.0,2,0,1,1,4,3,3,1,2,4,7,18,0,Matches,177,146,30,2,0,2,14,28,0,0,0,0,132,1,6,0,0,0,2,2,0,14,4,2,0,1,0,17,2,5,28.6,Italy
Enrico Brignola,it ITA,"MF,FW",Benevento,18,1999,15.0,383,480,79.8,5665,1225,206,235,87.7,137,162,84.6,21,35,60.0,2,1.3,1.0,+0.7,19,19,9,1,42,28,31.6,17,10,1,12,38,26,13,0,13,6,34,7,0,Matches,480,471,8,0,2,1,16,5,2,1,0,0,383,1,23,5,0,0,36,13,7,16,6,21,0,0,0,49,5,14,26.3,Italy
Erick Pulgar,cl CHI,MF,Bologna,23,1994,30.8,1429,1748,81.8,27057,8968,569,642,88.6,637,736,86.5,190,284,66.9,0,3.1,3.2,-3.1,25,155,19,1,169,70,32.0,41,29,0,24,75,51,49,13,36,46,116,83,1,Matches,1748,1655,89,60,6,27,33,6,22,13,5,0,1429,4,37,9,0,0,44,31,1,33,46,48,0,0,0,218,32,20,61.5,Italy
Eros Schiavon,it ITA,"MF,DF",SPAL,34,1983,4.3,85,135,63.0,1286,484,44,57,77.2,35,50,70.0,3,17,17.6,0,0.0,0.0,0.0,1,8,0,0,5,6,14.3,2,3,1,1,7,6,6,2,4,2,8,4,0,Matches,135,116,18,3,0,0,8,15,0,0,0,0,85,1,7,4,0,0,10,3,0,8,2,5,0,0,0,16,1,9,10.0,Italy
Ervin Zukanović,ba BIH,DF,Genoa,30,1987,31.9,1325,1606,82.5,25621,10429,523,573,91.3,595,690,86.2,182,293,62.1,1,1.6,1.6,-0.6,13,119,19,11,135,50,39.2,33,16,1,20,51,31,32,19,13,48,98,175,0,Matches,1606,1485,111,48,1,20,42,63,0,0,0,0,1325,10,15,5,1,0,30,15,1,42,48,41,0,1,2,170,64,40,61.5,Italy
Etrit Berisha,al ALB,GK,Atalanta,28,1989,31.0,578,843,68.6,19441,15082,64,64,100.0,223,228,97.8,288,546,52.7,0,0.0,0.0,0.0,0,7,0,0,1,1,100.0,1,0,0,1,1,0,0,0,0,1,2,5,3,Matches,843,536,306,73,0,5,0,0,0,0,0,0,578,1,1,0,0,0,0,3,0,0,1,1,0,0,0,56,3,0,100.0,Italy
Eugenio Lamanna,it ITA,GK,Genoa,27,1989,1.0,16,23,69.6,671,586,1,1,100.0,5,5,100.0,10,16,62.5,0,0.0,0.0,0.0,0,1,0,0,0,0,,0,0,0,0,0,0,0,0,0,0,0,1,0,Matches,23,11,11,3,0,0,0,0,0,0,0,0,16,1,0,0,0,0,0,0,0,0,0,0,0,0,0,1,0,0,,Italy
Everton Luiz,br BRA,MF,SPAL,29,1988,7.1,200,244,82.0,3246,837,85,99,85.9,94,102,92.2,12,22,54.5,0,0.2,0.2,-0.2,4,17,3,1,18,22,20.7,10,10,2,6,29,23,8,1,7,10,32,8,1,Matches,244,233,8,7,0,1,1,1,0,0,0,0,200,3,5,5,0,0,13,12,0,1,10,16,0,0,0,58,3,6,33.3,Italy
Fabio Borini,it ITA,"DF,FW",Milan,26,1991,17.9,660,853,77.4,11943,3602,284,318,89.3,303,365,83.0,67,140,47.9,3,0.8,1.3,+2.2,14,51,19,9,68,38,43.2,12,18,8,16,37,21,32,6,26,13,51,43,0,Matches,853,745,105,8,1,11,59,90,7,4,0,0,660,3,17,5,0,0,22,43,1,59,13,23,0,0,0,84,14,18,43.8,Italy
Fabio Ceravolo,it ITA,FW,Benevento,30,1987,0.6,7,11,63.6,104,6,5,8,62.5,1,2,50.0,1,1,100.0,0,0.0,0.0,0.0,0,0,0,0,0,0,0.0,0,0,0,0,1,1,1,0,1,0,0,0,0,Matches,11,10,1,0,0,0,0,0,0,0,0,0,7,0,0,0,0,0,0,1,2,0,0,0,0,0,0,0,1,2,33.3,Italy
Fabio Depaoli,it ITA,"DF,MF",Chievo,20,1997,13.2,253,399,63.4,4360,2042,124,166,74.7,89,135,65.9,30,66,45.5,0,0.8,0.6,-0.8,7,17,8,6,33,31,52.5,21,7,3,21,40,19,27,10,17,15,46,42,0,Matches,399,336,62,2,1,6,27,59,1,0,0,0,253,1,16,4,0,0,25,15,1,27,15,22,0,1,0,54,13,27,32.5,Italy
Fabio Lucioni,it ITA,DF,Benevento,29,1987,8.0,222,283,78.4,5449,2220,34,42,81.0,133,150,88.7,54,85,63.5,0,0.0,0.0,0.0,1,11,0,0,11,11,63.6,7,4,0,7,11,4,14,11,3,7,18,61,0,Matches,283,265,16,16,0,3,0,0,0,0,0,0,222,2,4,1,0,0,3,2,1,0,7,9,0,0,1,29,11,1,91.7,Italy
Fabio Pisacane,it ITA,DF,Cagliari,31,1986,21.4,842,1044,80.7,17454,7000,258,284,90.8,430,489,87.9,139,231,60.2,0,0.0,0.2,0.0,2,84,4,2,94,52,36.6,36,13,3,15,41,26,29,16,13,38,90,105,1,Matches,1044,998,41,30,0,13,12,10,0,0,0,0,842,5,19,4,2,1,30,22,1,12,38,39,0,1,0,117,40,30,57.1,Italy
Fabio Quagliarella,it ITA,FW,Sampdoria,34,1983,30.2,436,671,65.0,6626,1522,234,320,73.1,147,224,65.6,32,59,54.2,5,6.2,4.8,-1.2,37,32,29,4,58,11,8.0,1,3,7,2,25,23,34,0,34,7,18,23,0,Matches,671,604,63,4,6,3,48,5,0,0,0,0,436,4,37,4,0,0,24,46,39,48,7,9,0,0,0,66,33,36,47.8,Italy
Fabrizio Cacciatore,it ITA,DF,Chievo,30,1986,31.9,1513,2001,75.6,26204,11008,707,804,87.9,618,778,79.4,158,329,48.0,2,2.8,3.9,-0.8,35,115,61,26,153,34,50.0,20,9,5,15,30,15,33,11,22,38,72,99,3,Matches,2001,1657,337,28,2,12,132,306,3,0,3,0,1513,7,42,5,1,0,15,22,3,132,38,27,0,0,0,167,51,35,59.3,Italy
Fabrizio Caligara,it ITA,MF,Cagliari,17,2000,0.2,4,5,80.0,61,0,2,2,100.0,2,2,100.0,0,0,,0,0.0,0.0,0.0,0,0,0,0,0,0,,0,0,0,0,0,0,1,1,0,1,1,1,0,Matches,5,4,1,0,0,0,0,0,0,0,0,0,4,0,1,1,0,0,1,0,0,0,1,0,0,0,0,0,0,0,,Italy
Faouzi Ghoulam,dz ALG,DF,Napoli,26,1991,10.9,838,984,85.2,11589,4591,542,580,93.4,209,256,81.6,42,81,51.9,2,2.0,1.9,0.0,27,71,17,7,99,8,66.7,3,5,0,4,6,2,10,2,8,15,23,19,0,Matches,984,848,135,13,3,3,64,90,32,16,8,0,838,1,19,1,0,0,10,7,2,64,15,4,0,0,0,62,22,11,66.7,Italy
Federico Bernardeschi,it ITA,"FW,MF",Juventus,23,1994,9.4,304,380,80.0,5531,1191,141,161,87.6,114,134,85.1,37,58,63.8,3,2.0,1.7,+1.0,14,18,17,2,40,8,14.3,4,3,1,1,7,6,9,0,9,11,19,18,1,Matches,380,368,9,2,4,15,25,2,5,3,1,0,304,3,12,4,0,0,17,25,1,25,11,5,1,0,0,47,4,2,66.7,Italy
Federico Bonazzoli,it ITA,"FW,DF",SPAL,20,1997,2.0,31,38,81.6,526,70,15,16,93.8,13,16,81.3,2,3,66.7,0,0.1,0.1,-0.1,1,2,0,0,2,1,,0,1,0,0,0,0,3,0,3,0,1,0,0,Matches,38,36,2,0,0,0,1,0,1,1,0,0,31,0,1,0,0,0,6,7,0,1,0,0,0,0,0,3,0,6,0.0,Italy
Federico Bonazzoli,it ITA,FW,Sampdoria,20,1997,0.3,12,13,92.3,202,4,4,4,100.0,3,4,75.0,3,3,100.0,0,0.0,0.0,0.0,0,0,0,0,0,0,,0,0,0,0,0,0,0,0,0,0,0,0,0,Matches,13,13,0,0,0,0,0,0,0,0,0,0,12,0,0,0,0,0,0,0,1,0,0,0,0,0,0,1,1,0,100.0,Italy
Federico Ceccherini,it ITA,DF,Crotone,25,1992,35.9,1023,1266,80.8,21333,8180,260,301,86.4,619,693,89.3,132,240,55.0,0,0.6,0.8,-0.6,10,66,6,1,98,35,52.0,28,4,3,13,25,12,39,21,18,83,118,276,1,Matches,1266,1204,54,48,0,17,4,6,0,0,0,0,1023,8,12,4,1,0,42,36,6,4,83,21,0,3,0,184,74,58,56.1,Italy
Federico Chiesa,it ITA,"FW,MF",Fiorentina,19,1997,33.5,753,1050,71.7,11162,3167,435,508,85.6,235,333,70.6,45,100,45.0,4,6.3,5.2,-2.3,57,45,46,11,106,62,29.6,22,22,18,16,54,38,34,1,33,18,80,16,0,Matches,1050,985,60,4,9,9,110,55,1,0,0,0,753,5,53,7,0,0,53,60,13,110,18,41,3,0,0,213,8,23,25.8,Italy
Federico Di Francesco,it ITA,"FW,DF",Bologna,23,1994,17.7,340,461,73.8,5018,1089,185,218,84.9,121,155,78.1,16,41,39.0,1,1.4,1.5,-0.4,16,18,10,6,24,26,25.0,14,8,4,5,20,15,24,2,22,16,42,25,0,Matches,461,446,13,0,0,5,39,13,0,0,0,0,340,2,25,4,0,0,24,29,4,39,16,13,0,0,0,74,5,9,35.7,Italy
Federico Fazio,ar ARG,DF,Roma,30,1987,32.5,1680,1996,84.2,32616,11476,575,637,90.3,875,991,88.3,203,316,64.2,1,0.1,0.5,+0.9,2,121,5,2,165,56,80.6,38,18,0,25,31,6,30,22,8,46,102,161,3,Matches,1996,1920,73,70,1,17,5,3,0,0,0,0,1680,3,12,6,0,0,24,21,0,5,46,43,0,0,0,214,147,40,78.6,Italy
Federico Mattiello,it ITA,DF,SPAL,22,1995,24.5,654,872,75.0,9964,3486,361,402,89.8,236,317,74.4,34,92,37.0,0,1.1,0.8,-1.1,10,35,8,3,45,59,47.7,31,22,6,21,44,23,53,15,38,64,123,66,0,Matches,872,691,176,6,0,3,54,170,0,0,0,0,654,5,31,8,1,1,43,42,1,54,64,40,0,0,0,121,19,22,46.3,Italy
Federico Peluso,it ITA,DF,Sassuolo,33,1984,28.8,823,1170,70.3,16767,8739,268,326,82.2,450,556,80.9,102,255,40.0,1,0.9,0.8,+0.1,12,93,15,11,112,46,53.8,29,13,4,14,26,12,39,13,26,40,86,132,1,Matches,1170,922,241,28,2,5,56,212,0,0,0,0,823,7,28,10,0,0,33,18,1,56,40,34,0,1,0,95,53,26,67.1,Italy
Federico Ricci,it ITA,FW,Crotone,23,1994,10.2,232,382,60.7,3723,1015,125,157,79.6,74,123,60.2,26,67,38.8,1,1.1,1.4,-0.1,11,13,12,4,34,25,32.1,9,10,6,9,28,19,14,0,14,11,36,5,0,Matches,382,341,38,14,0,7,63,2,22,10,9,0,232,3,21,4,0,0,21,26,2,63,11,18,0,0,0,64,6,17,26.1,Italy
Federico Ricci,it ITA,MF,Genoa,23,1994,2.4,49,76,64.5,848,299,22,30,73.3,20,32,62.5,4,8,50.0,0,0.2,0.2,-0.2,4,8,1,1,13,2,33.3,2,0,0,1,3,2,2,0,2,1,3,1,0,Matches,76,70,6,1,0,1,14,2,3,1,2,0,49,0,5,0,0,0,1,7,1,14,1,2,0,0,0,12,1,6,14.3,Italy
Federico Viviani,it ITA,MF,SPAL,25,1992,27.6,1438,1796,80.1,30586,8503,452,498,90.8,682,792,86.1,281,447,62.9,3,3.3,4.9,-0.3,43,151,21,2,173,52,32.7,23,26,3,18,55,37,39,9,30,58,110,26,2,Matches,1796,1511,278,166,3,42,170,2,107,38,60,3,1438,7,23,9,0,0,26,64,3,170,58,36,0,2,0,209,16,12,57.1,Italy
Felipe Anderson,br BRA,"FW,MF",Lazio,24,1993,12.9,512,711,72.0,8036,2628,258,310,83.2,179,234,76.5,42,89,47.2,6,4.3,3.5,+1.7,38,45,35,5,83,34,17.1,7,11,16,6,35,29,17,0,17,11,45,8,1,Matches,711,615,92,12,6,7,74,38,35,12,17,0,512,4,28,0,0,0,9,15,0,74,11,21,0,0,0,72,3,12,20.0,Italy
Felipe Avenatti,uy URU,FW,Bologna,24,1993,5.2,80,142,56.3,1164,205,43,69,62.3,29,46,63.0,3,8,37.5,0,0.1,0.3,-0.1,3,8,3,0,8,6,50.0,1,5,0,1,2,1,7,1,6,1,7,6,0,Matches,142,139,2,0,0,2,6,0,0,0,0,0,80,1,5,1,0,0,7,3,0,6,1,4,0,0,0,18,28,29,49.1,Italy
Felipe Caicedo,ec ECU,"FW,MF",Lazio,28,1988,8.0,140,183,76.5,1584,401,88,109,80.7,34,43,79.1,2,5,40.0,2,0.8,1.0,+1.2,8,13,4,0,14,11,28.6,3,5,3,2,7,5,6,0,6,1,12,4,0,Matches,183,179,4,0,1,1,1,1,0,0,0,0,140,0,4,1,0,0,25,9,8,1,1,10,0,1,0,25,21,35,37.5,Italy
Felipe dal Belo,br BRA,DF,SPAL,33,1984,28.6,1043,1287,81.0,20755,8949,376,409,91.9,502,567,88.5,149,268,55.6,1,0.3,0.7,+0.7,6,80,9,5,97,51,51.0,32,16,3,25,49,24,42,24,18,48,99,157,1,Matches,1287,1185,97,77,1,16,12,20,0,0,0,0,1043,5,23,6,1,0,38,14,0,12,48,34,0,1,0,139,47,27,63.5,Italy
Filip Helander,se SWE,DF,Bologna,24,1993,27.8,1007,1242,81.1,20541,7490,303,338,89.6,572,638,89.7,123,224,54.9,0,0.0,0.4,0.0,1,65,2,0,87,48,51.7,33,15,0,15,29,14,47,25,22,37,85,160,2,Matches,1242,1177,60,35,0,7,0,25,0,0,0,0,1007,5,25,6,0,0,29,12,0,0,37,32,0,0,0,94,61,45,57.5,Italy
Filip Đuričić,rs SRB,"MF,FW",Benevento,25,1992,10.8,310,388,79.9,4715,1049,175,200,87.5,105,122,86.1,19,27,70.4,1,1.6,1.2,-0.6,9,25,8,0,44,22,55.6,11,8,3,5,9,4,7,1,6,9,31,5,0,Matches,388,371,13,2,7,2,9,4,6,4,2,0,310,4,14,1,0,0,5,20,0,9,9,14,0,0,0,50,1,14,6.7,Italy
Filip Đuričić,rs SRB,MF,Sampdoria,25,1992,0.1,6,10,60.0,60,8,3,4,75.0,1,1,100.0,0,1,0.0,0,0.1,0.0,-0.1,1,0,0,0,0,0,0.0,0,0,0,0,1,1,0,0,0,0,0,0,0,Matches,10,10,0,0,0,0,0,0,0,0,0,0,6,0,2,0,0,0,0,0,0,0,0,0,0,0,0,0,0,0,,Italy
Filippo Costa,it ITA,DF,SPAL,22,1995,16.4,506,767,66.0,9632,3872,200,237,84.4,224,315,71.1,70,167,41.9,1,1.0,1.0,0.0,14,34,18,10,46,19,41.2,7,7,5,7,17,10,23,6,17,22,41,50,0,Matches,767,550,211,24,0,1,103,163,24,6,10,0,506,6,30,4,0,0,16,26,0,103,22,12,0,1,0,67,13,13,50.0,Italy
Filippo Romagna,it ITA,DF,Cagliari,20,1997,21.0,667,877,76.1,13444,5654,226,264,85.6,332,385,86.2,96,191,50.3,0,0.2,0.6,-0.2,4,68,11,4,94,33,61.5,20,12,1,16,26,10,20,11,9,33,66,96,0,Matches,877,828,43,33,0,6,14,9,0,0,0,0,667,6,16,0,0,0,12,15,0,14,33,18,0,1,0,109,34,17,66.7,Italy
Francesco Acerbi,it ITA,DF,Sassuolo,29,1988,38.0,1391,1650,84.3,30718,10405,349,387,90.2,782,876,89.3,249,360,69.2,0,0.7,0.8,-0.7,10,106,2,1,141,51,61.1,26,22,3,22,36,14,42,21,21,88,139,255,1,Matches,1650,1529,118,89,2,24,12,28,0,0,0,0,1391,3,9,4,0,0,31,32,1,12,88,32,0,1,1,260,103,40,72.0,Italy
Francesco Cassata,it ITA,MF,Sassuolo,20,1997,5.1,82,132,62.1,1542,487,42,52,80.8,24,38,63.2,14,36,38.9,0,0.1,0.1,-0.1,2,11,3,1,14,12,20.0,6,5,1,2,10,8,3,0,3,5,17,0,0,Matches,132,126,6,2,0,1,13,0,4,4,0,0,82,0,6,3,1,0,15,11,0,13,5,7,0,0,0,21,3,4,42.9,Italy
Francesco Magnanelli,it ITA,MF,Sassuolo,32,1984,27.7,1377,1691,81.4,28835,8157,446,506,88.1,665,761,87.4,248,377,65.8,0,1.8,1.8,-1.8,36,158,24,2,191,56,30.8,30,20,6,20,65,45,26,7,19,58,114,78,2,Matches,1691,1502,180,142,11,32,36,1,19,10,8,0,1377,9,13,13,2,2,39,69,0,36,58,38,0,0,0,263,35,20,63.6,Italy
Francesco Migliore,it ITA,DF,Genoa,29,1988,3.7,117,162,72.2,1995,684,55,66,83.3,50,71,70.4,10,17,58.8,0,0.4,0.3,-0.4,3,7,4,2,8,5,33.3,4,1,0,2,6,4,1,0,1,3,8,9,1,Matches,162,137,25,0,0,2,9,25,0,0,0,0,117,0,8,1,0,0,7,1,0,9,3,5,0,0,0,27,4,7,36.4,Italy
Francesco Rossi,it ITA,GK,Atalanta,26,1991,0.1,3,3,100.0,100,91,0,0,,2,2,100.0,1,1,100.0,0,0.0,0.0,0.0,0,0,0,0,0,0,,0,0,0,0,0,0,0,0,0,0,0,0,0,Matches,3,2,1,1,0,0,0,0,0,0,0,0,3,0,0,0,0,0,0,0,0,0,0,0,0,0,0,0,0,0,,Italy
Francesco Vicari,it ITA,DF,SPAL,22,1994,31.7,1012,1165,86.9,22191,9678,271,287,94.4,552,589,93.7,183,272,67.3,0,0.5,0.8,-0.5,2,68,7,0,82,38,53.8,25,13,0,21,39,18,33,27,6,45,83,210,1,Matches,1165,1112,47,46,0,8,0,1,0,0,0,0,1012,6,4,10,1,0,23,25,0,0,45,22,0,2,2,104,43,28,60.6,Italy
Francesco Zampano,it ITA,DF,Udinese,23,1993,4.6,131,174,75.3,2215,812,59,73,80.8,61,73,83.6,10,21,47.6,1,0.3,0.3,+0.7,5,7,7,4,15,9,50.0,5,3,1,5,10,5,4,0,4,6,15,7,0,Matches,174,133,40,0,0,0,15,40,0,0,0,0,131,1,7,0,0,0,13,3,1,15,6,7,0,0,0,28,4,7,36.4,Italy
Franck Kessié,ci CIV,MF,Milan,20,1996,36.3,1479,1802,82.1,24095,6159,736,843,87.3,594,695,85.5,111,166,66.9,1,3.8,4.7,-2.8,44,159,37,9,209,48,38.6,20,19,9,17,44,27,47,11,36,26,74,45,3,Matches,1802,1772,23,15,3,7,65,5,3,0,0,1,1479,7,37,9,0,0,69,46,4,65,26,34,1,2,0,230,45,67,40.2,Italy
Franco Zuculini,ar ARG,"MF,FW",Hellas Verona,26,1990,3.7,139,170,81.8,2168,664,72,83,86.7,50,65,76.9,11,13,84.6,0,0.2,0.1,-0.2,5,14,1,1,17,11,35.7,5,5,1,5,14,9,4,0,4,5,16,6,1,Matches,170,166,4,2,0,1,2,2,0,0,0,0,139,0,1,1,0,0,16,8,1,2,5,8,0,0,0,31,4,7,36.4,Italy
Gabriele Angella,it ITA,DF,Udinese,28,1989,9.9,411,503,81.7,9420,3883,91,110,82.7,235,266,88.3,82,118,69.5,0,0.0,0.1,0.0,2,22,1,0,35,15,72.7,11,3,1,8,11,3,11,9,2,21,36,66,0,Matches,503,472,30,18,0,10,2,12,0,0,0,0,411,1,2,3,0,0,18,4,0,2,21,13,0,3,0,56,30,13,69.8,Italy
Gabriele Marchegiani,it ITA,GK,SPAL,21,1996,0.0,0,0,,0,0,0,0,,0,0,,0,0,,0,0.0,0.0,0.0,0,0,0,0,0,0,,0,0,0,0,0,0,0,0,0,0,0,0,0,Matches,0,0,0,0,0,0,0,0,0,0,0,0,0,0,0,0,0,0,0,0,0,0,0,0,0,0,0,0,0,0,,Italy
Gaetano Letizia,it ITA,DF,Benevento,27,1990,23.8,999,1298,77.0,18067,5598,477,549,86.9,362,455,79.6,135,229,59.0,0,1.0,0.9,-1.0,21,82,20,10,100,36,38.8,21,14,1,19,49,30,24,3,21,33,69,47,3,Matches,1298,1083,207,33,2,28,104,172,2,1,0,0,999,8,32,7,1,1,29,34,1,104,33,26,0,1,0,176,20,26,43.5,Italy
Gastón Ramírez,uy URU,MF,Sampdoria,26,1990,24.6,769,1096,70.2,12287,3269,410,495,82.8,252,339,74.3,73,182,40.1,6,5.2,3.9,+0.8,48,80,42,5,112,33,16.1,4,15,14,9,56,47,30,3,27,18,51,24,0,Matches,1096,992,100,27,9,7,122,5,67,50,14,0,769,4,31,9,0,0,50,60,0,122,18,20,2,0,0,132,29,51,36.3,Italy
George Pușcaș,ro ROU,"FW,MF",Benevento,21,1996,7.8,116,152,76.3,1543,287,70,85,82.4,30,40,75.0,7,9,77.8,0,0.3,0.3,-0.3,8,6,4,1,10,0,0.0,0,0,0,0,3,3,0,0,0,1,1,13,0,Matches,152,138,14,0,0,0,4,0,0,0,0,0,116,0,5,0,0,0,9,9,1,4,1,0,0,0,0,20,20,29,40.8,Italy
Germán Pezzella,ar ARG,DF,Fiorentina,26,1991,33.1,1595,1902,83.9,30923,11886,477,533,89.5,958,1058,90.5,139,267,52.1,0,0.8,0.5,-0.8,8,82,5,0,142,63,46.3,42,19,2,19,41,22,33,16,17,63,126,185,1,Matches,1902,1832,64,55,1,12,2,9,0,0,0,0,1595,6,10,12,0,0,56,21,1,2,63,47,1,1,0,184,95,48,66.4,Italy
Gerson,br BRA,"MF,FW",Roma,20,1997,10.1,464,529,87.7,6907,1373,239,257,93.0,170,195,87.2,26,38,68.4,1,0.8,0.9,+0.2,11,44,6,1,50,20,28.6,10,8,2,2,7,5,15,2,13,11,31,11,1,Matches,529,519,9,5,0,3,5,4,0,0,0,0,464,1,6,1,0,0,20,30,2,5,11,12,0,0,0,49,18,15,54.5,Italy
Giacomo Bonaventura,it ITA,MF,Milan,27,1989,28.2,1287,1526,84.3,20705,4429,649,706,91.9,497,567,87.7,97,163,59.5,2,3.4,2.9,-1.4,46,108,29,5,164,31,20.0,7,19,5,9,45,36,31,6,25,33,64,17,0,Matches,1526,1433,89,33,6,17,78,17,38,20,8,0,1287,4,30,3,0,0,18,47,2,78,33,20,0,0,0,171,28,33,45.9,Italy
Giampaolo Pazzini,it ITA,FW,Hellas Verona,32,1984,11.0,114,162,70.4,1700,291,68,86,79.1,34,52,65.4,8,15,53.3,0,0.9,0.4,-0.9,5,6,3,0,14,0,0.0,0,0,0,0,4,4,2,0,2,1,1,13,0,Matches,162,135,25,1,0,1,3,1,0,0,0,0,114,2,3,1,0,0,20,23,7,3,1,0,0,0,0,19,20,21,48.8,Italy
Gian Filippo Felicioli,it ITA,"MF,DF",Hellas Verona,19,1997,3.1,61,83,73.5,842,206,39,44,88.6,17,23,73.9,3,6,50.0,0,0.0,0.0,0.0,0,3,0,0,7,13,0.0,5,5,3,0,4,4,0,0,0,5,18,6,0,Matches,83,69,14,1,0,0,8,9,3,0,2,0,61,0,6,1,0,0,4,6,2,8,5,8,0,0,0,18,1,4,20.0,Italy
Gian Marco Ferrari,it ITA,DF,Sampdoria,25,1992,29.4,1502,1705,88.1,29268,11487,518,562,92.2,788,842,93.6,181,273,66.3,0,0.3,1.1,-0.3,4,100,8,0,154,12,50.0,8,4,0,5,10,5,42,38,4,31,43,149,4,Matches,1705,1646,56,54,2,14,1,2,0,0,0,0,1502,3,10,4,0,0,20,12,0,1,31,8,0,2,0,113,49,31,61.3,Italy
Giancarlo González,cr CRC,DF,Bologna,29,1988,20.6,797,995,80.1,17741,7662,206,229,90.0,438,486,90.1,151,259,58.3,0,0.0,0.1,0.0,0,46,0,0,37,20,69.2,14,5,1,9,13,4,26,18,8,33,53,152,1,Matches,995,927,63,43,0,15,0,20,0,0,0,0,797,5,9,6,2,1,16,5,0,0,33,15,0,0,0,76,52,37,58.4,Italy
Gianluca Caprari,it ITA,"FW,MF",Sampdoria,24,1993,20.1,515,698,73.8,7292,1884,300,356,84.3,160,221,72.4,25,62,40.3,3,3.4,3.0,-0.4,37,30,34,2,76,19,0.0,2,11,6,0,10,10,25,2,23,5,24,3,0,Matches,698,637,60,5,7,2,58,8,33,16,12,2,515,1,26,6,1,1,23,39,6,58,5,11,0,1,0,61,6,18,25.0,Italy
Gianluca Di Chiara,it ITA,DF,Benevento,23,1993,11.2,485,633,76.6,8501,3663,223,247,90.3,198,242,81.8,52,112,46.4,0,0.6,0.7,-0.6,13,43,5,4,50,26,33.3,18,6,2,7,21,14,10,3,7,11,37,37,1,Matches,633,527,100,18,0,5,35,75,7,2,4,0,485,6,14,3,0,0,15,4,1,35,11,19,0,1,0,50,3,7,30.0,Italy
Gianluca Gaudino,de GER,MF,Chievo,20,1996,0.2,9,12,75.0,211,79,2,3,66.7,4,5,80.0,3,4,75.0,0,0.1,0.1,-0.1,1,1,0,0,2,0,,0,0,0,0,0,0,1,0,1,0,0,1,0,Matches,12,8,4,2,0,0,2,0,1,0,1,0,9,0,0,0,0,0,1,1,0,2,0,0,0,0,0,0,0,1,0.0,Italy
Gianluca Lapadula,pe PER,FW,Genoa,27,1990,16.6,171,275,62.2,2187,332,106,155,68.4,48,80,60.0,2,5,40.0,1,1.3,0.9,-0.3,14,7,5,0,17,8,9.1,4,4,0,1,11,10,7,1,6,3,11,8,0,Matches,275,250,23,0,2,0,3,1,0,0,0,0,171,2,8,3,0,0,35,37,24,3,3,5,3,0,0,26,67,87,43.5,Italy
Gianluca Mancini,it ITA,DF,Atalanta,21,1996,7.6,281,348,80.7,5660,2086,102,115,88.7,132,158,83.5,45,67,67.2,0,0.0,0.1,0.0,0,19,1,0,27,20,58.8,11,8,1,10,17,7,8,2,6,15,35,22,0,Matches,348,326,21,10,0,7,3,11,0,0,0,0,281,1,0,6,1,1,17,7,3,3,15,14,0,0,0,53,22,7,75.9,Italy
Gianluca Pegolo,it ITA,GK,Sassuolo,36,1981,1.2,17,39,43.6,499,345,0,0,,9,9,100.0,8,30,26.7,0,0.0,0.0,0.0,0,0,0,0,0,0,,0,0,0,0,0,0,0,0,0,0,0,0,0,Matches,39,22,17,5,0,0,0,0,0,0,0,0,17,0,0,0,0,0,0,0,0,0,0,0,0,0,1,0,0,0,,Italy
Gianluca Scamacca,it ITA,"FW,MF",Sassuolo,18,1999,0.3,12,17,70.6,255,124,6,7,85.7,4,6,66.7,2,2,100.0,0,0.4,0.3,-0.4,1,2,3,0,4,0,,0,0,0,0,0,0,1,0,1,0,0,0,0,Matches,17,15,2,1,0,0,1,0,1,1,0,0,12,0,2,0,0,0,1,1,0,1,0,0,0,0,0,1,1,0,100.0,Italy
Gianluigi Buffon,it ITA,GK,Juventus,39,1978,20.7,501,624,80.3,13875,8678,63,63,100.0,282,287,98.3,154,272,56.6,0,0.0,0.0,0.0,0,0,0,0,0,0,,0,0,0,0,0,0,0,0,0,0,0,11,2,Matches,624,418,206,56,0,2,0,0,0,0,0,0,501,0,0,1,0,0,1,4,0,0,0,0,0,1,0,29,2,0,100.0,Italy
Gianluigi Donnarumma,it ITA,GK,Milan,18,1999,38.0,984,1238,79.5,26149,18283,188,189,99.5,463,468,98.9,328,572,57.3,0,0.0,0.0,0.0,1,7,0,0,0,1,100.0,1,0,0,1,1,0,0,0,0,1,2,13,8,Matches,1238,868,367,100,0,6,0,0,0,0,0,0,984,3,1,2,0,0,0,3,0,0,1,0,0,0,1,69,3,0,100.0,Italy
Gil Bastião Dias,pt POR,"FW,MF",Fiorentina,20,1996,13.2,370,480,77.1,5244,1221,227,271,83.8,109,135,80.7,18,31,58.1,3,1.1,0.8,+1.9,22,20,16,1,43,49,39.6,28,15,6,19,48,29,23,0,23,19,68,12,1,Matches,480,462,17,1,2,4,17,15,1,0,0,0,370,1,20,1,0,0,24,15,4,17,19,31,0,0,0,76,9,18,33.3,Italy
Giorgio Chiellini,it ITA,DF,Juventus,32,1984,24.0,1531,1770,86.5,32562,11226,426,458,93.0,827,912,90.7,257,346,74.3,1,0.7,0.5,+0.3,6,122,4,0,123,28,46.7,17,10,1,7,15,8,21,14,7,47,75,142,3,Matches,1770,1708,54,39,3,19,8,15,0,0,0,0,1531,8,18,2,0,0,30,28,1,8,47,19,0,0,0,136,50,28,64.1,Italy
Giovanni Crociata,it ITA,"MF,FW",Crotone,19,1997,3.2,65,95,68.4,995,215,32,44,72.7,29,36,80.6,2,8,25.0,0,0.2,0.1,-0.2,4,6,2,0,9,9,25.0,3,4,2,1,4,3,7,0,7,4,13,3,0,Matches,95,86,9,0,1,1,3,5,2,2,0,0,65,0,2,0,0,0,7,7,0,3,4,6,0,0,0,18,2,3,40.0,Italy
Giovanni Simeone,ar ARG,FW,Fiorentina,22,1995,33.3,383,561,68.3,4452,786,240,303,79.2,69,123,56.1,15,33,45.5,4,2.9,2.1,+1.1,37,24,14,0,32,32,20.0,9,17,6,8,40,32,27,1,26,12,44,32,0,Matches,561,527,29,0,3,2,19,2,0,0,0,0,383,5,24,3,0,0,58,48,35,19,12,23,0,0,0,102,43,150,22.3,Italy
Giovanni Volpicelli,it ITA,MF,Benevento,17,1999,0.0,1,1,100.0,9,0,1,1,100.0,0,0,,0,0,,0,0.0,0.0,0.0,0,0,0,0,0,0,0.0,0,0,0,0,1,1,0,0,0,0,0,0,0,Matches,1,1,0,0,0,0,0,0,0,0,0,0,1,0,0,0,0,,0,0,0,0,0,0,0,0,0,1,0,0,,Italy
Giuseppe Pezzella,it ITA,"DF,FW",Udinese,19,1997,10.0,329,475,69.3,5259,2266,167,192,87.0,136,193,70.5,19,55,34.5,0,0.9,0.9,-0.9,10,19,13,8,33,19,36.8,10,4,5,7,19,12,8,1,7,6,25,32,0,Matches,475,360,112,4,0,1,44,108,0,0,0,0,329,3,23,3,1,0,14,9,1,44,6,11,0,2,0,40,7,10,41.2,Italy
Giuseppe Rossi,it ITA,"FW,MF",Genoa,30,1987,2.9,88,109,80.7,1418,185,45,51,88.2,27,34,79.4,10,12,83.3,0,0.3,0.3,-0.3,1,3,7,0,11,1,0.0,0,1,0,0,3,3,2,0,2,1,2,1,0,Matches,109,104,4,0,1,1,3,0,2,1,1,0,88,1,2,0,0,0,3,5,0,3,1,1,0,0,0,5,0,5,0.0,Italy
Godfred Donsah,gh GHA,MF,Bologna,21,1996,19.9,475,639,74.3,7568,2299,269,309,87.1,160,212,75.5,33,65,50.8,1,1.5,0.9,-0.5,13,50,14,0,70,29,58.8,11,14,4,10,17,7,25,0,25,22,51,43,0,Matches,639,622,12,3,1,8,5,7,0,0,0,0,475,5,26,3,0,0,19,12,3,5,22,20,0,0,0,110,17,33,34.0,Italy
Gonzalo Higuaín,ar ARG,FW,Juventus,29,1987,31.3,564,718,78.6,9087,1550,275,324,84.9,177,217,81.6,64,88,72.7,5,3.4,2.7,+1.6,30,47,11,0,62,19,10.5,3,7,9,2,19,17,19,4,15,7,26,20,0,Matches,718,692,23,3,10,17,16,2,0,0,0,0,564,3,24,4,0,0,19,47,30,16,7,17,1,0,0,87,11,20,35.5,Italy
Goran Pandev,mk MKD,"FW,MF",Genoa,34,1983,20.0,439,603,72.8,7226,2217,221,286,77.3,168,214,78.5,33,49,67.3,1,3.2,2.5,-2.2,31,53,33,0,101,10,15.4,3,6,1,2,13,11,8,0,8,4,14,5,0,Matches,603,585,12,1,9,6,17,6,0,0,0,0,439,6,24,4,1,0,29,45,8,17,4,9,0,0,0,88,18,30,37.5,Italy
Gregory van der Wiel,nl NED,DF,Cagliari,29,1988,3.2,129,164,78.7,2093,725,78,89,87.6,40,50,80.0,9,18,50.0,0,0.1,0.1,-0.1,1,8,2,1,12,5,60.0,4,1,0,3,5,2,1,0,1,10,15,12,0,Matches,164,140,22,1,0,4,7,21,0,0,0,0,129,2,2,0,0,0,0,1,0,7,10,3,0,0,0,19,8,5,61.5,Italy
Grégoire Defrel,mq MTQ,"FW,MF",Roma,26,1991,5.4,112,135,83.0,1351,298,70,81,86.4,21,24,87.5,6,6,100.0,0,0.5,0.3,-0.5,5,9,5,0,11,8,25.0,1,1,6,2,8,6,5,0,5,3,11,6,0,Matches,135,130,4,1,0,1,1,0,2,1,0,0,112,1,6,1,0,0,5,6,2,1,3,3,0,0,0,20,4,5,44.4,Italy
Guilherme,br BRA,"MF,FW",Benevento,26,1991,10.5,307,379,81.0,4420,1046,169,189,89.4,101,116,87.1,19,36,52.8,2,2.3,1.9,-0.3,21,26,9,2,38,20,15.8,7,7,6,3,19,16,14,1,13,8,28,4,0,Matches,379,342,36,3,7,4,22,2,16,5,5,0,307,1,11,1,0,0,22,21,3,22,8,11,0,0,0,40,2,16,11.1,Italy
Hakan Çalhanoğlu,tr TUR,"FW,MF",Milan,23,1994,24.1,1034,1373,75.3,19177,4569,476,551,86.4,379,468,81.0,150,272,55.1,6,7.1,5.4,-1.1,71,95,46,11,129,37,25.8,11,18,8,8,31,23,29,2,27,22,59,15,0,Matches,1373,1201,162,42,3,40,155,21,98,40,39,0,1034,10,39,7,1,1,37,24,7,155,22,27,0,0,0,122,6,27,18.2,Italy
Han Kwang-song,kp PRK,FW,Cagliari,18,1998,3.1,41,55,74.5,670,128,23,30,76.7,14,18,77.8,4,6,66.7,0,0.1,0.2,-0.1,1,5,1,1,4,1,0.0,0,0,1,0,4,4,4,0,4,0,1,0,0,Matches,55,55,0,0,0,0,5,0,0,0,0,0,41,0,2,0,0,0,4,1,6,5,0,1,0,0,0,5,5,10,33.3,Italy
Hans Hateboer,nl NED,DF,Atalanta,23,1994,26.6,1098,1394,78.8,16127,5408,637,748,85.2,366,452,81.0,58,97,59.8,1,1.3,1.8,-0.3,17,70,32,12,113,31,57.7,13,13,5,15,26,11,32,5,27,30,61,46,1,Matches,1394,1193,198,14,0,8,53,184,0,0,0,0,1098,3,39,3,0,0,26,18,4,53,30,25,0,0,0,131,37,39,48.7,Italy
Héctor Moreno,mx MEX,DF,Roma,29,1988,2.6,186,200,93.0,3569,1341,59,61,96.7,109,115,94.8,13,19,68.4,0,0.0,0.0,0.0,0,11,0,0,20,2,0.0,1,1,0,0,1,1,1,1,0,3,5,5,0,Matches,200,195,5,5,0,0,1,0,0,0,0,0,186,0,0,0,0,0,1,5,0,1,3,2,0,0,0,13,1,5,16.7,Italy
Iago Falque,es ESP,"FW,MF",Torino,27,1990,31.3,1043,1384,75.4,16891,3895,555,624,88.9,332,435,76.3,102,195,52.3,8,6.8,5.1,+1.2,71,84,51,16,123,41,14.0,15,20,6,6,43,37,22,0,22,15,56,15,0,Matches,1384,1264,117,31,9,25,123,15,47,21,7,2,1043,3,53,2,0,0,28,36,9,123,15,31,0,0,0,148,13,41,24.1,Italy
Ibrahima Mbaye,sn SEN,DF,Bologna,22,1994,19.6,824,1023,80.5,13320,5712,420,466,90.1,334,408,81.9,54,91,59.3,0,0.6,0.7,-0.6,4,71,2,2,104,59,69.4,40,17,2,25,36,11,25,6,19,28,87,95,0,Matches,1023,824,197,21,1,3,16,176,0,0,0,0,824,2,23,5,1,1,27,33,2,16,28,34,0,1,1,110,40,23,63.5,Italy
Ignazio Abate,it ITA,DF,Milan,30,1986,11.7,625,776,80.5,10991,4535,273,294,92.9,287,333,86.2,58,120,48.3,0,0.5,0.8,-0.5,10,55,20,7,81,20,54.5,10,9,1,6,11,5,22,2,20,8,28,29,0,Matches,776,653,119,7,0,2,31,112,0,0,0,0,625,4,21,3,0,0,12,8,3,31,8,17,0,0,0,56,5,4,55.6,Italy
Isaac Cofie,gh GHA,MF,Genoa,25,1991,6.6,250,313,79.9,4457,1463,110,129,85.3,115,134,85.8,22,42,52.4,0,0.0,0.2,0.0,1,24,2,0,32,13,46.7,3,9,1,7,15,8,9,3,6,10,23,7,0,Matches,313,305,7,6,0,1,0,1,0,0,0,0,250,1,3,1,0,0,12,7,0,0,10,10,0,0,0,58,15,16,48.4,Italy
Iuri Medeiros,pt POR,"FW,MF",Genoa,23,1994,7.1,201,292,68.8,3580,992,93,120,77.5,60,81,74.1,32,64,50.0,1,1.7,1.5,-0.7,14,16,17,2,34,6,50.0,3,2,1,4,8,4,3,1,2,2,8,3,0,Matches,292,257,35,7,3,9,34,3,24,15,4,1,201,0,9,1,0,0,3,10,4,34,2,4,0,0,0,29,4,10,28.6,Italy
Ivan Perišić,hr CRO,FW,Inter,28,1989,36.8,1102,1629,67.6,16877,3759,604,751,80.4,357,541,66.0,86,171,50.3,7,8.8,8.0,-1.8,74,52,54,17,116,47,14.3,15,23,9,8,56,48,47,6,41,45,92,62,0,Matches,1629,1570,54,3,8,13,200,35,14,0,0,0,1102,5,90,4,0,0,27,20,26,200,45,31,0,0,1,137,66,62,51.6,Italy
Ivan Radovanović,rs SRB,MF,Chievo,28,1988,34.9,1472,1850,79.6,30386,9591,546,610,89.5,629,733,85.8,267,437,61.1,1,0.8,1.4,+0.2,15,155,22,5,179,55,37.5,30,22,3,18,48,30,39,16,23,47,102,107,1,Matches,1850,1698,139,120,2,62,30,5,14,13,1,0,1472,13,18,6,1,0,33,39,0,30,47,35,0,0,0,247,60,34,63.8,Italy
Ivan Strinić,hr CRO,DF,Sampdoria,30,1987,13.9,660,849,77.7,10465,4814,345,384,89.8,243,320,75.9,50,103,48.5,2,0.9,1.1,+1.1,4,51,9,4,66,35,44.7,22,12,1,17,38,21,21,2,19,22,57,46,2,Matches,849,720,127,17,0,1,55,108,2,2,0,0,660,2,28,2,0,0,14,13,0,55,22,24,0,1,0,111,10,7,58.8,Italy
Jacopo Sala,it ITA,DF,Sampdoria,25,1991,11.0,632,749,84.4,11116,3574,298,321,92.8,256,291,88.0,64,108,59.3,0,0.2,0.3,-0.2,4,50,9,2,62,17,40.0,12,4,1,4,10,6,9,1,8,8,25,28,2,Matches,749,651,98,14,0,4,24,84,0,0,0,0,632,0,19,1,1,0,12,15,0,24,8,10,0,1,0,69,7,8,46.7,Italy
Jagoš Vuković,rs SRB,DF,Hellas Verona,29,1988,14.8,420,515,81.6,9198,3339,113,129,87.6,231,258,89.5,72,116,62.1,1,0.5,0.6,+0.5,3,21,1,0,30,5,50.0,3,1,1,3,6,3,19,14,5,20,25,113,0,Matches,515,490,24,24,0,14,1,0,0,0,0,0,420,1,6,1,0,0,4,7,1,1,20,4,0,0,0,74,37,27,57.8,Italy
Jakub Jankto,cz CZE,"MF,FW",Udinese,21,1996,29.5,827,1162,71.2,14390,4330,376,453,83.0,354,462,76.6,79,193,40.9,4,5.9,4.8,-1.9,60,80,43,12,140,29,21.7,9,14,6,10,46,36,46,8,38,20,49,27,0,Matches,1162,1065,95,18,5,8,116,20,48,19,22,0,827,2,28,5,0,0,37,31,9,116,20,18,1,0,0,153,15,29,34.1,Italy
Jasmin Kurtić,si SVN,MF,Atalanta,28,1989,7.4,249,326,76.4,3416,676,156,181,86.2,60,86,69.8,13,23,56.5,0,0.3,0.6,-0.3,6,16,5,0,21,12,42.9,6,3,3,3,7,4,7,0,7,5,17,4,0,Matches,326,312,10,3,1,5,12,6,0,0,0,0,249,4,8,2,0,0,10,8,3,12,5,7,0,0,0,39,24,20,54.5,Italy
Jasmin Kurtić,si SVN,"MF,FW",SPAL,28,1989,16.0,494,678,72.9,8284,1776,223,280,79.6,196,264,74.2,48,76,63.2,0,0.8,1.0,-0.8,10,45,10,2,63,28,23.8,13,11,4,5,21,16,13,1,12,17,45,25,0,Matches,678,647,28,11,0,10,37,7,10,2,7,0,494,3,22,5,0,0,20,30,1,37,17,18,0,0,0,72,70,61,53.4,Italy
Jawad El Yamiq,ma MAR,DF,Genoa,25,1992,4.0,140,172,81.4,2632,1144,57,68,83.8,67,74,90.5,16,29,55.2,0,0.0,0.0,0.0,0,14,0,0,7,8,75.0,7,1,0,6,8,2,11,5,6,5,13,22,1,Matches,172,167,4,1,0,0,0,3,0,0,0,0,140,1,0,0,0,0,1,1,0,0,5,5,0,0,0,22,10,9,52.6,Italy
Jean-Claude Billong,cm CMR,DF,Benevento,23,1993,3.3,142,159,89.3,2662,753,51,56,91.1,73,82,89.0,15,17,88.2,0,0.0,0.0,0.0,1,3,0,0,6,9,62.5,5,4,0,5,8,3,4,3,1,6,15,17,0,Matches,159,138,20,6,0,0,1,14,0,0,0,0,142,1,1,0,0,0,2,1,0,1,6,7,0,0,0,16,2,2,50.0,Italy
Jens Stryger Larsen,dk DEN,DF,Udinese,26,1991,28.1,1099,1356,81.0,19399,8698,507,563,90.1,481,569,84.5,100,188,53.2,1,1.0,0.8,0.0,9,88,7,6,99,36,53.8,25,10,1,21,39,18,35,14,21,31,67,82,2,Matches,1356,1137,215,38,0,9,23,176,1,0,0,1,1099,4,21,5,0,0,15,18,1,23,31,27,0,0,0,126,23,40,36.5,Italy
Joachim Andersen,dk DEN,DF,Sampdoria,21,1996,6.1,371,424,87.5,7476,2386,118,127,92.9,200,211,94.8,51,77,66.2,0,0.0,0.1,0.0,0,23,1,0,27,8,100.0,6,2,0,4,4,0,6,4,2,9,17,41,1,Matches,424,406,18,13,0,5,0,5,0,0,0,0,371,0,6,0,0,0,3,4,0,0,9,3,0,0,0,33,17,2,89.5,Italy
Joel Obi,ng NGA,MF,Torino,26,1991,13.9,470,594,79.1,6645,2092,270,317,85.2,141,173,81.5,31,52,59.6,1,0.2,0.3,+0.8,6,44,7,5,55,45,30.8,20,20,5,8,26,18,17,3,14,24,69,15,0,Matches,594,567,26,10,2,8,16,15,1,0,0,0,470,1,15,3,0,0,27,22,2,16,24,25,0,0,0,83,23,34,40.4,Italy
Jonathan Silva,ar ARG,DF,Roma,23,1994,1.2,72,86,83.7,1127,478,35,36,97.2,30,34,88.2,3,9,33.3,0,0.0,0.0,0.0,0,4,0,0,7,0,0.0,0,0,0,0,1,1,1,1,0,3,3,1,0,Matches,86,65,21,2,0,0,5,18,1,0,1,0,72,0,3,0,0,0,1,0,0,5,3,0,0,0,0,8,1,1,50.0,Italy
Jordan Lukaku,be BEL,DF,Lazio,23,1994,15.1,603,783,77.0,8377,2650,396,446,88.8,148,204,72.5,36,69,52.2,1,1.5,1.9,-0.5,22,23,24,19,29,28,62.5,14,11,3,10,16,6,14,2,12,15,43,23,0,Matches,783,659,122,2,0,3,73,120,0,0,0,0,603,2,44,2,0,0,18,4,6,73,15,15,0,0,0,84,7,17,29.2,Italy
Jordan Veretout,fr FRA,MF,Fiorentina,24,1993,35.7,1766,2184,80.9,33065,11744,700,789,88.7,820,942,87.0,207,352,58.8,1,4.1,3.9,-3.1,52,242,29,6,288,65,29.0,34,23,8,20,69,49,39,4,35,37,102,59,0,Matches,2184,2021,152,53,5,17,121,18,72,14,54,1,1766,11,25,10,1,0,42,29,0,121,37,45,0,0,0,244,34,42,44.7,Italy
Jorginho,it ITA,MF,Napoli,25,1991,29.4,2863,3229,88.7,39648,13882,1801,1913,94.1,830,960,86.5,123,192,64.1,3,4.1,3.7,-1.1,49,450,46,0,398,62,22.1,14,39,9,15,68,53,32,3,29,50,112,12,2,Matches,3229,3144,73,73,18,3,20,0,0,0,0,0,2863,12,20,5,0,0,32,19,0,20,50,46,0,0,0,255,15,24,38.5,Italy
Josip Iličić,si SVN,"MF,FW",Atalanta,29,1988,22.2,925,1218,75.9,15297,4219,471,535,88.0,283,355,79.7,115,199,57.8,6,7.2,7.1,-1.2,65,68,67,10,164,24,27.6,5,13,6,8,29,21,19,0,19,16,40,2,0,Matches,1218,1064,148,33,5,25,135,20,82,33,37,3,925,6,49,3,0,0,21,62,8,135,16,19,1,0,0,135,8,20,28.6,Italy
José Callejón,es ESP,FW,Napoli,30,1987,36.0,1282,1677,76.4,18743,3514,758,864,87.7,338,438,77.2,110,232,47.4,9,7.3,6.1,+1.7,74,69,39,9,108,33,21.3,15,14,4,10,47,37,42,5,37,22,55,31,0,Matches,1677,1497,177,2,6,11,204,28,147,62,38,16,1282,3,41,3,0,0,28,47,18,204,22,27,1,0,0,158,21,40,34.4,Italy
José Luis Palomino,ar ARG,DF,Atalanta,27,1990,22.0,955,1150,83.0,17935,6648,333,377,88.3,517,587,88.1,91,150,60.7,0,0.4,0.4,-0.4,2,57,5,3,80,60,47.1,36,19,5,24,51,27,36,21,15,39,99,111,1,Matches,1150,1071,77,38,0,4,7,39,0,0,0,0,955,2,14,3,0,0,36,12,0,7,39,39,0,0,0,140,48,35,57.8,Italy
José Mauri,it ITA,MF,Milan,21,1996,0.1,12,13,92.3,170,32,6,7,85.7,6,6,100.0,0,0,,0,0.0,0.0,0.0,0,1,0,0,1,0,,0,0,0,0,0,0,0,0,0,0,0,0,0,Matches,13,13,0,0,0,0,0,0,0,0,0,0,12,0,0,0,0,0,0,0,0,0,0,0,0,0,0,1,0,0,,Italy
João Cancelo,pt POR,DF,Inter,23,1994,20.6,1254,1627,77.1,20369,7548,659,717,91.9,453,595,76.1,110,236,46.6,2,4.1,4.0,-2.1,34,82,37,15,129,42,40.5,27,11,4,17,42,25,15,2,13,35,77,51,0,Matches,1627,1363,258,36,2,12,190,151,71,30,30,1,1254,6,32,4,0,0,32,25,3,190,35,29,0,0,0,131,16,15,51.6,Italy
João Mário,pt POR,"MF,FW",Inter,24,1993,6.2,323,382,84.6,4579,1140,184,197,93.4,98,117,83.8,18,32,56.3,1,1.5,1.6,-0.5,17,23,13,5,43,8,25.0,3,3,2,2,8,6,6,1,5,4,12,5,0,Matches,382,351,28,12,2,2,30,1,15,7,3,1,323,3,7,0,0,0,6,12,2,30,4,4,1,0,0,43,3,11,21.4,Italy
João Pedro,it ITA,"MF,FW",Cagliari,25,1992,18.4,349,507,68.8,6102,1347,164,220,74.5,126,173,72.8,44,77,57.1,2,1.7,1.3,+0.3,17,32,12,1,38,15,0.0,4,9,2,0,12,12,9,1,8,11,26,24,0,Matches,507,483,20,10,5,8,25,1,8,3,5,0,349,4,17,6,1,0,34,44,2,25,11,9,0,0,0,72,25,52,32.5,Italy
Juan Cuadrado,co COL,"FW,MF",Juventus,29,1988,15.0,708,837,84.6,13424,2888,315,343,91.8,260,299,87.0,110,145,75.9,4,3.0,2.5,+1.0,38,48,36,20,60,28,40.7,17,9,2,11,27,16,14,0,14,19,47,14,1,Matches,837,806,27,9,0,35,60,18,0,0,0,0,708,4,18,5,0,0,11,51,3,60,19,19,0,0,0,80,10,10,50.0,Italy
Juan Jesus,br BRA,DF,Roma,26,1991,18.4,1037,1196,86.7,19349,7557,403,423,95.3,501,547,91.6,116,187,62.0,0,0.2,0.3,-0.2,3,60,5,1,73,42,52.9,25,15,2,18,34,16,18,9,9,39,81,63,0,Matches,1196,1134,61,35,1,13,5,26,0,0,0,0,1037,1,17,4,1,0,20,9,1,5,39,30,0,1,0,128,18,27,40.0,Italy
Kalidou Koulibaly,sn SEN,DF,Napoli,26,1991,34.1,2730,2994,91.2,45681,19846,1308,1366,95.8,1178,1254,93.9,188,286,65.7,1,0.3,0.4,+0.7,8,156,1,0,197,54,50.0,31,19,4,20,40,20,36,16,20,40,94,119,3,Matches,2994,2943,50,40,1,22,2,10,0,0,0,0,2730,1,18,5,1,0,30,9,1,2,40,42,0,0,0,285,63,45,58.3,Italy
Karamoko Cissé,gn GUI,"FW,MF",Benevento,28,1988,0.2,2,5,40.0,55,0,0,2,0.0,1,2,50.0,1,1,100.0,0,0.1,0.0,-0.1,1,0,1,0,1,1,,1,0,0,0,0,0,0,0,0,0,1,0,0,Matches,5,5,0,0,0,0,1,0,0,0,0,0,2,0,1,0,0,0,0,0,1,1,0,1,0,0,0,0,0,1,0.0,Italy
Karol Linetty,pl POL,MF,Sampdoria,22,1995,23.8,843,1055,79.9,12771,3696,464,537,86.4,286,343,83.4,53,91,58.2,1,2.2,2.1,-1.2,26,77,25,2,115,66,22.1,25,31,10,17,77,60,40,2,38,18,84,13,0,Matches,1055,1028,22,12,1,5,14,10,0,0,0,0,843,5,23,8,0,0,41,27,1,14,18,49,0,0,0,143,11,48,18.6,Italy
Kevin Bonifazi,it ITA,"DF,MF",Torino,21,1996,4.5,168,190,88.4,3203,834,64,72,88.9,79,86,91.9,21,27,77.8,0,0.0,0.0,0.0,0,5,1,0,10,11,66.7,6,5,0,4,6,2,7,5,2,13,24,15,0,Matches,190,172,17,9,0,4,1,8,0,0,0,0,168,1,0,0,0,0,4,4,0,1,13,7,0,0,0,25,6,5,54.5,Italy
Kevin Lasagna,it ITA,FW,Udinese,24,1992,23.7,264,440,60.0,3585,753,165,246,67.1,69,117,59.0,14,37,37.8,2,0.6,0.7,+1.4,11,15,7,2,35,10,28.6,0,8,2,2,7,5,27,4,23,8,18,18,0,Matches,440,409,29,0,0,2,32,0,0,0,0,0,264,2,18,1,0,0,34,27,15,32,8,7,1,0,0,57,58,88,39.7,Italy
Kevin Strootman,nl NED,MF,Roma,27,1990,25.1,1248,1488,83.9,20395,6128,592,673,88.0,502,578,86.9,98,145,67.6,1,1.5,2.3,-0.5,30,198,23,4,211,57,32.6,19,24,14,15,46,31,27,3,24,27,84,21,0,Matches,1488,1423,58,36,5,6,24,21,1,0,0,0,1248,7,19,4,0,0,48,24,4,24,27,38,0,0,0,154,29,30,49.2,Italy
Khouma Babacar,sn SEN,FW,Fiorentina,24,1993,5.0,77,103,74.8,1093,172,36,45,80.0,28,34,82.4,4,8,50.0,1,1.1,0.3,-0.1,8,5,4,0,12,4,50.0,3,0,1,2,4,2,0,0,0,2,6,5,0,Matches,103,97,4,0,1,1,5,1,0,0,0,0,77,2,4,1,0,0,9,12,8,5,2,4,1,0,0,18,6,11,35.3,Italy
Khouma Babacar,sn SEN,FW,Sassuolo,24,1993,8.3,107,137,78.1,1762,224,63,78,80.8,33,41,80.5,10,12,83.3,1,1.0,0.6,0.0,6,8,1,0,13,10,33.3,2,4,4,2,6,4,8,0,8,3,13,1,0,Matches,137,129,7,0,1,1,2,0,0,0,0,0,107,1,0,0,0,0,18,16,5,2,3,6,0,0,0,22,13,31,29.5,Italy
Kostas Manolas,gr GRE,DF,Roma,26,1991,26.0,1198,1373,87.3,22785,8092,423,461,91.8,630,689,91.4,128,189,67.7,0,0.1,0.3,-0.1,4,93,4,0,107,23,60.0,14,7,2,9,15,6,31,24,7,46,69,133,2,Matches,1373,1331,41,38,0,17,0,3,0,0,0,0,1198,1,9,0,0,0,27,16,1,0,46,20,0,2,0,167,74,30,71.2,Italy
Kwadwo Asamoah,gh GHA,DF,Juventus,28,1988,17.4,1132,1295,87.4,19458,4786,490,524,93.5,526,588,89.5,89,126,70.6,0,0.7,1.0,-0.7,13,96,14,5,98,28,65.2,12,14,2,15,23,8,11,0,11,18,46,30,0,Matches,1295,1147,144,18,0,14,31,126,0,0,0,0,1132,4,22,4,0,0,13,30,1,31,18,21,0,0,0,100,11,8,57.9,Italy
Ladislav Krejčí,cz CZE,"MF,FW",Bologna,25,1992,4.4,119,158,75.3,1733,302,67,86,77.9,42,56,75.0,6,8,75.0,0,0.1,0.2,-0.1,3,5,3,1,9,7,20.0,1,3,3,1,5,4,3,0,3,2,9,3,0,Matches,158,153,5,0,0,0,10,5,0,0,0,0,119,0,5,0,0,0,1,3,0,10,2,5,0,0,0,15,4,4,50.0,Italy
Leandro Cabrera,uy URU,DF,Crotone,26,1991,4.1,76,115,66.1,1819,1080,14,16,87.5,46,65,70.8,16,32,50.0,0,0.1,0.0,-0.1,1,9,1,0,10,8,0.0,8,0,0,0,3,3,5,2,3,6,14,33,0,Matches,115,112,2,2,0,0,1,0,0,0,0,0,76,1,0,0,0,0,7,3,0,1,6,5,0,0,0,12,6,3,66.7,Italy
Leandro Castán,br BRA,DF,Cagliari,30,1986,12.7,417,537,77.7,8289,3020,133,146,91.1,226,261,86.6,52,114,45.6,1,0.2,0.7,+0.8,1,34,3,0,40,24,75.0,16,8,0,15,20,5,16,10,6,23,47,48,1,Matches,537,497,39,34,0,5,2,5,0,0,0,0,417,1,9,5,0,0,16,13,0,2,23,15,0,1,0,48,20,11,64.5,Italy
Ledian Memushaj,al ALB,MF,Benevento,30,1986,14.0,542,682,79.5,8230,3131,296,325,91.1,173,217,79.7,42,79,53.2,0,1.1,1.1,-1.1,19,59,8,2,78,28,23.3,11,13,4,7,30,23,24,5,19,10,38,10,1,Matches,682,625,50,26,2,5,29,9,15,3,10,0,542,7,13,3,0,0,19,25,0,29,10,18,0,0,0,96,7,5,58.3,Italy
Lee Seung-woo,kr KOR,"MF,FW",Hellas Verona,19,1998,4.0,126,164,76.8,1825,384,69,79,87.3,37,49,75.5,9,15,60.0,0,0.1,0.3,-0.1,3,12,3,0,18,3,0.0,0,1,2,0,6,6,1,0,1,2,5,0,0,Matches,164,156,8,2,0,2,4,2,2,1,0,0,126,0,4,4,0,0,9,10,0,4,2,2,0,0,0,19,1,8,11.1,Italy
Leonardo Bonucci,it ITA,DF,Milan,30,1987,34.3,1781,2103,84.7,41618,18623,364,408,89.2,1056,1141,92.6,359,518,69.3,1,0.9,1.1,+0.1,14,209,18,1,176,30,61.1,22,7,1,11,18,7,31,22,9,51,81,132,0,Matches,2103,1960,127,123,2,39,12,4,0,0,0,0,1781,16,13,5,1,0,23,25,9,12,51,21,0,0,0,146,52,42,55.3,Italy
Leonardo Capezzi,it ITA,MF,Sampdoria,22,1995,2.4,112,151,74.2,1726,818,61,66,92.4,38,52,73.1,9,29,31.0,1,0.7,0.8,+0.3,10,16,3,0,20,8,66.7,5,3,0,4,6,2,6,0,6,0,8,3,0,Matches,151,134,17,8,0,0,15,0,9,6,2,0,112,0,0,0,0,0,4,0,0,15,0,4,0,0,0,18,0,0,,Italy
Leonardo Pavoletti,it ITA,FW,Cagliari,28,1988,30.2,523,806,64.9,6978,1148,325,454,71.6,131,220,59.5,30,58,51.7,0,2.1,1.8,-2.1,24,28,16,1,59,27,9.5,5,14,8,2,21,19,13,5,8,13,40,28,0,Matches,806,797,3,1,0,4,3,0,0,0,0,0,523,6,11,8,0,0,76,32,28,3,13,13,1,2,0,65,200,149,57.3,Italy
Leonardo Spinazzola,it ITA,DF,Atalanta,24,1993,16.7,741,980,75.6,12099,3892,382,431,88.6,242,303,79.9,75,153,49.0,3,1.8,2.0,+1.2,15,47,33,15,78,14,46.7,9,4,1,7,15,8,25,6,19,18,32,44,1,Matches,980,857,122,14,1,10,65,108,0,0,0,0,741,1,38,1,0,0,10,9,0,65,18,5,0,1,0,114,9,9,50.0,Italy
Lisandro López,ar ARG,DF,Inter,27,1989,0.5,26,28,92.9,421,118,12,12,100.0,12,13,92.3,2,3,66.7,0,0.0,0.0,0.0,0,0,0,0,1,2,0.0,1,1,0,0,2,2,0,0,0,1,3,3,0,Matches,28,28,0,0,0,0,0,0,0,0,0,0,26,0,0,0,0,0,1,1,0,0,1,2,0,0,0,7,1,0,100.0,Italy
Lorenco Šimić,hr CRO,DF,SPAL,21,1996,3.5,86,116,74.1,1735,622,23,30,76.7,52,56,92.9,9,24,37.5,0,0.0,0.0,0.0,0,7,1,0,10,5,75.0,5,0,0,3,4,1,7,4,3,11,16,15,0,Matches,116,113,1,1,0,3,0,0,0,0,0,0,86,2,1,1,0,0,4,0,0,0,11,3,0,0,0,16,5,8,38.5,Italy
Lorenzo Crisetig,it ITA,MF,Bologna,24,1993,6.2,313,360,86.9,5267,1706,156,171,91.2,114,130,87.7,30,41,73.2,0,0.0,0.1,0.0,1,39,1,0,37,18,29.2,8,9,1,7,24,17,8,2,6,13,31,16,1,Matches,360,349,11,9,0,6,2,1,1,1,0,0,313,0,5,4,0,0,13,6,0,2,13,14,1,0,0,34,5,6,45.5,Italy
Lorenzo De Silvestri,it ITA,DF,Torino,29,1988,32.8,1255,1758,71.4,19469,8969,694,812,85.5,452,652,69.3,76,187,40.6,2,1.7,1.3,+0.3,16,91,23,13,135,39,61.5,19,13,7,16,26,10,47,10,37,27,66,165,0,Matches,1758,1376,377,16,0,3,81,361,0,0,0,0,1255,5,58,3,2,1,43,22,3,81,27,25,0,2,0,133,95,42,69.3,Italy
Lorenzo Del Pinto,it ITA,MF,Benevento,27,1990,8.4,336,411,81.8,5123,989,165,192,85.9,126,145,86.9,19,33,57.6,0,0.2,0.2,-0.2,5,23,3,0,26,23,28.0,10,10,3,7,25,18,13,4,9,16,39,7,2,Matches,411,402,9,7,0,1,1,1,0,0,0,0,336,0,9,6,0,0,23,14,0,1,16,17,0,1,0,57,9,19,32.1,Italy
Lorenzo Insigne,it ITA,FW,Napoli,26,1991,34.3,2137,2573,83.1,26710,5243,1462,1590,91.9,465,599,77.6,76,147,51.7,11,12.6,9.3,-1.6,102,112,81,10,186,29,39.4,11,13,5,13,33,20,20,0,20,17,46,4,0,Matches,2573,2446,122,23,23,6,74,54,8,2,4,0,2137,5,52,4,0,0,10,33,34,74,17,17,0,0,0,169,3,10,23.1,Italy
Lorenzo Pellegrini,it ITA,MF,Roma,21,1996,20.0,787,1016,77.5,12942,4049,382,449,85.1,289,356,81.2,79,135,58.5,2,4.1,3.8,-2.1,45,103,23,7,123,36,28.6,16,11,9,10,35,25,21,2,19,41,77,21,1,Matches,1016,951,60,11,6,4,80,7,41,17,16,0,787,5,27,2,1,0,26,32,2,80,41,20,0,0,0,118,27,23,54.0,Italy
Lorenzo Tonelli,it ITA,DF,Napoli,27,1990,3.9,218,232,94.0,3231,1331,109,113,96.5,83,87,95.4,13,15,86.7,0,0.0,0.3,0.0,0,10,0,0,14,7,55.6,4,3,0,5,9,4,2,1,1,7,14,10,0,Matches,232,223,9,9,0,0,0,0,0,0,0,0,218,0,3,0,0,0,1,7,0,0,7,1,0,0,0,16,13,10,56.5,Italy
Lorenzo Venuti,it ITA,DF,Benevento,22,1995,26.6,971,1197,81.1,15880,5632,513,570,90.0,351,408,86.0,85,157,54.1,1,2.0,1.6,-1.0,20,48,17,12,74,44,43.2,26,12,6,16,37,21,40,16,24,40,84,105,3,Matches,1197,983,209,25,1,7,45,183,1,0,0,0,971,5,32,4,0,0,20,49,2,45,40,34,0,0,1,116,23,35,39.7,Italy
Luca Antei,it ITA,DF,Benevento,25,1992,6.6,316,365,86.6,6748,2422,77,83,92.8,197,210,93.8,39,69,56.5,0,0.0,0.0,0.0,0,17,0,0,16,19,54.5,12,7,0,6,11,5,10,8,2,26,45,35,0,Matches,365,341,24,20,0,3,1,4,0,0,0,0,316,0,1,1,1,0,10,7,0,1,26,14,0,0,0,28,7,4,63.6,Italy
Luca Antonelli,it ITA,"DF,FW",Milan,30,1987,1.6,77,94,81.9,1179,426,36,41,87.8,40,45,88.9,0,7,0.0,0,0.0,0.0,0.0,1,7,0,0,10,1,0.0,0,0,1,0,2,2,1,0,1,1,2,8,0,Matches,94,86,8,2,0,0,0,6,0,0,0,0,77,0,0,1,0,0,1,4,1,0,1,1,0,0,0,6,1,1,50.0,Italy
Luca Ceppitelli,it ITA,DF,Cagliari,27,1989,24.7,917,1176,78.0,20328,10034,266,305,87.2,445,513,86.7,197,332,59.3,0,1.2,1.0,-1.2,8,96,7,0,73,45,47.1,31,12,2,16,34,18,33,21,12,50,95,156,0,Matches,1176,1118,53,47,1,14,0,1,0,0,0,0,917,5,10,7,0,0,34,17,0,0,50,33,0,2,1,138,76,26,74.5,Italy
Luca Cigarini,it ITA,MF,Cagliari,31,1986,22.5,1239,1620,76.5,23711,8640,474,533,88.9,555,687,80.8,177,341,51.9,3,4.5,4.5,-1.5,40,151,25,2,182,42,28.1,16,25,1,18,64,46,32,5,27,42,84,27,1,Matches,1620,1369,244,108,5,20,116,6,85,45,34,0,1239,7,15,14,1,1,47,27,1,116,42,30,0,0,0,175,18,19,48.6,Italy
Luca Crosta,it ITA,GK,Cagliari,19,1998,1.0,12,23,52.2,351,253,1,1,100.0,5,6,83.3,6,15,40.0,0,0.0,0.0,0.0,0,0,0,0,0,0,,0,0,0,0,0,0,0,0,0,0,0,1,0,Matches,23,10,12,2,0,0,0,0,0,0,0,0,12,1,0,0,0,0,1,0,0,0,0,0,0,1,0,1,0,0,,Italy
Luca Garritano,it ITA,"MF,FW",Chievo,23,1994,2.1,60,89,67.4,1098,373,30,40,75.0,19,26,73.1,9,16,56.3,0,0.2,0.3,-0.2,2,7,5,0,10,4,0.0,2,1,1,0,4,4,3,1,2,1,5,6,0,Matches,89,82,7,1,0,3,14,2,4,3,1,0,60,0,5,0,0,0,5,3,1,14,1,3,0,0,0,6,3,4,42.9,Italy
Luca Mazzitelli,it ITA,MF,Sassuolo,21,1995,11.3,301,436,69.0,5530,1731,124,163,76.1,132,172,76.7,38,73,52.1,1,0.3,0.5,+0.7,6,37,6,3,52,37,27.8,14,15,8,10,36,26,21,2,19,21,58,19,0,Matches,436,417,14,8,3,7,16,2,1,1,0,0,301,5,15,4,0,0,36,19,0,16,21,24,0,1,0,74,18,32,36.0,Italy
Luca Mora,it ITA,MF,SPAL,29,1988,10.4,246,361,68.1,4204,1543,104,134,77.6,109,142,76.8,23,54,42.6,1,0.3,0.7,+0.7,6,33,10,2,60,19,29.4,6,8,5,5,17,12,9,3,6,4,23,20,0,Matches,361,342,12,6,0,2,25,4,1,0,0,0,246,7,11,5,0,0,21,22,1,25,4,17,1,0,0,42,34,24,58.6,Italy
Luca Rigoni,it ITA,MF,Genoa,32,1984,17.5,440,551,79.9,7751,2264,209,236,88.6,167,205,81.5,54,81,66.7,2,1.8,2.2,+0.2,14,63,10,3,75,32,20.0,11,20,1,7,35,28,24,2,22,19,51,13,0,Matches,551,540,9,6,5,7,18,3,0,0,0,0,440,2,13,5,0,0,29,21,6,18,19,22,0,0,0,77,16,14,53.3,Italy
Luca Rizzo,it ITA,MF,SPAL,25,1992,5.4,142,212,67.0,2180,677,81,99,81.8,47,62,75.8,9,20,45.0,0,0.8,0.7,-0.8,3,16,7,3,19,18,29.4,7,10,1,5,17,12,10,0,10,3,21,5,1,Matches,212,196,13,1,0,2,25,2,10,0,2,0,142,3,18,0,0,0,5,7,1,25,3,10,0,0,0,25,2,3,40.0,Italy
Luca Rossettini,it ITA,DF,Genoa,32,1985,22.5,849,1023,83.0,17733,6645,204,229,89.1,527,579,91.0,109,192,56.8,0,0.1,0.1,-0.1,3,53,0,0,52,16,35.3,12,3,1,6,17,11,31,21,10,29,45,151,1,Matches,1023,989,29,21,0,5,4,8,0,0,0,0,849,5,8,7,0,0,23,8,0,4,29,8,0,0,0,92,50,43,53.8,Italy
Luca Sparandeo,it ITA,DF,Benevento,17,1999,0.4,14,16,87.5,225,57,10,11,90.9,2,2,100.0,2,3,66.7,0,0.0,0.0,0.0,0,2,0,0,2,0,0.0,0,0,0,0,1,1,1,0,1,0,0,0,0,Matches,16,16,0,0,0,1,0,0,0,0,0,0,14,0,0,1,0,0,4,0,0,0,0,0,0,1,0,0,1,4,20.0,Italy
Luca Vido,it ITA,"FW,MF",Atalanta,20,1997,0.8,29,33,87.9,517,97,14,16,87.5,8,8,100.0,4,4,100.0,0,0.1,0.1,-0.1,2,1,3,2,5,5,100.0,2,3,0,1,1,0,1,0,1,0,5,0,0,Matches,33,31,1,0,0,1,4,0,0,0,0,0,29,1,0,0,0,0,3,5,0,4,0,5,0,0,0,4,1,0,100.0,Italy
Lucas Biglia,ar ARG,MF,Milan,31,1986,22.7,1502,1662,90.4,28870,8020,554,609,91.0,759,797,95.2,175,215,81.4,0,0.8,1.0,-0.8,26,170,11,1,182,59,36.1,28,26,5,22,61,39,49,12,37,28,87,51,1,Matches,1662,1590,67,59,0,16,8,6,2,1,1,0,1502,5,18,5,0,0,35,42,0,8,28,36,0,0,0,183,20,20,50.0,Italy
Lucas Boyé,ar ARG,FW,Torino,21,1996,1.7,61,92,66.3,753,210,37,46,80.4,18,24,75.0,0,5,0.0,0,0.6,0.1,-0.6,4,6,1,0,7,9,33.3,5,3,1,1,3,2,5,0,5,2,11,2,0,Matches,92,85,5,1,0,1,5,3,1,1,0,0,61,2,9,0,0,0,6,2,1,5,2,8,0,0,0,13,2,5,28.6,Italy
Lucas Castro,ar ARG,MF,Chievo,28,1989,22.1,766,1038,73.8,12208,3709,385,477,80.7,284,362,78.5,61,124,49.2,4,2.6,1.6,+1.4,26,81,23,6,126,54,37.2,14,29,11,16,43,27,39,7,32,38,92,35,0,Matches,1038,1031,3,1,4,8,55,1,1,0,0,0,766,4,26,3,0,0,40,40,1,55,38,40,0,0,0,176,40,33,54.8,Italy
Lucas Leiva,br BRA,MF,Lazio,30,1987,32.0,1836,2126,86.4,32377,12465,784,867,90.4,824,929,88.7,183,236,77.5,3,2.1,2.6,+0.9,39,223,23,3,278,107,29.0,43,59,5,29,100,71,33,7,26,70,177,59,0,Matches,2126,2066,52,50,13,4,9,2,0,0,0,0,1836,8,24,9,0,0,44,26,1,9,70,80,0,0,0,266,57,42,57.6,Italy
Lucas Torreira,uy URU,MF,Sampdoria,21,1996,35.3,1938,2316,83.7,32416,11740,940,1030,91.3,777,886,87.7,171,310,55.2,1,2.8,3.1,-1.8,36,202,26,2,213,101,39.0,36,57,8,30,77,47,52,17,35,72,173,36,1,Matches,2316,2078,232,132,2,5,121,1,98,45,42,0,1938,6,22,6,0,0,46,83,1,121,72,73,1,1,0,296,19,34,35.8,Italy
Luigi Sepe,it ITA,GK,Napoli,26,1991,1.0,17,19,89.5,416,271,1,1,100.0,13,13,100.0,3,5,60.0,0,0.0,0.0,0.0,0,0,0,0,0,0,,0,0,0,0,0,0,0,0,0,0,0,1,0,Matches,19,13,6,1,0,0,0,0,0,0,0,0,17,0,0,0,0,0,0,0,0,0,0,0,0,0,0,1,0,0,,Italy
Luis Alberto,es ESP,"FW,MF",Lazio,24,1992,29.7,1362,1859,73.3,22346,8091,705,813,86.7,420,562,74.7,157,325,48.3,14,11.8,10.4,+2.2,89,201,81,7,272,39,22.7,8,23,8,10,44,34,30,2,28,16,55,7,0,Matches,1859,1572,265,67,38,15,213,26,168,68,69,9,1362,22,44,5,0,0,19,36,3,213,16,28,1,0,0,145,13,25,34.2,Italy
Luiz Felipe,it ITA,DF,Lazio,20,1997,13.0,608,692,87.9,11007,4207,234,256,91.4,311,337,92.3,50,80,62.5,1,0.0,0.2,+1.0,1,42,4,1,46,40,60.0,24,16,0,15,25,10,26,14,12,18,58,50,1,Matches,692,659,31,14,1,3,2,17,0,0,0,0,608,2,3,6,0,0,19,9,0,2,18,28,0,2,0,72,17,14,54.8,Italy
Lyanco,br BRA,DF,Torino,20,1997,3.5,137,160,85.6,2671,1138,43,45,95.6,75,79,94.9,17,30,56.7,0,0.0,0.0,0.0,0,8,1,0,16,11,62.5,8,3,0,5,8,3,4,3,1,5,16,17,0,Matches,160,149,8,8,0,3,0,0,0,0,0,0,137,3,1,0,0,0,3,7,0,0,5,8,0,0,0,24,7,3,70.0,Italy
M'Baye Niang,sn SEN,FW,Torino,22,1994,17.0,361,524,68.9,4731,928,226,264,85.6,85,136,62.5,17,44,38.6,2,1.1,1.1,+0.9,19,21,6,0,34,29,33.3,11,9,9,6,18,12,17,3,14,13,42,15,0,Matches,524,499,24,5,1,9,38,8,9,2,3,0,361,1,34,5,0,0,41,34,15,38,13,23,0,0,0,92,37,59,38.5,Italy
Mamadou Kanouté,sn SEN,"FW,MF",Benevento,23,1993,0.4,17,19,89.5,232,32,12,14,85.7,5,5,100.0,0,0,,0,0.0,0.0,0.0,0,0,1,0,2,0,,0,0,0,0,0,0,0,0,0,1,1,1,0,Matches,19,16,3,0,0,0,0,3,0,0,0,0,17,0,0,0,0,,0,2,0,0,1,0,0,0,0,4,0,1,0.0,Italy
Manuel Lazzari,it ITA,DF,SPAL,23,1993,34.6,1178,1516,77.7,18815,5621,627,712,88.1,445,554,80.3,80,156,51.3,1,2.0,2.0,-1.0,27,64,30,19,81,61,43.5,33,21,7,27,62,35,32,7,25,31,92,73,2,Matches,1516,1200,312,10,3,7,169,298,4,0,0,0,1178,4,72,4,0,0,23,84,2,169,31,47,0,1,0,154,6,37,14.0,Italy
Manuel Locatelli,it ITA,MF,Milan,19,1998,7.6,465,548,84.9,8530,2233,182,201,90.5,227,255,89.0,51,78,65.4,0,0.4,0.6,-0.4,9,47,5,0,54,16,22.2,6,9,1,4,18,14,10,2,8,9,25,13,0,Matches,548,533,12,7,0,3,7,3,2,0,1,0,465,3,5,4,0,0,14,9,1,7,9,13,0,0,0,56,6,11,35.3,Italy
Manuel Pucciarelli,it ITA,"FW,MF",Chievo,26,1991,15.3,303,410,73.9,3822,662,189,242,78.1,70,87,80.5,13,21,61.9,0,0.8,0.9,-0.8,16,21,7,1,29,23,38.1,3,11,9,8,21,13,15,0,15,7,30,4,0,Matches,410,385,19,0,0,1,13,3,1,0,1,0,303,6,18,3,0,0,15,19,6,13,7,14,0,0,0,47,5,36,12.2,Italy
Marcel Büchel,li LIE,MF,Hellas Verona,26,1991,18.8,647,849,76.2,11239,2434,289,345,83.8,254,301,84.4,72,146,49.3,0,0.4,0.5,-0.4,12,43,4,1,60,37,27.1,15,21,1,13,48,35,35,6,29,45,82,46,1,Matches,849,819,25,16,2,14,16,1,8,0,6,2,647,5,16,9,0,0,45,19,0,16,45,21,0,0,0,118,48,32,60.0,Italy
Marcello Gazzola,it ITA,DF,Sassuolo,32,1985,8.2,340,467,72.8,5770,2666,168,194,86.6,142,183,77.6,28,73,38.4,0,0.4,0.3,-0.4,8,25,8,6,41,10,66.7,3,6,1,8,12,4,10,2,8,8,18,25,0,Matches,467,353,114,1,0,1,33,112,1,1,0,0,340,0,17,1,0,0,7,2,0,33,8,9,0,0,0,36,10,9,52.6,Italy
Marcello Trotta,it ITA,FW,Crotone,24,1992,25.1,513,741,69.2,7790,1622,300,389,77.1,146,206,70.9,42,64,65.6,2,1.6,1.6,+0.4,27,30,9,3,55,39,18.2,12,18,9,10,55,45,22,2,20,14,53,20,0,Matches,741,707,31,1,0,10,17,7,0,0,0,0,513,3,43,2,0,0,29,45,12,17,14,21,0,0,0,128,21,42,33.3,Italy
Marcelo Brozović,hr CRO,MF,Inter,24,1992,21.4,1510,1792,84.3,27124,8738,695,758,91.7,562,657,85.5,202,279,72.4,8,4.9,5.2,+3.1,59,197,48,5,239,60,30.2,21,31,8,19,63,44,30,7,23,18,78,18,0,Matches,1792,1668,112,21,9,18,99,17,74,41,14,2,1510,12,20,9,0,0,33,14,0,99,18,43,0,0,0,131,21,39,35.0,Italy
Marco Andreolli,it ITA,DF,Cagliari,31,1986,20.3,693,862,80.4,15078,5963,173,193,89.6,399,438,91.1,118,216,54.6,0,0.0,0.3,0.0,2,44,4,0,54,25,60.0,20,4,1,12,20,8,24,17,7,30,55,139,0,Matches,862,809,49,37,0,8,4,1,0,0,0,0,693,4,9,5,0,0,29,8,0,4,30,17,0,0,0,58,45,27,62.5,Italy
Marco Benassi,it ITA,"MF,FW",Fiorentina,22,1994,30.9,988,1345,73.5,15213,5072,545,668,81.6,335,444,75.5,64,121,52.9,3,3.1,2.5,-0.1,40,116,33,10,152,54,32.7,18,22,14,17,52,35,52,2,50,28,82,36,0,Matches,1345,1308,29,9,8,6,66,15,2,0,1,0,988,8,40,6,0,0,36,22,4,66,28,38,0,0,0,150,30,62,32.6,Italy
Marco Borriello,it ITA,FW,SPAL,35,1982,8.6,122,159,76.7,1420,181,81,95,85.3,22,35,62.9,3,4,75.0,0,0.9,0.6,-0.9,10,5,2,0,8,4,0.0,2,1,1,0,1,1,1,0,1,1,5,6,0,Matches,159,141,18,0,0,1,3,0,0,0,0,0,122,0,6,6,0,0,15,11,10,3,1,2,0,0,0,20,19,16,54.3,Italy
Marco Capuano,it ITA,DF,Cagliari,25,1991,7.7,309,395,78.2,4891,2239,157,171,91.8,130,165,78.8,17,46,37.0,0,0.1,0.1,-0.1,2,25,1,1,30,13,50.0,6,7,0,4,8,4,7,2,5,6,19,23,1,Matches,395,310,85,13,0,2,10,70,0,0,0,0,309,0,9,2,0,0,9,2,0,10,6,9,0,0,0,33,9,13,40.9,Italy
Marco Capuano,it ITA,DF,Crotone,25,1991,15.6,491,605,81.2,9095,3540,170,189,89.9,278,306,90.8,38,95,40.0,0,0.0,0.1,0.0,1,26,0,0,37,20,33.3,14,6,0,5,15,10,19,13,6,28,48,93,0,Matches,605,576,27,24,0,1,0,3,0,0,0,0,491,2,2,5,1,1,18,7,0,0,28,10,0,0,0,81,31,22,58.5,Italy
Marco D'Alessandro,it ITA,"MF,FW",Benevento,26,1991,11.6,205,289,70.9,2913,690,113,139,81.3,68,90,75.6,12,26,46.2,1,1.3,1.1,-0.3,18,6,14,8,21,31,33.3,15,9,7,8,24,16,12,1,11,10,41,8,1,Matches,289,282,5,0,0,2,26,5,0,0,0,0,205,2,15,1,0,0,10,26,0,26,10,22,0,0,0,59,2,6,25.0,Italy
Marco Fossati,it ITA,MF,Hellas Verona,24,1992,12.2,580,708,81.9,11059,3369,240,262,91.6,234,271,86.3,87,136,64.0,0,0.6,0.6,-0.6,6,58,5,0,73,27,33.3,11,14,2,11,33,22,19,6,13,23,50,31,1,Matches,708,649,54,31,2,17,15,6,8,5,2,0,580,5,11,5,0,0,14,19,0,15,23,13,0,0,0,80,9,18,33.3,Italy
Marco Parolo,it ITA,MF,Lazio,32,1985,29.0,1009,1254,80.5,16818,4092,496,570,87.0,405,482,84.0,82,119,68.9,3,2.6,2.0,+0.4,27,107,25,3,131,70,24.1,27,36,7,14,58,44,49,8,41,43,113,64,0,Matches,1254,1177,67,17,2,16,28,18,0,0,0,0,1009,10,26,4,1,1,38,11,3,28,43,37,0,1,0,162,48,49,49.5,Italy
Marco Sau,it ITA,"FW,MF",Cagliari,29,1987,14.6,289,388,74.5,4033,580,166,198,83.8,85,110,77.3,17,27,63.0,0,0.9,1.0,-0.9,12,10,6,0,22,9,5.9,2,4,3,1,17,16,10,0,10,9,18,1,0,Matches,388,370,16,2,0,0,14,2,3,0,0,0,289,2,22,2,0,0,18,25,12,14,9,6,2,0,0,78,4,15,21.1,Italy
Marco Silvestri,it ITA,GK,Hellas Verona,26,1991,2.0,40,55,72.7,1286,1025,3,3,100.0,24,24,100.0,13,27,48.1,0,0.0,0.0,0.0,0,0,0,0,0,0,,0,0,0,0,0,0,0,0,0,1,1,0,0,Matches,55,28,26,2,0,0,0,0,0,0,0,0,40,1,0,0,0,0,0,1,0,0,1,0,0,0,0,1,0,0,,Italy
Marco Sportiello,it ITA,GK,Fiorentina,25,1992,35.6,791,1049,75.4,21755,15747,125,126,99.2,392,397,98.7,270,516,52.3,0,0.0,0.0,0.0,1,7,0,0,0,0,0.0,0,0,0,0,1,1,0,0,0,1,1,13,4,Matches,1049,700,343,73,0,1,0,0,0,0,0,0,791,6,0,0,1,0,1,5,0,0,1,0,0,0,0,40,10,0,100.0,Italy
Marco Tumminello,it ITA,FW,Crotone,18,1998,2.3,50,76,65.8,766,117,29,42,69.0,14,22,63.6,4,5,80.0,1,0.4,0.1,+0.6,1,2,2,1,3,2,0.0,0,1,1,0,2,2,2,0,2,0,2,0,0,Matches,76,70,6,0,0,0,6,0,0,0,0,0,50,0,3,1,0,0,8,2,2,6,0,2,0,0,0,7,5,14,26.3,Italy
Marco Tumminello,it ITA,FW,Roma,18,1998,0.0,0,0,,0,0,0,0,,0,0,,0,0,,0,0.0,0.0,0.0,0,0,0,0,0,0,,0,0,0,0,0,0,0,0,0,0,0,0,0,Matches,0,0,0,0,0,0,0,0,0,0,0,0,0,0,0,0,0,0,0,0,0,0,0,0,0,0,0,0,0,0,,Italy
Marcus Rohdén,se SWE,MF,Crotone,26,1991,18.1,345,520,66.3,5209,1901,196,253,77.5,107,171,62.6,25,55,45.5,0,0.7,0.8,-0.7,12,33,4,3,44,33,28.0,21,10,2,14,50,36,14,1,13,18,51,30,0,Matches,520,509,8,1,2,2,15,5,0,0,0,0,345,3,20,2,0,0,19,26,2,15,18,19,0,0,0,82,18,34,34.6,Italy
Marek Hamšík,sk SVK,MF,Napoli,30,1987,26.3,2238,2540,88.1,33353,7720,1286,1382,93.1,708,801,88.4,144,199,72.4,1,2.9,2.9,-1.9,49,263,49,7,348,36,40.5,10,15,11,15,37,22,35,2,33,14,50,16,0,Matches,2540,2509,18,6,7,21,30,12,0,0,0,0,2238,13,34,2,0,0,10,12,3,30,14,22,0,0,0,140,18,12,60.0,Italy
Mariano Julio Izco,ar ARG,MF,Crotone,34,1983,2.0,59,75,78.7,896,312,31,36,86.1,24,28,85.7,3,5,60.0,0,0.0,0.1,0.0,0,11,1,0,8,6,50.0,2,4,0,2,4,2,2,0,2,4,10,1,0,Matches,75,73,2,1,1,0,0,1,0,0,0,0,59,0,2,0,0,0,4,2,0,0,4,4,0,0,0,21,0,0,,Italy
Mario Mandžukić,hr CRO,FW,Juventus,31,1986,25.8,739,995,74.3,11107,1918,418,520,80.4,232,299,77.6,50,79,63.3,1,2.1,2.4,-1.1,25,30,14,1,60,36,27.6,13,11,12,8,29,21,20,3,17,25,61,42,2,Matches,995,959,31,4,3,17,19,22,1,0,0,0,739,5,33,5,1,1,23,33,13,19,25,23,0,0,0,125,78,49,61.4,Italy
Mario Sampirisi,it ITA,DF,Crotone,24,1992,24.4,820,1096,74.8,15716,7724,286,335,85.4,429,514,83.5,94,220,42.7,0,0.8,0.7,-0.8,8,95,16,9,109,44,59.1,29,12,3,13,22,9,27,14,13,43,87,116,2,Matches,1096,878,215,21,0,4,35,194,0,0,0,0,820,3,12,2,0,0,22,10,2,35,43,32,0,1,0,139,28,21,57.1,Italy
Marios Oikonomou,gr GRE,DF,SPAL,24,1992,1.9,50,64,78.1,972,427,17,18,94.4,25,28,89.3,8,15,53.3,0,0.0,0.0,0.0,1,6,0,0,7,5,0.0,4,1,0,0,2,2,0,0,0,4,9,12,0,Matches,64,56,7,4,0,2,0,3,0,0,0,0,50,1,2,2,1,1,4,0,0,0,4,3,0,0,0,5,1,1,50.0,Italy
Mariusz Stępiński,pl POL,FW,Chievo,22,1995,7.9,112,155,72.3,1297,181,63,79,79.7,30,40,75.0,3,9,33.3,0,0.7,0.3,-0.7,7,2,1,0,5,9,20.0,4,4,1,2,10,8,5,1,4,4,13,5,0,Matches,155,148,6,0,0,0,1,2,0,0,0,0,112,1,4,1,0,0,22,14,8,1,4,5,0,0,0,27,15,40,27.3,Italy
Marko Rog,hr CRO,"MF,FW",Napoli,22,1995,3.2,246,287,85.7,2794,551,170,185,91.9,50,61,82.0,4,8,50.0,0,0.5,0.3,-0.5,7,26,1,0,19,11,9.1,3,6,2,1,11,10,4,1,3,2,13,1,0,Matches,287,283,2,1,1,0,5,1,0,0,0,0,246,2,6,2,0,0,11,5,0,5,2,7,0,0,0,25,7,11,38.9,Italy
Marten de Roon,nl NED,MF,Atalanta,26,1991,28.6,1431,1699,84.2,26299,7654,581,661,87.9,648,731,88.6,169,227,74.4,3,1.4,1.7,+1.6,19,178,21,2,205,77,35.4,27,44,6,29,82,53,40,5,35,46,123,36,0,Matches,1699,1651,41,28,0,22,4,13,0,0,0,0,1431,7,23,10,1,1,59,20,0,4,46,50,0,0,0,198,48,43,52.7,Italy
Martín Cáceres,uy URU,DF,Hellas Verona,30,1987,12.9,404,562,71.9,7347,3518,174,220,79.1,173,224,77.2,47,93,50.5,1,0.3,0.3,+0.7,4,34,4,1,48,16,38.9,14,1,1,7,18,11,9,5,4,19,35,41,1,Matches,562,463,96,8,1,5,19,88,0,0,0,0,404,3,12,3,0,0,7,15,0,19,19,11,0,0,0,89,19,13,59.4,Italy
Martín Cáceres,uy URU,DF,Lazio,30,1987,4.9,191,235,81.3,3678,1285,81,94,86.2,78,89,87.6,31,41,75.6,0,0.5,0.5,-0.5,5,22,4,3,20,12,71.4,9,2,1,10,14,4,4,4,0,4,16,13,0,Matches,235,220,14,6,0,5,6,8,0,0,0,0,191,1,9,0,0,0,1,1,0,6,4,7,0,0,0,34,5,8,38.5,Italy
Massimo Coda,it ITA,FW,Benevento,28,1988,15.7,243,352,69.0,3630,669,142,188,75.5,68,101,67.3,22,27,81.5,1,1.3,1.4,-0.3,21,14,10,1,35,12,15.4,3,4,5,2,13,11,7,2,5,6,18,11,0,Matches,352,311,37,0,3,8,7,0,0,0,0,0,243,4,11,1,0,0,18,8,23,7,6,9,1,0,0,45,38,56,40.4,Italy
Massimo Gobbi,it ITA,DF,Chievo,36,1980,22.8,929,1284,72.4,15923,7737,433,481,90.0,374,502,74.5,95,227,41.9,2,3.0,1.3,-1.0,25,89,32,17,134,24,42.3,13,9,2,11,26,15,20,5,15,22,46,90,1,Matches,1284,1034,236,21,1,3,73,215,0,0,0,0,929,14,28,3,0,0,26,9,3,73,22,18,0,2,0,104,18,19,48.6,Italy
Mateo Musacchio,ar ARG,DF,Milan,26,1990,13.4,867,971,89.3,17370,7187,267,287,93.0,494,523,94.5,102,152,67.1,1,0.8,0.5,+0.2,7,90,8,1,104,22,50.0,13,7,2,8,16,8,9,3,6,12,34,58,1,Matches,971,919,50,40,0,5,1,10,0,0,0,0,867,2,2,2,0,0,10,3,2,1,12,15,0,0,0,62,13,26,33.3,Italy
Matteo Bianchetti,it ITA,DF,Hellas Verona,24,1993,1.4,50,68,73.5,842,525,26,28,92.9,20,24,83.3,3,12,25.0,0,0.0,0.0,0.0,0,3,1,1,7,3,33.3,3,0,0,1,3,2,3,2,1,2,5,8,0,Matches,68,53,15,1,0,0,4,14,0,0,0,0,50,0,3,1,0,0,2,1,0,4,2,1,0,0,0,6,4,3,57.1,Italy
Matteo Politano,it ITA,FW,Sassuolo,23,1993,31.2,720,1105,65.2,12213,3584,348,442,78.7,287,406,70.7,65,173,37.6,4,6.9,5.9,-2.9,62,60,41,13,102,23,9.4,8,10,5,3,32,29,13,2,11,14,37,13,0,Matches,1105,970,127,23,13,5,183,30,64,25,27,3,720,8,60,1,0,0,21,55,10,183,14,16,1,0,0,130,12,50,19.4,Italy
Mattia Bani,it ITA,DF,Chievo,23,1993,14.6,524,637,82.3,11301,3922,149,172,86.6,276,310,89.0,93,142,65.5,0,0.0,0.1,0.0,0,26,2,0,32,28,42.3,22,6,0,11,26,15,19,10,9,27,55,111,0,Matches,637,611,24,13,0,10,5,11,0,0,0,0,524,2,5,5,1,0,19,12,1,5,27,20,0,0,0,65,39,25,60.9,Italy
Mattia Caldara,it ITA,DF,Atalanta,23,1994,24.0,862,1026,84.0,18741,5326,210,260,80.8,478,534,89.5,160,200,80.0,1,0.1,0.2,+0.9,2,25,1,0,42,39,39.4,15,24,0,13,33,20,31,18,13,41,80,113,1,Matches,1026,964,61,58,0,13,0,3,0,0,0,0,862,1,7,5,0,0,38,31,3,0,41,26,2,0,0,201,45,31,59.2,Italy
Mattia De Sciglio,it ITA,DF,Juventus,24,1992,10.8,705,803,87.8,12231,3667,323,348,92.8,306,344,89.0,66,84,78.6,0,0.3,0.4,-0.3,6,52,6,3,59,22,69.2,7,13,2,9,13,4,12,2,10,14,36,32,0,Matches,803,706,96,7,0,4,22,89,0,0,0,0,705,1,16,1,0,0,7,2,1,22,14,17,0,0,0,55,13,6,68.4,Italy
Mattia Destro,it ITA,FW,Bologna,26,1991,18.0,192,302,63.6,2575,622,121,169,71.6,52,76,68.4,6,14,42.9,2,1.4,0.9,+0.6,13,10,9,0,27,15,27.3,4,9,2,3,11,8,10,1,9,5,20,26,0,Matches,302,282,16,1,1,1,4,1,0,0,0,0,192,4,19,3,0,0,37,32,13,4,5,13,0,0,0,34,34,55,38.2,Italy
Mattia Perin,it ITA,GK,Genoa,24,1992,37.0,788,1274,61.9,29463,23876,62,63,98.4,279,285,97.9,445,916,48.6,0,0.0,0.1,0.0,1,27,0,0,0,0,0.0,0,0,0,0,1,1,0,0,0,1,1,14,2,Matches,1274,788,478,131,0,5,0,0,0,0,0,0,788,8,1,1,0,0,0,3,0,0,1,0,0,0,0,56,8,0,100.0,Italy
Mattia Valoti,it ITA,"MF,FW",Hellas Verona,23,1993,17.5,431,620,69.5,7404,2170,234,300,78.0,121,181,66.9,56,92,60.9,0,0.8,0.7,-0.8,11,41,4,1,56,62,20.8,21,35,6,11,53,42,25,3,22,41,103,37,1,Matches,620,590,24,14,0,20,15,9,1,1,0,0,431,6,19,9,0,0,44,41,0,15,41,41,0,1,0,86,58,34,63.0,Italy
Mattia Vitale,it ITA,"MF,FW",SPAL,19,1997,1.1,20,28,71.4,294,39,9,12,75.0,10,11,90.9,0,3,0.0,0,0.0,0.0,0.0,0,0,0,0,0,2,,2,0,0,0,0,0,1,0,1,3,5,1,0,Matches,28,28,0,0,0,0,1,0,0,0,0,0,20,0,1,1,0,0,1,0,0,1,3,1,0,0,0,5,0,0,,Italy
Mattia Zaccagni,it ITA,"MF,FW",Hellas Verona,22,1995,1.7,44,61,72.1,645,260,28,36,77.8,13,15,86.7,3,8,37.5,0,0.0,0.0,0.0,0,6,1,0,6,7,66.7,4,0,3,2,3,1,0,0,0,5,12,0,0,Matches,61,59,2,1,0,0,3,0,0,0,0,0,44,0,3,1,0,0,4,5,1,3,5,5,0,0,0,9,3,2,60.0,Italy
Matías Silvestre,ar ARG,DF,Sampdoria,32,1984,34.0,1986,2250,88.3,40315,14388,629,658,95.6,1058,1139,92.9,280,421,66.5,0,0.2,0.8,-0.2,1,97,6,0,115,12,50.0,10,1,1,6,12,6,33,26,7,11,23,154,3,Matches,2250,2133,112,111,0,26,2,1,0,0,0,0,1986,5,9,3,0,0,13,13,2,2,11,8,0,0,1,158,54,48,52.9,Italy
Matías Vecino,uy URU,MF,Inter,25,1991,23.7,1413,1620,87.2,21875,6458,768,834,92.1,522,582,89.7,86,122,70.5,2,2.8,3.2,-0.8,23,171,19,1,179,54,38.8,15,30,9,19,49,30,28,6,22,20,74,31,0,Matches,1620,1595,20,18,4,6,16,2,0,0,0,0,1413,5,30,7,1,0,44,18,1,16,20,34,0,0,0,150,32,41,43.8,Italy
Mauricio Lemos,uy URU,DF,Sassuolo,21,1995,7.8,196,272,72.1,3926,1348,70,78,89.7,101,130,77.7,22,57,38.6,0,0.0,0.0,0.0,1,7,0,0,11,11,50.0,8,3,0,7,14,7,10,5,5,9,20,33,1,Matches,272,226,45,13,1,7,2,32,0,0,0,0,196,1,3,2,0,0,8,4,0,2,9,9,0,0,0,50,13,9,59.1,Italy
Mauro Icardi,ar ARG,FW,Inter,24,1993,32.9,335,459,73.0,3945,903,182,237,76.8,68,101,67.3,17,32,53.1,1,4.0,2.7,-3.0,30,21,17,1,38,3,12.5,1,2,0,1,8,7,14,6,8,5,8,23,1,Matches,459,408,50,0,3,3,9,3,0,0,0,0,335,1,9,2,0,0,16,24,28,9,5,2,2,0,0,59,35,49,41.7,Italy
Maurício,br BRA,DF,Lazio,28,1988,0.1,1,1,100.0,9,10,1,1,100.0,0,0,,0,0,,0,0.0,0.0,0.0,0,0,0,0,0,0,,0,0,0,0,0,0,0,0,0,0,0,0,0,Matches,1,1,0,0,0,0,0,0,0,0,0,0,1,0,0,0,0,0,0,0,0,0,0,0,0,0,0,1,0,0,,Italy
Maxi López,ar ARG,FW,Udinese,33,1984,18.7,243,374,65.0,3140,802,144,206,69.9,70,103,68.0,9,20,45.0,2,1.5,0.9,+0.5,21,23,14,0,41,12,0.0,2,7,3,0,4,4,8,2,6,2,14,18,0,Matches,374,327,44,0,6,0,8,0,0,0,0,0,243,3,13,1,0,0,54,21,15,8,2,8,1,1,0,31,33,65,33.7,Italy
Maxime Gonalons,fr FRA,MF,Roma,28,1989,12.2,690,796,86.7,12611,4290,303,335,90.4,269,307,87.6,95,114,83.3,1,1.2,0.8,-0.2,15,100,7,0,112,26,39.1,7,12,7,9,23,14,15,4,11,23,49,19,1,Matches,796,777,18,17,2,14,4,1,0,0,0,0,690,1,7,2,0,0,17,20,0,4,23,18,0,0,0,84,47,20,70.1,Italy
Maximiliano Olivera,uy URU,DF,Fiorentina,25,1992,4.6,218,278,78.4,4031,1429,90,100,90.0,104,127,81.9,22,38,57.9,0,0.2,0.4,-0.2,4,7,6,3,17,12,37.5,5,4,3,3,8,5,4,1,3,11,23,11,0,Matches,278,235,41,7,0,2,19,30,4,0,4,0,218,2,3,1,0,0,9,4,1,19,11,9,0,0,0,17,6,3,66.7,Italy
Medhi Benatia,ma MAR,DF,Juventus,30,1987,19.5,1258,1390,90.5,24263,8818,400,423,94.6,728,770,94.5,119,171,69.6,0,0.0,0.2,0.0,1,52,2,0,57,28,53.3,20,6,2,8,15,7,18,13,5,43,71,89,1,Matches,1390,1366,23,20,0,9,0,3,0,0,0,0,1258,1,8,8,0,0,28,12,3,0,43,21,0,0,0,148,44,22,66.7,Italy
Mehdi Léris,dz ALG,"MF,FW",Chievo,19,1998,0.5,9,13,69.2,142,7,7,9,77.8,1,1,100.0,1,3,33.3,0,0.0,0.0,0.0,0,0,0,0,0,1,0.0,1,0,0,0,1,1,0,0,0,1,2,0,0,Matches,13,13,0,0,0,0,1,0,0,0,0,0,9,0,0,0,0,0,0,1,0,1,1,1,0,0,0,2,1,0,100.0,Italy
Michele Cremonesi,it ITA,DF,SPAL,29,1988,4.3,125,147,85.0,2143,863,53,56,94.6,60,66,90.9,9,15,60.0,0,0.0,0.0,0.0,0,8,0,0,13,4,25.0,2,2,0,1,4,3,5,3,2,7,11,28,0,Matches,147,137,8,8,0,0,2,0,0,0,0,0,125,2,2,2,0,0,5,2,0,2,7,2,0,0,1,15,9,6,60.0,Italy
Miguel Veloso,pt POR,MF,Genoa,31,1986,19.3,870,1137,76.5,17486,5625,306,349,87.7,413,495,83.4,138,249,55.4,0,2.6,2.6,-2.6,19,97,8,2,113,40,26.8,18,19,3,11,41,30,26,3,23,13,53,35,0,Matches,1137,978,151,74,0,14,106,10,67,43,17,0,870,8,24,4,0,0,30,5,0,106,13,29,0,1,0,128,20,15,57.1,Italy
Milan Badelj,hr CRO,MF,Fiorentina,28,1989,26.1,1469,1775,82.8,26413,8540,637,737,86.4,637,730,87.3,163,236,69.1,1,2.8,2.5,-1.8,42,172,34,7,222,71,39.4,26,38,7,28,71,43,48,2,46,71,142,52,3,Matches,1775,1691,79,44,8,14,14,4,0,0,0,0,1469,5,21,10,1,1,49,26,1,14,71,41,0,0,0,198,24,31,43.6,Italy
Milan Škriniar,sk SVK,DF,Inter,22,1995,38.0,2172,2387,91.0,37320,14999,977,1034,94.5,1004,1068,94.0,158,234,67.5,0,0.3,1.2,-0.3,8,95,3,0,144,86,62.9,69,16,1,44,70,26,38,26,12,35,121,180,0,Matches,2387,2293,88,87,3,24,0,1,0,0,0,0,2172,6,6,2,0,0,40,29,0,0,35,55,0,0,1,280,66,47,58.4,Italy
Miralem Pjanić,ba BIH,MF,Juventus,27,1990,27.6,1897,2195,86.4,35322,10660,794,851,93.3,802,882,90.9,257,372,69.1,5,5.6,4.8,-0.6,60,168,31,6,218,36,25.5,13,18,5,13,51,38,25,5,20,64,100,27,2,Matches,2195,1952,232,139,12,35,114,2,85,36,27,3,1897,11,23,5,0,0,41,28,0,114,64,30,1,0,1,226,12,22,35.3,Italy
Miranda,br BRA,DF,Inter,32,1984,30.3,1498,1716,87.3,27255,11544,581,621,93.6,754,828,91.1,135,215,62.8,0,0.2,0.3,-0.2,5,59,2,0,78,48,88.0,38,10,0,22,25,3,30,23,7,38,86,131,2,Matches,1716,1624,90,87,1,9,4,3,0,0,0,0,1498,2,17,8,0,0,24,25,0,4,38,37,0,0,0,213,58,42,58.0,Italy
Mirco Antenucci,it ITA,FW,SPAL,32,1984,28.6,476,637,74.7,6672,1047,290,356,81.5,139,184,75.5,22,33,66.7,4,3.5,1.8,+0.5,37,37,12,4,52,16,0.0,6,8,2,0,21,21,14,0,14,11,27,15,0,Matches,637,605,27,2,1,6,33,4,0,0,0,0,476,5,20,1,0,0,36,70,33,33,11,13,1,0,0,85,21,44,32.3,Italy
Mirko Antonucci,it ITA,FW,Roma,18,1999,0.3,12,16,75.0,178,27,3,5,60.0,5,7,71.4,1,1,100.0,1,0.4,0.2,+0.6,2,0,1,1,1,0,,0,0,0,0,0,0,0,0,0,0,0,0,0,Matches,16,15,1,0,0,0,5,1,0,0,0,0,12,0,1,0,0,0,0,1,0,5,0,0,0,0,0,0,0,0,,Italy
Mirko Valdifiori,it ITA,MF,Torino,31,1986,6.9,328,406,80.8,5664,1934,151,164,92.1,135,170,79.4,30,51,58.8,0,0.3,0.5,-0.3,4,36,7,2,40,13,18.2,5,7,1,2,11,9,3,1,2,6,19,9,0,Matches,406,360,45,22,2,2,12,3,8,2,3,0,328,1,8,1,0,0,12,9,0,12,6,9,0,0,0,42,3,10,23.1,Italy
Mohamed Fares,dz ALG,"DF,MF",Hellas Verona,21,1996,28.9,784,1177,66.6,13024,4796,413,505,81.8,274,390,70.3,73,205,35.6,1,1.7,1.6,-0.7,18,61,7,5,72,50,38.1,29,17,4,16,42,26,24,5,19,50,100,132,2,Matches,1177,1000,168,17,2,13,81,147,2,0,1,0,784,9,39,12,0,0,67,20,1,81,50,33,0,1,1,148,62,66,48.4,Italy
Moise Kean,it ITA,FW,Hellas Verona,17,2000,12.6,149,207,72.0,2076,327,85,105,81.0,41,51,80.4,8,15,53.3,0,0.5,0.4,-0.5,8,7,2,1,13,8,16.7,1,3,4,1,6,5,6,0,6,7,15,4,0,Matches,207,184,20,0,0,2,13,3,0,0,0,0,149,3,12,5,0,0,14,8,10,13,7,5,0,0,0,49,10,34,22.7,Italy
Molla Wagué,ml MLI,DF,Udinese,26,1991,0.6,30,36,83.3,478,182,17,18,94.4,8,10,80.0,4,6,66.7,0,0.0,0.0,0.0,0,5,0,0,3,1,,0,1,0,0,0,0,0,0,0,2,3,5,0,Matches,36,28,8,2,0,1,2,6,0,0,0,0,30,0,1,0,0,0,1,0,0,2,2,0,0,0,0,1,5,0,100.0,Italy
Moussa Diaby,fr FRA,MF,Crotone,18,1999,0.8,13,20,65.0,228,42,7,8,87.5,5,5,100.0,1,3,33.3,0,0.0,0.0,0.0,0,0,1,1,1,1,25.0,1,0,0,1,4,3,1,0,1,1,2,0,0,Matches,20,18,2,0,0,0,4,0,2,1,1,0,13,0,2,0,0,0,2,0,0,4,1,0,0,0,0,3,0,2,0.0,Italy
Musa Barrow,gm GAM,FW,Atalanta,18,1998,4.9,100,130,76.9,1512,316,56,69,81.2,23,31,74.2,11,16,68.8,1,1.2,1.0,-0.2,11,5,3,1,11,5,50.0,1,3,1,2,4,2,2,0,2,1,6,2,0,Matches,130,119,11,0,0,0,8,4,0,0,0,0,100,0,5,0,0,0,3,3,3,8,1,2,0,0,0,10,6,10,37.5,Italy
Mário Rui,pt POR,DF,Napoli,26,1991,23.2,1846,2176,84.8,24723,8761,1186,1251,94.8,488,594,82.2,76,174,43.7,2,2.9,2.1,-0.9,28,121,24,6,137,55,57.7,18,32,5,30,52,22,30,5,25,14,69,43,1,Matches,2176,1881,289,33,0,2,112,205,51,37,5,0,1846,6,42,10,1,1,42,42,2,112,14,39,0,0,0,151,13,38,25.5,Italy
Nani,pt POR,"FW,MF",Lazio,30,1986,4.3,159,209,76.1,2234,597,100,114,87.7,45,61,73.8,9,17,52.9,1,0.6,0.5,+0.4,8,16,5,0,22,9,33.3,2,2,5,3,9,6,8,0,8,2,11,0,0,Matches,209,191,16,2,4,1,15,4,9,6,2,0,159,2,7,2,0,0,8,8,0,15,2,6,1,0,0,20,8,13,38.1,Italy
Nenad Tomović,rs SRB,DF,Chievo,29,1987,25.6,864,1063,81.3,15991,6317,363,390,93.1,377,442,85.3,104,185,56.2,0,0.2,0.4,-0.2,1,43,5,2,65,23,58.8,17,6,0,10,17,7,29,21,8,50,73,146,0,Matches,1063,968,87,30,0,16,12,57,0,0,0,0,864,8,12,4,0,0,35,18,0,12,50,17,0,2,1,107,51,37,58.0,Italy
Nenad Tomović,rs SRB,DF,Fiorentina,29,1987,1.5,84,100,84.0,1502,616,38,41,92.7,38,46,82.6,8,12,66.7,0,0.1,0.2,-0.1,2,7,2,2,10,2,0.0,1,1,0,0,2,2,0,0,0,3,5,5,1,Matches,100,85,15,2,1,1,7,13,0,0,0,0,84,0,0,1,0,0,4,0,1,7,3,1,0,1,0,3,4,2,66.7,Italy
Niccolò Giannetti,it ITA,"FW,DF",Cagliari,26,1991,3.3,43,63,68.3,587,111,24,31,77.4,10,17,58.8,3,5,60.0,0,0.1,0.1,-0.1,1,2,1,1,2,5,33.3,2,3,0,2,6,4,1,0,1,1,6,3,0,Matches,63,61,2,0,0,0,3,1,0,0,0,0,43,0,1,3,0,0,10,9,2,3,1,4,0,0,0,5,8,19,29.6,Italy
Niccolò Zanellato,it ITA,MF,Crotone,19,1998,0.8,24,36,66.7,397,102,12,17,70.6,11,15,73.3,1,3,33.3,0,0.6,0.0,-0.6,2,2,0,0,4,3,50.0,0,3,0,1,2,1,3,0,3,0,3,0,0,Matches,36,36,0,0,0,0,2,0,0,0,0,0,24,0,0,0,0,0,2,0,0,2,0,2,0,0,0,5,3,2,60.0,Italy
Nicholas Pierini,it ITA,"MF,FW",Sassuolo,18,1998,0.5,16,18,88.9,209,27,12,13,92.3,4,4,100.0,0,1,0.0,0,0.0,0.0,0.0,0,1,0,0,0,1,,0,0,1,0,0,0,1,0,1,1,2,0,0,Matches,18,17,1,1,0,0,1,0,0,0,0,0,16,0,0,0,0,0,0,0,0,1,1,1,0,0,0,8,0,2,0.0,Italy
Nicola Murru,it ITA,DF,Sampdoria,22,1994,16.1,629,843,74.6,11502,4683,261,286,91.3,296,372,79.6,65,157,41.4,1,1.4,1.1,-0.4,11,68,13,7,75,40,63.2,18,18,4,24,38,14,29,4,25,17,57,60,1,Matches,843,657,183,24,1,5,53,159,0,0,0,0,629,3,15,4,0,0,23,13,0,53,17,31,0,1,0,90,14,13,51.9,Italy
Nicola Rigoni,it ITA,MF,Chievo,26,1990,10.4,352,432,81.5,6049,2534,168,193,87.0,138,158,87.3,35,53,66.0,0,0.1,0.5,-0.1,3,60,6,2,65,29,34.6,15,12,2,9,26,17,8,3,5,11,40,22,1,Matches,432,419,8,8,1,5,3,0,0,0,0,0,352,5,7,3,0,0,23,8,1,3,11,20,0,0,0,55,18,13,58.1,Italy
Nicolas Haas,ch SUI,MF,Atalanta,21,1996,1.9,79,94,84.0,1271,466,41,45,91.1,28,32,87.5,7,11,63.6,0,0.0,0.1,0.0,1,10,3,1,13,1,0.0,1,0,0,0,2,2,1,1,0,1,2,4,1,Matches,94,93,0,0,0,1,2,0,0,0,0,0,79,1,2,0,0,0,1,1,0,2,1,1,0,0,0,18,0,2,0.0,Italy
Nicolas Nkoulou,cm CMR,DF,Torino,27,1990,36.2,1500,1689,88.8,28978,8987,516,557,92.6,809,849,95.3,159,244,65.2,0,0.7,0.9,-0.7,6,56,4,1,83,56,66.7,40,15,1,22,33,11,44,22,22,57,113,163,1,Matches,1689,1598,84,81,0,21,1,3,0,0,0,0,1500,7,10,4,0,0,43,28,0,1,57,40,0,2,0,257,76,57,57.1,Italy
Nicolas Viola,it ITA,MF,Benevento,27,1989,20.6,999,1295,77.1,18429,5322,433,483,89.6,390,467,83.5,141,263,53.6,6,3.8,2.9,+2.2,43,105,16,2,109,37,38.5,20,14,3,15,39,24,29,8,21,24,61,23,2,Matches,1295,1148,133,66,4,25,98,2,64,33,27,1,999,14,20,3,1,1,37,40,1,98,24,27,0,1,0,143,12,11,52.2,Italy
Nicolás Burdisso,ar ARG,DF,Torino,36,1981,23.0,943,1107,85.2,21543,8034,214,245,87.3,521,585,89.1,196,250,78.4,0,0.2,0.2,-0.2,3,28,3,1,60,20,63.6,13,7,0,7,11,4,23,14,9,30,50,124,3,Matches,1107,1040,64,61,1,25,1,3,0,0,0,0,943,3,5,6,0,0,17,7,1,1,30,11,0,0,0,108,45,30,60.0,Italy
Nicolás Spolli,ar ARG,DF,Genoa,34,1983,20.0,550,634,86.8,11215,3896,138,158,87.3,347,374,92.8,62,90,68.9,0,0.1,0.3,-0.1,2,18,1,0,34,27,59.1,24,2,1,13,22,9,26,17,9,36,63,120,2,Matches,634,602,28,28,0,2,0,0,0,0,0,0,550,4,3,7,0,0,28,27,0,0,36,21,0,0,0,73,37,24,60.7,Italy
Nicolò Barella,it ITA,MF,Cagliari,20,1997,32.8,1235,1641,75.3,22685,7038,557,662,84.1,482,604,79.8,163,285,57.2,2,1.9,2.5,+0.1,35,168,39,7,200,92,32.1,37,43,12,25,78,53,48,6,42,45,137,53,0,Matches,1641,1496,137,55,5,26,107,8,48,15,25,1,1235,8,43,15,1,1,78,64,1,107,45,69,0,1,0,244,30,20,60.0,Italy
Nikola Kalinić,hr CRO,FW,Milan,29,1988,20.1,301,378,79.6,4041,480,178,209,85.2,92,111,82.9,9,15,60.0,3,2.1,1.4,+0.9,38,15,12,0,26,6,0.0,1,4,1,0,8,8,4,1,3,3,9,12,0,Matches,378,333,45,1,1,0,1,1,0,0,0,0,301,0,15,3,0,0,44,45,18,1,3,5,2,0,0,39,43,55,43.9,Italy
Nikola Maksimović,rs SRB,DF,Napoli,25,1991,1.1,57,59,96.6,1136,333,17,17,100.0,28,28,100.0,9,10,90.0,0,0.0,0.0,0.0,0,7,0,0,4,1,100.0,0,1,0,1,1,0,1,0,1,0,1,5,0,Matches,59,57,2,2,0,2,0,0,0,0,0,0,57,0,1,0,0,0,1,0,0,0,0,1,0,0,0,6,2,0,100.0,Italy
Nikola Milenković,rs SRB,DF,Fiorentina,19,1997,13.9,669,796,84.0,12280,4334,236,263,89.7,368,408,90.2,55,103,53.4,0,0.1,0.2,-0.1,3,37,4,2,54,39,55.2,20,16,3,16,29,13,18,8,10,23,62,70,0,Matches,796,710,85,16,0,1,2,69,0,0,0,0,669,1,8,2,1,1,24,7,0,2,23,25,0,0,0,45,39,14,73.6,Italy
Noë Dussenne,be BEL,FW,Crotone,25,1992,0.9,8,19,42.1,162,97,3,4,75.0,3,5,60.0,2,7,28.6,0,0.0,0.1,0.0,0,1,1,0,1,2,,2,0,0,0,0,0,0,0,0,1,3,8,0,Matches,19,10,7,2,0,0,0,5,0,0,0,0,8,2,1,1,0,0,3,0,0,0,1,0,0,0,0,2,0,3,0.0,Italy
Nícolas Andrade,br BRA,GK,Hellas Verona,29,1988,36.0,868,1444,60.1,32575,25840,45,48,93.8,304,314,96.8,517,1073,48.2,0,0.1,0.1,-0.1,1,10,0,0,1,2,25.0,2,0,0,1,4,3,2,0,2,2,4,16,7,Matches,1444,909,528,129,0,7,0,0,0,0,0,0,868,7,0,2,1,0,2,11,0,0,2,1,0,1,0,39,6,1,85.7,Italy
Ognjen Stijepović,me MNE,"FW,MF",Sampdoria,17,1999,0.1,1,1,100.0,14,0,1,1,100.0,0,0,,0,0,,0,0.0,0.0,0.0,0,0,0,0,0,0,,0,0,0,0,0,0,0,0,0,0,0,0,0,Matches,1,1,0,0,0,0,0,0,0,0,0,0,1,0,0,0,0,,0,0,0,0,0,0,0,0,0,0,0,1,0.0,Italy
Oliver Kragl,de GER,MF,Crotone,27,1990,1.1,27,38,71.1,503,227,11,13,84.6,12,18,66.7,4,6,66.7,0,0.3,0.2,-0.3,3,3,1,0,4,1,,0,1,0,0,0,0,1,0,1,2,3,2,0,Matches,38,36,2,2,0,0,1,0,0,0,0,0,27,0,1,0,0,0,3,3,0,1,2,0,0,0,0,5,2,3,40.0,Italy
Orji Okwonkwo,ng NGA,"FW,MF",Bologna,19,1998,2.9,58,75,77.3,986,158,34,38,89.5,20,27,74.1,4,7,57.1,0,0.0,0.0,0.0,0,1,0,0,3,9,25.0,6,3,0,1,4,3,2,0,2,1,10,1,0,Matches,75,75,0,0,0,2,5,0,0,0,0,0,58,0,3,2,0,0,5,1,4,5,1,3,0,0,0,9,3,5,37.5,Italy
Oscar Hiljemark,se SWE,MF,Genoa,25,1992,14.2,523,677,77.3,8066,2753,290,327,88.7,165,202,81.7,41,99,41.4,3,5.6,4.4,-2.6,36,52,22,11,73,12,12.5,2,8,2,3,24,21,14,4,10,9,21,12,0,Matches,677,583,92,28,1,6,83,11,45,20,22,0,523,2,14,1,0,0,7,10,4,83,9,8,0,1,0,85,15,23,39.5,Italy
Paolo Cannavaro,it ITA,DF,Sassuolo,36,1981,16.0,434,558,77.8,9017,4038,145,165,87.9,226,254,89.0,61,131,46.6,0,0.1,0.2,-0.1,3,37,1,0,49,17,40.0,11,5,1,8,20,12,17,13,4,27,44,94,1,Matches,558,515,40,39,1,8,2,0,0,0,0,0,434,3,2,3,0,0,16,9,1,2,27,9,0,0,0,46,26,8,76.5,Italy
Paolo Faragò,it ITA,DF,Cagliari,24,1993,27.3,850,1308,65.0,15130,6781,387,484,80.0,364,549,66.3,87,206,42.2,4,4.8,4.9,-0.8,30,70,42,19,108,92,40.0,53,24,15,24,60,36,41,5,36,23,115,76,0,Matches,1308,978,316,17,2,5,120,296,3,0,1,0,850,14,44,2,0,0,53,60,3,120,23,67,1,2,0,156,71,43,62.3,Italy
Papu Gómez,ar ARG,"MF,FW",Atalanta,29,1988,30.6,1119,1533,73.0,18079,5081,549,631,87.0,364,502,72.5,120,253,47.4,8,9.8,9.3,-1.8,95,91,82,23,152,14,19.2,6,5,3,5,26,21,16,1,15,22,36,7,0,Matches,1533,1319,209,51,9,21,257,27,127,55,64,2,1119,5,42,2,0,0,19,97,17,257,22,9,2,0,0,128,1,12,7.7,Italy
Pasquale Schiattarella,it ITA,MF,SPAL,30,1987,22.1,942,1192,79.0,16899,4819,408,472,86.4,395,468,84.4,111,183,60.7,3,4.2,3.6,-1.2,43,106,31,3,150,40,30.2,20,15,5,13,43,30,7,2,5,24,64,26,0,Matches,1192,1097,84,54,4,6,39,12,18,2,9,0,942,11,25,12,0,0,26,56,1,39,24,31,0,0,0,129,10,15,40.0,Italy
Patric,es ESP,DF,Lazio,24,1993,6.6,308,358,86.0,5749,1529,123,137,89.8,133,151,88.1,43,55,78.2,0,0.3,0.4,-0.3,8,21,8,4,23,11,66.7,8,2,1,4,6,2,3,0,3,3,14,32,0,Matches,358,334,21,4,0,3,12,17,0,0,0,0,308,3,3,1,1,0,5,0,2,12,3,6,0,1,0,30,8,7,53.3,Italy
Patrick Cutrone,it ITA,FW,Milan,19,1998,16.7,252,336,75.0,3184,337,166,201,82.6,67,91,73.6,5,10,50.0,1,0.8,0.7,+0.2,14,6,4,0,20,11,10.0,2,7,2,1,10,9,11,1,10,3,14,12,0,Matches,336,308,27,0,0,0,14,2,0,0,0,0,252,1,12,3,0,0,31,18,23,14,3,10,1,0,0,36,12,49,19.7,Italy
Patrik Schick,cz CZE,"FW,MF",Roma,21,1996,11.0,223,290,76.9,2905,444,137,166,82.5,60,77,77.9,6,11,54.5,0,2.3,1.1,-2.3,14,15,8,1,21,9,11.1,1,5,3,1,9,8,14,0,14,2,11,11,0,Matches,290,276,12,0,2,0,7,3,0,0,0,0,223,2,6,0,0,0,20,23,3,7,2,7,0,0,0,46,29,36,44.6,Italy
Paulo Dybala,ar ARG,"MF,FW",Juventus,23,1993,26.1,1132,1361,83.2,18357,3726,567,630,90.0,364,420,86.7,127,186,68.3,3,4.6,4.7,-1.6,54,88,32,4,134,19,12.5,4,10,5,4,32,28,22,0,22,12,31,4,0,Matches,1361,1211,144,30,8,34,92,9,72,11,28,2,1132,6,35,0,0,0,16,74,2,92,12,11,1,0,0,124,6,9,40.0,Italy
Paweł Jaroszyński,pl POL,DF,Chievo,22,1994,9.0,243,409,59.4,4526,1821,110,140,78.6,95,144,66.0,33,95,34.7,0,0.3,0.6,-0.3,5,19,7,7,24,20,50.0,14,5,1,9,18,9,11,4,7,21,41,40,1,Matches,409,304,98,11,0,3,45,84,3,3,0,0,243,7,17,3,0,0,12,4,0,45,21,12,0,0,0,54,11,14,44.0,Italy
Pedro Pereira,pt POR,DF,Genoa,19,1998,4.2,139,200,69.5,2193,669,75,84,89.3,51,74,68.9,11,28,39.3,0,0.1,0.1,-0.1,2,4,2,2,8,5,60.0,2,1,2,3,5,2,5,2,3,5,10,15,0,Matches,200,161,38,0,0,1,16,38,0,0,0,0,139,1,11,2,0,0,7,1,0,16,5,4,0,0,0,22,3,4,42.9,Italy
Pepe Reina,es ESP,GK,Napoli,34,1982,37.0,985,1188,82.9,26363,17747,129,130,99.2,521,525,99.2,332,527,63.0,0,0.5,0.0,-0.5,2,2,0,0,0,1,50.0,1,0,0,1,2,1,0,0,0,0,1,13,2,Matches,1188,877,308,73,0,7,0,0,0,0,0,0,985,3,0,1,0,0,1,3,0,0,0,0,0,0,0,49,5,0,100.0,Italy
Petar Brlek,hr CRO,MF,Genoa,23,1994,2.6,94,116,81.0,1749,428,33,38,86.8,51,63,81.0,10,12,83.3,0,0.1,0.1,-0.1,1,7,1,0,10,9,42.9,4,5,0,3,7,4,0,0,0,1,10,3,0,Matches,116,111,4,3,0,0,2,0,1,0,0,0,94,1,3,1,0,0,4,1,0,2,1,7,0,0,0,12,1,3,25.0,Italy
Pierluigi Gollini,it ITA,GK,Atalanta,22,1995,6.9,164,196,83.7,4788,3380,17,17,100.0,82,82,100.0,65,96,67.7,0,0.0,0.0,0.0,0,1,0,0,0,0,,0,0,0,0,0,0,0,0,0,0,0,1,0,Matches,196,130,65,15,0,1,0,0,0,0,0,0,164,1,0,0,0,0,0,1,0,0,0,0,0,0,0,16,2,0,100.0,Italy
Pietro Iemmello,it ITA,FW,Benevento,25,1992,9.8,160,207,77.3,2379,321,85,103,82.5,52,67,77.6,13,14,92.9,1,1.5,0.6,-0.5,8,11,2,0,11,2,25.0,1,1,0,2,8,6,4,0,4,1,3,11,2,Matches,207,185,21,0,2,0,1,1,0,0,0,0,160,1,4,0,0,0,4,5,12,1,1,2,0,0,0,25,12,17,41.4,Italy
Pietro Pellegri,it ITA,FW,Genoa,16,2001,3.1,36,47,76.6,587,65,12,14,85.7,19,22,86.4,3,5,60.0,0,0.1,0.1,-0.1,4,1,2,1,3,1,0.0,0,0,1,0,5,5,3,0,3,2,3,1,0,Matches,47,40,7,1,0,0,1,0,0,0,0,0,36,0,2,2,0,0,11,4,4,1,2,0,0,0,0,6,5,10,33.3,Italy
Piotr Zieliński,pl POL,"MF,FW",Napoli,23,1994,18.5,1136,1312,86.6,14993,3821,736,799,92.1,259,296,87.5,56,78,71.8,1,2.7,1.9,-1.7,36,120,25,1,149,31,37.5,7,21,3,9,24,15,32,3,29,13,44,19,1,Matches,1312,1293,10,6,4,6,14,4,0,0,0,0,1136,9,29,3,0,0,13,26,2,14,13,19,1,0,0,101,7,29,19.4,Italy
Pol Lirola,es ESP,"DF,FW",Sassuolo,19,1997,22.5,648,947,68.4,11790,5507,303,359,84.4,272,358,76.0,62,182,34.1,2,1.4,1.1,+0.6,18,73,14,9,70,34,57.1,26,6,2,20,35,15,11,4,7,28,62,88,1,Matches,947,766,176,8,2,4,84,168,0,0,0,0,648,5,41,2,0,0,8,15,4,84,28,21,0,0,0,113,17,19,47.2,Italy
Përparim Hetemaj,fi FIN,MF,Chievo,30,1986,26.8,921,1169,78.8,14294,3971,523,581,90.0,294,367,80.1,68,136,50.0,2,1.1,2.0,+0.9,24,74,29,19,100,74,37.2,34,25,15,29,78,49,39,6,33,39,113,47,1,Matches,1169,1144,23,8,3,5,82,11,0,0,0,0,921,2,34,9,0,0,63,86,0,82,39,48,1,1,1,197,18,33,35.3,Italy
Radja Nainggolan,be BEL,MF,Roma,29,1988,29.0,1048,1311,79.9,19146,4906,461,523,88.1,420,508,82.7,135,195,69.2,7,6.2,5.0,+0.8,59,133,42,8,190,49,27.3,14,28,7,9,33,24,18,1,17,18,67,31,1,Matches,1311,1286,22,7,12,28,81,10,3,0,0,1,1048,3,43,8,1,1,40,54,3,81,18,36,0,0,0,197,18,18,50.0,Italy
Rafael,br BRA,GK,Cagliari,35,1982,8.8,146,249,58.6,5289,4649,17,17,100.0,50,52,96.2,79,180,43.9,0,0.0,0.0,0.0,0,5,0,0,0,0,,0,0,0,0,0,0,0,0,0,1,1,9,0,Matches,249,127,122,31,0,0,0,0,0,0,0,0,146,0,0,1,0,0,0,0,0,0,1,0,0,0,0,7,2,0,100.0,Italy
Rafael Tolói,it ITA,DF,Atalanta,26,1990,27.2,1360,1698,80.1,27592,10852,492,565,87.1,631,736,85.7,225,343,65.6,2,1.6,1.3,+0.4,13,129,14,3,149,72,51.5,34,38,0,35,68,33,35,14,21,63,135,119,1,Matches,1698,1545,144,45,3,34,15,99,0,0,0,0,1360,9,21,8,1,1,31,20,3,15,63,40,0,0,0,252,45,36,55.6,Italy
Raffaele Palladino,it ITA,"MF,FW",Genoa,33,1984,2.6,71,96,74.0,1318,322,25,31,80.6,42,49,85.7,4,12,33.3,0,0.7,0.6,-0.7,8,3,5,3,9,1,0.0,1,0,0,0,1,1,0,0,0,1,2,0,0,Matches,96,93,2,0,0,1,14,0,2,1,0,0,71,1,6,1,0,0,4,0,0,14,1,1,0,0,0,11,0,2,0.0,Italy
Rafik Zekhnini,no NOR,FW,Fiorentina,19,1998,0.1,4,5,80.0,29,9,4,4,100.0,0,1,0.0,0,0,,0,0.0,0.0,0.0,1,0,0,0,0,0,,0,0,0,0,0,0,0,0,0,0,0,0,0,Matches,5,5,0,0,0,0,0,0,0,0,0,0,4,0,0,0,0,0,0,0,0,0,0,0,0,0,0,0,1,0,100.0,Italy
Rafinha,br BRA,MF,Inter,24,1993,11.6,665,759,87.6,10113,1955,333,360,92.5,261,293,89.1,34,46,73.9,2,2.5,1.8,-0.5,29,55,20,3,93,14,18.8,1,10,3,3,16,13,15,0,15,7,21,9,0,Matches,759,729,26,9,0,3,17,5,1,0,1,0,665,4,9,1,0,0,13,28,1,17,7,9,1,0,0,70,9,12,42.9,Italy
Raman Chibsah,gh GHA,MF,Benevento,24,1993,11.6,372,420,88.6,5922,1389,172,181,95.0,159,181,87.8,22,26,84.6,0,0.6,0.3,-0.6,9,33,3,1,25,20,28.6,10,7,3,4,14,10,13,2,11,4,24,16,0,Matches,420,409,10,8,2,0,3,2,0,0,0,0,372,1,10,4,0,0,21,10,0,3,4,13,0,1,0,59,7,14,33.3,Italy
Raúl Albiol,es ESP,DF,Napoli,31,1985,30.5,2241,2510,89.3,46557,17325,726,774,93.8,1055,1153,91.5,418,517,80.9,1,1.3,1.1,-0.3,7,186,4,0,231,29,68.4,15,14,0,13,19,6,18,13,5,32,61,129,1,Matches,2510,2458,48,47,0,63,3,1,0,0,0,0,2241,4,14,7,0,0,28,18,2,3,32,19,0,0,0,216,92,51,64.3,Italy
Remo Freuler,ch SUI,MF,Atalanta,25,1992,33.4,1945,2252,86.4,31382,8570,905,1003,90.2,812,899,90.3,128,190,67.4,2,3.8,3.2,-1.8,48,213,34,4,271,89,32.9,35,41,13,27,82,55,46,13,33,28,117,37,2,Matches,2252,2135,103,63,2,15,44,23,17,1,12,1,1945,14,25,4,1,0,39,46,1,44,28,62,0,0,0,255,27,29,48.2,Italy
Riad Bajić,ba BIH,"FW,MF",Udinese,23,1994,0.9,13,19,68.4,238,72,5,9,55.6,7,7,100.0,1,1,100.0,0,0.2,0.2,-0.2,2,3,1,0,3,0,,0,0,0,0,0,0,0,0,0,0,0,3,0,Matches,19,19,0,0,1,0,0,0,0,0,0,0,13,0,1,0,0,0,1,0,1,0,0,0,0,0,0,1,2,3,40.0,Italy
Ricardo Centurión,ar ARG,"MF,FW",Genoa,24,1993,0.6,13,21,61.9,153,67,9,12,75.0,3,4,75.0,0,1,0.0,0,0.0,0.1,0.0,0,0,1,0,3,0,,0,0,0,0,0,0,0,0,0,0,0,0,0,Matches,21,19,1,1,0,0,1,0,0,0,0,0,13,1,1,0,0,0,0,0,1,1,0,0,0,0,0,7,0,0,,Italy
Ricardo Rodríguez,ch SUI,DF,Milan,24,1992,33.4,1739,2090,83.2,30510,9373,809,858,94.3,722,840,86.0,173,300,57.7,0,1.9,2.5,-1.9,24,161,30,18,199,48,64.3,24,18,6,18,28,10,36,6,30,33,81,93,3,Matches,2090,1837,244,29,0,43,120,214,1,1,0,0,1739,9,46,5,1,1,37,27,2,120,33,29,0,1,0,177,33,33,50.0,Italy
Riccardo Meggiorini,it ITA,FW,Chievo,31,1985,8.7,118,209,56.5,1483,437,75,108,69.4,30,63,47.6,1,10,10.0,0,1.1,0.6,-1.1,4,11,2,1,21,9,16.7,3,6,0,1,6,5,12,3,9,2,11,9,0,Matches,209,202,3,1,0,0,12,0,0,0,0,0,118,4,6,2,0,0,17,26,14,12,2,6,0,0,0,24,32,39,45.1,Italy
Riccardo Montolivo,it ITA,MF,Milan,32,1985,12.1,590,714,82.6,10859,3287,233,261,89.3,275,321,85.7,65,103,63.1,1,0.5,0.9,+0.5,12,74,12,1,82,29,29.2,11,15,3,7,24,17,17,4,13,19,48,15,0,Matches,714,683,26,21,1,10,3,5,0,0,0,0,590,5,7,3,1,0,15,11,0,3,19,21,0,0,0,76,9,9,50.0,Italy
Riccardo Orsolini,it ITA,"MF,FW",Atalanta,20,1997,1.4,38,55,69.1,527,102,18,24,75.0,15,18,83.3,1,6,16.7,0,0.5,0.3,-0.5,4,1,1,0,4,3,100.0,3,0,0,1,1,0,1,0,1,0,3,0,0,Matches,55,51,4,1,0,0,7,1,2,1,1,0,38,0,2,0,0,0,5,3,2,7,0,2,1,0,0,7,3,3,50.0,Italy
Riccardo Orsolini,it ITA,"FW,DF",Bologna,20,1997,3.8,76,113,67.3,1317,401,38,49,77.6,29,43,67.4,7,16,43.8,1,1.0,0.6,0.0,5,7,3,2,10,5,20.0,4,1,0,1,5,4,2,1,1,3,8,4,0,Matches,113,107,5,0,0,0,10,5,0,0,0,0,76,1,2,0,0,0,7,9,2,10,3,5,0,0,0,17,6,6,50.0,Italy
Riccardo Saponara,it ITA,"MF,FW",Fiorentina,25,1991,10.0,347,444,78.2,5691,2042,179,204,87.7,114,142,80.3,36,57,63.2,4,4.1,2.9,-0.1,36,49,20,1,85,12,18.2,2,8,2,2,11,9,3,1,2,1,13,5,0,Matches,444,423,19,5,8,6,24,1,13,3,7,2,347,2,15,3,0,0,15,21,1,24,1,8,0,0,0,63,9,5,64.3,Italy
Rick Karsdorp,nl NED,DF,Roma,22,1995,0.9,48,63,76.2,791,139,24,27,88.9,18,23,78.3,4,8,50.0,0,0.0,0.0,0.0,0,3,1,0,4,1,,1,0,0,0,0,0,0,0,0,1,2,0,0,Matches,63,51,11,1,0,0,2,10,0,0,0,0,48,1,2,0,0,0,0,1,0,2,1,1,0,0,0,3,0,1,0.0,Italy
Ricky Álvarez,ar ARG,MF,Sampdoria,29,1988,3.0,134,179,74.9,1971,511,82,97,84.5,44,55,80.0,7,18,38.9,1,0.5,0.6,+0.5,6,9,6,2,13,4,25.0,1,3,0,1,4,3,5,0,5,2,6,3,0,Matches,179,162,16,3,0,0,21,2,10,6,2,0,134,1,5,0,0,0,5,4,0,21,2,2,0,0,0,15,6,8,42.9,Italy
Roberto Gagliardini,it ITA,MF,Inter,23,1994,22.1,1238,1473,84.0,19436,5252,640,715,89.5,460,532,86.5,89,136,65.4,0,1.4,1.2,-1.4,17,131,16,1,137,63,37.0,28,29,6,20,54,34,18,3,15,45,108,32,2,Matches,1473,1428,35,32,4,9,13,3,0,0,0,0,1238,10,18,8,0,0,47,35,1,13,45,45,0,0,0,147,61,29,67.8,Italy
Roberto Inglese,it ITA,FW,Chievo,25,1991,30.9,366,566,64.7,4799,855,221,294,75.2,98,166,59.0,16,33,48.5,1,2.4,2.0,-1.4,26,19,14,3,44,31,23.3,13,9,9,7,30,23,21,2,19,8,39,17,1,Matches,566,552,9,0,0,1,19,0,0,0,0,0,366,5,21,3,0,0,39,36,49,19,8,21,1,0,0,70,91,101,47.4,Italy
Robin Gosens,de GER,DF,Atalanta,23,1994,16.1,684,871,78.5,10491,3826,372,416,89.4,261,329,79.3,35,84,41.7,2,1.9,1.2,+0.1,16,58,21,6,87,61,58.7,35,22,4,27,46,19,17,2,15,22,83,40,0,Matches,871,743,123,11,1,3,38,112,0,0,0,0,684,5,20,1,0,0,21,15,6,38,22,46,1,0,0,93,12,11,52.2,Italy
Rodrigo Bentancur,uy URU,MF,Juventus,20,1997,6.5,466,530,87.9,7376,1863,226,247,91.5,186,206,90.3,32,41,78.0,0,0.3,0.5,-0.3,8,33,2,0,33,18,12.5,10,7,1,2,16,14,5,1,4,3,21,14,0,Matches,530,519,10,8,1,3,1,1,1,0,0,0,466,1,8,0,0,0,14,12,0,1,3,11,0,0,0,48,11,5,68.8,Italy
Rodrigo De Paul,ar ARG,"FW,MF",Udinese,23,1994,25.8,778,1128,69.0,14674,4732,349,433,80.6,298,399,74.7,117,226,51.8,8,7.6,5.5,+0.4,67,100,46,16,145,31,12.5,10,17,4,4,32,28,34,1,33,16,47,8,0,Matches,1128,970,148,45,12,14,165,17,77,34,28,0,778,10,50,4,0,0,33,63,2,165,16,18,0,0,0,123,4,18,18.2,Italy
Rodrigo Palacio,ar ARG,"FW,MF",Bologna,35,1982,22.9,486,700,69.4,7485,1118,268,341,78.6,155,221,70.1,39,64,60.9,2,3.2,3.0,-1.2,34,24,22,8,42,25,35.7,6,12,7,10,28,18,16,2,14,12,37,14,0,Matches,700,678,21,1,3,6,58,10,0,0,0,0,486,1,38,9,0,0,42,52,18,58,12,18,0,0,0,68,51,76,40.2,Italy
Rogério,br BRA,DF,Sassuolo,19,1998,10.1,319,451,70.7,6383,3160,115,139,82.7,144,192,75.0,54,94,57.4,0,0.4,0.5,-0.4,8,38,8,7,44,18,46.7,10,5,3,7,15,8,11,1,10,9,27,31,0,Matches,451,374,70,8,2,2,26,62,0,0,0,0,319,7,15,4,0,0,11,16,0,26,9,14,0,0,0,82,4,5,44.4,Italy
Rolando Aarons,eng ENG,"MF,FW",Hellas Verona,21,1995,5.7,87,120,72.5,1174,325,50,60,83.3,25,35,71.4,4,8,50.0,0,0.2,0.1,-0.2,3,8,7,1,17,13,14.3,4,4,5,1,7,6,3,1,2,2,15,0,0,Matches,120,110,10,4,0,0,10,4,0,0,0,0,87,0,5,0,0,0,9,11,0,10,2,8,0,0,0,19,9,15,37.5,Italy
Rolando Mandragora,it ITA,MF,Crotone,20,1997,36.0,1084,1377,78.7,18783,5949,472,563,83.8,463,560,82.7,99,160,61.9,0,1.6,2.4,-1.6,24,109,13,3,159,91,37.7,48,34,9,26,69,43,41,13,28,86,177,75,0,Matches,1377,1287,82,60,3,9,42,2,20,15,1,0,1084,8,22,8,0,0,54,58,2,42,86,60,0,1,0,213,64,70,47.8,Italy
Ryder Matos,br BRA,"FW,MF",Hellas Verona,24,1993,10.9,210,272,77.2,2647,571,131,151,86.8,59,75,78.7,5,14,35.7,1,0.9,0.9,+0.1,6,14,4,1,18,18,44.4,11,5,2,4,9,5,5,0,5,3,21,9,1,Matches,272,255,17,3,1,0,19,6,1,0,0,0,210,0,18,1,0,0,10,31,9,19,3,15,0,0,0,46,10,32,23.8,Italy
Ryder Matos,br BRA,MF,Udinese,24,1993,1.9,37,50,74.0,605,99,16,19,84.2,19,26,73.1,2,4,50.0,0,0.1,0.0,-0.1,1,2,0,0,4,3,100.0,1,1,1,1,1,0,2,0,2,2,5,3,0,Matches,50,50,0,0,0,0,3,0,0,0,0,0,37,0,1,0,0,0,2,3,0,3,2,1,0,0,0,8,1,3,25.0,Italy
Rômulo,it ITA,"MF,DF",Hellas Verona,30,1987,35.2,1168,1593,73.3,18297,6196,649,748,86.8,389,516,75.4,84,208,40.4,5,3.6,3.0,+1.4,50,99,33,21,121,58,24.1,23,29,6,13,54,41,29,2,27,43,101,41,0,Matches,1593,1347,240,56,2,12,193,116,60,18,35,0,1168,6,63,7,0,0,30,30,4,193,43,44,0,0,0,220,8,27,22.9,Italy
Salvatore Sirigu,it ITA,GK,Torino,30,1987,37.0,926,1310,70.7,28738,20558,78,78,100.0,441,453,97.4,404,770,52.5,0,0.0,0.0,0.0,0,7,0,0,0,0,,0,0,0,0,0,0,0,0,0,1,1,35,3,Matches,1310,867,439,120,0,3,0,0,0,0,0,0,926,4,2,2,0,0,0,5,0,0,1,0,0,0,0,51,13,1,92.9,Italy
Sami Khedira,de GER,MF,Juventus,30,1987,21.2,842,978,86.1,13319,2868,430,478,90.0,327,360,90.8,54,67,80.6,2,1.2,1.3,+0.8,16,58,3,0,83,14,8.7,1,9,4,2,23,21,13,3,10,20,34,20,0,Matches,978,950,24,12,1,8,12,11,0,0,0,0,842,4,22,1,0,0,14,7,6,12,20,9,0,0,0,77,19,11,63.3,Italy
Samir Handanović,si SVN,GK,Inter,33,1984,38.0,943,1121,84.1,23448,17753,198,198,100.0,495,502,98.6,250,420,59.5,0,0.0,0.0,0.0,0,1,0,0,0,0,,0,0,0,0,0,0,1,0,1,0,0,7,1,Matches,1121,751,369,57,0,1,0,0,0,0,0,0,943,1,0,0,0,0,1,2,0,0,0,0,0,1,1,37,9,0,100.0,Italy
Samir Santos,br BRA,DF,Udinese,22,1994,28.5,1120,1370,81.8,21634,7627,372,424,87.7,617,680,90.7,117,227,51.5,0,0.1,0.3,-0.1,4,72,5,2,108,55,50.0,35,17,3,19,38,19,33,16,17,75,130,161,1,Matches,1370,1201,164,35,0,4,20,128,1,0,1,0,1120,5,21,7,1,0,38,40,1,20,75,38,0,0,2,130,42,29,59.2,Italy
Samuel Armenteros,se SWE,FW,Benevento,27,1990,4.8,63,85,74.1,768,153,35,48,72.9,19,26,73.1,1,2,50.0,0,0.0,0.3,0.0,1,4,1,0,8,4,0.0,1,3,0,0,3,3,1,1,0,1,5,3,0,Matches,85,70,15,0,0,0,1,0,0,0,0,0,63,0,0,1,0,0,8,3,9,1,1,2,0,0,0,7,7,18,28.0,Italy
Samuel Bastien,cd COD,MF,Chievo,20,1996,15.1,394,481,81.9,6173,1192,196,226,86.7,146,164,89.0,31,48,64.6,0,0.3,0.4,-0.3,7,26,4,2,34,17,30.4,7,8,2,7,23,16,23,2,21,18,35,25,0,Matches,481,472,8,2,1,6,12,5,0,0,0,0,394,1,11,4,1,1,17,15,3,12,18,13,0,0,0,74,15,28,34.9,Italy
Samuel Gustafson,se SWE,"MF,FW",Torino,22,1995,0.9,24,35,68.6,307,122,16,20,80.0,5,8,62.5,1,2,50.0,0,0.0,0.0,0.0,0,2,0,0,0,3,33.3,3,0,0,1,3,2,2,0,2,0,3,0,0,Matches,35,34,1,1,0,0,1,0,0,0,0,0,24,0,2,0,0,0,3,0,0,1,0,2,0,0,0,4,0,1,0.0,Italy
Samuel Souprayen,fr FRA,DF,Hellas Verona,28,1989,17.6,693,850,81.5,10952,4095,361,389,92.8,252,305,82.6,56,118,47.5,0,0.4,0.5,-0.4,7,42,8,3,59,29,63.2,25,3,1,12,19,7,18,9,9,22,51,67,1,Matches,850,710,137,20,1,4,13,117,0,0,0,0,693,3,12,3,1,1,19,14,0,13,22,19,0,1,1,95,22,22,50.0,Italy
Sandro,br BRA,MF,Benevento,28,1989,12.8,627,709,88.4,9829,2700,305,334,91.3,259,286,90.6,35,50,70.0,0,0.3,0.3,-0.3,5,34,4,0,49,29,66.7,15,13,1,12,18,6,23,16,7,18,47,43,1,Matches,709,702,7,6,0,1,1,0,1,0,0,0,627,0,6,4,0,0,25,14,2,1,18,21,0,1,0,70,14,15,48.3,Italy
Santiago Gentiletti,ar ARG,DF,Genoa,32,1985,3.2,217,242,89.7,4122,1678,76,80,95.0,122,132,92.4,18,27,66.7,0,0.0,0.1,0.0,0,30,1,0,33,4,16.7,4,0,0,1,6,5,1,0,1,3,7,11,1,Matches,242,224,18,2,0,2,2,16,0,0,0,0,217,0,0,2,0,0,7,1,0,2,3,3,0,0,0,18,5,3,62.5,Italy
Saphir Taïder,dz ALG,MF,Bologna,25,1992,4.3,196,218,89.9,3592,783,80,85,94.1,80,92,87.0,29,31,93.5,1,0.2,0.4,+0.8,4,14,3,0,19,6,50.0,4,2,0,1,2,1,3,2,1,1,7,4,0,Matches,218,214,4,3,2,3,4,0,1,0,0,0,196,0,4,0,0,0,5,10,0,4,1,2,0,0,0,21,5,3,62.5,Italy
Sauli Väisänen,fi FIN,DF,SPAL,23,1994,6.0,238,266,89.5,4514,1746,94,105,89.5,118,124,95.2,26,35,74.3,0,0.0,0.1,0.0,1,14,1,0,17,12,75.0,9,3,0,6,8,2,5,4,1,13,25,26,0,Matches,266,260,6,4,0,3,0,2,0,0,0,0,238,0,2,1,0,0,14,2,0,0,13,9,0,2,0,20,6,12,33.3,Italy
Sebastien De Maio,fr FRA,DF,Bologna,30,1987,22.8,921,1135,81.1,19737,7366,262,302,86.8,497,555,89.5,160,260,61.5,0,0.4,0.4,-0.4,5,63,4,0,71,26,40.0,15,11,0,10,25,15,35,18,17,36,62,147,0,Matches,1135,1045,89,42,0,23,2,47,0,0,0,0,921,1,14,7,0,0,31,6,2,2,36,17,0,0,1,87,36,30,54.5,Italy
Sebastián Cristóforo,uy URU,MF,Fiorentina,23,1993,3.0,156,193,80.8,2328,687,87,101,86.1,55,63,87.3,6,13,46.2,0,0.4,0.3,-0.4,2,11,2,0,18,16,47.4,6,8,2,9,19,10,4,0,4,4,20,6,0,Matches,193,183,9,2,1,1,2,0,0,0,0,0,156,1,5,1,0,0,7,8,0,2,4,12,0,0,0,28,5,4,55.6,Italy
Seko Fofana,ci CIV,MF,Udinese,22,1995,20.8,758,911,83.2,13248,3484,363,415,87.5,306,355,86.2,73,98,74.5,0,1.1,0.6,-1.1,17,69,7,1,90,20,20.0,8,12,0,4,20,16,17,3,14,27,47,26,1,Matches,911,900,8,5,1,12,9,3,0,0,0,0,758,3,13,4,1,0,27,15,0,9,27,17,2,0,0,165,9,10,47.4,Italy
Senad Lulić,ba BIH,"DF,MF",Lazio,31,1986,27.0,1108,1487,74.5,18728,5738,557,645,86.4,370,505,73.3,133,223,59.6,4,3.9,2.8,+0.1,38,80,33,20,112,66,26.3,32,22,12,21,80,59,32,4,28,36,102,39,0,Matches,1487,1279,197,19,4,20,90,174,2,1,0,0,1108,11,45,8,1,1,47,45,9,90,36,40,1,0,1,220,26,21,55.3,Italy
Senna Miangue,be BEL,"DF,FW",Cagliari,20,1997,8.9,271,405,66.9,4698,2114,125,152,82.2,114,168,67.9,30,70,42.9,1,1.3,1.5,-0.3,11,17,13,10,30,7,42.9,4,2,1,3,7,4,8,1,7,7,14,35,0,Matches,405,293,111,4,0,1,44,107,0,0,0,0,271,1,17,3,1,1,16,3,2,44,7,5,0,0,0,32,13,7,65.0,Italy
Sergej Milinković-Savić,rs SRB,MF,Lazio,22,1995,31.6,1416,1811,78.2,22899,6794,742,869,85.4,490,594,82.5,131,218,60.1,4,5.8,5.5,-1.8,52,171,44,1,226,55,25.0,11,34,10,13,52,39,29,6,23,33,88,36,1,Matches,1811,1768,35,20,16,26,38,14,1,0,1,0,1416,8,47,8,0,0,58,52,9,38,33,39,2,0,0,218,95,76,55.6,Italy
Sergio Floccari,it ITA,FW,SPAL,35,1981,9.8,188,262,71.8,2846,393,107,135,79.3,59,85,69.4,11,17,64.7,0,0.3,0.6,-0.3,6,10,5,1,15,13,54.5,7,5,1,6,11,5,6,1,5,2,15,6,0,Matches,262,249,12,3,1,4,10,1,0,0,0,0,188,1,11,0,0,0,15,23,11,10,2,9,1,0,0,33,25,56,30.9,Italy
Sergio Pellissier,it ITA,FW,Chievo,38,1979,6.2,77,112,68.8,945,92,50,67,74.6,21,33,63.6,1,3,33.3,0,0.6,0.6,-0.6,8,1,0,0,2,6,33.3,1,3,2,1,3,2,3,0,3,1,7,2,0,Matches,112,111,1,0,0,0,3,0,0,0,0,0,77,0,1,1,0,0,6,11,8,3,1,2,0,0,0,13,19,25,43.2,Italy
Silvan Widmer,ch SUI,"DF,FW",Udinese,24,1993,18.1,681,962,70.8,12078,4691,322,375,85.9,291,404,72.0,65,146,44.5,2,2.0,1.4,0.0,14,50,22,12,78,45,55.0,30,15,0,22,40,18,22,5,17,28,73,59,0,Matches,962,792,164,9,0,3,72,154,1,1,0,0,681,6,23,2,0,0,12,17,2,72,28,32,0,0,0,107,28,26,51.9,Italy
Simeon Nwankwo,ng NGA,FW,Crotone,25,1992,13.5,206,317,65.0,2698,461,125,174,71.8,53,82,64.6,8,12,66.7,1,0.6,0.5,+0.4,16,22,4,0,24,12,8.3,1,5,6,1,12,11,16,3,13,1,13,20,0,Matches,317,308,9,0,0,0,3,1,0,0,0,0,206,0,18,1,0,0,29,28,10,3,1,9,0,0,0,46,52,50,51.0,Italy
Simone Calvano,it ITA,MF,Hellas Verona,24,1993,7.2,186,245,75.9,3098,932,99,117,84.6,66,87,75.9,16,31,51.6,0,0.5,0.1,-0.5,2,20,1,1,23,13,18.8,4,9,0,3,16,13,10,4,6,15,28,14,1,Matches,245,239,6,5,0,6,7,1,0,0,0,0,186,0,2,1,0,0,18,7,0,7,15,12,0,0,0,43,14,13,51.9,Italy
Simone Edera,it ITA,"FW,MF",Torino,20,1997,3.6,87,116,75.0,1047,222,55,61,90.2,21,30,70.0,2,6,33.3,1,0.2,0.1,+0.8,3,2,3,0,12,6,30.0,2,4,0,3,10,7,0,0,0,2,8,1,0,Matches,116,101,14,2,0,0,4,3,4,2,1,0,87,1,5,0,0,0,13,6,1,4,2,2,0,0,0,20,2,8,20.0,Italy
Simone Lo Faso,it ITA,FW,Fiorentina,19,1998,0.4,30,34,88.2,388,11,19,21,90.5,10,10,100.0,0,0,,0,0.0,0.0,0.0,1,2,0,0,0,1,0.0,1,0,0,0,1,1,0,0,0,1,2,0,0,Matches,34,34,0,0,0,0,0,0,0,0,0,0,30,0,2,0,0,0,3,2,0,0,1,1,0,0,0,4,0,0,,Italy
Simone Missiroli,it ITA,MF,Sassuolo,31,1986,32.4,930,1267,73.4,16116,5343,414,532,77.8,422,542,77.9,74,130,56.9,1,2.6,2.5,-1.6,32,122,14,5,164,62,19.4,25,31,6,14,72,58,46,8,38,67,129,70,0,Matches,1267,1246,17,8,11,1,20,9,0,0,0,0,930,4,30,4,0,0,34,46,3,20,67,37,0,0,0,194,129,84,60.6,Italy
Simone Padoin,it ITA,"DF,MF",Cagliari,33,1984,34.5,985,1345,73.2,16936,6334,465,528,88.1,418,579,72.2,81,175,46.3,0,3.5,3.2,-3.5,34,95,36,24,121,22,42.9,8,10,4,12,28,16,38,14,24,24,46,74,0,Matches,1345,1112,229,18,0,9,107,202,3,2,0,0,985,4,39,4,0,0,24,28,3,107,24,18,0,0,0,150,9,17,34.6,Italy
Simone Palombi,it ITA,FW,Lazio,21,1996,0.7,12,14,85.7,193,33,8,10,80.0,2,2,100.0,2,2,100.0,0,0.0,0.0,0.0,0,0,1,1,2,0,,0,0,0,0,0,0,0,0,0,0,0,0,0,Matches,14,14,0,0,0,0,1,0,0,0,0,0,12,0,0,0,0,0,0,0,0,1,0,0,0,0,0,3,0,1,0.0,Italy
Simone Pontisso,it ITA,MF,Udinese,20,1997,0.1,13,14,92.9,243,86,3,3,100.0,10,10,100.0,0,1,0.0,0,0.0,0.0,0.0,0,1,0,0,4,1,,0,1,0,0,0,0,0,0,0,0,1,0,0,Matches,14,13,1,1,0,0,0,0,0,0,0,0,13,0,0,0,0,0,0,0,0,0,0,0,0,0,0,0,0,0,,Italy
Simone Romagnoli,it ITA,DF,Bologna,27,1990,6.2,226,279,81.0,4733,1895,62,68,91.2,130,145,89.7,34,63,54.0,0,0.0,0.0,0.0,1,13,1,0,20,12,44.4,10,2,0,4,9,5,12,8,4,7,19,41,2,Matches,279,267,11,8,0,4,0,3,0,0,0,0,226,1,2,1,0,0,6,0,0,0,7,9,0,0,0,30,18,15,54.5,Italy
Simone Scuffet,it ITA,GK,Udinese,21,1996,6.0,88,159,55.3,2749,2258,12,12,100.0,36,36,100.0,40,109,36.7,0,0.0,0.0,0.0,1,1,0,0,0,0,,0,0,0,0,0,0,0,0,0,1,1,1,1,Matches,159,106,51,9,0,0,0,0,0,0,0,0,88,2,0,0,0,0,0,0,0,0,1,0,0,0,0,5,0,0,,Italy
Simone Verdi,it ITA,"FW,MF",Bologna,25,1992,31.4,916,1345,68.1,16967,4618,416,491,84.7,330,463,71.3,132,310,42.6,8,6.5,5.8,+1.5,52,88,49,16,114,33,25.6,17,13,3,11,43,32,20,1,19,36,69,12,0,Matches,1345,1079,264,60,7,35,233,35,122,108,8,0,916,2,36,2,0,0,22,61,6,233,36,24,1,0,0,156,4,26,13.3,Italy
Siriki Sanogo,ci CIV,MF,Benevento,15,2001,0.4,14,18,77.8,237,30,6,8,75.0,8,8,100.0,0,1,0.0,0,0.0,0.0,0.0,0,0,0,0,1,1,,0,1,0,0,0,0,0,0,0,1,2,1,0,Matches,18,17,0,0,0,0,0,0,0,0,0,0,14,1,0,0,0,0,2,0,0,0,1,1,0,0,0,1,2,0,100.0,Italy
Stefan Simić,cz CZE,DF,Crotone,22,1995,6.2,165,211,78.2,3861,1377,23,30,76.7,115,131,87.8,27,46,58.7,0,0.0,0.0,0.0,0,6,0,0,10,13,90.9,11,2,0,10,11,1,6,3,3,10,23,44,0,Matches,211,195,15,8,0,4,0,7,0,0,0,0,165,1,2,2,0,0,10,10,0,0,10,8,0,0,0,27,9,7,56.3,Italy
Stefan de Vrij,nl NED,DF,Lazio,25,1992,33.7,1409,1546,91.1,27794,10144,462,487,94.9,760,792,96.0,167,233,71.7,0,0.3,0.4,-0.3,5,78,4,0,86,31,60.9,14,17,0,14,23,9,43,24,19,71,102,156,1,Matches,1546,1503,38,35,1,4,0,3,0,0,0,0,1409,5,4,3,0,0,19,10,1,0,71,22,0,2,0,245,44,24,64.7,Italy
Stefano Sensi,it ITA,MF,Sassuolo,21,1995,11.6,444,555,80.0,9244,2869,157,178,88.2,198,231,85.7,84,128,65.6,0,1.2,1.2,-1.2,22,61,12,3,73,17,40.9,11,6,0,9,22,13,16,3,13,22,39,10,1,Matches,555,490,64,35,2,5,44,1,24,17,6,0,444,1,8,2,0,0,15,29,0,44,22,13,1,0,0,95,3,9,25.0,Italy
Stefano Sorrentino,it ITA,GK,Chievo,38,1979,38.0,777,1196,65.0,25138,20220,63,63,100.0,328,331,99.1,384,797,48.2,0,0.0,0.0,0.0,0,3,0,0,0,0,,0,0,0,0,0,0,0,0,0,0,0,23,3,Matches,1196,657,536,142,0,1,0,0,0,0,0,0,777,3,0,2,0,0,0,7,0,0,0,0,0,0,0,45,5,1,83.3,Italy
Stefano Sturaro,it ITA,"MF,DF",Juventus,24,1993,6.8,231,289,79.9,3888,909,126,145,86.9,67,85,78.8,27,35,77.1,0,0.2,0.4,-0.2,6,20,6,1,27,17,36.4,5,9,3,4,11,7,9,2,7,5,22,18,1,Matches,289,269,17,8,1,9,4,8,1,0,0,0,231,3,8,1,0,0,8,11,2,4,5,11,0,0,0,30,10,16,38.5,Italy
Stephan El Shaarawy,it ITA,FW,Roma,24,1992,23.9,812,1003,81.0,11984,2680,480,550,87.3,241,290,83.1,51,80,63.8,5,3.7,3.3,+1.3,35,50,43,4,100,22,23.8,9,8,5,5,21,16,16,1,15,24,46,8,0,Matches,1003,959,42,3,9,8,35,24,14,9,0,0,812,2,30,1,0,0,13,26,15,35,24,16,0,0,0,91,13,30,30.2,Italy
Stephan Lichtsteiner,ch SUI,DF,Juventus,33,1984,18.9,1009,1250,80.7,16496,6130,501,552,90.8,370,440,84.1,92,167,55.1,2,0.7,1.3,+1.3,8,76,18,8,89,31,52.9,16,10,5,9,17,8,11,2,9,15,46,38,1,Matches,1250,1069,180,24,2,8,45,156,0,0,0,0,1009,1,35,6,0,0,24,27,4,45,15,27,0,0,0,87,22,21,51.2,Italy
Stephane Omeonga,be BEL,"MF,DF",Genoa,21,1996,8.9,283,343,82.5,4831,1300,128,154,83.1,127,140,90.7,24,33,72.7,0,0.5,0.5,-0.5,9,43,3,1,35,25,38.9,16,8,1,7,18,11,20,1,19,5,30,6,0,Matches,343,332,10,2,0,2,15,8,0,0,0,0,283,1,10,2,1,0,16,9,0,15,5,15,0,0,0,59,8,13,38.1,Italy
Stipe Perica,hr CRO,FW,Udinese,22,1995,10.5,142,200,71.0,2062,404,83,108,76.9,43,66,65.2,7,8,87.5,0,0.8,0.4,-0.8,9,8,4,0,24,8,15.4,2,5,1,2,13,11,7,1,6,3,11,9,0,Matches,200,190,10,1,1,1,4,1,0,0,0,0,142,0,6,6,0,0,24,25,5,4,3,5,0,0,0,18,25,52,32.5,Italy
Suso,es ESP,"FW,MF",Milan,23,1993,31.4,1199,1649,72.7,21144,6492,586,687,85.3,456,614,74.3,130,244,53.3,6,7.6,7.4,-1.6,77,123,88,19,225,18,12.9,3,5,10,4,31,27,25,0,25,16,34,2,1,Matches,1649,1501,142,23,10,45,219,25,93,54,5,1,1199,6,69,2,1,0,32,75,4,219,16,14,0,0,0,149,4,9,30.8,Italy
Svante Ingelsson,se SWE,MF,Udinese,19,1998,3.6,66,97,68.0,1031,359,37,42,88.1,19,32,59.4,7,10,70.0,1,0.2,0.3,+0.8,3,5,2,0,11,9,20.0,3,3,3,2,10,8,4,0,4,6,15,4,0,Matches,97,90,6,0,0,0,8,6,0,0,0,0,66,1,9,0,0,0,5,3,1,8,6,6,0,0,0,21,3,3,50.0,Italy
Thiago Cionek,pl POL,DF,SPAL,31,1986,15.0,566,721,78.5,11071,4522,200,222,90.1,279,326,85.6,82,152,53.9,0,0.1,0.2,-0.1,2,64,3,2,62,28,55.0,18,6,4,11,20,9,19,9,10,35,63,99,0,Matches,721,669,50,42,0,7,4,8,0,0,0,0,566,2,16,5,0,0,21,28,0,4,35,21,0,0,0,84,29,29,50.0,Italy
Thomas Heurtaux,fr FRA,DF,Hellas Verona,29,1988,15.5,429,531,80.8,9105,3294,133,152,87.5,218,238,91.6,73,127,57.5,0,0.0,0.1,0.0,1,21,2,0,22,14,50.0,12,2,0,4,8,4,25,16,9,37,51,97,1,Matches,531,510,18,15,0,12,0,3,0,0,0,0,429,3,6,4,1,1,13,5,0,0,37,11,0,0,0,50,18,15,54.5,Italy
Thomas Strakosha,al ALB,GK,Lazio,22,1995,38.0,900,1197,75.2,26962,20384,103,104,99.0,432,440,98.2,360,639,56.3,0,0.1,0.1,-0.1,2,14,0,0,0,0,,0,0,0,0,0,0,0,0,0,2,2,13,4,Matches,1197,812,379,72,0,3,0,0,0,0,0,0,900,6,3,2,0,0,0,5,0,0,2,0,0,0,0,66,5,1,83.3,Italy
Timo Letschert,nl NED,DF,Sassuolo,24,1993,4.6,179,220,81.4,3166,1517,80,86,93.0,77,98,78.6,17,29,58.6,0,0.0,0.0,0.0,1,13,0,0,17,13,62.5,10,3,0,5,8,3,9,3,6,7,20,23,0,Matches,220,188,32,6,0,2,0,26,0,0,0,0,179,0,1,0,0,0,5,1,0,0,7,8,0,0,0,33,8,4,66.7,Italy
Timothy Castagne,be BEL,DF,Atalanta,21,1995,16.7,780,968,80.6,11151,3558,468,525,89.1,258,332,77.7,31,55,56.4,1,2.2,2.4,-1.2,15,44,19,6,58,54,48.1,32,14,8,13,27,14,25,4,21,26,80,48,0,Matches,968,821,146,5,0,5,33,141,0,0,0,0,780,1,23,4,0,0,25,15,0,33,26,37,0,0,0,86,12,28,30.0,Italy
Tomás Rincón,ve VEN,MF,Torino,29,1988,33.3,1253,1525,82.2,22050,6427,616,701,87.9,464,547,84.8,145,203,71.4,0,1.5,1.7,-1.5,22,115,26,3,146,66,36.4,30,34,2,24,66,42,33,8,25,57,123,61,1,Matches,1525,1475,42,31,2,33,17,10,0,0,0,0,1253,8,21,12,0,0,80,47,1,17,57,40,0,0,0,220,66,45,59.5,Italy
Umar Sadiq,ng NGA,FW,Torino,20,1997,2.5,25,51,49.0,239,38,16,29,55.2,3,6,50.0,0,0,,0,0.0,0.1,0.0,0,0,0,0,0,0,0.0,0,0,0,0,3,3,1,0,1,1,1,2,0,Matches,51,49,2,0,0,0,0,0,0,0,0,0,25,0,5,0,0,0,11,9,6,0,1,0,0,0,0,7,3,8,27.3,Italy
Valentin Eysseric,fr FRA,"FW,MF",Fiorentina,25,1992,7.8,300,408,73.5,4693,1277,176,204,86.3,83,109,76.1,28,60,46.7,1,1.2,1.1,-0.2,23,30,13,0,47,17,30.0,7,4,6,6,20,14,10,2,8,6,23,6,0,Matches,408,375,30,7,5,7,36,1,22,7,12,0,300,3,13,2,0,0,15,13,1,36,6,13,0,0,0,46,9,13,40.9,Italy
Valerio Verre,it ITA,MF,Sampdoria,23,1994,4.0,262,307,85.3,4167,1017,132,151,87.4,103,113,91.2,18,29,62.1,1,0.4,0.4,+0.6,4,34,5,1,36,7,28.6,3,2,2,2,7,5,12,0,12,8,15,7,0,Matches,307,303,3,1,3,4,2,1,1,0,0,0,262,1,5,2,0,0,13,2,0,2,8,3,0,0,0,33,8,6,57.1,Italy
Valon Behrami,ch SUI,MF,Udinese,32,1985,15.5,417,507,82.2,6417,1834,229,263,87.1,138,167,82.6,28,43,65.1,0,0.3,0.2,-0.3,9,29,1,1,34,63,18.2,30,27,6,8,44,36,47,15,32,22,85,19,0,Matches,507,493,13,10,2,3,1,3,0,0,0,0,417,1,9,5,0,0,46,23,0,1,22,46,0,0,0,108,15,7,68.2,Italy
Valter Birsa,si SVN,"MF,FW",Chievo,30,1986,27.8,1095,1513,72.4,18368,5084,554,649,85.4,376,493,76.3,122,257,47.5,6,6.4,6.0,-0.4,66,133,38,17,157,28,13.0,7,18,3,7,54,47,22,2,20,24,52,20,1,Matches,1513,1268,233,61,5,14,222,8,107,59,42,1,1095,12,45,3,0,0,24,31,1,222,24,14,0,0,0,138,26,37,41.3,Italy
Vanja Milinković-Savić,rs SRB,GK,Torino,20,1997,1.0,30,48,62.5,823,588,9,9,100.0,13,15,86.7,8,24,33.3,0,0.0,0.0,0.0,0,1,0,0,0,0,,0,0,0,0,0,0,0,0,0,0,0,0,0,Matches,48,36,12,4,0,0,0,0,0,0,0,0,30,0,0,0,0,0,0,0,0,0,0,0,0,0,0,2,1,0,100.0,Italy
Vasco Regini,it ITA,DF,Sampdoria,26,1990,12.0,581,677,85.8,10196,3943,240,259,92.7,292,325,89.8,41,79,51.9,0,0.8,0.2,-0.8,3,33,2,2,42,13,54.5,11,0,2,6,11,5,14,7,7,11,24,68,0,Matches,677,607,70,18,1,2,14,52,0,0,0,0,581,0,5,2,0,0,10,6,0,14,11,7,0,0,0,37,17,13,56.7,Italy
Vasilis Torosidis,gr GRE,DF,Bologna,32,1985,9.1,308,419,73.5,5125,2038,146,168,86.9,128,163,78.5,24,60,40.0,0,0.2,0.2,-0.2,4,21,7,4,31,8,44.4,5,2,1,4,9,5,8,3,5,15,23,42,0,Matches,419,330,85,8,0,5,25,77,0,0,0,0,308,4,12,4,1,1,11,16,2,25,15,7,0,0,0,28,13,7,65.0,Italy
Vid Belec,si SVN,GK,Benevento,27,1990,12.4,241,373,64.6,7406,5393,25,25,100.0,118,120,98.3,98,227,43.2,0,0.0,0.0,0.0,1,6,0,0,0,0,,0,0,0,0,0,0,0,0,0,1,1,6,1,Matches,373,226,146,38,0,0,0,0,0,0,0,0,241,1,0,1,1,0,1,3,0,0,1,0,0,1,0,10,4,1,80.0,Italy
Vid Belec,si SVN,GK,Sampdoria,27,1990,2.0,68,86,79.1,1444,979,23,23,100.0,33,33,100.0,12,30,40.0,0,0.0,0.0,0.0,0,1,0,0,0,0,,0,0,0,0,0,0,0,0,0,0,0,1,0,Matches,86,65,21,5,0,0,0,0,0,0,0,0,68,0,0,0,0,0,0,0,0,0,0,0,0,0,0,4,0,0,,Italy
Vincent Laurini,fr FRA,DF,Fiorentina,28,1989,17.9,860,1106,77.8,15141,6487,385,440,87.5,372,457,81.4,88,167,52.7,1,1.1,1.2,-0.1,15,83,25,19,100,34,54.5,21,9,4,12,22,10,20,5,15,11,45,72,1,Matches,1106,863,238,29,1,3,54,209,0,0,0,0,860,5,21,5,0,0,21,20,0,54,11,23,0,0,0,89,25,23,52.1,Italy
Vitor Hugo,br BRA,DF,Fiorentina,26,1991,13.4,560,652,85.9,9985,4188,214,230,93.0,290,320,90.6,44,81,54.3,0,0.1,0.3,-0.1,2,22,1,0,31,32,58.8,26,6,0,10,17,7,10,6,4,43,75,92,0,Matches,652,628,23,19,0,2,0,4,0,0,0,0,560,1,5,4,0,0,13,3,0,0,43,21,0,0,0,70,45,17,72.6,Italy
Vittorio Parigini,it ITA,"MF,FW",Benevento,21,1996,9.5,230,328,70.1,3342,595,135,159,84.9,67,98,68.4,15,30,50.0,0,1.6,1.2,-1.6,14,9,10,4,19,18,35.3,11,6,1,6,17,11,8,1,7,5,23,1,0,Matches,328,307,18,2,0,2,43,13,2,1,0,0,230,3,20,2,0,0,19,17,5,43,5,11,0,0,0,51,1,8,11.1,Italy
Vlad Chiricheș,ro ROU,DF,Napoli,27,1989,6.5,534,590,90.5,9969,3897,214,226,94.7,240,260,92.3,67,81,82.7,0,0.0,0.1,0.0,1,33,0,0,46,8,40.0,7,1,0,2,5,3,2,1,1,16,24,19,1,Matches,590,571,19,18,0,8,1,1,0,0,0,0,534,0,8,1,0,0,3,6,0,1,16,4,0,0,0,61,17,23,42.5,Italy
Wallace,br BRA,DF,Lazio,22,1994,11.1,494,573,86.2,9504,3457,190,199,95.5,227,252,90.1,69,107,64.5,0,0.1,0.2,-0.1,2,36,3,1,51,17,30.8,11,6,0,4,13,9,13,5,8,29,46,43,3,Matches,573,555,18,9,0,13,1,9,0,0,0,0,494,0,6,5,0,0,14,6,2,1,29,7,0,1,1,64,15,15,50.0,Italy
Wojciech Szczęsny,pl POL,GK,Juventus,27,1990,17.0,364,460,79.1,11110,7257,36,36,100.0,166,169,98.2,162,252,64.3,0,0.0,0.0,0.0,1,0,0,0,0,0,,0,0,0,0,0,0,0,0,0,0,0,4,0,Matches,460,331,126,30,0,3,0,0,0,0,0,0,364,3,0,0,0,0,0,1,0,0,0,0,0,0,0,15,1,0,100.0,Italy
Yann Karamoh,fr FRA,"FW,MF",Inter,19,1998,5.4,194,251,77.3,2772,537,113,132,85.6,59,76,77.6,11,23,47.8,0,0.1,0.6,-0.1,2,17,8,1,21,3,0.0,1,1,1,0,3,3,4,0,4,4,7,1,1,Matches,251,236,15,1,1,1,31,11,3,0,0,0,194,0,8,0,0,0,4,15,2,31,4,1,0,0,0,20,3,8,27.3,Italy
Yuto Nagatomo,jp JPN,DF,Inter,30,1986,8.8,298,378,78.8,4723,1529,152,165,92.1,111,139,79.9,23,47,48.9,1,0.6,0.5,+0.4,8,20,9,3,27,10,35.7,4,5,1,5,14,9,8,3,5,10,20,28,0,Matches,378,302,73,3,2,4,10,70,0,0,0,0,298,3,9,1,0,0,9,10,0,10,10,6,0,0,0,49,11,11,50.0,Italy
Ádám Nagy,hu HUN,MF,Bologna,22,1995,7.9,192,229,83.8,2636,713,108,122,88.5,66,79,83.5,6,7,85.7,0,0.5,0.5,-0.5,6,16,6,0,21,16,53.8,6,8,2,7,13,6,11,0,11,7,23,5,0,Matches,229,226,2,0,1,0,5,1,0,0,0,0,192,1,4,1,0,0,9,6,0,5,7,9,0,0,0,33,8,8,50.0,Italy
Álex Berenguer,es ESP,FW,Torino,22,1995,11.6,349,479,72.9,4579,1497,216,252,85.7,80,113,70.8,19,49,38.8,3,2.2,1.9,+0.8,24,29,13,2,41,18,29.4,7,8,3,5,17,12,22,3,19,10,28,13,0,Matches,479,417,60,23,1,4,47,8,27,11,8,1,349,2,21,1,0,0,28,19,2,47,10,15,0,0,0,57,13,16,44.8,Italy
Éder,it ITA,"FW,MF",Inter,30,1986,8.9,207,255,81.2,2661,528,121,134,90.3,45,64,70.3,11,15,73.3,0,1.3,1.3,-1.3,14,9,8,4,17,10,0.0,2,4,4,0,10,10,6,1,5,5,15,4,0,Matches,255,241,14,2,1,0,17,3,1,1,0,0,207,0,10,4,0,0,25,15,7,17,5,7,1,0,0,31,10,14,41.7,Italy
Édgar Barreto,py PAR,MF,Sampdoria,33,1984,21.8,862,1090,79.1,12915,4371,498,564,88.3,279,353,79.0,51,114,44.7,2,1.6,1.6,+0.4,19,77,19,6,96,67,25.7,23,32,12,18,70,52,45,2,43,21,88,29,3,Matches,1090,1069,18,8,1,8,35,10,0,0,0,0,862,3,15,6,1,1,29,24,0,35,21,42,0,1,0,118,31,41,43.1,Italy
Ľubomír Tupta,sk SVK,"MF,FW",Hellas Verona,19,1998,0.4,9,13,69.2,137,35,3,6,50.0,5,6,83.3,0,0,,0,0.0,0.0,0.0,1,2,0,0,4,0,0.0,0,0,0,0,3,3,0,0,0,0,0,0,0,Matches,13,13,0,0,1,0,0,0,0,0,0,0,9,0,1,0,0,0,2,2,0,0,0,0,0,0,0,2,0,2,0.0,Italy
Łukasz Skorupski,pl POL,GK,Roma,26,1991,1.0,30,37,81.1,872,653,3,3,100.0,17,18,94.4,10,16,62.5,0,0.0,0.0,0.0,0,1,0,0,0,0,,0,0,0,0,0,0,0,0,0,0,0,1,0,Matches,37,29,8,1,0,0,0,0,0,0,0,0,30,0,0,0,0,0,0,0,0,0,0,0,0,0,0,0,0,0,,Italy
Ștefan Radu,ro ROU,DF,Lazio,30,1986,28.8,1431,1671,85.6,22522,10799,752,822,91.5,558,634,88.0,89,152,58.6,1,0.8,0.9,+0.2,10,162,11,5,171,53,61.0,36,16,1,25,41,16,30,14,16,55,108,105,1,Matches,1671,1590,74,39,0,6,20,35,0,0,0,0,1431,7,22,10,1,1,26,30,0,20,55,38,0,0,0,185,33,23,58.9,Italy
