passportArea,weight,firstName,middleName,lastName,currentTeamId,birthDate,height,role,birthArea,player_id,foot,shortName,currentNationalTeamId,player_name,matched_name,Player,Nation,Pos,Squad,Age,Born,90s,Cmp_Total_Passing,Att_Total_Passing,Cmp%_Total,TotDist,PrgDist,Cmp_Short_Passing,Att_Short_Passing,Cmp%_Short,Cmp_Medium_Passing,Att_Medium_Passing,Cmp%_Medium,Cmp_Long_Passing,Att_Long_Passing,Cmp%_Long,Ast,xAG,xA,A-xAG,KP,1/3,PPA,CrsPA,PrgP,Tkl_Tackles,Tkl,TklW_Defense,Def 3rd,Mid 3rd,Att 3rd,Tkl_Challenges,Att_Defense,Tkl%,Lost_Defense,Blocks_Defense,Sh,Pass,Int_Defense,Tkl+Int,Clr,Att_PassingTypes,Live,Dead,FK,TB,Sw,Crs_PassingTypes,TI,CK,In,Out,Str,Cmp_PassingTypes,Off_PassingTypes,Blocks_PassingTypes,CrdY,CrdR,2CrdY,Fls,Fld,Off_Misc,Crs_Misc,Int_Misc,TklW_Misc,PKwon,PKcon,OG,Recov,Won,Lost_Misc,Won%,League
"{'name': 'Netherlands', 'id': '528', 'alpha3code': 'NLD', 'alpha2code': 'NL'}",78,Kevin,,Strootman,3158,1990-02-13,186,"{'code2': 'MD', 'code3': 'MID', 'name': 'Midfielder'}","{'name': 'Netherlands', 'id': '528', 'alpha3code': 'NLD', 'alpha2code': 'NL'}",114,left,K. Strootman,null,Kevin Strootman,Kevin Strootman,Kevin Strootman,nl NED,MF,Roma,27.0,1990.0,25.1,1248.0,1488.0,83.9,20395.0,6128.0,592.0,673.0,88.0,502.0,578.0,86.9,98.0,145.0,67.6,1,1.5,2.3,-0.5,30.0,198.0,23.0,4.0,211.0,57.0,32.6,19.0,24.0,14.0,15.0,46.0,31.0,27.0,3.0,24.0,27.0,84.0,21.0,0.0,Matches,1488.0,1423.0,58.0,36.0,5.0,6.0,24.0,21.0,1.0,0.0,0.0,0.0,1248.0,7.0,19.0,4,0,0.0,48,24.0,4.0,24.0,27.0,38.0,0.0,0.0,0.0,154.0,29.0,30.0,49.2,Italy
"{'name': 'Belgium', 'id': '56', 'alpha3code': 'BEL', 'alpha2code': 'BE'}",61,Dries,,Mertens,3187,1987-05-06,169,"{'code2': 'FW', 'code3': 'FWD', 'name': 'Forward'}","{'name': 'Belgium', 'id': '56', 'alpha3code': 'BEL', 'alpha2code': 'BE'}",122,right,D. Mertens,5629,Dries Mertens,Dries Mertens,Dries Mertens,be BEL,FW,Napoli,30.0,1987.0,33.4,744.0,1015.0,73.3,9449.0,2057.0,486.0,601.0,80.9,155.0,222.0,69.8,38.0,57.0,66.7,7,7.2,5.7,-0.2,58.0,48.0,49.0,2.0,105.0,28.0,13.9,5.0,13.0,10.0,5.0,36.0,31.0,18.0,2.0,16.0,5.0,33.0,8.0,1.0,Matches,1015.0,978.0,29.0,3.0,22.0,2.0,30.0,3.0,0.0,0.0,0.0,0.0,744.0,8.0,29.0,4,0,0.0,38,42.0,13.0,30.0,5.0,22.0,2.0,0.0,0.0,67.0,3.0,24.0,11.1,Italy
"{'name': 'Netherlands', 'id': '528', 'alpha3code': 'NLD', 'alpha2code': 'NL'}",78,Stefan,,de Vrij,3162,1992-02-05,189,"{'code2': 'DF', 'code3': 'DEF', 'name': 'Defender'}","{'name': 'Netherlands', 'id': '528', 'alpha3code': 'NLD', 'alpha2code': 'NL'}",130,right,S. de Vrij,null,Stefan de Vrij,Stefan de Vrij,Stefan de Vrij,nl NED,DF,Lazio,25.0,1992.0,33.7,1409.0,1546.0,91.1,27794.0,10144.0,462.0,487.0,94.9,760.0,792.0,96.0,167.0,233.0,71.7,0,0.3,0.4,-0.3,5.0,78.0,4.0,0.0,86.0,31.0,60.9,14.0,17.0,0.0,14.0,23.0,9.0,43.0,24.0,19.0,71.0,102.0,156.0,1.0,Matches,1546.0,1503.0,38.0,35.0,1.0,4.0,0.0,3.0,0.0,0.0,0.0,0.0,1409.0,5.0,4.0,3,0,0.0,19,10.0,1.0,0.0,71.0,22.0,0.0,2.0,0.0,245.0,44.0,24.0,64.7,Italy
"{'name': 'Serbia', 'id': '688', 'alpha3code': 'SRB', 'alpha2code': 'RS'}",72,Filip,,\u0110uri\u010di\u0107,3219,1992-01-30,181,"{'code2': 'MD', 'code3': 'MID', 'name': 'Midfielder'}","{'name': 'Serbia', 'id': '688', 'alpha3code': 'SRB', 'alpha2code': 'RS'}",174,right,F. \u0110uri\u010di\u0107,null,Filip Đuričić,Filip Đuričić,Filip Đuričić,rs SRB,"MF,FW",Benevento,25.0,1992.0,10.8,310.0,388.0,79.9,4715.0,1049.0,175.0,200.0,87.5,105.0,122.0,86.1,19.0,27.0,70.4,1,1.6,1.2,-0.6,9.0,25.0,8.0,0.0,44.0,22.0,55.6,11.0,8.0,3.0,5.0,9.0,4.0,7.0,1.0,6.0,9.0,31.0,5.0,0.0,Matches,388.0,371.0,13.0,2.0,7.0,2.0,9.0,4.0,6.0,4.0,2.0,0.0,310.0,4.0,14.0,1,0,0.0,5,20.0,0.0,9.0,9.0,14.0,0.0,0.0,0.0,50.0,1.0,14.0,6.7,Italy
"{'name': 'Serbia', 'id': '688', 'alpha3code': 'SRB', 'alpha2code': 'RS'}",72,Filip,,\u0110uri\u010di\u0107,3219,1992-01-30,181,"{'code2': 'MD', 'code3': 'MID', 'name': 'Midfielder'}","{'name': 'Serbia', 'id': '688', 'alpha3code': 'SRB', 'alpha2code': 'RS'}",174,right,F. \u0110uri\u010di\u0107,null,Filip Đuričić,Filip Đuričić,Filip Đuričić,rs SRB,MF,Sampdoria,25.0,1992.0,0.1,6.0,10.0,60.0,60.0,8.0,3.0,4.0,75.0,1.0,1.0,100.0,0.0,1.0,0.0,0,0.1,0.0,-0.1,1.0,0.0,0.0,0.0,0.0,0.0,0.0,0.0,0.0,0.0,0.0,1.0,1.0,0.0,0.0,0.0,0.0,0.0,0.0,0.0,Matches,10.0,10.0,0.0,0.0,0.0,0.0,0.0,0.0,0.0,0.0,0.0,0.0,6.0,0.0,2.0,0,0,0.0,0,0.0,0.0,0.0,0.0,0.0,0.0,0.0,0.0,0.0,0.0,0.0,,Italy
"{'name': 'Serbia', 'id': '688', 'alpha3code': 'SRB', 'alpha2code': 'RS'}",93,Jago\u0161,,Vukovi\u0107,3194,1988-06-10,195,"{'code2': 'DF', 'code3': 'DEF', 'name': 'Defender'}","{'name': 'Serbia', 'id': '688', 'alpha3code': 'SRB', 'alpha2code': 'RS'}",192,left,J. Vukovi\u0107,null,Jagoš Vuković,Jagoš Vuković,Jagoš Vuković,rs SRB,DF,Hellas Verona,29.0,1988.0,14.8,420.0,515.0,81.6,9198.0,3339.0,113.0,129.0,87.6,231.0,258.0,89.5,72.0,116.0,62.1,1,0.5,0.6,0.5,3.0,21.0,1.0,0.0,30.0,5.0,50.0,3.0,1.0,1.0,3.0,6.0,3.0,19.0,14.0,5.0,20.0,25.0,113.0,0.0,Matches,515.0,490.0,24.0,24.0,0.0,14.0,1.0,0.0,0.0,0.0,0.0,0.0,420.0,1.0,6.0,1,0,0.0,4,7.0,1.0,1.0,20.0,4.0,0.0,0.0,0.0,74.0,37.0,27.0,57.8,Italy
"{'name': 'Netherlands', 'id': '528', 'alpha3code': 'NLD', 'alpha2code': 'NL'}",76,Robin,,Gosens,3172,1994-06-05,183,"{'code2': 'DF', 'code3': 'DEF', 'name': 'Defender'}","{'name': 'Germany', 'id': '276', 'alpha3code': 'DEU', 'alpha2code': 'DE'}",295176,left,R. Gosens,null,Robin Gosens,Robin Gosens,Robin Gosens,de GER,DF,Atalanta,23.0,1994.0,16.1,684.0,871.0,78.5,10491.0,3826.0,372.0,416.0,89.4,261.0,329.0,79.3,35.0,84.0,41.7,2,1.9,1.2,0.1,16.0,58.0,21.0,6.0,87.0,61.0,58.7,35.0,22.0,4.0,27.0,46.0,19.0,17.0,2.0,15.0,22.0,83.0,40.0,0.0,Matches,871.0,743.0,123.0,11.0,1.0,3.0,38.0,112.0,0.0,0.0,0.0,0.0,684.0,5.0,20.0,1,0,0.0,21,15.0,6.0,38.0,22.0,46.0,1.0,0.0,0.0,93.0,12.0,11.0,52.2,Italy
"{'name': 'Ghana', 'id': '288', 'alpha3code': 'GHA', 'alpha2code': 'GH'}",70,Godfred,,Donsah,3166,1996-06-07,175,"{'code2': 'MD', 'code3': 'MID', 'name': 'Midfielder'}","{'name': 'Ghana', 'id': '288', 'alpha3code': 'GHA', 'alpha2code': 'GH'}",295273,right,G. Donsah,17527,Godfred Donsah,Godfred Donsah,Godfred Donsah,gh GHA,MF,Bologna,21.0,1996.0,19.9,475.0,639.0,74.3,7568.0,2299.0,269.0,309.0,87.1,160.0,212.0,75.5,33.0,65.0,50.8,1,1.5,0.9,-0.5,13.0,50.0,14.0,0.0,70.0,29.0,58.8,11.0,14.0,4.0,10.0,17.0,7.0,25.0,0.0,25.0,22.0,51.0,43.0,0.0,Matches,639.0,622.0,12.0,3.0,1.0,8.0,5.0,7.0,0.0,0.0,0.0,0.0,475.0,5.0,26.0,3,0,0.0,19,12.0,3.0,5.0,22.0,20.0,0.0,0.0,0.0,110.0,17.0,33.0,34.0,Italy
"{'name': 'Netherlands', 'id': '528', 'alpha3code': 'NLD', 'alpha2code': 'NL'}",80,Bram,,Nuytinck,3163,1990-05-04,190,"{'code2': 'DF', 'code3': 'DEF', 'name': 'Defender'}","{'name': 'Netherlands', 'id': '528', 'alpha3code': 'NLD', 'alpha2code': 'NL'}",394,left,B. Nuytinck,null,Bram Nuytinck,Bram Nuytinck,Bram Nuytinck,nl NED,DF,Udinese,27.0,1990.0,26.2,1062.0,1251.0,84.9,21525.0,7599.0,328.0,357.0,91.9,583.0,651.0,89.6,139.0,210.0,66.2,1,0.5,0.5,0.5,3.0,68.0,4.0,0.0,78.0,65.0,64.1,40.0,24.0,1.0,25.0,39.0,14.0,43.0,24.0,19.0,37.0,102.0,124.0,1.0,Matches,1251.0,1180.0,70.0,48.0,1.0,15.0,3.0,22.0,0.0,0.0,0.0,0.0,1062.0,1.0,9.0,2,0,0.0,28,5.0,0.0,3.0,37.0,41.0,0.0,0.0,0.0,101.0,53.0,33.0,61.6,Italy
"{'name': 'Netherlands', 'id': '528', 'alpha3code': 'NLD', 'alpha2code': 'NL'}",76,Marten,,de Roon,3172,1991-03-29,185,"{'code2': 'MD', 'code3': 'MID', 'name': 'Midfielder'}","{'name': 'Netherlands', 'id': '528', 'alpha3code': 'NLD', 'alpha2code': 'NL'}",625,right,M. de Roon,null,Marten de Roon,Marten de Roon,Marten de Roon,nl NED,MF,Atalanta,26.0,1991.0,28.6,1431.0,1699.0,84.2,26299.0,7654.0,581.0,661.0,87.9,648.0,731.0,88.6,169.0,227.0,74.4,3,1.4,1.7,1.6,19.0,178.0,21.0,2.0,205.0,77.0,35.4,27.0,44.0,6.0,29.0,82.0,53.0,40.0,5.0,35.0,46.0,123.0,36.0,0.0,Matches,1699.0,1651.0,41.0,28.0,0.0,22.0,4.0,13.0,0.0,0.0,0.0,0.0,1431.0,7.0,23.0,10,1,1.0,59,20.0,0.0,4.0,46.0,50.0,0.0,0.0,0.0,198.0,48.0,43.0,52.7,Italy
"{'name': 'Italy', 'id': '380', 'alpha3code': 'ITA', 'alpha2code': 'IT'}",77,Lorenzo,,Pellegrini,3158,1996-06-19,186,"{'code2': 'MD', 'code3': 'MID', 'name': 'Midfielder'}","{'name': 'Italy', 'id': '380', 'alpha3code': 'ITA', 'alpha2code': 'IT'}",328333,right,L. Pellegrini,3757,Lorenzo Pellegrini,Lorenzo Pellegrini,Lorenzo Pellegrini,it ITA,MF,Roma,21.0,1996.0,20.0,787.0,1016.0,77.5,12942.0,4049.0,382.0,449.0,85.1,289.0,356.0,81.2,79.0,135.0,58.5,2,4.1,3.8,-2.1,45.0,103.0,23.0,7.0,123.0,36.0,28.6,16.0,11.0,9.0,10.0,35.0,25.0,21.0,2.0,19.0,41.0,77.0,21.0,1.0,Matches,1016.0,951.0,60.0,11.0,6.0,4.0,80.0,7.0,41.0,17.0,16.0,0.0,787.0,5.0,27.0,2,1,0.0,26,32.0,2.0,80.0,41.0,20.0,0.0,0.0,0.0,118.0,27.0,23.0,54.0,Italy
"{'name': 'Poland', 'id': '616', 'alpha3code': 'POL', 'alpha2code': 'PL'}",83,\u0141ukasz,,Skorupski,3158,1991-05-05,190,"{'code2': 'GK', 'code3': 'GKP', 'name': 'Goalkeeper'}","{'name': 'Poland', 'id': '616', 'alpha3code': 'POL', 'alpha2code': 'PL'}",99430,right,\u0141. Skorupski,null,Łukasz Skorupski,Łukasz Skorupski,Łukasz Skorupski,pl POL,GK,Roma,26.0,1991.0,1.0,30.0,37.0,81.1,872.0,653.0,3.0,3.0,100.0,17.0,18.0,94.4,10.0,16.0,62.5,0,0.0,0.0,0.0,0.0,1.0,0.0,0.0,0.0,0.0,,0.0,0.0,0.0,0.0,0.0,0.0,0.0,0.0,0.0,0.0,0.0,1.0,0.0,Matches,37.0,29.0,8.0,1.0,0.0,0.0,0.0,0.0,0.0,0.0,0.0,0.0,30.0,0.0,0.0,0,0,0.0,0,0.0,0.0,0.0,0.0,0.0,0.0,0.0,0.0,0.0,0.0,0.0,,Italy
"{'name': 'Poland', 'id': '616', 'alpha3code': 'POL', 'alpha2code': 'PL'}",78,Arkadiusz,,Milik,3187,1994-02-28,186,"{'code2': 'FW', 'code3': 'FWD', 'name': 'Forward'}","{'name': 'Poland', 'id': '616', 'alpha3code': 'POL', 'alpha2code': 'PL'}",99452,left,A. Milik,13869,Arkadiusz Milik,Arkadiusz Milik,Arkadiusz Milik,pl POL,"FW,MF",Napoli,23.0,1994.0,5.0,115.0,149.0,77.2,1405.0,211.0,57.0,76.0,75.0,31.0,38.0,81.6,4.0,7.0,57.1,1,0.7,0.4,0.3,7.0,6.0,5.0,0.0,12.0,2.0,0.0,0.0,1.0,1.0,0.0,1.0,1.0,5.0,0.0,5.0,1.0,3.0,4.0,0.0,Matches,149.0,141.0,8.0,1.0,1.0,0.0,2.0,0.0,0.0,0.0,0.0,0.0,115.0,0.0,6.0,2,0,0.0,8,7.0,1.0,2.0,1.0,1.0,0.0,0.0,0.0,11.0,4.0,17.0,19.0,Italy
"{'name': 'Italy', 'id': '380', 'alpha3code': 'ITA', 'alpha2code': 'IT'}",76,Gianluca,,Pegolo,3315,1981-03-25,183,"{'code2': 'GK', 'code3': 'GKP', 'name': 'Goalkeeper'}","{'name': 'Italy', 'id': '380', 'alpha3code': 'ITA', 'alpha2code': 'IT'}",20771,left,G. Pegolo,null,Gianluca Pegolo,Gianluca Pegolo,Gianluca Pegolo,it ITA,GK,Sassuolo,36.0,1981.0,1.2,17.0,39.0,43.6,499.0,345.0,0.0,0.0,,9.0,9.0,100.0,8.0,30.0,26.7,0,0.0,0.0,0.0,0.0,0.0,0.0,0.0,0.0,0.0,,0.0,0.0,0.0,0.0,0.0,0.0,0.0,0.0,0.0,0.0,0.0,0.0,0.0,Matches,39.0,22.0,17.0,5.0,0.0,0.0,0.0,0.0,0.0,0.0,0.0,0.0,17.0,0.0,0.0,0,0,0.0,0,0.0,0.0,0.0,0.0,0.0,0.0,0.0,1.0,0.0,0.0,0.0,,Italy
"{'name': 'Poland', 'id': '616', 'alpha3code': 'POL', 'alpha2code': 'PL'}",72,Mariusz,,St\u0119pi\u0144ski,3165,1995-05-12,183,"{'code2': 'FW', 'code3': 'FWD', 'name': 'Forward'}","{'name': 'Poland', 'id': '616', 'alpha3code': 'POL', 'alpha2code': 'PL'}",99511,right,M. St\u0119pi\u0144ski,null,Mariusz Stępiński,Mariusz Stępiński,Mariusz Stępiński,pl POL,FW,Chievo,22.0,1995.0,7.9,112.0,155.0,72.3,1297.0,181.0,63.0,79.0,79.7,30.0,40.0,75.0,3.0,9.0,33.3,0,0.7,0.3,-0.7,7.0,2.0,1.0,0.0,5.0,9.0,20.0,4.0,4.0,1.0,2.0,10.0,8.0,5.0,1.0,4.0,4.0,13.0,5.0,0.0,Matches,155.0,148.0,6.0,0.0,0.0,0.0,1.0,2.0,0.0,0.0,0.0,0.0,112.0,1.0,4.0,1,0,0.0,22,14.0,8.0,1.0,4.0,5.0,0.0,0.0,0.0,27.0,15.0,40.0,27.3,Italy
"{'name': 'Italy', 'id': '380', 'alpha3code': 'ITA', 'alpha2code': 'IT'}",80,Francesco,,Vicari,3204,1994-08-03,190,"{'code2': 'DF', 'code3': 'DEF', 'name': 'Defender'}","{'name': 'Italy', 'id': '380', 'alpha3code': 'ITA', 'alpha2code': 'IT'}",263432,right,F. Vicari,null,Francesco Vicari,Francesco Vicari,Francesco Vicari,it ITA,DF,SPAL,22.0,1994.0,31.7,1012.0,1165.0,86.9,22191.0,9678.0,271.0,287.0,94.4,552.0,589.0,93.7,183.0,272.0,67.3,0,0.5,0.8,-0.5,2.0,68.0,7.0,0.0,82.0,38.0,53.8,25.0,13.0,0.0,21.0,39.0,18.0,33.0,27.0,6.0,45.0,83.0,210.0,1.0,Matches,1165.0,1112.0,47.0,46.0,0.0,8.0,0.0,1.0,0.0,0.0,0.0,0.0,1012.0,6.0,4.0,10,1,0.0,23,25.0,0.0,0.0,45.0,22.0,0.0,2.0,2.0,104.0,43.0,28.0,60.6,Italy
"{'name': 'Italy', 'id': '380', 'alpha3code': 'ITA', 'alpha2code': 'IT'}",70,Alex,,Ferrari,3194,1994-07-01,183,"{'code2': 'DF', 'code3': 'DEF', 'name': 'Defender'}","{'name': 'Italy', 'id': '380', 'alpha3code': 'ITA', 'alpha2code': 'IT'}",263433,right,A. Ferrari,null,Alex Ferrari,Alex Ferrari,Alex Ferrari,it ITA,DF,Hellas Verona,23.0,1994.0,23.7,759.0,1026.0,74.0,13228.0,5760.0,346.0,412.0,84.0,324.0,402.0,80.6,70.0,146.0,47.9,0,0.2,0.3,-0.2,5.0,53.0,6.0,2.0,61.0,73.0,53.7,42.0,23.0,8.0,36.0,67.0,31.0,41.0,15.0,26.0,47.0,120.0,117.0,4.0,Matches,1026.0,834.0,189.0,37.0,0.0,7.0,18.0,152.0,0.0,0.0,0.0,0.0,759.0,3.0,34.0,5,0,0.0,19,25.0,0.0,18.0,47.0,54.0,0.0,0.0,0.0,115.0,52.0,41.0,55.9,Italy
"{'name': 'Mali', 'id': '466', 'alpha3code': 'MLI', 'alpha2code': 'ML'}",76,Cheick,,Keita,3166,1996-04-16,182,"{'code2': 'DF', 'code3': 'DEF', 'name': 'Defender'}","{'name': 'France', 'id': '250', 'alpha3code': 'FRA', 'alpha2code': 'FR'}",361779,left,C. Keita,19001,Cheick Keita,Cheick Keita,Cheick Keita,ml MLI,DF,Bologna,21.0,1996.0,1.4,29.0,33.0,87.9,353.0,86.0,23.0,25.0,92.0,6.0,7.0,85.7,0.0,0.0,,0,0.0,0.0,0.0,0.0,0.0,0.0,0.0,0.0,2.0,33.3,1.0,1.0,0.0,1.0,3.0,2.0,5.0,0.0,5.0,2.0,4.0,1.0,0.0,Matches,33.0,26.0,7.0,0.0,0.0,0.0,0.0,7.0,0.0,0.0,0.0,0.0,29.0,0.0,1.0,0,0,0.0,6,2.0,0.0,0.0,2.0,2.0,0.0,0.0,0.0,9.0,2.0,3.0,40.0,Italy
"{'name': 'Italy', 'id': '380', 'alpha3code': 'ITA', 'alpha2code': 'IT'}",85,Alessandro,,Deiola,3173,1995-08-01,190,"{'code2': 'MD', 'code3': 'MID', 'name': 'Midfielder'}","{'name': 'Italy', 'id': '380', 'alpha3code': 'ITA', 'alpha2code': 'IT'}",263591,right,A. Deiola,null,Alessandro Deiola,Alessandro Deiola,Alessandro Deiola,it ITA,MF,Cagliari,21.0,1995.0,5.0,105.0,153.0,68.6,1510.0,413.0,64.0,84.0,76.2,30.0,45.0,66.7,7.0,15.0,46.7,0,0.2,0.2,-0.2,2.0,7.0,3.0,2.0,13.0,9.0,46.2,5.0,3.0,1.0,6.0,13.0,7.0,8.0,0.0,8.0,4.0,13.0,12.0,0.0,Matches,153.0,147.0,5.0,1.0,0.0,2.0,3.0,3.0,0.0,0.0,0.0,0.0,105.0,1.0,3.0,3,0,0.0,7,2.0,1.0,3.0,4.0,7.0,0.0,0.0,0.0,32.0,2.0,8.0,20.0,Italy
"{'name': 'Poland', 'id': '616', 'alpha3code': 'POL', 'alpha2code': 'PL'}",77,Bartosz,,Bereszy\u0144ski,3164,1992-07-12,183,"{'code2': 'DF', 'code3': 'DEF', 'name': 'Defender'}","{'name': 'Poland', 'id': '616', 'alpha3code': 'POL', 'alpha2code': 'PL'}",99833,right,B. Bereszy\u0144ski,13869,Bartosz Bereszyński,Bartosz Bereszyński,Bartosz Bereszyński,pl POL,DF,Sampdoria,25.0,1992.0,27.6,1271.0,1606.0,79.1,20496.0,7823.0,649.0,726.0,89.4,485.0,601.0,80.7,107.0,199.0,53.8,1,1.0,1.0,0.0,12.0,99.0,16.0,8.0,118.0,63.0,58.5,30.0,28.0,5.0,31.0,53.0,22.0,33.0,8.0,25.0,30.0,93.0,98.0,2.0,Matches,1606.0,1302.0,303.0,21.0,0.0,1.0,61.0,282.0,0.0,0.0,0.0,0.0,1271.0,1.0,56.0,5,0,0.0,26,27.0,0.0,61.0,30.0,47.0,0.0,1.0,0.0,154.0,26.0,23.0,53.1,Italy
"{'name': 'Poland', 'id': '616', 'alpha3code': 'POL', 'alpha2code': 'PL'}",75,Piotr,,Zieli\u0144ski,3187,1994-05-20,180,"{'code2': 'MD', 'code3': 'MID', 'name': 'Midfielder'}","{'name': 'Poland', 'id': '616', 'alpha3code': 'POL', 'alpha2code': 'PL'}",99902,right,P. Zieli\u0144ski,13869,Piotr Zieliński,Piotr Zieliński,Piotr Zieliński,pl POL,"MF,FW",Napoli,23.0,1994.0,18.5,1136.0,1312.0,86.6,14993.0,3821.0,736.0,799.0,92.1,259.0,296.0,87.5,56.0,78.0,71.8,1,2.7,1.9,-1.7,36.0,120.0,25.0,1.0,149.0,31.0,37.5,7.0,21.0,3.0,9.0,24.0,15.0,32.0,3.0,29.0,13.0,44.0,19.0,1.0,Matches,1312.0,1293.0,10.0,6.0,4.0,6.0,14.0,4.0,0.0,0.0,0.0,0.0,1136.0,9.0,29.0,3,0,0.0,13,26.0,2.0,14.0,13.0,19.0,1.0,0.0,0.0,101.0,7.0,29.0,19.4,Italy
"{'name': 'Belgium', 'id': '56', 'alpha3code': 'BEL', 'alpha2code': 'BE'}",80,Timothy,,Castagne,3172,1995-12-05,185,"{'code2': 'DF', 'code3': 'DEF', 'name': 'Defender'}","{'name': 'Belgium', 'id': '56', 'alpha3code': 'BEL', 'alpha2code': 'BE'}",263803,right,T. Castagne,null,Timothy Castagne,Timothy Castagne,Timothy Castagne,be BEL,DF,Atalanta,21.0,1995.0,16.7,780.0,968.0,80.6,11151.0,3558.0,468.0,525.0,89.1,258.0,332.0,77.7,31.0,55.0,56.4,1,2.2,2.4,-1.2,15.0,44.0,19.0,6.0,58.0,54.0,48.1,32.0,14.0,8.0,13.0,27.0,14.0,25.0,4.0,21.0,26.0,80.0,48.0,0.0,Matches,968.0,821.0,146.0,5.0,0.0,5.0,33.0,141.0,0.0,0.0,0.0,0.0,780.0,1.0,23.0,4,0,0.0,25,15.0,0.0,33.0,26.0,37.0,0.0,0.0,0.0,86.0,12.0,28.0,30.0,Italy
"{'name': 'Italy', 'id': '380', 'alpha3code': 'ITA', 'alpha2code': 'IT'}",80,Pierluigi,,Gollini,3172,1995-03-18,188,"{'code2': 'GK', 'code3': 'GKP', 'name': 'Goalkeeper'}","{'name': 'Italy', 'id': '380', 'alpha3code': 'ITA', 'alpha2code': 'IT'}",264084,right,P. Gollini,null,Pierluigi Gollini,Pierluigi Gollini,Pierluigi Gollini,it ITA,GK,Atalanta,22.0,1995.0,6.9,164.0,196.0,83.7,4788.0,3380.0,17.0,17.0,100.0,82.0,82.0,100.0,65.0,96.0,67.7,0,0.0,0.0,0.0,0.0,1.0,0.0,0.0,0.0,0.0,,0.0,0.0,0.0,0.0,0.0,0.0,0.0,0.0,0.0,0.0,0.0,1.0,0.0,Matches,196.0,130.0,65.0,15.0,0.0,1.0,0.0,0.0,0.0,0.0,0.0,0.0,164.0,1.0,0.0,0,0,0.0,0,1.0,0.0,0.0,0.0,0.0,0.0,0.0,0.0,16.0,2.0,0.0,100.0,Italy
"{'name': 'Italy', 'id': '380', 'alpha3code': 'ITA', 'alpha2code': 'IT'}",70,Enrico,,Bearzotti,3194,1996-10-20,180,"{'code2': 'MD', 'code3': 'MID', 'name': 'Midfielder'}","{'name': 'Italy', 'id': '380', 'alpha3code': 'ITA', 'alpha2code': 'IT'}",388099,right,E. Bearzotti,null,Enrico Bearzotti,Enrico Bearzotti,Enrico Bearzotti,it ITA,"DF,FW",Hellas Verona,20.0,1996.0,4.6,132.0,177.0,74.6,2304.0,1043.0,56.0,63.0,88.9,63.0,76.0,82.9,10.0,28.0,35.7,0,0.0,0.0,0.0,1.0,11.0,1.0,1.0,16.0,3.0,25.0,2.0,0.0,1.0,1.0,4.0,3.0,3.0,1.0,2.0,4.0,7.0,18.0,0.0,Matches,177.0,146.0,30.0,2.0,0.0,2.0,14.0,28.0,0.0,0.0,0.0,0.0,132.0,1.0,6.0,0,0,0.0,2,2.0,0.0,14.0,4.0,2.0,0.0,1.0,0.0,17.0,2.0,5.0,28.6,Italy
"{'name': 'Italy', 'id': '380', 'alpha3code': 'ITA', 'alpha2code': 'IT'}",90,Emiliano,,Viviano,3164,1985-12-01,195,"{'code2': 'GK', 'code3': 'GKP', 'name': 'Goalkeeper'}","{'name': 'Italy', 'id': '380', 'alpha3code': 'ITA', 'alpha2code': 'IT'}",20802,left,E. Viviano,null,Emiliano Viviano,Emiliano Viviano,Emiliano Viviano,it ITA,GK,Sampdoria,31.0,1985.0,27.0,584.0,862.0,67.7,19197.0,15361.0,78.0,80.0,97.5,240.0,240.0,100.0,264.0,536.0,49.3,0,0.0,0.1,0.0,0.0,16.0,0.0,0.0,0.0,0.0,,0.0,0.0,0.0,0.0,0.0,0.0,0.0,0.0,0.0,2.0,2.0,10.0,4.0,Matches,862.0,541.0,317.0,91.0,0.0,2.0,0.0,0.0,0.0,0.0,0.0,0.0,584.0,4.0,0.0,2,0,0.0,1,1.0,0.0,0.0,2.0,0.0,0.0,0.0,1.0,45.0,3.0,1.0,75.0,Italy
"{'name': 'Albania', 'id': '8', 'alpha3code': 'ALB', 'alpha2code': 'AL'}",78,Thomas,,Strakosha,3162,1995-03-19,186,"{'code2': 'GK', 'code3': 'GKP', 'name': 'Goalkeeper'}","{'name': 'Greece', 'id': '300', 'alpha3code': 'GRC', 'alpha2code': 'GR'}",166534,right,T. Strakosha,null,Thomas Strakosha,Thomas Strakosha,Thomas Strakosha,al ALB,GK,Lazio,22.0,1995.0,38.0,900.0,1197.0,75.2,26962.0,20384.0,103.0,104.0,99.0,432.0,440.0,98.2,360.0,639.0,56.3,0,0.1,0.1,-0.1,2.0,14.0,0.0,0.0,0.0,0.0,,0.0,0.0,0.0,0.0,0.0,0.0,0.0,0.0,0.0,2.0,2.0,13.0,4.0,Matches,1197.0,812.0,379.0,72.0,0.0,3.0,0.0,0.0,0.0,0.0,0.0,0.0,900.0,6.0,3.0,2,0,0.0,0,5.0,0.0,0.0,2.0,0.0,0.0,0.0,0.0,66.0,5.0,1.0,83.3,Italy
"{'name': 'France', 'id': '250', 'alpha3code': 'FRA', 'alpha2code': 'FR'}",72,Vincent,,Laurini,3176,1989-06-10,173,"{'code2': 'DF', 'code3': 'DEF', 'name': 'Defender'}","{'name': 'France', 'id': '250', 'alpha3code': 'FRA', 'alpha2code': 'FR'}",22313,right,V. Laurini,null,Vincent Laurini,Vincent Laurini,Vincent Laurini,fr FRA,DF,Fiorentina,28.0,1989.0,17.9,860.0,1106.0,77.8,15141.0,6487.0,385.0,440.0,87.5,372.0,457.0,81.4,88.0,167.0,52.7,1,1.1,1.2,-0.1,15.0,83.0,25.0,19.0,100.0,34.0,54.5,21.0,9.0,4.0,12.0,22.0,10.0,20.0,5.0,15.0,11.0,45.0,72.0,1.0,Matches,1106.0,863.0,238.0,29.0,1.0,3.0,54.0,209.0,0.0,0.0,0.0,0.0,860.0,5.0,21.0,5,0,0.0,21,20.0,0.0,54.0,11.0,23.0,0.0,0.0,0.0,89.0,25.0,23.0,52.1,Italy
"{'name': 'Czech Republic', 'id': '203', 'alpha3code': 'CZE', 'alpha2code': 'CZ'}",86,Anton\u00edn,,Bar\u00e1k,3163,1994-12-03,190,"{'code2': 'MD', 'code3': 'MID', 'name': 'Midfielder'}","{'name': 'Czech Republic', 'id': '203', 'alpha3code': 'CZE', 'alpha2code': 'CZ'}",265172,left,A. Bar\u00e1k,11555,Antonín Barák,Antonín Barák,Antonín Barák,cz CZE,MF,Udinese,22.0,1994.0,30.1,905.0,1171.0,77.3,14980.0,4768.0,446.0,526.0,84.8,373.0,457.0,81.6,65.0,120.0,54.2,3,3.3,2.2,-0.3,30.0,117.0,28.0,3.0,161.0,58.0,36.2,22.0,27.0,9.0,21.0,58.0,37.0,34.0,2.0,32.0,18.0,76.0,26.0,1.0,Matches,1171.0,1148.0,18.0,4.0,2.0,8.0,34.0,6.0,7.0,5.0,1.0,0.0,905.0,5.0,35.0,5,0,0.0,47,24.0,0.0,34.0,18.0,38.0,0.0,0.0,0.0,172.0,30.0,29.0,50.8,Italy
"{'name': 'Tunisia', 'id': '788', 'alpha3code': 'TUN', 'alpha2code': 'TN'}",85,Sami,,Khedira,3159,1987-04-04,189,"{'code2': 'MD', 'code3': 'MID', 'name': 'Midfielder'}","{'name': 'Germany', 'id': '276', 'alpha3code': 'DEU', 'alpha2code': 'DE'}",3318,right,S. Khedira,3148,Sami Khedira,Sami Khedira,Sami Khedira,de GER,MF,Juventus,30.0,1987.0,21.2,842.0,978.0,86.1,13319.0,2868.0,430.0,478.0,90.0,327.0,360.0,90.8,54.0,67.0,80.6,2,1.2,1.3,0.8,16.0,58.0,3.0,0.0,83.0,14.0,8.7,1.0,9.0,4.0,2.0,23.0,21.0,13.0,3.0,10.0,20.0,34.0,20.0,0.0,Matches,978.0,950.0,24.0,12.0,1.0,8.0,12.0,11.0,0.0,0.0,0.0,0.0,842.0,4.0,22.0,1,0,0.0,14,7.0,6.0,12.0,20.0,9.0,0.0,0.0,0.0,77.0,19.0,11.0,63.3,Italy
"{'name': 'Italy', 'id': '380', 'alpha3code': 'ITA', 'alpha2code': 'IT'}",80,Alessio,,Cragno,3173,1994-06-28,183,"{'code2': 'GK', 'code3': 'GKP', 'name': 'Goalkeeper'}","{'name': 'Italy', 'id': '380', 'alpha3code': 'ITA', 'alpha2code': 'IT'}",134413,right,A. Cragno,null,Alessio Cragno,Alessio Cragno,Alessio Cragno,it ITA,GK,Cagliari,23.0,1994.0,28.2,516.0,807.0,63.9,18953.0,16683.0,60.0,60.0,100.0,171.0,179.0,95.5,282.0,557.0,50.6,0,0.0,0.1,0.0,0.0,15.0,0.0,0.0,0.0,0.0,,0.0,0.0,0.0,0.0,0.0,0.0,1.0,0.0,1.0,0.0,0.0,12.0,0.0,Matches,807.0,462.0,341.0,86.0,0.0,0.0,0.0,0.0,0.0,0.0,0.0,0.0,516.0,4.0,2.0,0,0,0.0,1,2.0,0.0,0.0,0.0,0.0,0.0,1.0,0.0,36.0,4.0,1.0,80.0,Italy
"{'name': 'Italy', 'id': '380', 'alpha3code': 'ITA', 'alpha2code': 'IT'}",68,Filippo,,Costa,3204,1995-05-21,176,"{'code2': 'DF', 'code3': 'DEF', 'name': 'Defender'}","{'name': 'Italy', 'id': '380', 'alpha3code': 'ITA', 'alpha2code': 'IT'}",134420,left,F. Costa,null,Filippo Costa,Filippo Costa,Filippo Costa,it ITA,DF,SPAL,22.0,1995.0,16.4,506.0,767.0,66.0,9632.0,3872.0,200.0,237.0,84.4,224.0,315.0,71.1,70.0,167.0,41.9,1,1.0,1.0,0.0,14.0,34.0,18.0,10.0,46.0,19.0,41.2,7.0,7.0,5.0,7.0,17.0,10.0,23.0,6.0,17.0,22.0,41.0,50.0,0.0,Matches,767.0,550.0,211.0,24.0,0.0,1.0,103.0,163.0,24.0,6.0,10.0,0.0,506.0,6.0,30.0,4,0,0.0,16,26.0,0.0,103.0,22.0,12.0,0.0,1.0,0.0,67.0,13.0,13.0,50.0,Italy
"{'name': 'Italy', 'id': '380', 'alpha3code': 'ITA', 'alpha2code': 'IT'}",78,Daniele,,Rugani,3159,1994-07-29,188,"{'code2': 'DF', 'code3': 'DEF', 'name': 'Defender'}","{'name': 'Italy', 'id': '380', 'alpha3code': 'ITA', 'alpha2code': 'IT'}",134427,right,D. Rugani,3757,Daniele Rugani,Daniele Rugani,Daniele Rugani,it ITA,DF,Juventus,23.0,1994.0,21.5,1371.0,1512.0,90.7,25803.0,8500.0,442.0,462.0,95.7,799.0,856.0,93.3,110.0,165.0,66.7,1,0.6,0.5,0.4,3.0,39.0,0.0,0.0,39.0,18.0,53.8,11.0,5.0,2.0,7.0,13.0,6.0,18.0,14.0,4.0,20.0,38.0,87.0,1.0,Matches,1512.0,1485.0,25.0,24.0,0.0,11.0,2.0,1.0,0.0,0.0,0.0,0.0,1371.0,2.0,5.0,3,0,0.0,25,14.0,1.0,2.0,20.0,12.0,0.0,2.0,0.0,93.0,40.0,29.0,58.0,Italy
"{'name': 'Italy', 'id': '380', 'alpha3code': 'ITA', 'alpha2code': 'IT'}",72,Leonardo,,Capezzi,3164,1995-03-28,178,"{'code2': 'MD', 'code3': 'MID', 'name': 'Midfielder'}","{'name': 'Italy', 'id': '380', 'alpha3code': 'ITA', 'alpha2code': 'IT'}",134429,right,L. Capezzi,null,Leonardo Capezzi,Leonardo Capezzi,Leonardo Capezzi,it ITA,MF,Sampdoria,22.0,1995.0,2.4,112.0,151.0,74.2,1726.0,818.0,61.0,66.0,92.4,38.0,52.0,73.1,9.0,29.0,31.0,1,0.7,0.8,0.3,10.0,16.0,3.0,0.0,20.0,8.0,66.7,5.0,3.0,0.0,4.0,6.0,2.0,6.0,0.0,6.0,0.0,8.0,3.0,0.0,Matches,151.0,134.0,17.0,8.0,0.0,0.0,15.0,0.0,9.0,6.0,2.0,0.0,112.0,0.0,0.0,0,0,0.0,4,0.0,0.0,15.0,0.0,4.0,0.0,0.0,0.0,18.0,0.0,0.0,,Italy
"{'name': 'Italy', 'id': '380', 'alpha3code': 'ITA', 'alpha2code': 'IT'}",75,Alberto,,Grassi,3204,1995-03-07,184,"{'code2': 'MD', 'code3': 'MID', 'name': 'Midfielder'}","{'name': 'Italy', 'id': '380', 'alpha3code': 'ITA', 'alpha2code': 'IT'}",134435,right,A. Grassi,null,Alberto Grassi,Alberto Grassi,Alberto Grassi,it ITA,MF,SPAL,22.0,1995.0,25.0,644.0,783.0,82.2,9839.0,2473.0,339.0,401.0,84.5,246.0,285.0,86.3,31.0,46.0,67.4,0,0.7,0.7,-0.7,10.0,67.0,8.0,1.0,76.0,44.0,45.7,22.0,12.0,10.0,16.0,35.0,19.0,27.0,8.0,19.0,47.0,91.0,55.0,0.0,Matches,783.0,768.0,11.0,7.0,1.0,4.0,11.0,4.0,0.0,0.0,0.0,0.0,644.0,4.0,11.0,3,0,0.0,27,69.0,3.0,11.0,47.0,33.0,1.0,1.0,0.0,128.0,48.0,40.0,54.5,Italy
"{'name': 'Mali', 'id': '466', 'alpha3code': 'MLI', 'alpha2code': 'ML'}",77,Seko,,Fofana,3163,1995-05-07,183,"{'code2': 'MD', 'code3': 'MID', 'name': 'Midfielder'}","{'name': 'France', 'id': '250', 'alpha3code': 'FRA', 'alpha2code': 'FR'}",134508,right,S. Fofana,null,Seko Fofana,Seko Fofana,Seko Fofana,ci CIV,MF,Udinese,22.0,1995.0,20.8,758.0,911.0,83.2,13248.0,3484.0,363.0,415.0,87.5,306.0,355.0,86.2,73.0,98.0,74.5,0,1.1,0.6,-1.1,17.0,69.0,7.0,1.0,90.0,20.0,20.0,8.0,12.0,0.0,4.0,20.0,16.0,17.0,3.0,14.0,27.0,47.0,26.0,1.0,Matches,911.0,900.0,8.0,5.0,1.0,12.0,9.0,3.0,0.0,0.0,0.0,0.0,758.0,3.0,13.0,4,1,0.0,27,15.0,0.0,9.0,27.0,17.0,2.0,0.0,0.0,165.0,9.0,10.0,47.4,Italy
"{'name': 'Spain', 'id': '724', 'alpha3code': 'ESP', 'alpha2code': 'ES'}",70,Diego,,Perotti,3158,1988-07-26,179,"{'code2': 'FW', 'code3': 'FWD', 'name': 'Forward'}","{'name': 'Argentina', 'id': '32', 'alpha3code': 'ARG', 'alpha2code': 'AR'}",3475,right,D. Perotti,null,Diego Perotti,Diego Perotti,Diego Perotti,ar ARG,"FW,MF",Roma,29.0,1988.0,17.9,709.0,918.0,77.2,10214.0,2296.0,384.0,434.0,88.5,239.0,310.0,77.1,34.0,76.0,44.7,3,3.6,3.9,-0.6,39.0,62.0,35.0,14.0,97.0,25.0,40.0,6.0,14.0,5.0,8.0,20.0,12.0,19.0,0.0,19.0,11.0,36.0,13.0,0.0,Matches,918.0,845.0,70.0,8.0,4.0,2.0,123.0,14.0,48.0,25.0,4.0,0.0,709.0,3.0,34.0,0,0,0.0,11,32.0,4.0,123.0,11.0,17.0,1.0,0.0,0.0,87.0,9.0,17.0,34.6,Italy
"{'name': 'Italy', 'id': '380', 'alpha3code': 'ITA', 'alpha2code': 'IT'}",72,Giuseppe,,Rossi,,1987-02-01,173,"{'code2': 'FW', 'code3': 'FWD', 'name': 'Forward'}","{'name': 'United States', 'id': '840', 'alpha3code': 'USA', 'alpha2code': 'US'}",3548,left,G. Rossi,null,Giuseppe Rossi,Giuseppe Rossi,Giuseppe Rossi,it ITA,"FW,MF",Genoa,30.0,1987.0,2.9,88.0,109.0,80.7,1418.0,185.0,45.0,51.0,88.2,27.0,34.0,79.4,10.0,12.0,83.3,0,0.3,0.3,-0.3,1.0,3.0,7.0,0.0,11.0,1.0,0.0,0.0,1.0,0.0,0.0,3.0,3.0,2.0,0.0,2.0,1.0,2.0,1.0,0.0,Matches,109.0,104.0,4.0,0.0,1.0,1.0,3.0,0.0,2.0,1.0,1.0,0.0,88.0,1.0,2.0,0,0,0.0,3,5.0,0.0,3.0,1.0,1.0,0.0,0.0,0.0,5.0,0.0,5.0,0.0,Italy
"{'name': 'Serbia', 'id': '688', 'alpha3code': 'SRB', 'alpha2code': 'RS'}",80,Sergej,,Milinkovi\u0107-Savi\u0107,3162,1995-02-27,192,"{'code2': 'MD', 'code3': 'MID', 'name': 'Midfielder'}","{'name': 'Spain', 'id': '724', 'alpha3code': 'ESP', 'alpha2code': 'ES'}",265865,right,S. Milinkovi\u0107-Savi\u0107,17322,Sergej Milinković-Savić,Sergej Milinković-Savić,Sergej Milinković-Savić,rs SRB,MF,Lazio,22.0,1995.0,31.6,1416.0,1811.0,78.2,22899.0,6794.0,742.0,869.0,85.4,490.0,594.0,82.5,131.0,218.0,60.1,4,5.8,5.5,-1.8,52.0,171.0,44.0,1.0,226.0,55.0,25.0,11.0,34.0,10.0,13.0,52.0,39.0,29.0,6.0,23.0,33.0,88.0,36.0,1.0,Matches,1811.0,1768.0,35.0,20.0,16.0,26.0,38.0,14.0,1.0,0.0,1.0,0.0,1416.0,8.0,47.0,8,0,0.0,58,52.0,9.0,38.0,33.0,39.0,2.0,0.0,0.0,218.0,95.0,76.0,55.6,Italy
"{'name': 'Italy', 'id': '380', 'alpha3code': 'ITA', 'alpha2code': 'IT'}",68,Franco,,Zuculini,3194,1990-09-05,176,"{'code2': 'MD', 'code3': 'MID', 'name': 'Midfielder'}","{'name': 'Argentina', 'id': '32', 'alpha3code': 'ARG', 'alpha2code': 'AR'}",3736,right,F. Zuculini,null,Franco Zuculini,Franco Zuculini,Franco Zuculini,ar ARG,"MF,FW",Hellas Verona,26.0,1990.0,3.7,139.0,170.0,81.8,2168.0,664.0,72.0,83.0,86.7,50.0,65.0,76.9,11.0,13.0,84.6,0,0.2,0.1,-0.2,5.0,14.0,1.0,1.0,17.0,11.0,35.7,5.0,5.0,1.0,5.0,14.0,9.0,4.0,0.0,4.0,5.0,16.0,6.0,1.0,Matches,170.0,166.0,4.0,2.0,0.0,1.0,2.0,2.0,0.0,0.0,0.0,0.0,139.0,0.0,1.0,1,0,0.0,16,8.0,1.0,2.0,5.0,8.0,0.0,0.0,0.0,31.0,4.0,7.0,36.4,Italy
"{'name': 'Croatia', 'id': '191', 'alpha3code': 'HRV', 'alpha2code': 'HR'}",76,Milan,,Badelj,3162,1989-02-25,186,"{'code2': 'MD', 'code3': 'MID', 'name': 'Midfielder'}","{'name': 'Croatia', 'id': '191', 'alpha3code': 'HRV', 'alpha2code': 'HR'}",69400,right,M. Badelj,9598,Milan Badelj,Milan Badelj,Milan Badelj,hr CRO,MF,Fiorentina,28.0,1989.0,26.1,1469.0,1775.0,82.8,26413.0,8540.0,637.0,737.0,86.4,637.0,730.0,87.3,163.0,236.0,69.1,1,2.8,2.5,-1.8,42.0,172.0,34.0,7.0,222.0,71.0,39.4,26.0,38.0,7.0,28.0,71.0,43.0,48.0,2.0,46.0,71.0,142.0,52.0,3.0,Matches,1775.0,1691.0,79.0,44.0,8.0,14.0,14.0,4.0,0.0,0.0,0.0,0.0,1469.0,5.0,21.0,10,1,1.0,49,26.0,1.0,14.0,71.0,41.0,0.0,0.0,0.0,198.0,24.0,31.0,43.6,Italy
"{'name': 'Croatia', 'id': '191', 'alpha3code': 'HRV', 'alpha2code': 'HR'}",75,Ante,,Budimir,3197,1991-07-21,190,"{'code2': 'FW', 'code3': 'FWD', 'name': 'Forward'}","{'name': 'Bosnia-Herzegovina', 'id': '70', 'alpha3code': 'BIH', 'alpha2code': 'BA'}",69513,left,A. Budimir,null,Ante Budimir,Ante Budimir,Ante Budimir,hr CRO,FW,Crotone,26.0,1991.0,17.6,245.0,394.0,62.2,3163.0,562.0,155.0,223.0,69.5,67.0,114.0,58.8,7.0,12.0,58.3,0,1.4,1.3,-1.4,18.0,22.0,5.0,0.0,35.0,28.0,10.0,4.0,16.0,8.0,2.0,20.0,18.0,20.0,3.0,17.0,7.0,35.0,27.0,0.0,Matches,394.0,366.0,27.0,0.0,1.0,0.0,3.0,4.0,0.0,0.0,0.0,0.0,245.0,1.0,9.0,8,0,0.0,43,44.0,20.0,3.0,7.0,20.0,0.0,0.0,0.0,50.0,94.0,112.0,45.6,Italy
"{'name': 'Italy', 'id': '380', 'alpha3code': 'ITA', 'alpha2code': 'IT'}",75,Simone,,Pontisso,3163,1997-03-20,186,"{'code2': 'MD', 'code3': 'MID', 'name': 'Midfielder'}","{'name': 'Italy', 'id': '380', 'alpha3code': 'ITA', 'alpha2code': 'IT'}",364641,right,S. Pontisso,null,Simone Pontisso,Simone Pontisso,Simone Pontisso,it ITA,MF,Udinese,20.0,1997.0,0.1,13.0,14.0,92.9,243.0,86.0,3.0,3.0,100.0,10.0,10.0,100.0,0.0,1.0,0.0,0,0.0,0.0,0.0,0.0,1.0,0.0,0.0,4.0,1.0,,0.0,1.0,0.0,0.0,0.0,0.0,0.0,0.0,0.0,0.0,1.0,0.0,0.0,Matches,14.0,13.0,1.0,1.0,0.0,0.0,0.0,0.0,0.0,0.0,0.0,0.0,13.0,0.0,0.0,0,0,0.0,0,0.0,0.0,0.0,0.0,0.0,0.0,0.0,0.0,0.0,0.0,0.0,,Italy
"{'name': 'Italy', 'id': '380', 'alpha3code': 'ITA', 'alpha2code': 'IT'}",67,Alessandro ,,Florenzi,3158,1991-03-11,173,"{'code2': 'MD', 'code3': 'MID', 'name': 'Midfielder'}","{'name': 'Italy', 'id': '380', 'alpha3code': 'ITA', 'alpha2code': 'IT'}",22566,right,A. Florenzi,3757,Alessandro  Florenzi,Alessandro Florenzi,Alessandro Florenzi,it ITA,DF,Roma,26.0,1991.0,26.5,1379.0,1802.0,76.5,25054.0,9186.0,630.0,694.0,90.8,518.0,672.0,77.1,191.0,343.0,55.7,3,4.6,4.4,-1.6,41.0,137.0,51.0,22.0,177.0,38.0,38.3,20.0,13.0,5.0,18.0,47.0,29.0,19.0,8.0,11.0,44.0,82.0,62.0,1.0,Matches,1802.0,1493.0,302.0,42.0,1.0,20.0,144.0,245.0,15.0,0.0,11.0,0.0,1379.0,7.0,43.0,2,0,0.0,15,14.0,2.0,144.0,44.0,28.0,0.0,0.0,0.0,165.0,15.0,30.0,33.3,Italy
"{'name': 'Hungary', 'id': '348', 'alpha3code': 'HUN', 'alpha2code': 'HU'}",74,\u00c1d\u00e1m,,Nagy,3166,1995-06-17,178,"{'code2': 'MD', 'code3': 'MID', 'name': 'Midfielder'}","{'name': 'Hungary', 'id': '348', 'alpha3code': 'HUN', 'alpha2code': 'HU'}",299557,right,\u00c1. Nagy,10451,Ádám Nagy,Ádám Nagy,Ádám Nagy,hu HUN,MF,Bologna,22.0,1995.0,7.9,192.0,229.0,83.8,2636.0,713.0,108.0,122.0,88.5,66.0,79.0,83.5,6.0,7.0,85.7,0,0.5,0.5,-0.5,6.0,16.0,6.0,0.0,21.0,16.0,53.8,6.0,8.0,2.0,7.0,13.0,6.0,11.0,0.0,11.0,7.0,23.0,5.0,0.0,Matches,229.0,226.0,2.0,0.0,1.0,0.0,5.0,1.0,0.0,0.0,0.0,0.0,192.0,1.0,4.0,1,0,0.0,9,6.0,0.0,5.0,7.0,9.0,0.0,0.0,0.0,33.0,8.0,8.0,50.0,Italy
"{'name': 'Czech Republic', 'id': '203', 'alpha3code': 'CZE', 'alpha2code': 'CZ'}",73,Patrik,,Schick,3158,1996-01-24,186,"{'code2': 'FW', 'code3': 'FWD', 'name': 'Forward'}","{'name': 'Czech Republic', 'id': '203', 'alpha3code': 'CZE', 'alpha2code': 'CZ'}",234359,left,P. Schick,11555,Patrik Schick,Patrik Schick,Patrik Schick,cz CZE,"FW,MF",Roma,21.0,1996.0,11.0,223.0,290.0,76.9,2905.0,444.0,137.0,166.0,82.5,60.0,77.0,77.9,6.0,11.0,54.5,0,2.3,1.1,-2.3,14.0,15.0,8.0,1.0,21.0,9.0,11.1,1.0,5.0,3.0,1.0,9.0,8.0,14.0,0.0,14.0,2.0,11.0,11.0,0.0,Matches,290.0,276.0,12.0,0.0,2.0,0.0,7.0,3.0,0.0,0.0,0.0,0.0,223.0,2.0,6.0,0,0,0.0,20,23.0,3.0,7.0,2.0,7.0,0.0,0.0,0.0,46.0,29.0,36.0,44.6,Italy
"{'name': 'Italy', 'id': '380', 'alpha3code': 'ITA', 'alpha2code': 'IT'}",75,Christian,,Dell'Orco,3315,1994-02-10,183,"{'code2': 'DF', 'code3': 'DEF', 'name': 'Defender'}","{'name': 'Italy', 'id': '380', 'alpha3code': 'ITA', 'alpha2code': 'IT'}",267185,left,C. Dell'Orco,null,Christian Dell'Orco,Cristian Dell'Orco,Cristian Dell'Orco,it ITA,DF,Sassuolo,23.0,1994.0,4.7,115.0,175.0,65.7,2200.0,943.0,47.0,57.0,82.5,51.0,67.0,76.1,16.0,44.0,36.4,0,0.1,0.1,-0.1,2.0,11.0,2.0,0.0,12.0,4.0,33.3,1.0,2.0,1.0,1.0,3.0,2.0,5.0,1.0,4.0,10.0,14.0,19.0,0.0,Matches,175.0,147.0,27.0,7.0,0.0,0.0,0.0,20.0,0.0,0.0,0.0,0.0,115.0,1.0,5.0,0,0,0.0,4,5.0,0.0,0.0,10.0,1.0,0.0,0.0,0.0,27.0,7.0,6.0,53.8,Italy
"{'name': 'Croatia', 'id': '191', 'alpha3code': 'HRV', 'alpha2code': 'HR'}",76,Stipe,,Perica,3163,1995-07-07,192,"{'code2': 'FW', 'code3': 'FWD', 'name': 'Forward'}","{'name': 'Croatia', 'id': '191', 'alpha3code': 'HRV', 'alpha2code': 'HR'}",234533,right,S. Perica,null,Stipe Perica,Stipe Perica,Stipe Perica,hr CRO,FW,Udinese,22.0,1995.0,10.5,142.0,200.0,71.0,2062.0,404.0,83.0,108.0,76.9,43.0,66.0,65.2,7.0,8.0,87.5,0,0.8,0.4,-0.8,9.0,8.0,4.0,0.0,24.0,8.0,15.4,2.0,5.0,1.0,2.0,13.0,11.0,7.0,1.0,6.0,3.0,11.0,9.0,0.0,Matches,200.0,190.0,10.0,1.0,1.0,1.0,4.0,1.0,0.0,0.0,0.0,0.0,142.0,0.0,6.0,6,0,0.0,24,25.0,5.0,4.0,3.0,5.0,0.0,0.0,0.0,18.0,25.0,52.0,32.5,Italy
"{'name': 'Italy', 'id': '380', 'alpha3code': 'ITA', 'alpha2code': 'IT'}",70,Antonio,,Barreca,3185,1995-03-18,180,"{'code2': 'DF', 'code3': 'DEF', 'name': 'Defender'}","{'name': 'Italy', 'id': '380', 'alpha3code': 'ITA', 'alpha2code': 'IT'}",300373,left,A. Barreca,null,Antonio Barreca,Antonio Barreca,Antonio Barreca,it ITA,DF,Torino,22.0,1995.0,5.2,228.0,285.0,80.0,3557.0,1627.0,117.0,135.0,86.7,92.0,104.0,88.5,13.0,27.0,48.1,0,0.1,0.1,-0.1,2.0,14.0,1.0,0.0,26.0,9.0,100.0,3.0,5.0,1.0,4.0,4.0,0.0,3.0,0.0,3.0,5.0,14.0,16.0,0.0,Matches,285.0,204.0,81.0,7.0,0.0,1.0,12.0,72.0,2.0,0.0,2.0,0.0,228.0,0.0,11.0,0,1,0.0,4,2.0,2.0,12.0,5.0,8.0,0.0,1.0,0.0,27.0,7.0,2.0,77.8,Italy
"{'name': 'Croatia', 'id': '191', 'alpha3code': 'HRV', 'alpha2code': 'HR'}",71,Andrija,,Bali\u0107,3163,1997-08-11,180,"{'code2': 'MD', 'code3': 'MID', 'name': 'Midfielder'}","{'name': 'Croatia', 'id': '191', 'alpha3code': 'HRV', 'alpha2code': 'HR'}",300669,right,A. Bali\u0107,9604,Andrija Balić,Andrija Balić,Andrija Balić,hr CRO,MF,Udinese,19.0,1997.0,12.0,446.0,561.0,79.5,8362.0,2123.0,179.0,210.0,85.2,196.0,226.0,86.7,57.0,88.0,64.8,1,0.6,1.1,0.4,14.0,40.0,6.0,2.0,51.0,18.0,29.6,5.0,12.0,1.0,8.0,27.0,19.0,6.0,3.0,3.0,16.0,34.0,13.0,0.0,Matches,561.0,519.0,40.0,19.0,1.0,12.0,38.0,2.0,19.0,5.0,11.0,1.0,446.0,2.0,18.0,2,0,0.0,15,10.0,1.0,38.0,16.0,9.0,0.0,0.0,0.0,105.0,8.0,8.0,50.0,Italy
"{'name': 'Bosnia-Herzegovina', 'id': '70', 'alpha3code': 'BIH', 'alpha2code': 'BA'}",85,Ervin,,Zukanovi\u0107,3193,1987-02-11,190,"{'code2': 'DF', 'code3': 'DEF', 'name': 'Defender'}","{'name': 'Bosnia-Herzegovina', 'id': '70', 'alpha3code': 'BIH', 'alpha2code': 'BA'}",38532,left,E. Zukanovi\u0107,null,Ervin Zukanović,Ervin Zukanović,Ervin Zukanović,ba BIH,DF,Genoa,30.0,1987.0,31.9,1325.0,1606.0,82.5,25621.0,10429.0,523.0,573.0,91.3,595.0,690.0,86.2,182.0,293.0,62.1,1,1.6,1.6,-0.6,13.0,119.0,19.0,11.0,135.0,50.0,39.2,33.0,16.0,1.0,20.0,51.0,31.0,32.0,19.0,13.0,48.0,98.0,175.0,0.0,Matches,1606.0,1485.0,111.0,48.0,1.0,20.0,42.0,63.0,0.0,0.0,0.0,0.0,1325.0,10.0,15.0,5,1,0.0,30,15.0,1.0,42.0,48.0,41.0,0.0,1.0,2.0,170.0,64.0,40.0,61.5,Italy
"{'name': 'Italy', 'id': '380', 'alpha3code': 'ITA', 'alpha2code': 'IT'}",66,Lorenzo,,Venuti,3219,1995-04-12,176,"{'code2': 'DF', 'code3': 'DEF', 'name': 'Defender'}","{'name': 'Italy', 'id': '380', 'alpha3code': 'ITA', 'alpha2code': 'IT'}",284960,right,L. Venuti,null,Lorenzo Venuti,Lorenzo Venuti,Lorenzo Venuti,it ITA,DF,Benevento,22.0,1995.0,26.6,971.0,1197.0,81.1,15880.0,5632.0,513.0,570.0,90.0,351.0,408.0,86.0,85.0,157.0,54.1,1,2.0,1.6,-1.0,20.0,48.0,17.0,12.0,74.0,44.0,43.2,26.0,12.0,6.0,16.0,37.0,21.0,40.0,16.0,24.0,40.0,84.0,105.0,3.0,Matches,1197.0,983.0,209.0,25.0,1.0,7.0,45.0,183.0,1.0,0.0,0.0,0.0,971.0,5.0,32.0,4,0,0.0,20,49.0,2.0,45.0,40.0,34.0,0.0,0.0,1.0,116.0,23.0,35.0,39.7,Italy
"{'name': 'Algeria', 'id': '12', 'alpha3code': 'DZA', 'alpha2code': 'DZ'}",65,Adam,,Ounas,3187,1996-11-11,172,"{'code2': 'FW', 'code3': 'FWD', 'name': 'Forward'}","{'name': 'France', 'id': '250', 'alpha3code': 'FRA', 'alpha2code': 'FR'}",300830,left,A. Ounas,null,Adam Ounas,Adam Ounas,Adam Ounas,dz ALG,FW,Napoli,20.0,1996.0,1.1,45.0,58.0,77.6,650.0,137.0,24.0,28.0,85.7,17.0,22.0,77.3,3.0,5.0,60.0,0,0.3,0.3,-0.3,5.0,1.0,2.0,2.0,4.0,4.0,25.0,0.0,2.0,2.0,1.0,4.0,3.0,2.0,0.0,2.0,0.0,4.0,2.0,0.0,Matches,58.0,57.0,1.0,0.0,0.0,0.0,7.0,0.0,1.0,1.0,0.0,0.0,45.0,0.0,2.0,0,0,0.0,0,1.0,0.0,7.0,0.0,3.0,1.0,0.0,0.0,3.0,0.0,0.0,,Italy
"{'name': 'Croatia', 'id': '191', 'alpha3code': 'HRV', 'alpha2code': 'HR'}",79,Stefan,,Simi\u010d,3197,1995-01-20,187,"{'code2': 'DF', 'code3': 'DEF', 'name': 'Defender'}","{'name': 'Czech Republic', 'id': '203', 'alpha3code': 'CZE', 'alpha2code': 'CZ'}",137048,right,S. Simi\u010d,11555,Stefan Simič,Stefan Simić,Stefan Simić,cz CZE,DF,Crotone,22.0,1995.0,6.2,165.0,211.0,78.2,3861.0,1377.0,23.0,30.0,76.7,115.0,131.0,87.8,27.0,46.0,58.7,0,0.0,0.0,0.0,0.0,6.0,0.0,0.0,10.0,13.0,90.9,11.0,2.0,0.0,10.0,11.0,1.0,6.0,3.0,3.0,10.0,23.0,44.0,0.0,Matches,211.0,195.0,15.0,8.0,0.0,4.0,0.0,7.0,0.0,0.0,0.0,0.0,165.0,1.0,2.0,2,0,0.0,10,10.0,0.0,0.0,10.0,8.0,0.0,0.0,0.0,27.0,9.0,7.0,56.3,Italy
"{'name': 'Bosnia-Herzegovina', 'id': '70', 'alpha3code': 'BIH', 'alpha2code': 'BA'}",80,Rijad,,Baji\u0107,4535,1994-05-06,189,"{'code2': 'FW', 'code3': 'FWD', 'name': 'Forward'}","{'name': 'Bosnia-Herzegovina', 'id': '70', 'alpha3code': 'BIH', 'alpha2code': 'BA'}",268180,left,R. Baji\u0107,null,Rijad Bajić,Riad Bajić,Riad Bajić,ba BIH,"FW,MF",Udinese,23.0,1994.0,0.9,13.0,19.0,68.4,238.0,72.0,5.0,9.0,55.6,7.0,7.0,100.0,1.0,1.0,100.0,0,0.2,0.2,-0.2,2.0,3.0,1.0,0.0,3.0,0.0,,0.0,0.0,0.0,0.0,0.0,0.0,0.0,0.0,0.0,0.0,0.0,3.0,0.0,Matches,19.0,19.0,0.0,0.0,1.0,0.0,0.0,0.0,0.0,0.0,0.0,0.0,13.0,0.0,1.0,0,0,0.0,1,0.0,1.0,0.0,0.0,0.0,0.0,0.0,0.0,1.0,2.0,3.0,40.0,Italy
"{'name': 'Romania', 'id': '642', 'alpha3code': 'ROU', 'alpha2code': 'RO'}",80,Deian,,Boldor,3194,1995-02-03,189,"{'code2': 'DF', 'code3': 'DEF', 'name': 'Defender'}","{'name': 'Romania', 'id': '642', 'alpha3code': 'ROU', 'alpha2code': 'RO'}",137143,left,D. Boldor,null,Deian Boldor,Deian Boldor,Deian Boldor,ro ROU,DF,Hellas Verona,22.0,1995.0,1.0,29.0,36.0,80.6,625.0,265.0,10.0,11.0,90.9,14.0,14.0,100.0,5.0,11.0,45.5,0,0.1,0.0,-0.1,1.0,3.0,0.0,0.0,4.0,3.0,66.7,3.0,0.0,0.0,2.0,3.0,1.0,5.0,2.0,3.0,3.0,6.0,11.0,0.0,Matches,36.0,36.0,0.0,0.0,0.0,2.0,0.0,0.0,0.0,0.0,0.0,0.0,29.0,0.0,0.0,1,0,0.0,1,0.0,0.0,0.0,3.0,2.0,0.0,0.0,0.0,3.0,3.0,2.0,60.0,Italy
"{'name': 'Italy', 'id': '380', 'alpha3code': 'ITA', 'alpha2code': 'IT'}",80,Kevin,,Lasagna,3163,1992-08-10,186,"{'code2': 'FW', 'code3': 'FWD', 'name': 'Forward'}","{'name': 'Italy', 'id': '380', 'alpha3code': 'ITA', 'alpha2code': 'IT'}",333913,left,K. Lasagna,null,Kevin Lasagna,Kevin Lasagna,Kevin Lasagna,it ITA,FW,Udinese,24.0,1992.0,23.7,264.0,440.0,60.0,3585.0,753.0,165.0,246.0,67.1,69.0,117.0,59.0,14.0,37.0,37.8,2,0.6,0.7,1.4,11.0,15.0,7.0,2.0,35.0,10.0,28.6,0.0,8.0,2.0,2.0,7.0,5.0,27.0,4.0,23.0,8.0,18.0,18.0,0.0,Matches,440.0,409.0,29.0,0.0,0.0,2.0,32.0,0.0,0.0,0.0,0.0,0.0,264.0,2.0,18.0,1,0,0.0,34,27.0,15.0,32.0,8.0,7.0,1.0,0.0,0.0,57.0,58.0,88.0,39.7,Italy
"{'name': 'Croatia', 'id': '191', 'alpha3code': 'HRV', 'alpha2code': 'HR'}",89,Lorenco,,\u0160imi\u0107,3204,1996-07-15,195,"{'code2': 'DF', 'code3': 'DEF', 'name': 'Defender'}","{'name': 'Croatia', 'id': '191', 'alpha3code': 'HRV', 'alpha2code': 'HR'}",350569,right,L. \u0160imi\u0107,9604,Lorenco Šimić,Lorenco Šimić,Lorenco Šimić,hr CRO,DF,SPAL,21.0,1996.0,3.5,86.0,116.0,74.1,1735.0,622.0,23.0,30.0,76.7,52.0,56.0,92.9,9.0,24.0,37.5,0,0.0,0.0,0.0,0.0,7.0,1.0,0.0,10.0,5.0,75.0,5.0,0.0,0.0,3.0,4.0,1.0,7.0,4.0,3.0,11.0,16.0,15.0,0.0,Matches,116.0,113.0,1.0,1.0,0.0,3.0,0.0,0.0,0.0,0.0,0.0,0.0,86.0,2.0,1.0,1,0,0.0,4,0.0,0.0,0.0,11.0,3.0,0.0,0.0,0.0,16.0,5.0,8.0,38.5,Italy
"{'name': 'Finland', 'id': '246', 'alpha3code': 'FIN', 'alpha2code': 'FI'}",80,Sauli,,V\u00e4is\u00e4nen,3204,1994-06-05,190,"{'code2': 'DF', 'code3': 'DEF', 'name': 'Defender'}","{'name': 'Finland', 'id': '246', 'alpha3code': 'FIN', 'alpha2code': 'FI'}",170738,right,S. V\u00e4is\u00e4nen,null,Sauli Väisänen,Sauli Väisänen,Sauli Väisänen,fi FIN,DF,SPAL,23.0,1994.0,6.0,238.0,266.0,89.5,4514.0,1746.0,94.0,105.0,89.5,118.0,124.0,95.2,26.0,35.0,74.3,0,0.0,0.1,0.0,1.0,14.0,1.0,0.0,17.0,12.0,75.0,9.0,3.0,0.0,6.0,8.0,2.0,5.0,4.0,1.0,13.0,25.0,26.0,0.0,Matches,266.0,260.0,6.0,4.0,0.0,3.0,0.0,2.0,0.0,0.0,0.0,0.0,238.0,0.0,2.0,1,0,0.0,14,2.0,0.0,0.0,13.0,9.0,0.0,2.0,0.0,20.0,6.0,12.0,33.3,Italy
"{'name': 'Poland', 'id': '616', 'alpha3code': 'POL', 'alpha2code': 'PL'}",77,Pawe\u0142,,Jaroszy\u0144ski,3165,1994-10-02,184,"{'code2': 'DF', 'code3': 'DEF', 'name': 'Defender'}","{'name': 'Poland', 'id': '616', 'alpha3code': 'POL', 'alpha2code': 'PL'}",269188,left,P. Jaroszy\u0144ski,null,Paweł Jaroszyński,Paweł Jaroszyński,Paweł Jaroszyński,pl POL,DF,Chievo,22.0,1994.0,9.0,243.0,409.0,59.4,4526.0,1821.0,110.0,140.0,78.6,95.0,144.0,66.0,33.0,95.0,34.7,0,0.3,0.6,-0.3,5.0,19.0,7.0,7.0,24.0,20.0,50.0,14.0,5.0,1.0,9.0,18.0,9.0,11.0,4.0,7.0,21.0,41.0,40.0,1.0,Matches,409.0,304.0,98.0,11.0,0.0,3.0,45.0,84.0,3.0,3.0,0.0,0.0,243.0,7.0,17.0,3,0,0.0,12,4.0,0.0,45.0,21.0,12.0,0.0,0.0,0.0,54.0,11.0,14.0,44.0,Italy
"{'name': 'Croatia', 'id': '191', 'alpha3code': 'HRV', 'alpha2code': 'HR'}",78,Ivan,,Strini\u0107,3157,1987-07-17,186,"{'code2': 'DF', 'code3': 'DEF', 'name': 'Defender'}","{'name': 'Croatia', 'id': '191', 'alpha3code': 'HRV', 'alpha2code': 'HR'}",105361,left,I. Strini\u0107,9598,Ivan Strinić,Ivan Strinić,Ivan Strinić,hr CRO,DF,Sampdoria,30.0,1987.0,13.9,660.0,849.0,77.7,10465.0,4814.0,345.0,384.0,89.8,243.0,320.0,75.9,50.0,103.0,48.5,2,0.9,1.1,1.1,4.0,51.0,9.0,4.0,66.0,35.0,44.7,22.0,12.0,1.0,17.0,38.0,21.0,21.0,2.0,19.0,22.0,57.0,46.0,2.0,Matches,849.0,720.0,127.0,17.0,0.0,1.0,55.0,108.0,2.0,2.0,0.0,0.0,660.0,2.0,28.0,2,0,0.0,14,13.0,0.0,55.0,22.0,24.0,0.0,1.0,0.0,111.0,10.0,7.0,58.8,Italy
"{'name': 'Poland', 'id': '616', 'alpha3code': 'POL', 'alpha2code': 'PL'}",73,Karol,,Linetty,3164,1995-02-02,176,"{'code2': 'MD', 'code3': 'MID', 'name': 'Midfielder'}","{'name': 'Poland', 'id': '616', 'alpha3code': 'POL', 'alpha2code': 'PL'}",138174,right,K. Linetty,13869,Karol Linetty,Karol Linetty,Karol Linetty,pl POL,MF,Sampdoria,22.0,1995.0,23.8,843.0,1055.0,79.9,12771.0,3696.0,464.0,537.0,86.4,286.0,343.0,83.4,53.0,91.0,58.2,1,2.2,2.1,-1.2,26.0,77.0,25.0,2.0,115.0,66.0,22.1,25.0,31.0,10.0,17.0,77.0,60.0,40.0,2.0,38.0,18.0,84.0,13.0,0.0,Matches,1055.0,1028.0,22.0,12.0,1.0,5.0,14.0,10.0,0.0,0.0,0.0,0.0,843.0,5.0,23.0,8,0,0.0,41,27.0,1.0,14.0,18.0,49.0,0.0,0.0,0.0,143.0,11.0,48.0,18.6,Italy
"{'name': 'Slovakia', 'id': '703', 'alpha3code': 'SVK', 'alpha2code': 'SK'}",79,Milan,,\u0160kriniar,3161,1995-02-11,188,"{'code2': 'DF', 'code3': 'DEF', 'name': 'Defender'}","{'name': 'Slovakia', 'id': '703', 'alpha3code': 'SVK', 'alpha2code': 'SK'}",138408,right,M. \u0160kriniar,14496,Milan Škriniar,Milan Škriniar,Milan Škriniar,sk SVK,DF,Inter,22.0,1995.0,38.0,2172.0,2387.0,91.0,37320.0,14999.0,977.0,1034.0,94.5,1004.0,1068.0,94.0,158.0,234.0,67.5,0,0.3,1.2,-0.3,8.0,95.0,3.0,0.0,144.0,86.0,62.9,69.0,16.0,1.0,44.0,70.0,26.0,38.0,26.0,12.0,35.0,121.0,180.0,0.0,Matches,2387.0,2293.0,88.0,87.0,3.0,24.0,0.0,1.0,0.0,0.0,0.0,0.0,2172.0,6.0,6.0,2,0,0.0,40,29.0,0.0,0.0,35.0,55.0,0.0,0.0,1.0,280.0,66.0,47.0,58.4,Italy
"{'name': 'Poland', 'id': '616', 'alpha3code': 'POL', 'alpha2code': 'PL'}",84,Wojciech ,,Szcz\u0119sny,3159,1990-04-18,196,"{'code2': 'GK', 'code3': 'GKP', 'name': 'Goalkeeper'}","{'name': 'Poland', 'id': '616', 'alpha3code': 'POL', 'alpha2code': 'PL'}",7849,right,W. Szcz\u0119sny,13869,Wojciech  Szczęsny,Wojciech Szczęsny,Wojciech Szczęsny,pl POL,GK,Juventus,27.0,1990.0,17.0,364.0,460.0,79.1,11110.0,7257.0,36.0,36.0,100.0,166.0,169.0,98.2,162.0,252.0,64.3,0,0.0,0.0,0.0,1.0,0.0,0.0,0.0,0.0,0.0,,0.0,0.0,0.0,0.0,0.0,0.0,0.0,0.0,0.0,0.0,0.0,4.0,0.0,Matches,460.0,331.0,126.0,30.0,0.0,3.0,0.0,0.0,0.0,0.0,0.0,0.0,364.0,3.0,0.0,0,0,0.0,0,1.0,0.0,0.0,0.0,0.0,0.0,0.0,0.0,15.0,1.0,0.0,100.0,Italy
"{'name': 'Senegal', 'id': '686', 'alpha3code': 'SEN', 'alpha2code': 'SN'}",72,Bacary,,Sagna,3219,1983-02-14,176,"{'code2': 'DF', 'code3': 'DEF', 'name': 'Defender'}","{'name': 'France', 'id': '250', 'alpha3code': 'FRA', 'alpha2code': 'FR'}",7858,right,B. Sagna,null,Bacary Sagna,Bacary Sagna,Bacary Sagna,fr FRA,DF,Benevento,34.0,1983.0,10.6,690.0,783.0,88.1,10520.0,3514.0,378.0,403.0,93.8,247.0,278.0,88.8,42.0,64.0,65.6,0,1.5,0.6,-1.5,12.0,30.0,5.0,4.0,49.0,9.0,14.3,5.0,3.0,1.0,1.0,7.0,6.0,9.0,2.0,7.0,20.0,29.0,28.0,0.0,Matches,783.0,688.0,94.0,18.0,0.0,3.0,26.0,75.0,1.0,0.0,1.0,0.0,690.0,1.0,8.0,1,0,0.0,2,10.0,0.0,26.0,20.0,7.0,0.0,0.0,0.0,47.0,28.0,11.0,71.8,Italy
"{'name': 'Italy', 'id': '380', 'alpha3code': 'ITA', 'alpha2code': 'IT'}",75,Francesco,,Cassata,3315,1997-07-16,183,"{'code2': 'MD', 'code3': 'MID', 'name': 'Midfielder'}","{'name': 'Italy', 'id': '380', 'alpha3code': 'ITA', 'alpha2code': 'IT'}",302798,right,F. Cassata,3764,Francesco Cassata,Francesco Cassata,Francesco Cassata,it ITA,MF,Sassuolo,20.0,1997.0,5.1,82.0,132.0,62.1,1542.0,487.0,42.0,52.0,80.8,24.0,38.0,63.2,14.0,36.0,38.9,0,0.1,0.1,-0.1,2.0,11.0,3.0,1.0,14.0,12.0,20.0,6.0,5.0,1.0,2.0,10.0,8.0,3.0,0.0,3.0,5.0,17.0,0.0,0.0,Matches,132.0,126.0,6.0,2.0,0.0,1.0,13.0,0.0,4.0,4.0,0.0,0.0,82.0,0.0,6.0,3,1,0.0,15,11.0,0.0,13.0,5.0,7.0,0.0,0.0,0.0,21.0,3.0,4.0,42.9,Italy
"{'name': 'Italy', 'id': '380', 'alpha3code': 'ITA', 'alpha2code': 'IT'}",77,Davide,,Santon,3161,1991-01-02,186,"{'code2': 'DF', 'code3': 'DEF', 'name': 'Defender'}","{'name': 'Italy', 'id': '380', 'alpha3code': 'ITA', 'alpha2code': 'IT'}",7982,right,D. Santon,null,Davide Santon,Davide Santon,Davide Santon,it ITA,DF,Inter,26.0,1991.0,9.3,439.0,549.0,80.0,7514.0,2030.0,221.0,239.0,92.5,164.0,212.0,77.4,47.0,75.0,62.7,0,0.1,0.2,-0.1,2.0,26.0,2.0,1.0,32.0,19.0,52.9,13.0,6.0,0.0,9.0,17.0,8.0,10.0,3.0,7.0,20.0,39.0,32.0,2.0,Matches,549.0,477.0,69.0,5.0,1.0,5.0,16.0,64.0,0.0,0.0,0.0,0.0,439.0,3.0,12.0,2,0,0.0,11,8.0,0.0,16.0,20.0,14.0,0.0,1.0,0.0,59.0,26.0,11.0,70.3,Italy
"{'name': 'Italy', 'id': '380', 'alpha3code': 'ITA', 'alpha2code': 'IT'}",70,Fabrizio,,Caligara,3173,2000-04-12,180,"{'code2': 'MD', 'code3': 'MID', 'name': 'Midfielder'}","{'name': 'Italy', 'id': '380', 'alpha3code': 'ITA', 'alpha2code': 'IT'}",434142,left,F. Caligara,null,Fabrizio Caligara,Fabrizio Caligara,Fabrizio Caligara,it ITA,MF,Cagliari,17.0,2000.0,0.2,4.0,5.0,80.0,61.0,0.0,2.0,2.0,100.0,2.0,2.0,100.0,0.0,0.0,,0,0.0,0.0,0.0,0.0,0.0,0.0,0.0,0.0,0.0,,0.0,0.0,0.0,0.0,0.0,0.0,1.0,1.0,0.0,1.0,1.0,1.0,0.0,Matches,5.0,4.0,1.0,0.0,0.0,0.0,0.0,0.0,0.0,0.0,0.0,0.0,4.0,0.0,1.0,1,0,0.0,1,0.0,0.0,0.0,1.0,0.0,0.0,0.0,0.0,0.0,0.0,0.0,,Italy
"{'name': 'Italy', 'id': '380', 'alpha3code': 'ITA', 'alpha2code': 'IT'}",67,Giovanni,,Crociata,3197,1997-08-11,174,"{'code2': 'MD', 'code3': 'MID', 'name': 'Midfielder'}","{'name': 'Italy', 'id': '380', 'alpha3code': 'ITA', 'alpha2code': 'IT'}",368642,right,G. Crociata,3764,Giovanni Crociata,Giovanni Crociata,Giovanni Crociata,it ITA,"MF,FW",Crotone,19.0,1997.0,3.2,65.0,95.0,68.4,995.0,215.0,32.0,44.0,72.7,29.0,36.0,80.6,2.0,8.0,25.0,0,0.2,0.1,-0.2,4.0,6.0,2.0,0.0,9.0,9.0,25.0,3.0,4.0,2.0,1.0,4.0,3.0,7.0,0.0,7.0,4.0,13.0,3.0,0.0,Matches,95.0,86.0,9.0,0.0,1.0,1.0,3.0,5.0,2.0,2.0,0.0,0.0,65.0,0.0,2.0,0,0,0.0,7,7.0,0.0,3.0,4.0,6.0,0.0,0.0,0.0,18.0,2.0,3.0,40.0,Italy
"{'name': 'Italy', 'id': '380', 'alpha3code': 'ITA', 'alpha2code': 'IT'}",75,Rafael,,Tol\u00f3i,3172,1990-10-10,185,"{'code2': 'DF', 'code3': 'DEF', 'name': 'Defender'}","{'name': 'Brazil', 'id': '76', 'alpha3code': 'BRA', 'alpha2code': 'BR'}",41034,right,Rafael Tol\u00f3i,null,Rafael Tolói,Rafael Tolói,Rafael Tolói,it ITA,DF,Atalanta,26.0,1990.0,27.2,1360.0,1698.0,80.1,27592.0,10852.0,492.0,565.0,87.1,631.0,736.0,85.7,225.0,343.0,65.6,2,1.6,1.3,0.4,13.0,129.0,14.0,3.0,149.0,72.0,51.5,34.0,38.0,0.0,35.0,68.0,33.0,35.0,14.0,21.0,63.0,135.0,119.0,1.0,Matches,1698.0,1545.0,144.0,45.0,3.0,34.0,15.0,99.0,0.0,0.0,0.0,0.0,1360.0,9.0,21.0,8,1,1.0,31,20.0,3.0,15.0,63.0,40.0,0.0,0.0,0.0,252.0,45.0,36.0,55.6,Italy
"{'name': 'Serbia', 'id': '688', 'alpha3code': 'SRB', 'alpha2code': 'RS'}",83,Aleksandar,,Kolarov,3158,1985-11-10,187,"{'code2': 'DF', 'code3': 'DEF', 'name': 'Defender'}","{'name': 'Serbia', 'id': '688', 'alpha3code': 'SRB', 'alpha2code': 'RS'}",8306,left,A. Kolarov,17322,Aleksandar Kolarov,Aleksandar Kolarov,Aleksandar Kolarov,rs SRB,DF,Roma,31.0,1985.0,34.0,1996.0,2624.0,76.1,33119.0,11754.0,1005.0,1130.0,88.9,734.0,907.0,80.9,189.0,425.0,44.5,6,9.0,6.6,-3.0,80.0,140.0,60.0,26.0,178.0,58.0,55.1,34.0,16.0,8.0,27.0,49.0,22.0,24.0,7.0,17.0,53.0,111.0,100.0,2.0,Matches,2624.0,2078.0,537.0,99.0,0.0,34.0,295.0,332.0,106.0,52.0,44.0,0.0,1996.0,9.0,83.0,3,0,0.0,26,40.0,4.0,295.0,53.0,47.0,2.0,1.0,0.0,217.0,53.0,30.0,63.9,Italy
"{'name': 'Bosnia-Herzegovina', 'id': '70', 'alpha3code': 'BIH', 'alpha2code': 'BA'}",84,Edin,,D\u017eeko,3158,1986-03-17,193,"{'code2': 'FW', 'code3': 'FWD', 'name': 'Forward'}","{'name': 'Bosnia-Herzegovina', 'id': '70', 'alpha3code': 'BIH', 'alpha2code': 'BA'}",8327,right,E. D\u017eeko,10001,Edin Džeko,Edin Džeko,Edin Džeko,ba BIH,FW,Roma,31.0,1986.0,33.5,546.0,796.0,68.6,9295.0,1863.0,259.0,350.0,74.0,157.0,229.0,68.6,83.0,106.0,78.3,3,3.9,2.7,-0.9,48.0,63.0,19.0,1.0,95.0,15.0,20.0,1.0,9.0,5.0,3.0,15.0,12.0,9.0,1.0,8.0,4.0,19.0,36.0,0.0,Matches,796.0,730.0,57.0,4.0,9.0,16.0,19.0,0.0,1.0,0.0,0.0,0.0,546.0,9.0,35.0,6,0,0.0,37,28.0,19.0,19.0,4.0,10.0,1.0,0.0,0.0,80.0,109.0,64.0,63.0,Italy
"{'name': 'Italy', 'id': '380', 'alpha3code': 'ITA', 'alpha2code': 'IT'}",80,Niccol\u00f2,,Zanellato,3197,1998-06-24,187,"{'code2': 'MD', 'code3': 'MID', 'name': 'Midfielder'}","{'name': 'Italy', 'id': '380', 'alpha3code': 'ITA', 'alpha2code': 'IT'}",402014,right,N. Zanellato,null,Niccolò Zanellato,Niccolò Zanellato,Niccolò Zanellato,it ITA,MF,Crotone,19.0,1998.0,0.8,24.0,36.0,66.7,397.0,102.0,12.0,17.0,70.6,11.0,15.0,73.3,1.0,3.0,33.3,0,0.6,0.0,-0.6,2.0,2.0,0.0,0.0,4.0,3.0,50.0,0.0,3.0,0.0,1.0,2.0,1.0,3.0,0.0,3.0,0.0,3.0,0.0,0.0,Matches,36.0,36.0,0.0,0.0,0.0,0.0,2.0,0.0,0.0,0.0,0.0,0.0,24.0,0.0,0.0,0,0,0.0,2,0.0,0.0,2.0,0.0,2.0,0.0,0.0,0.0,5.0,3.0,2.0,60.0,Italy
"{'name': 'Ghana', 'id': '288', 'alpha3code': 'GHA', 'alpha2code': 'GH'}",73,Bright,,Gyamfi,3219,1996-01-20,180,"{'code2': 'DF', 'code3': 'DEF', 'name': 'Defender'}","{'name': 'Ghana', 'id': '288', 'alpha3code': 'GHA', 'alpha2code': 'GH'}",402017,right,B. Gyamfi,null,Bright Gyamfi,Bright Gyamfi,Bright Gyamfi,gh GHA,DF,Benevento,21.0,1996.0,3.6,142.0,181.0,78.5,2043.0,712.0,88.0,97.0,90.7,49.0,66.0,74.2,3.0,8.0,37.5,0,0.0,0.2,0.0,1.0,6.0,3.0,2.0,8.0,2.0,50.0,1.0,1.0,0.0,1.0,2.0,1.0,3.0,1.0,2.0,7.0,9.0,8.0,0.0,Matches,181.0,153.0,27.0,2.0,0.0,0.0,11.0,25.0,0.0,0.0,0.0,0.0,142.0,1.0,6.0,1,0,0.0,6,1.0,0.0,11.0,7.0,2.0,0.0,0.0,0.0,17.0,4.0,7.0,36.4,Italy
"{'name': 'France', 'id': '250', 'alpha3code': 'FRA', 'alpha2code': 'FR'}",77,Adel,,Taarabt,3193,1989-05-24,182,"{'code2': 'MD', 'code3': 'MID', 'name': 'Midfielder'}","{'name': 'Morocco', 'id': '504', 'alpha3code': 'MAR', 'alpha2code': 'MA'}",9080,right,A. Taarabt,null,Adel Taarabt,Adel Taarabt,Adel Taarabt,ma MAR,"FW,MF",Genoa,28.0,1989.0,17.9,587.0,767.0,76.5,9731.0,2191.0,282.0,354.0,79.7,232.0,295.0,78.6,57.0,78.0,73.1,2,2.7,2.6,-0.7,34.0,51.0,30.0,1.0,81.0,18.0,43.8,5.0,11.0,2.0,7.0,16.0,9.0,13.0,3.0,10.0,12.0,30.0,7.0,0.0,Matches,767.0,716.0,49.0,8.0,3.0,9.0,42.0,4.0,14.0,6.0,2.0,0.0,587.0,2.0,20.0,4,1,0.0,22,27.0,15.0,42.0,12.0,11.0,0.0,0.0,0.0,98.0,5.0,19.0,20.8,Italy
"{'name': 'England', 'id': '0', 'alpha3code': 'XEN', 'alpha2code': ''}",67,Rolando,,Aarons,3194,1995-11-16,175,"{'code2': 'MD', 'code3': 'MID', 'name': 'Midfielder'}","{'name': 'Jamaica', 'id': '388', 'alpha3code': 'JAM', 'alpha2code': 'JM'}",337225,left,R. Aarons,null,Rolando Aarons,Rolando Aarons,Rolando Aarons,eng ENG,"MF,FW",Hellas Verona,21.0,1995.0,5.7,87.0,120.0,72.5,1174.0,325.0,50.0,60.0,83.3,25.0,35.0,71.4,4.0,8.0,50.0,0,0.2,0.1,-0.2,3.0,8.0,7.0,1.0,17.0,13.0,14.3,4.0,4.0,5.0,1.0,7.0,6.0,3.0,1.0,2.0,2.0,15.0,0.0,0.0,Matches,120.0,110.0,10.0,4.0,0.0,0.0,10.0,4.0,0.0,0.0,0.0,0.0,87.0,0.0,5.0,0,0,0.0,9,11.0,0.0,10.0,2.0,8.0,0.0,0.0,0.0,19.0,9.0,15.0,37.5,Italy
"{'name': 'Croatia', 'id': '191', 'alpha3code': 'HRV', 'alpha2code': 'HR'}",81,Nikola,,Kalini\u0107,3157,1988-01-05,187,"{'code2': 'FW', 'code3': 'FWD', 'name': 'Forward'}","{'name': 'Croatia', 'id': '191', 'alpha3code': 'HRV', 'alpha2code': 'HR'}",105376,right,N. Kalini\u0107,null,Nikola Kalinić,Nikola Kalinić,Nikola Kalinić,hr CRO,FW,Milan,29.0,1988.0,20.1,301.0,378.0,79.6,4041.0,480.0,178.0,209.0,85.2,92.0,111.0,82.9,9.0,15.0,60.0,3,2.1,1.4,0.9,38.0,15.0,12.0,0.0,26.0,6.0,0.0,1.0,4.0,1.0,0.0,8.0,8.0,4.0,1.0,3.0,3.0,9.0,12.0,0.0,Matches,378.0,333.0,45.0,1.0,1.0,0.0,1.0,1.0,0.0,0.0,0.0,0.0,301.0,0.0,15.0,3,0,0.0,44,45.0,18.0,1.0,3.0,5.0,2.0,0.0,0.0,39.0,43.0,55.0,43.9,Italy
"{'name': 'Congo DR', 'id': '180', 'alpha3code': 'COD', 'alpha2code': 'CD'}",83,Senna,,Miangue,3173,1997-02-05,192,"{'code2': 'DF', 'code3': 'DEF', 'name': 'Defender'}","{'name': 'Belgium', 'id': '56', 'alpha3code': 'BEL', 'alpha2code': 'BE'}",402898,left,S. Miangue,5635,Senna Miangue,Senna Miangue,Senna Miangue,be BEL,"DF,FW",Cagliari,20.0,1997.0,8.9,271.0,405.0,66.9,4698.0,2114.0,125.0,152.0,82.2,114.0,168.0,67.9,30.0,70.0,42.9,1,1.3,1.5,-0.3,11.0,17.0,13.0,10.0,30.0,7.0,42.9,4.0,2.0,1.0,3.0,7.0,4.0,8.0,1.0,7.0,7.0,14.0,35.0,0.0,Matches,405.0,293.0,111.0,4.0,0.0,1.0,44.0,107.0,0.0,0.0,0.0,0.0,271.0,1.0,17.0,3,1,1.0,16,3.0,2.0,44.0,7.0,5.0,0.0,0.0,0.0,32.0,13.0,7.0,65.0,Italy
"{'name': 'Italy', 'id': '380', 'alpha3code': 'ITA', 'alpha2code': 'IT'}",73,Davide,,Biraschi,3193,1994-07-02,182,"{'code2': 'DF', 'code3': 'DEF', 'name': 'Defender'}","{'name': 'Italy', 'id': '380', 'alpha3code': 'ITA', 'alpha2code': 'IT'}",206318,right,D. Biraschi,null,Davide Biraschi,Davide Biraschi,Davide Biraschi,it ITA,DF,Genoa,23.0,1994.0,20.0,753.0,990.0,76.1,13911.0,5330.0,297.0,340.0,87.4,377.0,452.0,83.4,72.0,164.0,43.9,1,0.8,0.7,0.2,10.0,79.0,8.0,8.0,84.0,33.0,72.0,13.0,19.0,1.0,18.0,25.0,7.0,19.0,10.0,9.0,38.0,71.0,78.0,0.0,Matches,990.0,895.0,90.0,25.0,1.0,2.0,34.0,65.0,0.0,0.0,0.0,0.0,753.0,5.0,24.0,2,0,0.0,26,21.0,0.0,34.0,38.0,25.0,0.0,0.0,0.0,111.0,26.0,22.0,54.2,Italy
"{'name': 'Italy', 'id': '380', 'alpha3code': 'ITA', 'alpha2code': 'IT'}",75,Simone,,Scuffet,3163,1996-05-31,187,"{'code2': 'GK', 'code3': 'GKP', 'name': 'Goalkeeper'}","{'name': 'Italy', 'id': '380', 'alpha3code': 'ITA', 'alpha2code': 'IT'}",239288,right,S. Scuffet,3763,Simone Scuffet,Simone Scuffet,Simone Scuffet,it ITA,GK,Udinese,21.0,1996.0,6.0,88.0,159.0,55.3,2749.0,2258.0,12.0,12.0,100.0,36.0,36.0,100.0,40.0,109.0,36.7,0,0.0,0.0,0.0,1.0,1.0,0.0,0.0,0.0,0.0,,0.0,0.0,0.0,0.0,0.0,0.0,0.0,0.0,0.0,1.0,1.0,1.0,1.0,Matches,159.0,106.0,51.0,9.0,0.0,0.0,0.0,0.0,0.0,0.0,0.0,0.0,88.0,2.0,0.0,0,0,0.0,0,0.0,0.0,0.0,1.0,0.0,0.0,0.0,0.0,5.0,0.0,0.0,,Italy
"{'name': 'Italy', 'id': '380', 'alpha3code': 'ITA', 'alpha2code': 'IT'}",78,Elio,,Capradossi,3158,1996-03-11,185,"{'code2': 'DF', 'code3': 'DEF', 'name': 'Defender'}","{'name': 'Uganda', 'id': '800', 'alpha3code': 'UGA', 'alpha2code': 'UG'}",239290,right,E. Capradossi,3763,Elio Capradossi,Elio Capradossi,Elio Capradossi,ug UGA,DF,Roma,21.0,1996.0,0.9,41.0,47.0,87.2,741.0,222.0,18.0,20.0,90.0,18.0,19.0,94.7,4.0,6.0,66.7,0,0.0,0.0,0.0,0.0,3.0,0.0,0.0,3.0,1.0,,1.0,0.0,0.0,0.0,0.0,0.0,2.0,2.0,0.0,2.0,3.0,13.0,0.0,Matches,47.0,43.0,4.0,2.0,0.0,1.0,0.0,2.0,0.0,0.0,0.0,0.0,41.0,0.0,1.0,0,0,0.0,1,0.0,0.0,0.0,2.0,0.0,0.0,0.0,0.0,7.0,4.0,3.0,57.1,Italy
"{'name': 'Italy', 'id': '380', 'alpha3code': 'ITA', 'alpha2code': 'IT'}",63,Jos\u00e9,,Mauri,3157,1996-05-16,169,"{'code2': 'MD', 'code3': 'MID', 'name': 'Midfielder'}","{'name': 'Argentina', 'id': '32', 'alpha3code': 'ARG', 'alpha2code': 'AR'}",239294,right,J. Mauri,null,José Mauri,José Mauri,José Mauri,it ITA,MF,Milan,21.0,1996.0,0.1,12.0,13.0,92.3,170.0,32.0,6.0,7.0,85.7,6.0,6.0,100.0,0.0,0.0,,0,0.0,0.0,0.0,0.0,1.0,0.0,0.0,1.0,0.0,,0.0,0.0,0.0,0.0,0.0,0.0,0.0,0.0,0.0,0.0,0.0,0.0,0.0,Matches,13.0,13.0,0.0,0.0,0.0,0.0,0.0,0.0,0.0,0.0,0.0,0.0,12.0,0.0,0.0,0,0,0.0,0,0.0,0.0,0.0,0.0,0.0,0.0,0.0,0.0,1.0,0.0,0.0,,Italy
"{'name': 'Italy', 'id': '380', 'alpha3code': 'ITA', 'alpha2code': 'IT'}",70,Vittorio,,Parigini,3219,1996-03-25,180,"{'code2': 'FW', 'code3': 'FWD', 'name': 'Forward'}","{'name': 'Italy', 'id': '380', 'alpha3code': 'ITA', 'alpha2code': 'IT'}",239295,right,V. Parigini,3763,Vittorio Parigini,Vittorio Parigini,Vittorio Parigini,it ITA,"MF,FW",Benevento,21.0,1996.0,9.5,230.0,328.0,70.1,3342.0,595.0,135.0,159.0,84.9,67.0,98.0,68.4,15.0,30.0,50.0,0,1.6,1.2,-1.6,14.0,9.0,10.0,4.0,19.0,18.0,35.3,11.0,6.0,1.0,6.0,17.0,11.0,8.0,1.0,7.0,5.0,23.0,1.0,0.0,Matches,328.0,307.0,18.0,2.0,0.0,2.0,43.0,13.0,2.0,1.0,0.0,0.0,230.0,3.0,20.0,2,0,0.0,19,17.0,5.0,43.0,5.0,11.0,0.0,0.0,0.0,51.0,1.0,8.0,11.1,Italy
"{'name': 'Italy', 'id': '380', 'alpha3code': 'ITA', 'alpha2code': 'IT'}",77,Federico,,Bonazzoli,3204,1997-05-21,182,"{'code2': 'FW', 'code3': 'FWD', 'name': 'Forward'}","{'name': 'Italy', 'id': '380', 'alpha3code': 'ITA', 'alpha2code': 'IT'}",239298,left,F. Bonazzoli,3764,Federico Bonazzoli,Federico Bonazzoli,Federico Bonazzoli,it ITA,"FW,DF",SPAL,20.0,1997.0,2.0,31.0,38.0,81.6,526.0,70.0,15.0,16.0,93.8,13.0,16.0,81.3,2.0,3.0,66.7,0,0.1,0.1,-0.1,1.0,2.0,0.0,0.0,2.0,1.0,,0.0,1.0,0.0,0.0,0.0,0.0,3.0,0.0,3.0,0.0,1.0,0.0,0.0,Matches,38.0,36.0,2.0,0.0,0.0,0.0,1.0,0.0,1.0,1.0,0.0,0.0,31.0,0.0,1.0,0,0,0.0,6,7.0,0.0,1.0,0.0,0.0,0.0,0.0,0.0,3.0,0.0,6.0,0.0,Italy
"{'name': 'Italy', 'id': '380', 'alpha3code': 'ITA', 'alpha2code': 'IT'}",77,Federico,,Bonazzoli,3204,1997-05-21,182,"{'code2': 'FW', 'code3': 'FWD', 'name': 'Forward'}","{'name': 'Italy', 'id': '380', 'alpha3code': 'ITA', 'alpha2code': 'IT'}",239298,left,F. Bonazzoli,3764,Federico Bonazzoli,Federico Bonazzoli,Federico Bonazzoli,it ITA,FW,Sampdoria,20.0,1997.0,0.3,12.0,13.0,92.3,202.0,4.0,4.0,4.0,100.0,3.0,4.0,75.0,3.0,3.0,100.0,0,0.0,0.0,0.0,0.0,0.0,0.0,0.0,0.0,0.0,,0.0,0.0,0.0,0.0,0.0,0.0,0.0,0.0,0.0,0.0,0.0,0.0,0.0,Matches,13.0,13.0,0.0,0.0,0.0,0.0,0.0,0.0,0.0,0.0,0.0,0.0,12.0,0.0,0.0,0,0,0.0,0,0.0,1.0,0.0,0.0,0.0,0.0,0.0,0.0,1.0,1.0,0.0,100.0,Italy
"{'name': 'Libya', 'id': '434', 'alpha3code': 'LBY', 'alpha2code': 'LY'}",73,Ahmed,,Benali,3197,1992-02-07,173,"{'code2': 'MD', 'code3': 'MID', 'name': 'Midfielder'}","{'name': 'England', 'id': '0', 'alpha3code': 'XEN', 'alpha2code': ''}",10113,right,A. Benali,null,Ahmed Benali,Ahmad Benali,Ahmad Benali,ly LBY,MF,Crotone,25.0,1992.0,9.0,313.0,403.0,77.7,4782.0,1629.0,162.0,188.0,86.2,122.0,153.0,79.7,16.0,33.0,48.5,1,0.3,0.5,0.7,8.0,38.0,9.0,0.0,50.0,19.0,18.5,8.0,10.0,1.0,5.0,27.0,22.0,14.0,1.0,13.0,8.0,27.0,15.0,0.0,Matches,403.0,362.0,38.0,9.0,2.0,2.0,9.0,12.0,3.0,0.0,1.0,0.0,313.0,3.0,13.0,2,0,0.0,14,15.0,0.0,9.0,8.0,10.0,0.0,0.0,0.0,64.0,9.0,14.0,39.1,Italy
"{'name': 'Italy', 'id': '380', 'alpha3code': 'ITA', 'alpha2code': 'IT'}",65,Gianluca,,Gaudino,3165,1996-11-11,175,"{'code2': 'MD', 'code3': 'MID', 'name': 'Midfielder'}","{'name': 'Germany', 'id': '276', 'alpha3code': 'DEU', 'alpha2code': 'DE'}",272280,right,G. Gaudino,null,Gianluca Gaudino,Gianluca Gaudino,Gianluca Gaudino,de GER,MF,Chievo,20.0,1996.0,0.2,9.0,12.0,75.0,211.0,79.0,2.0,3.0,66.7,4.0,5.0,80.0,3.0,4.0,75.0,0,0.1,0.1,-0.1,1.0,1.0,0.0,0.0,2.0,0.0,,0.0,0.0,0.0,0.0,0.0,0.0,1.0,0.0,1.0,0.0,0.0,1.0,0.0,Matches,12.0,8.0,4.0,2.0,0.0,0.0,2.0,0.0,1.0,0.0,1.0,0.0,9.0,0.0,0.0,0,0,0.0,1,1.0,0.0,2.0,0.0,0.0,0.0,0.0,0.0,0.0,0.0,1.0,0.0,Italy
"{'name': 'Korea Republic', 'id': '410', 'alpha3code': 'KOR', 'alpha2code': 'KR'}",63,Seung-Woo,,Lee,3194,1998-01-06,173,"{'code2': 'FW', 'code3': 'FWD', 'name': 'Forward'}","{'name': 'Korea Republic', 'id': '410', 'alpha3code': 'KOR', 'alpha2code': 'KR'}",403546,right,Lee Seung-Woo,14855,Seung-Woo Lee,Lee Seung-woo,Lee Seung-woo,kr KOR,"MF,FW",Hellas Verona,19.0,1998.0,4.0,126.0,164.0,76.8,1825.0,384.0,69.0,79.0,87.3,37.0,49.0,75.5,9.0,15.0,60.0,0,0.1,0.3,-0.1,3.0,12.0,3.0,0.0,18.0,3.0,0.0,0.0,1.0,2.0,0.0,6.0,6.0,1.0,0.0,1.0,2.0,5.0,0.0,0.0,Matches,164.0,156.0,8.0,2.0,0.0,2.0,4.0,2.0,2.0,1.0,0.0,0.0,126.0,0.0,4.0,4,0,0.0,9,10.0,0.0,4.0,2.0,2.0,0.0,0.0,0.0,19.0,1.0,8.0,11.1,Italy
"{'name': 'Portugal', 'id': '620', 'alpha3code': 'PRT', 'alpha2code': 'PT'}",78,Gil,,Basti\u00e3o Dias,3176,1996-09-28,183,"{'code2': 'FW', 'code3': 'FWD', 'name': 'Forward'}","{'name': 'Portugal', 'id': '620', 'alpha3code': 'PRT', 'alpha2code': 'PT'}",338249,left,Gil Dias,9910,Gil Bastião Dias,Gil Bastião Dias,Gil Bastião Dias,pt POR,"FW,MF",Fiorentina,20.0,1996.0,13.2,370.0,480.0,77.1,5244.0,1221.0,227.0,271.0,83.8,109.0,135.0,80.7,18.0,31.0,58.1,3,1.1,0.8,1.9,22.0,20.0,16.0,1.0,43.0,49.0,39.6,28.0,15.0,6.0,19.0,48.0,29.0,23.0,0.0,23.0,19.0,68.0,12.0,1.0,Matches,480.0,462.0,17.0,1.0,2.0,4.0,17.0,15.0,1.0,0.0,0.0,0.0,370.0,1.0,20.0,1,0,0.0,24,15.0,4.0,17.0,19.0,31.0,0.0,0.0,0.0,76.0,9.0,18.0,33.3,Italy
"{'name': 'Poland', 'id': '616', 'alpha3code': 'POL', 'alpha2code': 'PL'}",75,Dawid,,Kownacki,3164,1997-03-14,187,"{'code2': 'FW', 'code3': 'FWD', 'name': 'Forward'}","{'name': 'Poland', 'id': '616', 'alpha3code': 'POL', 'alpha2code': 'PL'}",240042,right,D. Kownacki,13869,Dawid Kownacki,Dawid Kownacki,Dawid Kownacki,pl POL,FW,Sampdoria,20.0,1997.0,9.1,187.0,262.0,71.4,2440.0,355.0,120.0,144.0,83.3,53.0,76.0,69.7,7.0,15.0,46.7,2,1.0,0.8,1.0,8.0,8.0,6.0,1.0,14.0,8.0,27.3,1.0,4.0,3.0,3.0,11.0,8.0,7.0,0.0,7.0,1.0,9.0,5.0,0.0,Matches,262.0,245.0,17.0,1.0,0.0,0.0,16.0,2.0,0.0,0.0,0.0,0.0,187.0,0.0,12.0,0,0,0.0,15,16.0,1.0,16.0,1.0,7.0,1.0,0.0,0.0,24.0,28.0,27.0,50.9,Italy
"{'name': 'Italy', 'id': '380', 'alpha3code': 'ITA', 'alpha2code': 'IT'}",72,Andrea,,Nalini,3197,1990-06-20,180,"{'code2': 'FW', 'code3': 'FWD', 'name': 'Forward'}","{'name': 'Italy', 'id': '380', 'alpha3code': 'ITA', 'alpha2code': 'IT'}",272878,right,A. Nalini,null,Andrea Nalini,Andrea Nalini,Andrea Nalini,it ITA,"FW,MF",Crotone,27.0,1990.0,18.2,352.0,559.0,63.0,5628.0,1773.0,196.0,262.0,74.8,94.0,158.0,59.5,41.0,81.0,50.6,2,2.6,1.7,-0.6,18.0,35.0,18.0,14.0,39.0,43.0,64.0,22.0,16.0,5.0,16.0,25.0,9.0,25.0,2.0,23.0,15.0,58.0,19.0,1.0,Matches,559.0,549.0,8.0,0.0,0.0,8.0,47.0,4.0,1.0,1.0,0.0,0.0,352.0,2.0,22.0,2,0,0.0,47,30.0,20.0,47.0,15.0,32.0,2.0,0.0,0.0,88.0,52.0,77.0,40.3,Italy
"{'name': 'Korea DPR', 'id': '408', 'alpha3code': 'PRK', 'alpha2code': 'KP'}",70,Kwang-Song,,Han,3173,1998-09-11,178,"{'code2': 'FW', 'code3': 'FWD', 'name': 'Forward'}","{'name': 'Korea DPR', 'id': '408', 'alpha3code': 'PRK', 'alpha2code': 'KP'}",404209,right,Han Kwang-Song,19571,Kwang-Song Han,Han Kwang-song,Han Kwang-song,kp PRK,FW,Cagliari,18.0,1998.0,3.1,41.0,55.0,74.5,670.0,128.0,23.0,30.0,76.7,14.0,18.0,77.8,4.0,6.0,66.7,0,0.1,0.2,-0.1,1.0,5.0,1.0,1.0,4.0,1.0,0.0,0.0,0.0,1.0,0.0,4.0,4.0,4.0,0.0,4.0,0.0,1.0,0.0,0.0,Matches,55.0,55.0,0.0,0.0,0.0,0.0,5.0,0.0,0.0,0.0,0.0,0.0,41.0,0.0,2.0,0,0,0.0,4,1.0,6.0,5.0,0.0,1.0,0.0,0.0,0.0,5.0,5.0,10.0,33.3,Italy
"{'name': 'Italy', 'id': '380', 'alpha3code': 'ITA', 'alpha2code': 'IT'}",85,Marcello,,Trotta,3197,1992-09-29,188,"{'code2': 'FW', 'code3': 'FWD', 'name': 'Forward'}","{'name': 'Italy', 'id': '380', 'alpha3code': 'ITA', 'alpha2code': 'IT'}",11156,left,M. Trotta,null,Marcello Trotta,Marcello Trotta,Marcello Trotta,it ITA,FW,Crotone,24.0,1992.0,25.1,513.0,741.0,69.2,7790.0,1622.0,300.0,389.0,77.1,146.0,206.0,70.9,42.0,64.0,65.6,2,1.6,1.6,0.4,27.0,30.0,9.0,3.0,55.0,39.0,18.2,12.0,18.0,9.0,10.0,55.0,45.0,22.0,2.0,20.0,14.0,53.0,20.0,0.0,Matches,741.0,707.0,31.0,1.0,0.0,10.0,17.0,7.0,0.0,0.0,0.0,0.0,513.0,3.0,43.0,2,0,0.0,29,45.0,12.0,17.0,14.0,21.0,0.0,0.0,0.0,128.0,21.0,42.0,33.3,Italy
"{'name': 'Italy', 'id': '380', 'alpha3code': 'ITA', 'alpha2code': 'IT'}",70,Mattia,,Vitale,3204,1997-10-01,177,"{'code2': 'MD', 'code3': 'MID', 'name': 'Midfielder'}","{'name': 'Italy', 'id': '380', 'alpha3code': 'ITA', 'alpha2code': 'IT'}",339192,left,M. Vitale,null,Mattia Vitale,Mattia Vitale,Mattia Vitale,it ITA,"MF,FW",SPAL,19.0,1997.0,1.1,20.0,28.0,71.4,294.0,39.0,9.0,12.0,75.0,10.0,11.0,90.9,0.0,3.0,0.0,0,0.0,0.0,0.0,0.0,0.0,0.0,0.0,0.0,2.0,,2.0,0.0,0.0,0.0,0.0,0.0,1.0,0.0,1.0,3.0,5.0,1.0,0.0,Matches,28.0,28.0,0.0,0.0,0.0,0.0,1.0,0.0,0.0,0.0,0.0,0.0,20.0,0.0,1.0,1,0,0.0,1,0.0,0.0,1.0,3.0,1.0,0.0,0.0,0.0,5.0,0.0,0.0,,Italy
"{'name': ""C\\u00f4te d'Ivoire"", 'id': '384', 'alpha3code': 'CIV', 'alpha2code': 'CI'}",0,Siriki,,Sanogo,3219,2001-12-21,0,"{'code2': 'FW', 'code3': 'FWD', 'name': 'Forward'}","{'name': ""C\\u00f4te d'Ivoire"", 'id': '384', 'alpha3code': 'CIV', 'alpha2code': 'CI'}",564512,null,S. Sanogo,null,Siriki Sanogo,Siriki Sanogo,Siriki Sanogo,ci CIV,MF,Benevento,15.0,2001.0,0.4,14.0,18.0,77.8,237.0,30.0,6.0,8.0,75.0,8.0,8.0,100.0,0.0,1.0,0.0,0,0.0,0.0,0.0,0.0,0.0,0.0,0.0,1.0,1.0,,0.0,1.0,0.0,0.0,0.0,0.0,0.0,0.0,0.0,1.0,2.0,1.0,0.0,Matches,18.0,17.0,0.0,0.0,0.0,0.0,0.0,0.0,0.0,0.0,0.0,0.0,14.0,1.0,0.0,0,0,0.0,2,0.0,0.0,0.0,1.0,1.0,0.0,0.0,0.0,1.0,2.0,0.0,100.0,Italy
"{'name': 'Italy', 'id': '380', 'alpha3code': 'ITA', 'alpha2code': 'IT'}",65,Matteo,,Politano,3315,1993-08-03,171,"{'code2': 'FW', 'code3': 'FWD', 'name': 'Forward'}","{'name': 'Italy', 'id': '380', 'alpha3code': 'ITA', 'alpha2code': 'IT'}",208696,left,M. Politano,3757,Matteo Politano,Matteo Politano,Matteo Politano,it ITA,FW,Sassuolo,23.0,1993.0,31.2,720.0,1105.0,65.2,12213.0,3584.0,348.0,442.0,78.7,287.0,406.0,70.7,65.0,173.0,37.6,4,6.9,5.9,-2.9,62.0,60.0,41.0,13.0,102.0,23.0,9.4,8.0,10.0,5.0,3.0,32.0,29.0,13.0,2.0,11.0,14.0,37.0,13.0,0.0,Matches,1105.0,970.0,127.0,23.0,13.0,5.0,183.0,30.0,64.0,25.0,27.0,3.0,720.0,8.0,60.0,1,0,0.0,21,55.0,10.0,183.0,14.0,16.0,1.0,0.0,0.0,130.0,12.0,50.0,19.4,Italy
"{'name': 'Italy', 'id': '380', 'alpha3code': 'ITA', 'alpha2code': 'IT'}",77,Roberto,,Gagliardini,3161,1994-04-07,188,"{'code2': 'MD', 'code3': 'MID', 'name': 'Midfielder'}","{'name': 'Italy', 'id': '380', 'alpha3code': 'ITA', 'alpha2code': 'IT'}",241676,right,R. Gagliardini,null,Roberto Gagliardini,Roberto Gagliardini,Roberto Gagliardini,it ITA,MF,Inter,23.0,1994.0,22.1,1238.0,1473.0,84.0,19436.0,5252.0,640.0,715.0,89.5,460.0,532.0,86.5,89.0,136.0,65.4,0,1.4,1.2,-1.4,17.0,131.0,16.0,1.0,137.0,63.0,37.0,28.0,29.0,6.0,20.0,54.0,34.0,18.0,3.0,15.0,45.0,108.0,32.0,2.0,Matches,1473.0,1428.0,35.0,32.0,4.0,9.0,13.0,3.0,0.0,0.0,0.0,0.0,1238.0,10.0,18.0,8,0,0.0,47,35.0,1.0,13.0,45.0,45.0,0.0,0.0,0.0,147.0,61.0,29.0,67.8,Italy
"{'name': 'Italy', 'id': '380', 'alpha3code': 'ITA', 'alpha2code': 'IT'}",87,Adam,,Masina,3166,1994-01-02,191,"{'code2': 'DF', 'code3': 'DEF', 'name': 'Defender'}","{'name': 'Morocco', 'id': '504', 'alpha3code': 'MAR', 'alpha2code': 'MA'}",232822,left,A. Masina,null,Adam Masina,Adam Masina,Adam Masina,ma MAR,DF,Bologna,23.0,1994.0,31.4,1276.0,1662.0,76.8,21096.0,9195.0,648.0,771.0,84.0,512.0,642.0,79.8,93.0,171.0,54.4,1,1.8,1.9,-0.8,25.0,143.0,21.0,10.0,162.0,82.0,42.9,49.0,26.0,7.0,36.0,84.0,48.0,46.0,7.0,39.0,51.0,133.0,127.0,0.0,Matches,1662.0,1350.0,306.0,22.0,0.0,12.0,46.0,284.0,0.0,0.0,0.0,0.0,1276.0,6.0,38.0,8,1,0.0,56,23.0,5.0,46.0,51.0,57.0,0.0,2.0,0.0,163.0,115.0,48.0,70.6,Italy
"{'name': 'Italy', 'id': '380', 'alpha3code': 'ITA', 'alpha2code': 'IT'}",75,Alessandro,,Bastoni,3172,1999-04-13,190,"{'code2': 'DF', 'code3': 'DEF', 'name': 'Defender'}","{'name': 'Italy', 'id': '380', 'alpha3code': 'ITA', 'alpha2code': 'IT'}",405597,left,A. Bastoni,3761,Alessandro Bastoni,Alessandro Bastoni,Alessandro Bastoni,it ITA,DF,Atalanta,18.0,1999.0,1.0,70.0,86.0,81.4,1223.0,262.0,32.0,38.0,84.2,32.0,38.0,84.2,4.0,5.0,80.0,0,0.1,0.1,-0.1,2.0,4.0,0.0,0.0,6.0,2.0,100.0,2.0,0.0,0.0,1.0,1.0,0.0,0.0,0.0,0.0,1.0,3.0,3.0,0.0,Matches,86.0,72.0,14.0,3.0,0.0,2.0,0.0,11.0,0.0,0.0,0.0,0.0,70.0,0.0,4.0,0,0,0.0,2,6.0,0.0,0.0,1.0,2.0,0.0,0.0,0.0,6.0,0.0,3.0,0.0,Italy
"{'name': 'Italy', 'id': '380', 'alpha3code': 'ITA', 'alpha2code': 'IT'}",70,Mirko,,Antonucci,3158,1999-03-11,181,"{'code2': 'FW', 'code3': 'FWD', 'name': 'Forward'}","{'name': 'Italy', 'id': '380', 'alpha3code': 'ITA', 'alpha2code': 'IT'}",405602,right,M. Antonucci,null,Mirko Antonucci,Mirko Antonucci,Mirko Antonucci,it ITA,FW,Roma,18.0,1999.0,0.3,12.0,16.0,75.0,178.0,27.0,3.0,5.0,60.0,5.0,7.0,71.4,1.0,1.0,100.0,1,0.4,0.2,0.6,2.0,0.0,1.0,1.0,1.0,0.0,,0.0,0.0,0.0,0.0,0.0,0.0,0.0,0.0,0.0,0.0,0.0,0.0,0.0,Matches,16.0,15.0,1.0,0.0,0.0,0.0,5.0,1.0,0.0,0.0,0.0,0.0,12.0,0.0,1.0,0,0,0.0,0,1.0,0.0,5.0,0.0,0.0,0.0,0.0,0.0,0.0,0.0,0.0,,Italy
"{'name': 'Italy', 'id': '380', 'alpha3code': 'ITA', 'alpha2code': 'IT'}",72,Domenico,,Berardi,3315,1994-08-01,183,"{'code2': 'FW', 'code3': 'FWD', 'name': 'Forward'}","{'name': 'Italy', 'id': '380', 'alpha3code': 'ITA', 'alpha2code': 'IT'}",209400,left,D. Berardi,3757,Domenico Berardi,Domenico Berardi,Domenico Berardi,it ITA,FW,Sassuolo,22.0,1994.0,25.5,642.0,986.0,65.1,11339.0,3272.0,269.0,352.0,76.4,286.0,408.0,70.1,63.0,151.0,41.7,2,3.7,4.0,-1.7,52.0,49.0,31.0,7.0,113.0,31.0,16.9,9.0,16.0,6.0,11.0,65.0,54.0,23.0,0.0,23.0,17.0,48.0,14.0,1.0,Matches,986.0,890.0,94.0,20.0,16.0,8.0,120.0,9.0,64.0,38.0,17.0,0.0,642.0,2.0,50.0,8,1,0.0,42,48.0,21.0,120.0,17.0,17.0,0.0,0.0,0.0,116.0,16.0,34.0,32.0,Italy
"{'name': 'Italy', 'id': '380', 'alpha3code': 'ITA', 'alpha2code': 'IT'}",73,Riccardo,,Orsolini,3166,1997-01-24,183,"{'code2': 'FW', 'code3': 'FWD', 'name': 'Forward'}","{'name': 'Italy', 'id': '380', 'alpha3code': 'ITA', 'alpha2code': 'IT'}",373768,left,R. Orsolini,3763,Riccardo Orsolini,Riccardo Orsolini,Riccardo Orsolini,it ITA,"MF,FW",Atalanta,20.0,1997.0,1.4,38.0,55.0,69.1,527.0,102.0,18.0,24.0,75.0,15.0,18.0,83.3,1.0,6.0,16.7,0,0.5,0.3,-0.5,4.0,1.0,1.0,0.0,4.0,3.0,100.0,3.0,0.0,0.0,1.0,1.0,0.0,1.0,0.0,1.0,0.0,3.0,0.0,0.0,Matches,55.0,51.0,4.0,1.0,0.0,0.0,7.0,1.0,2.0,1.0,1.0,0.0,38.0,0.0,2.0,0,0,0.0,5,3.0,2.0,7.0,0.0,2.0,1.0,0.0,0.0,7.0,3.0,3.0,50.0,Italy
"{'name': 'Italy', 'id': '380', 'alpha3code': 'ITA', 'alpha2code': 'IT'}",73,Riccardo,,Orsolini,3166,1997-01-24,183,"{'code2': 'FW', 'code3': 'FWD', 'name': 'Forward'}","{'name': 'Italy', 'id': '380', 'alpha3code': 'ITA', 'alpha2code': 'IT'}",373768,left,R. Orsolini,3763,Riccardo Orsolini,Riccardo Orsolini,Riccardo Orsolini,it ITA,"FW,DF",Bologna,20.0,1997.0,3.8,76.0,113.0,67.3,1317.0,401.0,38.0,49.0,77.6,29.0,43.0,67.4,7.0,16.0,43.8,1,1.0,0.6,0.0,5.0,7.0,3.0,2.0,10.0,5.0,20.0,4.0,1.0,0.0,1.0,5.0,4.0,2.0,1.0,1.0,3.0,8.0,4.0,0.0,Matches,113.0,107.0,5.0,0.0,0.0,0.0,10.0,5.0,0.0,0.0,0.0,0.0,76.0,1.0,2.0,0,0,0.0,7,9.0,2.0,10.0,3.0,5.0,0.0,0.0,0.0,17.0,6.0,6.0,50.0,Italy
"{'name': 'Italy', 'id': '380', 'alpha3code': 'ITA', 'alpha2code': 'IT'}",74,Amadou,,Diawara,3187,1997-07-17,184,"{'code2': 'MD', 'code3': 'MID', 'name': 'Midfielder'}","{'name': 'Guinea', 'id': '324', 'alpha3code': 'GIN', 'alpha2code': 'GN'}",374013,right,A. Diawara,null,Amadou Diawara,Amadou Diawara,Amadou Diawara,gn GUI,MF,Napoli,20.0,1997.0,7.3,681.0,739.0,92.2,9974.0,2341.0,395.0,413.0,95.6,229.0,247.0,92.7,30.0,46.0,65.2,0,0.2,0.5,-0.2,5.0,57.0,6.0,0.0,51.0,11.0,14.3,3.0,7.0,1.0,1.0,7.0,6.0,12.0,2.0,10.0,9.0,20.0,5.0,0.0,Matches,739.0,716.0,23.0,23.0,2.0,3.0,5.0,0.0,0.0,0.0,0.0,0.0,681.0,0.0,3.0,1,0,0.0,12,4.0,0.0,5.0,9.0,9.0,0.0,0.0,0.0,65.0,2.0,4.0,33.3,Italy
"{'name': 'Italy', 'id': '380', 'alpha3code': 'ITA', 'alpha2code': 'IT'}",78,Luca,,Crosta,3173,1998-02-23,190,"{'code2': 'GK', 'code3': 'GKP', 'name': 'Goalkeeper'}","{'name': 'Italy', 'id': '380', 'alpha3code': 'ITA', 'alpha2code': 'IT'}",472938,right,L. Crosta,null,Luca Crosta,Luca Crosta,Luca Crosta,it ITA,GK,Cagliari,19.0,1998.0,1.0,12.0,23.0,52.2,351.0,253.0,1.0,1.0,100.0,5.0,6.0,83.3,6.0,15.0,40.0,0,0.0,0.0,0.0,0.0,0.0,0.0,0.0,0.0,0.0,,0.0,0.0,0.0,0.0,0.0,0.0,0.0,0.0,0.0,0.0,0.0,1.0,0.0,Matches,23.0,10.0,12.0,2.0,0.0,0.0,0.0,0.0,0.0,0.0,0.0,0.0,12.0,1.0,0.0,0,0,0.0,1,0.0,0.0,0.0,0.0,0.0,0.0,1.0,0.0,1.0,0.0,0.0,,Italy
"{'name': 'Switzerland', 'id': '756', 'alpha3code': 'CHE', 'alpha2code': 'CH'}",74,Nicolas,,Haas,3172,1996-01-23,178,"{'code2': 'MD', 'code3': 'MID', 'name': 'Midfielder'}","{'name': 'Switzerland', 'id': '756', 'alpha3code': 'CHE', 'alpha2code': 'CH'}",342075,right,N. Haas,6704,Nicolas Haas,Nicolas Haas,Nicolas Haas,ch SUI,MF,Atalanta,21.0,1996.0,1.9,79.0,94.0,84.0,1271.0,466.0,41.0,45.0,91.1,28.0,32.0,87.5,7.0,11.0,63.6,0,0.0,0.1,0.0,1.0,10.0,3.0,1.0,13.0,1.0,0.0,1.0,0.0,0.0,0.0,2.0,2.0,1.0,1.0,0.0,1.0,2.0,4.0,1.0,Matches,94.0,93.0,0.0,0.0,0.0,1.0,2.0,0.0,0.0,0.0,0.0,0.0,79.0,1.0,2.0,0,0,0.0,1,1.0,0.0,2.0,1.0,1.0,0.0,0.0,0.0,18.0,0.0,2.0,0.0,Italy
"{'name': 'Italy', 'id': '380', 'alpha3code': 'ITA', 'alpha2code': 'IT'}",82,Cristian,,Molinaro,3185,1983-07-30,182,"{'code2': 'DF', 'code3': 'DEF', 'name': 'Defender'}","{'name': 'Italy', 'id': '380', 'alpha3code': 'ITA', 'alpha2code': 'IT'}",14745,left,C. Molinaro,null,Cristian Molinaro,Cristian Molinaro,Cristian Molinaro,it ITA,DF,Torino,34.0,1983.0,17.4,809.0,1025.0,78.9,13029.0,5522.0,417.0,457.0,91.2,304.0,372.0,81.7,65.0,140.0,46.4,1,0.5,0.7,0.5,10.0,73.0,11.0,3.0,94.0,37.0,61.1,19.0,14.0,4.0,11.0,18.0,7.0,15.0,4.0,11.0,22.0,59.0,70.0,1.0,Matches,1025.0,829.0,194.0,22.0,0.0,6.0,33.0,172.0,0.0,0.0,0.0,0.0,809.0,2.0,25.0,2,0,0.0,25,19.0,2.0,33.0,22.0,29.0,0.0,2.0,0.0,129.0,23.0,7.0,76.7,Italy
"{'name': 'Croatia', 'id': '191', 'alpha3code': 'HRV', 'alpha2code': 'HR'}",80,Ivan,,Peri\u0161i\u0107,3161,1989-02-02,186,"{'code2': 'MD', 'code3': 'MID', 'name': 'Midfielder'}","{'name': 'Croatia', 'id': '191', 'alpha3code': 'HRV', 'alpha2code': 'HR'}",14812,right,I. Peri\u0161i\u0107,9598,Ivan Perišić,Ivan Perišić,Ivan Perišić,hr CRO,FW,Inter,28.0,1989.0,36.8,1102.0,1629.0,67.6,16877.0,3759.0,604.0,751.0,80.4,357.0,541.0,66.0,86.0,171.0,50.3,7,8.8,8.0,-1.8,74.0,52.0,54.0,17.0,116.0,47.0,14.3,15.0,23.0,9.0,8.0,56.0,48.0,47.0,6.0,41.0,45.0,92.0,62.0,0.0,Matches,1629.0,1570.0,54.0,3.0,8.0,13.0,200.0,35.0,14.0,0.0,0.0,0.0,1102.0,5.0,90.0,4,0,0.0,27,20.0,26.0,200.0,45.0,31.0,0.0,0.0,1.0,137.0,66.0,62.0,51.6,Italy
"{'name': 'Germany', 'id': '276', 'alpha3code': 'DEU', 'alpha2code': 'DE'}",82,Benedikt,,H\u00f6wedes,3159,1988-02-29,187,"{'code2': 'DF', 'code3': 'DEF', 'name': 'Defender'}","{'name': 'Germany', 'id': '276', 'alpha3code': 'DEU', 'alpha2code': 'DE'}",14855,right,B. H\u00f6wedes,null,Benedikt Höwedes,Benedikt Höwedes,Benedikt Höwedes,de GER,DF,Juventus,29.0,1988.0,2.7,201.0,216.0,93.1,3617.0,1207.0,74.0,76.0,97.4,115.0,118.0,97.5,11.0,20.0,55.0,0,0.1,0.1,-0.1,2.0,8.0,2.0,2.0,13.0,1.0,,1.0,0.0,0.0,0.0,0.0,0.0,0.0,0.0,0.0,8.0,9.0,10.0,1.0,Matches,216.0,208.0,8.0,3.0,0.0,1.0,2.0,5.0,0.0,0.0,0.0,0.0,201.0,0.0,0.0,1,0,0.0,3,2.0,0.0,2.0,8.0,1.0,0.0,0.0,0.0,11.0,2.0,3.0,40.0,Italy
"{'name': 'Italy', 'id': '380', 'alpha3code': 'ITA', 'alpha2code': 'IT'}",75,Jacopo,,Sala,3164,1991-12-05,181,"{'code2': 'DF', 'code3': 'DEF', 'name': 'Defender'}","{'name': 'Italy', 'id': '380', 'alpha3code': 'ITA', 'alpha2code': 'IT'}",14904,right,J. Sala,null,Jacopo Sala,Jacopo Sala,Jacopo Sala,it ITA,DF,Sampdoria,25.0,1991.0,11.0,632.0,749.0,84.4,11116.0,3574.0,298.0,321.0,92.8,256.0,291.0,88.0,64.0,108.0,59.3,0,0.2,0.3,-0.2,4.0,50.0,9.0,2.0,62.0,17.0,40.0,12.0,4.0,1.0,4.0,10.0,6.0,9.0,1.0,8.0,8.0,25.0,28.0,2.0,Matches,749.0,651.0,98.0,14.0,0.0,4.0,24.0,84.0,0.0,0.0,0.0,0.0,632.0,0.0,19.0,1,1,0.0,12,15.0,0.0,24.0,8.0,10.0,0.0,1.0,0.0,69.0,7.0,8.0,46.7,Italy
"{'name': 'Croatia', 'id': '191', 'alpha3code': 'HRV', 'alpha2code': 'HR'}",84,Mario,,Mand\u017euki\u0107,3159,1986-01-14,187,"{'code2': 'FW', 'code3': 'FWD', 'name': 'Forward'}","{'name': 'Croatia', 'id': '191', 'alpha3code': 'HRV', 'alpha2code': 'HR'}",14943,right,M. Mand\u017euki\u0107,9598,Mario Mandžukić,Mario Mandžukić,Mario Mandžukić,hr CRO,FW,Juventus,31.0,1986.0,25.8,739.0,995.0,74.3,11107.0,1918.0,418.0,520.0,80.4,232.0,299.0,77.6,50.0,79.0,63.3,1,2.1,2.4,-1.1,25.0,30.0,14.0,1.0,60.0,36.0,27.6,13.0,11.0,12.0,8.0,29.0,21.0,20.0,3.0,17.0,25.0,61.0,42.0,2.0,Matches,995.0,959.0,31.0,4.0,3.0,17.0,19.0,22.0,1.0,0.0,0.0,0.0,739.0,5.0,33.0,5,1,1.0,23,33.0,13.0,19.0,25.0,23.0,0.0,0.0,0.0,125.0,78.0,49.0,61.4,Italy
"{'name': 'Italy', 'id': '380', 'alpha3code': 'ITA', 'alpha2code': 'IT'}",78,Alessio,,Romagnoli,3157,1995-01-12,188,"{'code2': 'DF', 'code3': 'DEF', 'name': 'Defender'}","{'name': 'Italy', 'id': '380', 'alpha3code': 'ITA', 'alpha2code': 'IT'}",146588,left,A. Romagnoli,null,Alessio Romagnoli,Alessio Romagnoli,Alessio Romagnoli,it ITA,DF,Milan,22.0,1995.0,26.1,1356.0,1491.0,90.9,27291.0,9911.0,382.0,405.0,94.3,800.0,834.0,95.9,162.0,221.0,73.3,0,0.3,0.3,-0.3,7.0,72.0,0.0,0.0,81.0,20.0,64.3,17.0,2.0,1.0,9.0,14.0,5.0,24.0,14.0,10.0,23.0,43.0,154.0,1.0,Matches,1491.0,1431.0,57.0,32.0,0.0,3.0,5.0,25.0,0.0,0.0,0.0,0.0,1356.0,3.0,11.0,9,1,1.0,31,10.0,2.0,5.0,23.0,14.0,0.0,0.0,0.0,96.0,69.0,36.0,65.7,Italy
"{'name': 'Italy', 'id': '380', 'alpha3code': 'ITA', 'alpha2code': 'IT'}",75,Federico,,Mattiello,3204,1995-07-14,182,"{'code2': 'DF', 'code3': 'DEF', 'name': 'Defender'}","{'name': 'Italy', 'id': '380', 'alpha3code': 'ITA', 'alpha2code': 'IT'}",146590,right,F. Mattiello,null,Federico Mattiello,Federico Mattiello,Federico Mattiello,it ITA,DF,SPAL,22.0,1995.0,24.5,654.0,872.0,75.0,9964.0,3486.0,361.0,402.0,89.8,236.0,317.0,74.4,34.0,92.0,37.0,0,1.1,0.8,-1.1,10.0,35.0,8.0,3.0,45.0,59.0,47.7,31.0,22.0,6.0,21.0,44.0,23.0,53.0,15.0,38.0,64.0,123.0,66.0,0.0,Matches,872.0,691.0,176.0,6.0,0.0,3.0,54.0,170.0,0.0,0.0,0.0,0.0,654.0,5.0,31.0,8,1,1.0,43,42.0,1.0,54.0,64.0,40.0,0.0,0.0,0.0,121.0,19.0,22.0,46.3,Italy
"{'name': 'Turkey', 'id': '792', 'alpha3code': 'TUR', 'alpha2code': 'TR'}",76,Hakan,,\u00c7alhano\u011flu,3157,1994-02-08,178,"{'code2': 'MD', 'code3': 'MID', 'name': 'Midfielder'}","{'name': 'Germany', 'id': '276', 'alpha3code': 'DEU', 'alpha2code': 'DE'}",15524,right,H. \u00c7alhano\u011flu,null,Hakan Çalhanoğlu,Hakan Çalhanoğlu,Hakan Çalhanoğlu,tr TUR,"FW,MF",Milan,23.0,1994.0,24.1,1034.0,1373.0,75.3,19177.0,4569.0,476.0,551.0,86.4,379.0,468.0,81.0,150.0,272.0,55.1,6,7.1,5.4,-1.1,71.0,95.0,46.0,11.0,129.0,37.0,25.8,11.0,18.0,8.0,8.0,31.0,23.0,29.0,2.0,27.0,22.0,59.0,15.0,0.0,Matches,1373.0,1201.0,162.0,42.0,3.0,40.0,155.0,21.0,98.0,40.0,39.0,0.0,1034.0,10.0,39.0,7,1,1.0,37,24.0,7.0,155.0,22.0,27.0,0.0,0.0,0.0,122.0,6.0,27.0,18.2,Italy
"{'name': 'Italy', 'id': '380', 'alpha3code': 'ITA', 'alpha2code': 'IT'}",78,Gabriele,,Marchegiani,,1996-06-03,183,"{'code2': 'GK', 'code3': 'GKP', 'name': 'Goalkeeper'}","{'name': 'Italy', 'id': '380', 'alpha3code': 'ITA', 'alpha2code': 'IT'}",343915,right,G. Marchegiani,null,Gabriele Marchegiani,Gabriele Marchegiani,Gabriele Marchegiani,it ITA,GK,SPAL,21.0,1996.0,0.0,0.0,0.0,,0.0,0.0,0.0,0.0,,0.0,0.0,,0.0,0.0,,0,0.0,0.0,0.0,0.0,0.0,0.0,0.0,0.0,0.0,,0.0,0.0,0.0,0.0,0.0,0.0,0.0,0.0,0.0,0.0,0.0,0.0,0.0,Matches,0.0,0.0,0.0,0.0,0.0,0.0,0.0,0.0,0.0,0.0,0.0,0.0,0.0,0.0,0.0,0,0,0.0,0,0.0,0.0,0.0,0.0,0.0,0.0,0.0,0.0,0.0,0.0,0.0,,Italy
"{'name': 'Italy', 'id': '380', 'alpha3code': 'ITA', 'alpha2code': 'IT'}",64,Daniele,,Verde,3194,1996-06-20,168,"{'code2': 'FW', 'code3': 'FWD', 'name': 'Forward'}","{'name': 'Italy', 'id': '380', 'alpha3code': 'ITA', 'alpha2code': 'IT'}",343925,left,D. Verde,3763,Daniele Verde,Daniele Verde,Daniele Verde,it ITA,"FW,MF",Hellas Verona,21.0,1996.0,21.7,467.0,705.0,66.2,7855.0,3166.0,238.0,300.0,79.3,159.0,234.0,67.9,50.0,122.0,41.0,2,2.0,1.5,0.0,22.0,45.0,32.0,17.0,68.0,10.0,30.0,8.0,1.0,1.0,6.0,20.0,14.0,8.0,0.0,8.0,30.0,40.0,19.0,0.0,Matches,705.0,597.0,103.0,18.0,1.0,8.0,106.0,48.0,30.0,2.0,17.0,0.0,467.0,5.0,21.0,0,0,0.0,2,12.0,7.0,106.0,30.0,9.0,0.0,0.0,0.0,97.0,0.0,5.0,0.0,Italy
"{'name': 'Belgium', 'id': '56', 'alpha3code': 'BEL', 'alpha2code': 'BE'}",73,Samuel,,Bastien,3165,1996-09-26,177,"{'code2': 'MD', 'code3': 'MID', 'name': 'Midfielder'}","{'name': 'Belgium', 'id': '56', 'alpha3code': 'BEL', 'alpha2code': 'BE'}",278813,right,S. Bastien,5635,Samuel Bastien,Samuel Bastien,Samuel Bastien,cd COD,MF,Chievo,20.0,1996.0,15.1,394.0,481.0,81.9,6173.0,1192.0,196.0,226.0,86.7,146.0,164.0,89.0,31.0,48.0,64.6,0,0.3,0.4,-0.3,7.0,26.0,4.0,2.0,34.0,17.0,30.4,7.0,8.0,2.0,7.0,23.0,16.0,23.0,2.0,21.0,18.0,35.0,25.0,0.0,Matches,481.0,472.0,8.0,2.0,1.0,6.0,12.0,5.0,0.0,0.0,0.0,0.0,394.0,1.0,11.0,4,1,1.0,17,15.0,3.0,12.0,18.0,13.0,0.0,0.0,0.0,74.0,15.0,28.0,34.9,Italy
"{'name': 'Italy', 'id': '380', 'alpha3code': 'ITA', 'alpha2code': 'IT'}",79,Edoardo,,Goldaniga,3315,1993-11-02,188,"{'code2': 'DF', 'code3': 'DEF', 'name': 'Defender'}","{'name': 'Italy', 'id': '380', 'alpha3code': 'ITA', 'alpha2code': 'IT'}",246059,right,E. Goldaniga,null,Edoardo Goldaniga,Edoardo Goldaniga,Edoardo Goldaniga,it ITA,DF,Sassuolo,23.0,1993.0,12.8,267.0,376.0,71.0,6075.0,2014.0,62.0,77.0,80.5,152.0,187.0,81.3,52.0,100.0,52.0,0,0.2,0.4,-0.2,1.0,14.0,1.0,0.0,18.0,14.0,55.6,10.0,4.0,0.0,5.0,9.0,4.0,10.0,5.0,5.0,19.0,33.0,56.0,0.0,Matches,376.0,336.0,37.0,12.0,0.0,8.0,1.0,25.0,0.0,0.0,0.0,0.0,267.0,3.0,6.0,7,2,2.0,13,11.0,1.0,1.0,19.0,8.0,0.0,0.0,0.0,41.0,19.0,18.0,51.4,Italy
"{'name': 'Italy', 'id': '380', 'alpha3code': 'ITA', 'alpha2code': 'IT'}",75,Federico,,Bernardeschi,3159,1994-02-16,183,"{'code2': 'MD', 'code3': 'MID', 'name': 'Midfielder'}","{'name': 'Italy', 'id': '380', 'alpha3code': 'ITA', 'alpha2code': 'IT'}",246061,left,F. Bernardeschi,null,Federico Bernardeschi,Federico Bernardeschi,Federico Bernardeschi,it ITA,"FW,MF",Juventus,23.0,1994.0,9.4,304.0,380.0,80.0,5531.0,1191.0,141.0,161.0,87.6,114.0,134.0,85.1,37.0,58.0,63.8,3,2.0,1.7,1.0,14.0,18.0,17.0,2.0,40.0,8.0,14.3,4.0,3.0,1.0,1.0,7.0,6.0,9.0,0.0,9.0,11.0,19.0,18.0,1.0,Matches,380.0,368.0,9.0,2.0,4.0,15.0,25.0,2.0,5.0,3.0,1.0,0.0,304.0,3.0,12.0,4,0,0.0,17,25.0,1.0,25.0,11.0,5.0,1.0,0.0,0.0,47.0,4.0,2.0,66.7,Italy
"{'name': 'Italy', 'id': '380', 'alpha3code': 'ITA', 'alpha2code': 'IT'}",62,Stefano,,Sensi,3315,1995-08-05,168,"{'code2': 'MD', 'code3': 'MID', 'name': 'Midfielder'}","{'name': 'Italy', 'id': '380', 'alpha3code': 'ITA', 'alpha2code': 'IT'}",246063,right,S. Sensi,null,Stefano Sensi,Stefano Sensi,Stefano Sensi,it ITA,MF,Sassuolo,21.0,1995.0,11.6,444.0,555.0,80.0,9244.0,2869.0,157.0,178.0,88.2,198.0,231.0,85.7,84.0,128.0,65.6,0,1.2,1.2,-1.2,22.0,61.0,12.0,3.0,73.0,17.0,40.9,11.0,6.0,0.0,9.0,22.0,13.0,16.0,3.0,13.0,22.0,39.0,10.0,1.0,Matches,555.0,490.0,64.0,35.0,2.0,5.0,44.0,1.0,24.0,17.0,6.0,0.0,444.0,1.0,8.0,2,0,0.0,15,29.0,0.0,44.0,22.0,13.0,1.0,0.0,0.0,95.0,3.0,9.0,25.0,Italy
"{'name': 'Italy', 'id': '380', 'alpha3code': 'ITA', 'alpha2code': 'IT'}",75,Rolando,,Mandragora,3197,1997-06-29,183,"{'code2': 'MD', 'code3': 'MID', 'name': 'Midfielder'}","{'name': 'Italy', 'id': '380', 'alpha3code': 'ITA', 'alpha2code': 'IT'}",302799,left,R. Mandragora,3757,Rolando Mandragora,Rolando Mandragora,Rolando Mandragora,it ITA,MF,Crotone,20.0,1997.0,36.0,1084.0,1377.0,78.7,18783.0,5949.0,472.0,563.0,83.8,463.0,560.0,82.7,99.0,160.0,61.9,0,1.6,2.4,-1.6,24.0,109.0,13.0,3.0,159.0,91.0,37.7,48.0,34.0,9.0,26.0,69.0,43.0,41.0,13.0,28.0,86.0,177.0,75.0,0.0,Matches,1377.0,1287.0,82.0,60.0,3.0,9.0,42.0,2.0,20.0,15.0,1.0,0.0,1084.0,8.0,22.0,8,0,0.0,54,58.0,2.0,42.0,86.0,60.0,0.0,1.0,0.0,213.0,64.0,70.0,47.8,Italy
"{'name': 'Czech Republic', 'id': '203', 'alpha3code': 'CZE', 'alpha2code': 'CZ'}",68,Ladislav,,Krej\u010d\u00ed,3166,1992-07-05,180,"{'code2': 'FW', 'code3': 'FWD', 'name': 'Forward'}","{'name': 'Czech Republic', 'id': '203', 'alpha3code': 'CZE', 'alpha2code': 'CZ'}",82266,left,L. Krej\u010d\u00ed,null,Ladislav Krejčí,Ladislav Krejčí,Ladislav Krejčí,cz CZE,"MF,FW",Bologna,25.0,1992.0,4.4,119.0,158.0,75.3,1733.0,302.0,67.0,86.0,77.9,42.0,56.0,75.0,6.0,8.0,75.0,0,0.1,0.2,-0.1,3.0,5.0,3.0,1.0,9.0,7.0,20.0,1.0,3.0,3.0,1.0,5.0,4.0,3.0,0.0,3.0,2.0,9.0,3.0,0.0,Matches,158.0,153.0,5.0,0.0,0.0,0.0,10.0,5.0,0.0,0.0,0.0,0.0,119.0,0.0,5.0,0,0,0.0,1,3.0,0.0,10.0,2.0,5.0,0.0,0.0,0.0,15.0,4.0,4.0,50.0,Italy
"{'name': 'Italy', 'id': '380', 'alpha3code': 'ITA', 'alpha2code': 'IT'}",80,Marco,,Benassi,3176,1994-09-08,184,"{'code2': 'MD', 'code3': 'MID', 'name': 'Midfielder'}","{'name': 'Italy', 'id': '380', 'alpha3code': 'ITA', 'alpha2code': 'IT'}",22380,right,M. Benassi,null,Marco Benassi,Marco Benassi,Marco Benassi,it ITA,"MF,FW",Fiorentina,22.0,1994.0,30.9,988.0,1345.0,73.5,15213.0,5072.0,545.0,668.0,81.6,335.0,444.0,75.5,64.0,121.0,52.9,3,3.1,2.5,-0.1,40.0,116.0,33.0,10.0,152.0,54.0,32.7,18.0,22.0,14.0,17.0,52.0,35.0,52.0,2.0,50.0,28.0,82.0,36.0,0.0,Matches,1345.0,1308.0,29.0,9.0,8.0,6.0,66.0,15.0,2.0,0.0,1.0,0.0,988.0,8.0,40.0,6,0,0.0,36,22.0,4.0,66.0,28.0,38.0,0.0,0.0,0.0,150.0,30.0,62.0,32.6,Italy
"{'name': 'Italy', 'id': '380', 'alpha3code': 'ITA', 'alpha2code': 'IT'}",85,Andrea,,Petagna,3172,1995-06-30,188,"{'code2': 'FW', 'code3': 'FWD', 'name': 'Forward'}","{'name': 'Italy', 'id': '380', 'alpha3code': 'ITA', 'alpha2code': 'IT'}",246175,left,A. Petagna,null,Andrea Petagna,Andrea Petagna,Andrea Petagna,it ITA,FW,Atalanta,22.0,1995.0,18.0,380.0,525.0,72.4,6244.0,947.0,207.0,258.0,80.2,112.0,150.0,74.7,38.0,53.0,71.7,5,4.1,2.6,0.9,29.0,21.0,19.0,2.0,45.0,8.0,9.1,2.0,4.0,2.0,1.0,11.0,10.0,14.0,3.0,11.0,4.0,12.0,5.0,0.0,Matches,525.0,480.0,43.0,3.0,5.0,17.0,20.0,8.0,0.0,0.0,0.0,0.0,380.0,2.0,26.0,6,0,0.0,25,37.0,8.0,20.0,4.0,3.0,1.0,1.0,0.0,61.0,25.0,25.0,50.0,Italy
"{'name': 'Albania', 'id': '8', 'alpha3code': 'ALB', 'alpha2code': 'AL'}",83,Arlind,,Ajeti,3197,1993-09-25,184,"{'code2': 'DF', 'code3': 'DEF', 'name': 'Defender'}","{'name': 'Switzerland', 'id': '756', 'alpha3code': 'CHE', 'alpha2code': 'CH'}",49857,right,A. Ajeti,8731,Arlind Ajeti,Arlind Ajeti,Arlind Ajeti,al ALB,DF,Crotone,23.0,1993.0,14.1,282.0,362.0,77.9,5865.0,2708.0,89.0,104.0,85.6,140.0,165.0,84.8,51.0,84.0,60.7,1,1.0,0.9,0.0,4.0,16.0,1.0,0.0,20.0,42.0,60.0,25.0,14.0,3.0,18.0,30.0,12.0,27.0,15.0,12.0,34.0,76.0,82.0,0.0,Matches,362.0,348.0,13.0,13.0,0.0,2.0,0.0,0.0,0.0,0.0,0.0,0.0,282.0,1.0,5.0,7,0,0.0,19,6.0,0.0,0.0,34.0,23.0,0.0,1.0,0.0,75.0,20.0,27.0,42.6,Italy
"{'name': 'Bosnia-Herzegovina', 'id': '70', 'alpha3code': 'BIH', 'alpha2code': 'BA'}",77,Daniel,,Pavlovic,3197,1988-04-22,183,"{'code2': 'DF', 'code3': 'DEF', 'name': 'Defender'}","{'name': 'Switzerland', 'id': '756', 'alpha3code': 'CHE', 'alpha2code': 'CH'}",49979,left,D. Pavlovic,null,Daniel Pavlovic,Daniel Pavlović,Daniel Pavlović,ba BIH,DF,Crotone,29.0,1988.0,8.4,222.0,357.0,62.2,4138.0,2206.0,99.0,121.0,81.8,87.0,131.0,66.4,32.0,83.0,38.6,0,1.0,1.2,-1.0,10.0,18.0,5.0,1.0,26.0,10.0,50.0,9.0,0.0,1.0,5.0,10.0,5.0,4.0,3.0,1.0,5.0,15.0,22.0,0.0,Matches,357.0,263.0,88.0,22.0,0.0,0.0,39.0,53.0,13.0,7.0,6.0,0.0,222.0,6.0,10.0,0,0,0.0,7,1.0,0.0,39.0,5.0,5.0,0.0,1.0,0.0,25.0,7.0,7.0,50.0,Italy
"{'name': 'Bosnia-Herzegovina', 'id': '70', 'alpha3code': 'BIH', 'alpha2code': 'BA'}",77,Daniel,,Pavlovic,3197,1988-04-22,183,"{'code2': 'DF', 'code3': 'DEF', 'name': 'Defender'}","{'name': 'Switzerland', 'id': '756', 'alpha3code': 'CHE', 'alpha2code': 'CH'}",49979,left,D. Pavlovic,null,Daniel Pavlovic,Daniel Pavlović,Daniel Pavlović,ba BIH,DF,Sampdoria,29.0,1988.0,1.0,52.0,67.0,77.6,945.0,307.0,15.0,19.0,78.9,30.0,35.0,85.7,5.0,9.0,55.6,0,0.0,0.0,0.0,1.0,4.0,2.0,1.0,5.0,3.0,100.0,1.0,1.0,1.0,1.0,1.0,0.0,0.0,0.0,0.0,0.0,3.0,5.0,0.0,Matches,67.0,57.0,9.0,2.0,0.0,1.0,3.0,7.0,0.0,0.0,0.0,0.0,52.0,1.0,1.0,0,0,0.0,0,0.0,0.0,3.0,0.0,1.0,0.0,0.0,0.0,0.0,2.0,0.0,100.0,Italy
"{'name': 'Switzerland', 'id': '756', 'alpha3code': 'CHE', 'alpha2code': 'CH'}",77,Remo,,Freuler,3172,1992-04-15,181,"{'code2': 'MD', 'code3': 'MID', 'name': 'Midfielder'}","{'name': 'Switzerland', 'id': '756', 'alpha3code': 'CHE', 'alpha2code': 'CH'}",49991,right,R. Freuler,6697,Remo Freuler,Remo Freuler,Remo Freuler,ch SUI,MF,Atalanta,25.0,1992.0,33.4,1945.0,2252.0,86.4,31382.0,8570.0,905.0,1003.0,90.2,812.0,899.0,90.3,128.0,190.0,67.4,2,3.8,3.2,-1.8,48.0,213.0,34.0,4.0,271.0,89.0,32.9,35.0,41.0,13.0,27.0,82.0,55.0,46.0,13.0,33.0,28.0,117.0,37.0,2.0,Matches,2252.0,2135.0,103.0,63.0,2.0,15.0,44.0,23.0,17.0,1.0,12.0,1.0,1945.0,14.0,25.0,4,1,0.0,39,46.0,1.0,44.0,28.0,62.0,0.0,0.0,0.0,255.0,27.0,29.0,48.2,Italy
"{'name': 'Albania', 'id': '8', 'alpha3code': 'ALB', 'alpha2code': 'AL'}",83,Berat ,,Djimsiti,3219,1993-02-19,190,"{'code2': 'DF', 'code3': 'DEF', 'name': 'Defender'}","{'name': 'Switzerland', 'id': '756', 'alpha3code': 'CHE', 'alpha2code': 'CH'}",50007,right,B. Djimsiti,8731,Berat  Djimsiti,Berat Djimsiti,Berat Djimsiti,al ALB,DF,Benevento,24.0,1993.0,30.0,1423.0,1618.0,87.9,27772.0,10280.0,470.0,513.0,91.6,768.0,830.0,92.5,168.0,233.0,72.1,1,0.6,0.5,0.4,3.0,64.0,2.0,0.0,90.0,32.0,40.0,28.0,4.0,0.0,12.0,30.0,18.0,37.0,23.0,14.0,62.0,94.0,178.0,1.0,Matches,1618.0,1542.0,73.0,62.0,0.0,17.0,1.0,11.0,0.0,0.0,0.0,0.0,1423.0,3.0,8.0,2,0,0.0,24,22.0,0.0,1.0,62.0,17.0,0.0,3.0,0.0,164.0,60.0,32.0,65.2,Italy
"{'name': 'Italy', 'id': '380', 'alpha3code': 'ITA', 'alpha2code': 'IT'}",68,Mattia,,Zaccagni,3194,1995-06-16,176,"{'code2': 'MD', 'code3': 'MID', 'name': 'Midfielder'}","{'name': 'Italy', 'id': '380', 'alpha3code': 'ITA', 'alpha2code': 'IT'}",246633,right,M. Zaccagni,null,Mattia Zaccagni,Mattia Zaccagni,Mattia Zaccagni,it ITA,"MF,FW",Hellas Verona,22.0,1995.0,1.7,44.0,61.0,72.1,645.0,260.0,28.0,36.0,77.8,13.0,15.0,86.7,3.0,8.0,37.5,0,0.0,0.0,0.0,0.0,6.0,1.0,0.0,6.0,7.0,66.7,4.0,0.0,3.0,2.0,3.0,1.0,0.0,0.0,0.0,5.0,12.0,0.0,0.0,Matches,61.0,59.0,2.0,1.0,0.0,0.0,3.0,0.0,0.0,0.0,0.0,0.0,44.0,0.0,3.0,1,0,0.0,4,5.0,1.0,3.0,5.0,5.0,0.0,0.0,0.0,9.0,3.0,2.0,60.0,Italy
"{'name': 'Switzerland', 'id': '756', 'alpha3code': 'CHE', 'alpha2code': 'CH'}",79,Silvan,,Widmer,3163,1993-03-05,182,"{'code2': 'DF', 'code3': 'DEF', 'name': 'Defender'}","{'name': 'Switzerland', 'id': '756', 'alpha3code': 'CHE', 'alpha2code': 'CH'}",50069,right,S. Widmer,null,Silvan Widmer,Silvan Widmer,Silvan Widmer,ch SUI,"DF,FW",Udinese,24.0,1993.0,18.1,681.0,962.0,70.8,12078.0,4691.0,322.0,375.0,85.9,291.0,404.0,72.0,65.0,146.0,44.5,2,2.0,1.4,0.0,14.0,50.0,22.0,12.0,78.0,45.0,55.0,30.0,15.0,0.0,22.0,40.0,18.0,22.0,5.0,17.0,28.0,73.0,59.0,0.0,Matches,962.0,792.0,164.0,9.0,0.0,3.0,72.0,154.0,1.0,1.0,0.0,0.0,681.0,6.0,23.0,2,0,0.0,12,17.0,2.0,72.0,28.0,32.0,0.0,0.0,0.0,107.0,28.0,26.0,51.9,Italy
"{'name': 'Romania', 'id': '642', 'alpha3code': 'ROU', 'alpha2code': 'RO'}",73,Artur,,Ioni\u0163\u0103,3173,1990-08-17,184,"{'code2': 'MD', 'code3': 'MID', 'name': 'Midfielder'}","{'name': 'Moldova', 'id': '584', 'alpha3code': 'MHL', 'alpha2code': 'MH'}",50073,right,A. Ioni\u0163\u0103,11163,Artur Ioniţă,Artur Ioniță,Artur Ioniță,md MDA,MF,Cagliari,26.0,1990.0,29.7,742.0,982.0,75.6,10965.0,3009.0,458.0,568.0,80.6,201.0,269.0,74.7,48.0,76.0,63.2,2,1.7,1.9,0.3,18.0,78.0,12.0,8.0,83.0,63.0,44.7,30.0,24.0,9.0,17.0,38.0,21.0,39.0,7.0,32.0,28.0,91.0,29.0,0.0,Matches,982.0,973.0,5.0,1.0,0.0,14.0,36.0,4.0,0.0,0.0,0.0,0.0,742.0,4.0,35.0,4,0,0.0,54,17.0,6.0,36.0,28.0,45.0,0.0,0.0,0.0,163.0,75.0,56.0,57.3,Italy
"{'name': 'Peru', 'id': '604', 'alpha3code': 'PER', 'alpha2code': 'PE'}",74,Gianluca,,Lapadula,3193,1990-02-07,177,"{'code2': 'FW', 'code3': 'FWD', 'name': 'Forward'}","{'name': 'Italy', 'id': '380', 'alpha3code': 'ITA', 'alpha2code': 'IT'}",115933,left,G. Lapadula,null,Gianluca Lapadula,Gianluca Lapadula,Gianluca Lapadula,pe PER,FW,Genoa,27.0,1990.0,16.6,171.0,275.0,62.2,2187.0,332.0,106.0,155.0,68.4,48.0,80.0,60.0,2.0,5.0,40.0,1,1.3,0.9,-0.3,14.0,7.0,5.0,0.0,17.0,8.0,9.1,4.0,4.0,0.0,1.0,11.0,10.0,7.0,1.0,6.0,3.0,11.0,8.0,0.0,Matches,275.0,250.0,23.0,0.0,2.0,0.0,3.0,1.0,0.0,0.0,0.0,0.0,171.0,2.0,8.0,3,0,0.0,35,37.0,24.0,3.0,3.0,5.0,3.0,0.0,0.0,26.0,67.0,87.0,43.5,Italy
"{'name': 'France', 'id': '250', 'alpha3code': 'FRA', 'alpha2code': 'FR'}",73,Valentin,,Eysseric,3176,1992-03-25,181,"{'code2': 'MD', 'code3': 'MID', 'name': 'Midfielder'}","{'name': 'France', 'id': '250', 'alpha3code': 'FRA', 'alpha2code': 'FR'}",149076,right,V. Eysseric,null,Valentin Eysseric,Valentin Eysseric,Valentin Eysseric,fr FRA,"FW,MF",Fiorentina,25.0,1992.0,7.8,300.0,408.0,73.5,4693.0,1277.0,176.0,204.0,86.3,83.0,109.0,76.1,28.0,60.0,46.7,1,1.2,1.1,-0.2,23.0,30.0,13.0,0.0,47.0,17.0,30.0,7.0,4.0,6.0,6.0,20.0,14.0,10.0,2.0,8.0,6.0,23.0,6.0,0.0,Matches,408.0,375.0,30.0,7.0,5.0,7.0,36.0,1.0,22.0,7.0,12.0,0.0,300.0,3.0,13.0,2,0,0.0,15,13.0,1.0,36.0,6.0,13.0,0.0,0.0,0.0,46.0,9.0,13.0,40.9,Italy
"{'name': 'Sweden', 'id': '752', 'alpha3code': 'SWE', 'alpha2code': 'SE'}",84,Filip,,Helander,3166,1993-04-22,192,"{'code2': 'DF', 'code3': 'DEF', 'name': 'Defender'}","{'name': 'Sweden', 'id': '752', 'alpha3code': 'SWE', 'alpha2code': 'SE'}",50805,left,F. Helander,7047,Filip Helander,Filip Helander,Filip Helander,se SWE,DF,Bologna,24.0,1993.0,27.8,1007.0,1242.0,81.1,20541.0,7490.0,303.0,338.0,89.6,572.0,638.0,89.7,123.0,224.0,54.9,0,0.0,0.4,0.0,1.0,65.0,2.0,0.0,87.0,48.0,51.7,33.0,15.0,0.0,15.0,29.0,14.0,47.0,25.0,22.0,37.0,85.0,160.0,2.0,Matches,1242.0,1177.0,60.0,35.0,0.0,7.0,0.0,25.0,0.0,0.0,0.0,0.0,1007.0,5.0,25.0,6,0,0.0,29,12.0,0.0,0.0,37.0,32.0,0.0,0.0,0.0,94.0,61.0,45.0,57.5,Italy
"{'name': 'Albania', 'id': '8', 'alpha3code': 'ALB', 'alpha2code': 'AL'}",92,Etrit,,Berisha,3172,1989-03-10,194,"{'code2': 'GK', 'code3': 'GKP', 'name': 'Goalkeeper'}","{'name': 'Kosovo', 'id': '0', 'alpha3code': 'XKS', 'alpha2code': ''}",50849,left,E. Berisha,8731,Etrit Berisha,Etrit Berisha,Etrit Berisha,al ALB,GK,Atalanta,28.0,1989.0,31.0,578.0,843.0,68.6,19441.0,15082.0,64.0,64.0,100.0,223.0,228.0,97.8,288.0,546.0,52.7,0,0.0,0.0,0.0,0.0,7.0,0.0,0.0,1.0,1.0,100.0,1.0,0.0,0.0,1.0,1.0,0.0,0.0,0.0,0.0,1.0,2.0,5.0,3.0,Matches,843.0,536.0,306.0,73.0,0.0,5.0,0.0,0.0,0.0,0.0,0.0,0.0,578.0,1.0,1.0,0,0,0.0,0,3.0,0.0,0.0,1.0,1.0,0.0,0.0,0.0,56.0,3.0,0.0,100.0,Italy
"{'name': 'Netherlands', 'id': '528', 'alpha3code': 'NLD', 'alpha2code': 'NL'}",74,Hans,,Hateboer,3172,1994-01-09,187,"{'code2': 'DF', 'code3': 'DEF', 'name': 'Defender'}","{'name': 'Netherlands', 'id': '528', 'alpha3code': 'NLD', 'alpha2code': 'NL'}",280419,right,H. Hateboer,null,Hans Hateboer,Hans Hateboer,Hans Hateboer,nl NED,DF,Atalanta,23.0,1994.0,26.6,1098.0,1394.0,78.8,16127.0,5408.0,637.0,748.0,85.2,366.0,452.0,81.0,58.0,97.0,59.8,1,1.3,1.8,-0.3,17.0,70.0,32.0,12.0,113.0,31.0,57.7,13.0,13.0,5.0,15.0,26.0,11.0,32.0,5.0,27.0,30.0,61.0,46.0,1.0,Matches,1394.0,1193.0,198.0,14.0,0.0,8.0,53.0,184.0,0.0,0.0,0.0,0.0,1098.0,3.0,39.0,3,0,0.0,26,18.0,4.0,53.0,30.0,25.0,0.0,0.0,0.0,131.0,37.0,39.0,48.7,Italy
"{'name': 'Sweden', 'id': '752', 'alpha3code': 'SWE', 'alpha2code': 'SE'}",79,Emil,,Krafth,3789,1994-08-02,181,"{'code2': 'DF', 'code3': 'DEF', 'name': 'Defender'}","{'name': 'Sweden', 'id': '752', 'alpha3code': 'SWE', 'alpha2code': 'SE'}",51064,right,E. Krafth,7047,Emil Krafth,Emil Krafth,Emil Krafth,se SWE,DF,Bologna,22.0,1994.0,10.5,414.0,521.0,79.5,6886.0,2762.0,187.0,211.0,88.6,199.0,243.0,81.9,22.0,42.0,52.4,0,0.1,0.1,-0.1,3.0,31.0,3.0,2.0,45.0,23.0,52.6,14.0,8.0,1.0,10.0,19.0,9.0,12.0,4.0,8.0,16.0,39.0,39.0,1.0,Matches,521.0,430.0,89.0,5.0,0.0,0.0,11.0,84.0,0.0,0.0,0.0,0.0,414.0,2.0,11.0,2,0,0.0,7,11.0,0.0,11.0,16.0,16.0,0.0,1.0,0.0,53.0,13.0,17.0,43.3,Italy
"{'name': 'Sweden', 'id': '752', 'alpha3code': 'SWE', 'alpha2code': 'SE'}",73,Oscar,,Hiljemark,3193,1992-06-28,184,"{'code2': 'MD', 'code3': 'MID', 'name': 'Midfielder'}","{'name': 'Sweden', 'id': '752', 'alpha3code': 'SWE', 'alpha2code': 'SE'}",51145,right,O. Hiljemark,7047,Oscar Hiljemark,Oscar Hiljemark,Oscar Hiljemark,se SWE,MF,Genoa,25.0,1992.0,14.2,523.0,677.0,77.3,8066.0,2753.0,290.0,327.0,88.7,165.0,202.0,81.7,41.0,99.0,41.4,3,5.6,4.4,-2.6,36.0,52.0,22.0,11.0,73.0,12.0,12.5,2.0,8.0,2.0,3.0,24.0,21.0,14.0,4.0,10.0,9.0,21.0,12.0,0.0,Matches,677.0,583.0,92.0,28.0,1.0,6.0,83.0,11.0,45.0,20.0,22.0,0.0,523.0,2.0,14.0,1,0,0.0,7,10.0,4.0,83.0,9.0,8.0,0.0,1.0,0.0,85.0,15.0,23.0,39.5,Italy
"{'name': 'Italy', 'id': '380', 'alpha3code': 'ITA', 'alpha2code': 'IT'}",74,Simone,,Lo Faso,3176,1998-02-18,180,"{'code2': 'FW', 'code3': 'FWD', 'name': 'Forward'}","{'name': 'Italy', 'id': '380', 'alpha3code': 'ITA', 'alpha2code': 'IT'}",368340,right,S. Lo Faso,null,Simone Lo Faso,Simone Lo Faso,Simone Lo Faso,it ITA,FW,Fiorentina,19.0,1998.0,0.4,30.0,34.0,88.2,388.0,11.0,19.0,21.0,90.5,10.0,10.0,100.0,0.0,0.0,,0,0.0,0.0,0.0,1.0,2.0,0.0,0.0,0.0,1.0,0.0,1.0,0.0,0.0,0.0,1.0,1.0,0.0,0.0,0.0,1.0,2.0,0.0,0.0,Matches,34.0,34.0,0.0,0.0,0.0,0.0,0.0,0.0,0.0,0.0,0.0,0.0,30.0,0.0,2.0,0,0,0.0,3,2.0,0.0,0.0,1.0,1.0,0.0,0.0,0.0,4.0,0.0,0.0,,Italy
"{'name': 'Italy', 'id': '380', 'alpha3code': 'ITA', 'alpha2code': 'IT'}",78,Alessandro,,Murgia,3162,1996-08-09,185,"{'code2': 'MD', 'code3': 'MID', 'name': 'Midfielder'}","{'name': 'Italy', 'id': '380', 'alpha3code': 'ITA', 'alpha2code': 'IT'}",346908,right,A. Murgia,3763,Alessandro Murgia,Alessandro Murgia,Alessandro Murgia,it ITA,MF,Lazio,20.0,1996.0,8.6,308.0,376.0,81.9,4608.0,1357.0,175.0,205.0,85.4,93.0,105.0,88.6,23.0,32.0,71.9,0,0.3,0.3,-0.3,8.0,24.0,3.0,0.0,42.0,19.0,26.3,9.0,9.0,1.0,5.0,19.0,14.0,14.0,3.0,11.0,17.0,36.0,13.0,0.0,Matches,376.0,353.0,20.0,3.0,1.0,2.0,7.0,6.0,2.0,1.0,0.0,0.0,308.0,3.0,10.0,3,1,0.0,18,24.0,1.0,7.0,17.0,12.0,0.0,0.0,0.0,40.0,4.0,15.0,21.1,Italy
"{'name': 'Italy', 'id': '380', 'alpha3code': 'ITA', 'alpha2code': 'IT'}",77,Gianluca,,Mancini,3172,1996-04-17,190,"{'code2': 'DF', 'code3': 'DEF', 'name': 'Defender'}","{'name': 'Italy', 'id': '380', 'alpha3code': 'ITA', 'alpha2code': 'IT'}",346913,right,G. Mancini,3763,Gianluca Mancini,Gianluca Mancini,Gianluca Mancini,it ITA,DF,Atalanta,21.0,1996.0,7.6,281.0,348.0,80.7,5660.0,2086.0,102.0,115.0,88.7,132.0,158.0,83.5,45.0,67.0,67.2,0,0.0,0.1,0.0,0.0,19.0,1.0,0.0,27.0,20.0,58.8,11.0,8.0,1.0,10.0,17.0,7.0,8.0,2.0,6.0,15.0,35.0,22.0,0.0,Matches,348.0,326.0,21.0,10.0,0.0,7.0,3.0,11.0,0.0,0.0,0.0,0.0,281.0,1.0,0.0,6,1,1.0,17,7.0,3.0,3.0,15.0,14.0,0.0,0.0,0.0,53.0,22.0,7.0,75.9,Italy
"{'name': 'Italy', 'id': '380', 'alpha3code': 'ITA', 'alpha2code': 'IT'}",79,Mattia,,Bani,3165,1993-12-10,189,"{'code2': 'DF', 'code3': 'DEF', 'name': 'Defender'}","{'name': 'Italy', 'id': '380', 'alpha3code': 'ITA', 'alpha2code': 'IT'}",215869,right,M. Bani,null,Mattia Bani,Mattia Bani,Mattia Bani,it ITA,DF,Chievo,23.0,1993.0,14.6,524.0,637.0,82.3,11301.0,3922.0,149.0,172.0,86.6,276.0,310.0,89.0,93.0,142.0,65.5,0,0.0,0.1,0.0,0.0,26.0,2.0,0.0,32.0,28.0,42.3,22.0,6.0,0.0,11.0,26.0,15.0,19.0,10.0,9.0,27.0,55.0,111.0,0.0,Matches,637.0,611.0,24.0,13.0,0.0,10.0,5.0,11.0,0.0,0.0,0.0,0.0,524.0,2.0,5.0,5,1,0.0,19,12.0,1.0,5.0,27.0,20.0,0.0,0.0,0.0,65.0,39.0,25.0,60.9,Italy
"{'name': 'Italy', 'id': '380', 'alpha3code': 'ITA', 'alpha2code': 'IT'}",76,Marco,,Tumminello,3197,1998-11-06,185,"{'code2': 'FW', 'code3': 'FWD', 'name': 'Forward'}","{'name': 'Italy', 'id': '380', 'alpha3code': 'ITA', 'alpha2code': 'IT'}",347026,left,M. Tumminello,null,Marco Tumminello,Marco Tumminello,Marco Tumminello,it ITA,FW,Crotone,18.0,1998.0,2.3,50.0,76.0,65.8,766.0,117.0,29.0,42.0,69.0,14.0,22.0,63.6,4.0,5.0,80.0,1,0.4,0.1,0.6,1.0,2.0,2.0,1.0,3.0,2.0,0.0,0.0,1.0,1.0,0.0,2.0,2.0,2.0,0.0,2.0,0.0,2.0,0.0,0.0,Matches,76.0,70.0,6.0,0.0,0.0,0.0,6.0,0.0,0.0,0.0,0.0,0.0,50.0,0.0,3.0,1,0,0.0,8,2.0,2.0,6.0,0.0,2.0,0.0,0.0,0.0,7.0,5.0,14.0,26.3,Italy
"{'name': 'Italy', 'id': '380', 'alpha3code': 'ITA', 'alpha2code': 'IT'}",76,Marco,,Tumminello,3197,1998-11-06,185,"{'code2': 'FW', 'code3': 'FWD', 'name': 'Forward'}","{'name': 'Italy', 'id': '380', 'alpha3code': 'ITA', 'alpha2code': 'IT'}",347026,left,M. Tumminello,null,Marco Tumminello,Marco Tumminello,Marco Tumminello,it ITA,FW,Roma,18.0,1998.0,0.0,0.0,0.0,,0.0,0.0,0.0,0.0,,0.0,0.0,,0.0,0.0,,0,0.0,0.0,0.0,0.0,0.0,0.0,0.0,0.0,0.0,,0.0,0.0,0.0,0.0,0.0,0.0,0.0,0.0,0.0,0.0,0.0,0.0,0.0,Matches,0.0,0.0,0.0,0.0,0.0,0.0,0.0,0.0,0.0,0.0,0.0,0.0,0.0,0.0,0.0,0,0,0.0,0,0.0,0.0,0.0,0.0,0.0,0.0,0.0,0.0,0.0,0.0,0.0,,Italy
"{'name': 'Poland', 'id': '616', 'alpha3code': 'POL', 'alpha2code': 'PL'}",86,Bart\u0142omiej,,Dr\u0105gowski,3176,1997-08-19,191,"{'code2': 'GK', 'code3': 'GKP', 'name': 'Goalkeeper'}","{'name': 'Poland', 'id': '616', 'alpha3code': 'POL', 'alpha2code': 'PL'}",265431,right,B. Dr\u0105gowski,13871,Bartłomiej Drągowski,Bartłomiej Drągowski,Bartłomiej Drągowski,pl POL,GK,Fiorentina,19.0,1997.0,2.4,28.0,51.0,54.9,955.0,839.0,5.0,5.0,100.0,12.0,13.0,92.3,11.0,33.0,33.3,0,0.0,0.1,0.0,0.0,3.0,1.0,0.0,0.0,0.0,,0.0,0.0,0.0,0.0,0.0,0.0,0.0,0.0,0.0,0.0,0.0,0.0,1.0,Matches,51.0,31.0,20.0,10.0,0.0,0.0,0.0,0.0,0.0,0.0,0.0,0.0,28.0,0.0,0.0,0,0,0.0,0,2.0,0.0,0.0,0.0,0.0,0.0,0.0,0.0,3.0,1.0,0.0,100.0,Italy
"{'name': 'Morocco', 'id': '504', 'alpha3code': 'MAR', 'alpha2code': 'MA'}",83,Jawad,,El Yamiq,3193,1992-02-29,190,"{'code2': 'DF', 'code3': 'DEF', 'name': 'Defender'}","{'name': 'Morocco', 'id': '504', 'alpha3code': 'MAR', 'alpha2code': 'MA'}",413041,right,J. El Yamiq,null,Jawad El Yamiq,Jawad El Yamiq,Jawad El Yamiq,ma MAR,DF,Genoa,25.0,1992.0,4.0,140.0,172.0,81.4,2632.0,1144.0,57.0,68.0,83.8,67.0,74.0,90.5,16.0,29.0,55.2,0,0.0,0.0,0.0,0.0,14.0,0.0,0.0,7.0,8.0,75.0,7.0,1.0,0.0,6.0,8.0,2.0,11.0,5.0,6.0,5.0,13.0,22.0,1.0,Matches,172.0,167.0,4.0,1.0,0.0,0.0,0.0,3.0,0.0,0.0,0.0,0.0,140.0,1.0,0.0,0,0,0.0,1,1.0,0.0,0.0,5.0,5.0,0.0,0.0,0.0,22.0,10.0,9.0,52.6,Italy
"{'name': 'Sweden', 'id': '752', 'alpha3code': 'SWE', 'alpha2code': 'SE'}",83,Svante,,Ingelsson,3163,1998-06-14,189,"{'code2': 'MD', 'code3': 'MID', 'name': 'Midfielder'}","{'name': 'Sweden', 'id': '752', 'alpha3code': 'SWE', 'alpha2code': 'SE'}",347593,left,S. Ingelsson,7054,Svante Ingelsson,Svante Ingelsson,Svante Ingelsson,se SWE,MF,Udinese,19.0,1998.0,3.6,66.0,97.0,68.0,1031.0,359.0,37.0,42.0,88.1,19.0,32.0,59.4,7.0,10.0,70.0,1,0.2,0.3,0.8,3.0,5.0,2.0,0.0,11.0,9.0,20.0,3.0,3.0,3.0,2.0,10.0,8.0,4.0,0.0,4.0,6.0,15.0,4.0,0.0,Matches,97.0,90.0,6.0,0.0,0.0,0.0,8.0,6.0,0.0,0.0,0.0,0.0,66.0,1.0,9.0,0,0,0.0,5,3.0,1.0,8.0,6.0,6.0,0.0,0.0,0.0,21.0,3.0,3.0,50.0,Italy
"{'name': 'Italy', 'id': '380', 'alpha3code': 'ITA', 'alpha2code': 'IT'}",75,Andrea,,Conti,3157,1994-03-02,181,"{'code2': 'DF', 'code3': 'DEF', 'name': 'Defender'}","{'name': 'Italy', 'id': '380', 'alpha3code': 'ITA', 'alpha2code': 'IT'}",134419,right,A. Conti,null,Andrea Conti,Andrea Conti,Andrea Conti,it ITA,DF,Milan,23.0,1994.0,1.7,94.0,106.0,88.7,1592.0,634.0,43.0,46.0,93.5,47.0,53.0,88.7,4.0,5.0,80.0,0,0.1,0.2,-0.1,1.0,12.0,1.0,1.0,18.0,4.0,66.7,1.0,3.0,0.0,2.0,3.0,1.0,3.0,0.0,3.0,1.0,5.0,5.0,0.0,Matches,106.0,88.0,18.0,1.0,0.0,0.0,3.0,17.0,0.0,0.0,0.0,0.0,94.0,0.0,3.0,0,0,0.0,4,2.0,1.0,3.0,1.0,2.0,0.0,0.0,0.0,9.0,6.0,0.0,100.0,Italy
"{'name': 'Italy', 'id': '380', 'alpha3code': 'ITA', 'alpha2code': 'IT'}",73,Ignazio,,Abate,3157,1986-11-12,180,"{'code2': 'DF', 'code3': 'DEF', 'name': 'Defender'}","{'name': 'Italy', 'id': '380', 'alpha3code': 'ITA', 'alpha2code': 'IT'}",20390,right,I. Abate,null,Ignazio Abate,Ignazio Abate,Ignazio Abate,it ITA,DF,Milan,30.0,1986.0,11.7,625.0,776.0,80.5,10991.0,4535.0,273.0,294.0,92.9,287.0,333.0,86.2,58.0,120.0,48.3,0,0.5,0.8,-0.5,10.0,55.0,20.0,7.0,81.0,20.0,54.5,10.0,9.0,1.0,6.0,11.0,5.0,22.0,2.0,20.0,8.0,28.0,29.0,0.0,Matches,776.0,653.0,119.0,7.0,0.0,2.0,31.0,112.0,0.0,0.0,0.0,0.0,625.0,4.0,21.0,3,0,0.0,12,8.0,3.0,31.0,8.0,17.0,0.0,0.0,0.0,56.0,5.0,4.0,55.6,Italy
"{'name': 'Italy', 'id': '380', 'alpha3code': 'ITA', 'alpha2code': 'IT'}",74,Mattia,,De Sciglio,3159,1992-10-20,183,"{'code2': 'DF', 'code3': 'DEF', 'name': 'Defender'}","{'name': 'Italy', 'id': '380', 'alpha3code': 'ITA', 'alpha2code': 'IT'}",20395,right,M. De Sciglio,3757,Mattia De Sciglio,Mattia De Sciglio,Mattia De Sciglio,it ITA,DF,Juventus,24.0,1992.0,10.8,705.0,803.0,87.8,12231.0,3667.0,323.0,348.0,92.8,306.0,344.0,89.0,66.0,84.0,78.6,0,0.3,0.4,-0.3,6.0,52.0,6.0,3.0,59.0,22.0,69.2,7.0,13.0,2.0,9.0,13.0,4.0,12.0,2.0,10.0,14.0,36.0,32.0,0.0,Matches,803.0,706.0,96.0,7.0,0.0,4.0,22.0,89.0,0.0,0.0,0.0,0.0,705.0,1.0,16.0,1,0,0.0,7,2.0,1.0,22.0,14.0,17.0,0.0,0.0,0.0,55.0,13.0,6.0,68.4,Italy
"{'name': 'Italy', 'id': '380', 'alpha3code': 'ITA', 'alpha2code': 'IT'}",75,Simone,,Calvano,3194,1993-07-11,183,"{'code2': 'MD', 'code3': 'MID', 'name': 'Midfielder'}","{'name': 'Italy', 'id': '380', 'alpha3code': 'ITA', 'alpha2code': 'IT'}",20403,right,S. Calvano,null,Simone Calvano,Simone Calvano,Simone Calvano,it ITA,MF,Hellas Verona,24.0,1993.0,7.2,186.0,245.0,75.9,3098.0,932.0,99.0,117.0,84.6,66.0,87.0,75.9,16.0,31.0,51.6,0,0.5,0.1,-0.5,2.0,20.0,1.0,1.0,23.0,13.0,18.8,4.0,9.0,0.0,3.0,16.0,13.0,10.0,4.0,6.0,15.0,28.0,14.0,1.0,Matches,245.0,239.0,6.0,5.0,0.0,6.0,7.0,1.0,0.0,0.0,0.0,0.0,186.0,0.0,2.0,1,0,0.0,18,7.0,0.0,7.0,15.0,12.0,0.0,0.0,0.0,43.0,14.0,13.0,51.9,Italy
"{'name': 'Canada', 'id': '124', 'alpha3code': 'CAN', 'alpha2code': 'CA'}",78,Bryan,,Cristante,3172,1995-03-03,186,"{'code2': 'MD', 'code3': 'MID', 'name': 'Midfielder'}","{'name': 'Italy', 'id': '380', 'alpha3code': 'ITA', 'alpha2code': 'IT'}",20404,right,B. Cristante,3757,Bryan Cristante,Bryan Cristante,Bryan Cristante,it ITA,MF,Atalanta,22.0,1995.0,31.4,1233.0,1622.0,76.0,19540.0,6260.0,620.0,751.0,82.6,491.0,614.0,80.0,77.0,144.0,53.5,2,4.9,4.5,-2.9,47.0,165.0,40.0,1.0,212.0,66.0,30.5,21.0,32.0,13.0,18.0,59.0,41.0,43.0,6.0,37.0,23.0,89.0,27.0,0.0,Matches,1622.0,1589.0,26.0,19.0,3.0,13.0,27.0,6.0,0.0,0.0,0.0,0.0,1233.0,7.0,41.0,4,0,0.0,57,15.0,5.0,27.0,23.0,50.0,1.0,0.0,0.0,200.0,96.0,86.0,52.7,Italy
"{'name': 'Italy', 'id': '380', 'alpha3code': 'ITA', 'alpha2code': 'IT'}",73,Mattia,,Valoti,3194,1993-09-06,187,"{'code2': 'MD', 'code3': 'MID', 'name': 'Midfielder'}","{'name': 'Italy', 'id': '380', 'alpha3code': 'ITA', 'alpha2code': 'IT'}",20414,right,M. Valoti,null,Mattia Valoti,Mattia Valoti,Mattia Valoti,it ITA,"MF,FW",Hellas Verona,23.0,1993.0,17.5,431.0,620.0,69.5,7404.0,2170.0,234.0,300.0,78.0,121.0,181.0,66.9,56.0,92.0,60.9,0,0.8,0.7,-0.8,11.0,41.0,4.0,1.0,56.0,62.0,20.8,21.0,35.0,6.0,11.0,53.0,42.0,25.0,3.0,22.0,41.0,103.0,37.0,1.0,Matches,620.0,590.0,24.0,14.0,0.0,20.0,15.0,9.0,1.0,1.0,0.0,0.0,431.0,6.0,19.0,9,0,0.0,44,41.0,0.0,15.0,41.0,41.0,0.0,1.0,0.0,86.0,58.0,34.0,63.0,Italy
"{'name': 'Egypt', 'id': '818', 'alpha3code': 'EGY', 'alpha2code': 'EG'}",72,Stephan,,El Shaarawy,3158,1992-10-27,178,"{'code2': 'FW', 'code3': 'FWD', 'name': 'Forward'}","{'name': 'Italy', 'id': '380', 'alpha3code': 'ITA', 'alpha2code': 'IT'}",20418,right,S. El Shaarawy,null,Stephan El Shaarawy,Stephan El Shaarawy,Stephan El Shaarawy,it ITA,FW,Roma,24.0,1992.0,23.9,812.0,1003.0,81.0,11984.0,2680.0,480.0,550.0,87.3,241.0,290.0,83.1,51.0,80.0,63.8,5,3.7,3.3,1.3,35.0,50.0,43.0,4.0,100.0,22.0,23.8,9.0,8.0,5.0,5.0,21.0,16.0,16.0,1.0,15.0,24.0,46.0,8.0,0.0,Matches,1003.0,959.0,42.0,3.0,9.0,8.0,35.0,24.0,14.0,9.0,0.0,0.0,812.0,2.0,30.0,1,0,0.0,13,26.0,15.0,35.0,24.0,16.0,0.0,0.0,0.0,91.0,13.0,30.0,30.2,Italy
"{'name': 'Italy', 'id': '380', 'alpha3code': 'ITA', 'alpha2code': 'IT'}",80,Aleandro,,Rosi,,1987-05-17,184,"{'code2': 'DF', 'code3': 'DEF', 'name': 'Defender'}","{'name': 'Italy', 'id': '380', 'alpha3code': 'ITA', 'alpha2code': 'IT'}",20434,right,A. Rosi,null,Aleandro Rosi,Aleandro Rosi,Aleandro Rosi,it ITA,DF,Genoa,30.0,1987.0,18.9,564.0,815.0,69.2,8859.0,3437.0,312.0,370.0,84.3,214.0,315.0,67.9,31.0,90.0,34.4,1,1.1,0.5,-0.1,7.0,51.0,4.0,3.0,55.0,24.0,26.3,7.0,13.0,4.0,5.0,19.0,14.0,24.0,5.0,19.0,20.0,44.0,61.0,1.0,Matches,815.0,636.0,174.0,5.0,1.0,1.0,55.0,169.0,0.0,0.0,0.0,0.0,564.0,5.0,26.0,5,0,0.0,46,23.0,2.0,55.0,20.0,17.0,0.0,0.0,0.0,80.0,47.0,48.0,49.5,Italy
"{'name': 'Italy', 'id': '380', 'alpha3code': 'ITA', 'alpha2code': 'IT'}",83,Daniele,,De Rossi,3158,1983-07-24,184,"{'code2': 'MD', 'code3': 'MID', 'name': 'Midfielder'}","{'name': 'Italy', 'id': '380', 'alpha3code': 'ITA', 'alpha2code': 'IT'}",20438,right,D. De Rossi,null,Daniele De Rossi,Daniele De Rossi,Daniele De Rossi,it ITA,MF,Roma,34.0,1983.0,20.3,1094.0,1300.0,84.2,21657.0,7453.0,381.0,425.0,89.6,499.0,571.0,87.4,178.0,253.0,70.4,1,1.9,1.7,-0.9,17.0,151.0,11.0,2.0,156.0,23.0,27.3,12.0,9.0,2.0,9.0,33.0,24.0,18.0,13.0,5.0,43.0,66.0,45.0,2.0,Matches,1300.0,1217.0,75.0,73.0,2.0,38.0,3.0,2.0,0.0,0.0,0.0,0.0,1094.0,8.0,5.0,6,1,0.0,26,23.0,0.0,3.0,43.0,13.0,0.0,1.0,0.0,133.0,28.0,21.0,57.1,Italy
"{'name': 'Luxembourg', 'id': '442', 'alpha3code': 'LUX', 'alpha2code': 'LU'}",74,Miralem,,Pjani\u0107,3159,1990-04-02,180,"{'code2': 'MD', 'code3': 'MID', 'name': 'Midfielder'}","{'name': 'Bosnia-Herzegovina', 'id': '70', 'alpha3code': 'BIH', 'alpha2code': 'BA'}",20443,right,M. Pjani\u0107,null,Miralem Pjanić,Miralem Pjanić,Miralem Pjanić,ba BIH,MF,Juventus,27.0,1990.0,27.6,1897.0,2195.0,86.4,35322.0,10660.0,794.0,851.0,93.3,802.0,882.0,90.9,257.0,372.0,69.1,5,5.6,4.8,-0.6,60.0,168.0,31.0,6.0,218.0,36.0,25.5,13.0,18.0,5.0,13.0,51.0,38.0,25.0,5.0,20.0,64.0,100.0,27.0,2.0,Matches,2195.0,1952.0,232.0,139.0,12.0,35.0,114.0,2.0,85.0,36.0,27.0,3.0,1897.0,11.0,23.0,5,0,0.0,41,28.0,0.0,114.0,64.0,30.0,1.0,0.0,1.0,226.0,12.0,22.0,35.3,Italy
"{'name': 'Italy', 'id': '380', 'alpha3code': 'ITA', 'alpha2code': 'IT'}",70,Valerio,,Verre,3164,1994-01-11,181,"{'code2': 'MD', 'code3': 'MID', 'name': 'Midfielder'}","{'name': 'Italy', 'id': '380', 'alpha3code': 'ITA', 'alpha2code': 'IT'}",20446,right,V. Verre,null,Valerio Verre,Valerio Verre,Valerio Verre,it ITA,MF,Sampdoria,23.0,1994.0,4.0,262.0,307.0,85.3,4167.0,1017.0,132.0,151.0,87.4,103.0,113.0,91.2,18.0,29.0,62.1,1,0.4,0.4,0.6,4.0,34.0,5.0,1.0,36.0,7.0,28.6,3.0,2.0,2.0,2.0,7.0,5.0,12.0,0.0,12.0,8.0,15.0,7.0,0.0,Matches,307.0,303.0,3.0,1.0,3.0,4.0,2.0,1.0,1.0,0.0,0.0,0.0,262.0,1.0,5.0,2,0,0.0,13,2.0,0.0,2.0,8.0,3.0,0.0,0.0,0.0,33.0,8.0,6.0,57.1,Italy
"{'name': 'Italy', 'id': '380', 'alpha3code': 'ITA', 'alpha2code': 'IT'}",75,Federico,,Viviani,3204,1992-03-24,180,"{'code2': 'MD', 'code3': 'MID', 'name': 'Midfielder'}","{'name': 'Italy', 'id': '380', 'alpha3code': 'ITA', 'alpha2code': 'IT'}",20448,right,F. Viviani,null,Federico Viviani,Federico Viviani,Federico Viviani,it ITA,MF,SPAL,25.0,1992.0,27.6,1438.0,1796.0,80.1,30586.0,8503.0,452.0,498.0,90.8,682.0,792.0,86.1,281.0,447.0,62.9,3,3.3,4.9,-0.3,43.0,151.0,21.0,2.0,173.0,52.0,32.7,23.0,26.0,3.0,18.0,55.0,37.0,39.0,9.0,30.0,58.0,110.0,26.0,2.0,Matches,1796.0,1511.0,278.0,166.0,3.0,42.0,170.0,2.0,107.0,38.0,60.0,3.0,1438.0,7.0,23.0,9,0,0.0,26,64.0,3.0,170.0,58.0,36.0,0.0,2.0,0.0,209.0,16.0,12.0,57.1,Italy
"{'name': 'Italy', 'id': '380', 'alpha3code': 'ITA', 'alpha2code': 'IT'}",74,Fabio,,Borini,3157,1991-03-29,180,"{'code2': 'FW', 'code3': 'FWD', 'name': 'Forward'}","{'name': 'Italy', 'id': '380', 'alpha3code': 'ITA', 'alpha2code': 'IT'}",20449,right,F. Borini,null,Fabio Borini,Fabio Borini,Fabio Borini,it ITA,"DF,FW",Milan,26.0,1991.0,17.9,660.0,853.0,77.4,11943.0,3602.0,284.0,318.0,89.3,303.0,365.0,83.0,67.0,140.0,47.9,3,0.8,1.3,2.2,14.0,51.0,19.0,9.0,68.0,38.0,43.2,12.0,18.0,8.0,16.0,37.0,21.0,32.0,6.0,26.0,13.0,51.0,43.0,0.0,Matches,853.0,745.0,105.0,8.0,1.0,11.0,59.0,90.0,7.0,4.0,0.0,0.0,660.0,3.0,17.0,5,0,0.0,22,43.0,1.0,59.0,13.0,23.0,0.0,0.0,0.0,84.0,14.0,18.0,43.8,Italy
"{'name': 'Italy', 'id': '380', 'alpha3code': 'ITA', 'alpha2code': 'IT'}",83,Gianluigi,,Buffon,3159,1978-01-28,191,"{'code2': 'GK', 'code3': 'GKP', 'name': 'Goalkeeper'}","{'name': 'Italy', 'id': '380', 'alpha3code': 'ITA', 'alpha2code': 'IT'}",20455,right,G. Buffon,null,Gianluigi Buffon,Gianluigi Buffon,Gianluigi Buffon,it ITA,GK,Juventus,39.0,1978.0,20.7,501.0,624.0,80.3,13875.0,8678.0,63.0,63.0,100.0,282.0,287.0,98.3,154.0,272.0,56.6,0,0.0,0.0,0.0,0.0,0.0,0.0,0.0,0.0,0.0,,0.0,0.0,0.0,0.0,0.0,0.0,0.0,0.0,0.0,0.0,0.0,11.0,2.0,Matches,624.0,418.0,206.0,56.0,0.0,2.0,0.0,0.0,0.0,0.0,0.0,0.0,501.0,0.0,0.0,1,0,0.0,1,4.0,0.0,0.0,0.0,0.0,0.0,1.0,0.0,29.0,2.0,0.0,100.0,Italy
"{'name': 'Italy', 'id': '380', 'alpha3code': 'ITA', 'alpha2code': 'IT'}",87,Andrea,,Barzagli,3159,1981-05-08,187,"{'code2': 'DF', 'code3': 'DEF', 'name': 'Defender'}","{'name': 'Italy', 'id': '380', 'alpha3code': 'ITA', 'alpha2code': 'IT'}",20458,right,A. Barzagli,null,Andrea Barzagli,Andrea Barzagli,Andrea Barzagli,it ITA,DF,Juventus,36.0,1981.0,16.1,1162.0,1266.0,91.8,22771.0,7407.0,418.0,447.0,93.5,570.0,603.0,94.5,151.0,180.0,83.9,1,0.4,0.5,0.6,4.0,86.0,5.0,2.0,81.0,26.0,56.3,14.0,11.0,1.0,9.0,16.0,7.0,14.0,7.0,7.0,17.0,43.0,46.0,0.0,Matches,1266.0,1205.0,60.0,19.0,0.0,19.0,3.0,41.0,0.0,0.0,0.0,0.0,1162.0,1.0,4.0,2,0,0.0,10,10.0,0.0,3.0,17.0,15.0,0.0,0.0,1.0,88.0,22.0,16.0,57.9,Italy
"{'name': 'Italy', 'id': '380', 'alpha3code': 'ITA', 'alpha2code': 'IT'}",82,Leonardo,,Bonucci,3157,1987-05-01,190,"{'code2': 'DF', 'code3': 'DEF', 'name': 'Defender'}","{'name': 'Italy', 'id': '380', 'alpha3code': 'ITA', 'alpha2code': 'IT'}",20459,right,L. Bonucci,3757,Leonardo Bonucci,Leonardo Bonucci,Leonardo Bonucci,it ITA,DF,Milan,30.0,1987.0,34.3,1781.0,2103.0,84.7,41618.0,18623.0,364.0,408.0,89.2,1056.0,1141.0,92.6,359.0,518.0,69.3,1,0.9,1.1,0.1,14.0,209.0,18.0,1.0,176.0,30.0,61.1,22.0,7.0,1.0,11.0,18.0,7.0,31.0,22.0,9.0,51.0,81.0,132.0,0.0,Matches,2103.0,1960.0,127.0,123.0,2.0,39.0,12.0,4.0,0.0,0.0,0.0,0.0,1781.0,16.0,13.0,5,1,0.0,23,25.0,9.0,12.0,51.0,21.0,0.0,0.0,0.0,146.0,52.0,42.0,55.3,Italy
"{'name': 'Italy', 'id': '380', 'alpha3code': 'ITA', 'alpha2code': 'IT'}",76,Giorgio,,Chiellini,3159,1984-08-14,186,"{'code2': 'DF', 'code3': 'DEF', 'name': 'Defender'}","{'name': 'Italy', 'id': '380', 'alpha3code': 'ITA', 'alpha2code': 'IT'}",20461,left,G. Chiellini,null,Giorgio Chiellini,Giorgio Chiellini,Giorgio Chiellini,it ITA,DF,Juventus,32.0,1984.0,24.0,1531.0,1770.0,86.5,32562.0,11226.0,426.0,458.0,93.0,827.0,912.0,90.7,257.0,346.0,74.3,1,0.7,0.5,0.3,6.0,122.0,4.0,0.0,123.0,28.0,46.7,17.0,10.0,1.0,7.0,15.0,8.0,21.0,14.0,7.0,47.0,75.0,142.0,3.0,Matches,1770.0,1708.0,54.0,39.0,3.0,19.0,8.0,15.0,0.0,0.0,0.0,0.0,1531.0,8.0,18.0,2,0,0.0,30,28.0,1.0,8.0,47.0,19.0,0.0,0.0,0.0,136.0,50.0,28.0,64.1,Italy
"{'name': 'Switzerland', 'id': '756', 'alpha3code': 'CHE', 'alpha2code': 'CH'}",75,Stephan,,Lichtsteiner,1609,1984-01-16,182,"{'code2': 'DF', 'code3': 'DEF', 'name': 'Defender'}","{'name': 'Switzerland', 'id': '756', 'alpha3code': 'CHE', 'alpha2code': 'CH'}",20465,right,S. Lichtsteiner,6697,Stephan Lichtsteiner,Stephan Lichtsteiner,Stephan Lichtsteiner,ch SUI,DF,Juventus,33.0,1984.0,18.9,1009.0,1250.0,80.7,16496.0,6130.0,501.0,552.0,90.8,370.0,440.0,84.1,92.0,167.0,55.1,2,0.7,1.3,1.3,8.0,76.0,18.0,8.0,89.0,31.0,52.9,16.0,10.0,5.0,9.0,17.0,8.0,11.0,2.0,9.0,15.0,46.0,38.0,1.0,Matches,1250.0,1069.0,180.0,24.0,2.0,8.0,45.0,156.0,0.0,0.0,0.0,0.0,1009.0,1.0,35.0,6,0,0.0,24,27.0,4.0,45.0,15.0,27.0,0.0,0.0,0.0,87.0,22.0,21.0,51.2,Italy
"{'name': 'Italy', 'id': '380', 'alpha3code': 'ITA', 'alpha2code': 'IT'}",60,Emanuele,,Giaccherini,3165,1985-05-05,167,"{'code2': 'MD', 'code3': 'MID', 'name': 'Midfielder'}","{'name': 'Italy', 'id': '380', 'alpha3code': 'ITA', 'alpha2code': 'IT'}",20468,right,E. Giaccherini,null,Emanuele Giaccherini,Emanuele Giaccherini,Emanuele Giaccherini,it ITA,"MF,FW",Chievo,32.0,1985.0,10.0,311.0,430.0,72.3,5126.0,1296.0,153.0,176.0,86.9,111.0,146.0,76.0,31.0,63.0,49.2,2,0.9,0.8,1.1,15.0,27.0,3.0,0.0,52.0,7.0,20.0,4.0,2.0,1.0,5.0,25.0,20.0,9.0,3.0,6.0,5.0,12.0,6.0,0.0,Matches,430.0,398.0,31.0,17.0,0.0,6.0,37.0,0.0,12.0,9.0,2.0,0.0,311.0,1.0,19.0,4,0,0.0,8,16.0,2.0,37.0,5.0,4.0,0.0,0.0,0.0,81.0,4.0,12.0,25.0,Italy
"{'name': 'Italy', 'id': '380', 'alpha3code': 'ITA', 'alpha2code': 'IT'}",60,Emanuele,,Giaccherini,3165,1985-05-05,167,"{'code2': 'MD', 'code3': 'MID', 'name': 'Midfielder'}","{'name': 'Italy', 'id': '380', 'alpha3code': 'ITA', 'alpha2code': 'IT'}",20468,right,E. Giaccherini,null,Emanuele Giaccherini,Emanuele Giaccherini,Emanuele Giaccherini,it ITA,"FW,MF",Napoli,32.0,1985.0,0.7,46.0,54.0,85.2,519.0,77.0,30.0,31.0,96.8,10.0,14.0,71.4,1.0,1.0,100.0,0,0.1,0.1,-0.1,2.0,2.0,3.0,1.0,4.0,1.0,,0.0,1.0,0.0,0.0,0.0,0.0,0.0,0.0,0.0,0.0,1.0,0.0,0.0,Matches,54.0,54.0,0.0,0.0,0.0,0.0,2.0,0.0,0.0,0.0,0.0,0.0,46.0,0.0,1.0,2,0,0.0,1,2.0,0.0,2.0,0.0,1.0,1.0,0.0,0.0,7.0,0.0,0.0,,Italy
"{'name': 'Italy', 'id': '380', 'alpha3code': 'ITA', 'alpha2code': 'IT'}",73,Claudio,,Marchisio,,1986-01-19,180,"{'code2': 'MD', 'code3': 'MID', 'name': 'Midfielder'}","{'name': 'Italy', 'id': '380', 'alpha3code': 'ITA', 'alpha2code': 'IT'}",20470,right,C. Marchisio,3757,Claudio Marchisio,Claudio Marchisio,Claudio Marchisio,it ITA,MF,Juventus,31.0,1986.0,9.1,602.0,681.0,88.4,11447.0,2552.0,227.0,246.0,92.3,260.0,281.0,92.5,94.0,117.0,80.3,1,0.7,0.6,0.3,6.0,52.0,7.0,1.0,67.0,17.0,28.6,9.0,5.0,3.0,6.0,21.0,15.0,7.0,2.0,5.0,4.0,21.0,7.0,0.0,Matches,681.0,660.0,16.0,13.0,5.0,10.0,4.0,1.0,2.0,0.0,1.0,0.0,602.0,5.0,7.0,1,0,0.0,8,3.0,0.0,4.0,4.0,10.0,0.0,0.0,0.0,55.0,2.0,1.0,66.7,Italy
"{'name': 'Italy', 'id': '380', 'alpha3code': 'ITA', 'alpha2code': 'IT'}",73,Simone,,Padoin,3173,1984-03-18,179,"{'code2': 'MD', 'code3': 'MID', 'name': 'Midfielder'}","{'name': 'Italy', 'id': '380', 'alpha3code': 'ITA', 'alpha2code': 'IT'}",20472,right,S. Padoin,null,Simone Padoin,Simone Padoin,Simone Padoin,it ITA,"DF,MF",Cagliari,33.0,1984.0,34.5,985.0,1345.0,73.2,16936.0,6334.0,465.0,528.0,88.1,418.0,579.0,72.2,81.0,175.0,46.3,0,3.5,3.2,-3.5,34.0,95.0,36.0,24.0,121.0,22.0,42.9,8.0,10.0,4.0,12.0,28.0,16.0,38.0,14.0,24.0,24.0,46.0,74.0,0.0,Matches,1345.0,1112.0,229.0,18.0,0.0,9.0,107.0,202.0,3.0,2.0,0.0,0.0,985.0,4.0,39.0,4,0,0.0,24,28.0,3.0,107.0,24.0,18.0,0.0,0.0,0.0,150.0,9.0,17.0,34.6,Italy
"{'name': 'Italy', 'id': '380', 'alpha3code': 'ITA', 'alpha2code': 'IT'}",85,Marco,,Borriello,,1982-06-18,185,"{'code2': 'FW', 'code3': 'FWD', 'name': 'Forward'}","{'name': 'Italy', 'id': '380', 'alpha3code': 'ITA', 'alpha2code': 'IT'}",20476,left,M. Borriello,null,Marco Borriello,Marco Borriello,Marco Borriello,it ITA,FW,SPAL,35.0,1982.0,8.6,122.0,159.0,76.7,1420.0,181.0,81.0,95.0,85.3,22.0,35.0,62.9,3.0,4.0,75.0,0,0.9,0.6,-0.9,10.0,5.0,2.0,0.0,8.0,4.0,0.0,2.0,1.0,1.0,0.0,1.0,1.0,1.0,0.0,1.0,1.0,5.0,6.0,0.0,Matches,159.0,141.0,18.0,0.0,0.0,1.0,3.0,0.0,0.0,0.0,0.0,0.0,122.0,0.0,6.0,6,0,0.0,15,11.0,10.0,3.0,1.0,2.0,0.0,0.0,0.0,20.0,19.0,16.0,54.3,Italy
"{'name': 'Italy', 'id': '380', 'alpha3code': 'ITA', 'alpha2code': 'IT'}",80,Alessandro,,Matri,3315,1984-08-19,183,"{'code2': 'FW', 'code3': 'FWD', 'name': 'Forward'}","{'name': 'Italy', 'id': '380', 'alpha3code': 'ITA', 'alpha2code': 'IT'}",20478,right,A. Matri,null,Alessandro Matri,Alessandro Matri,Alessandro Matri,it ITA,FW,Sassuolo,32.0,1984.0,10.2,148.0,211.0,70.1,2218.0,444.0,82.0,114.0,71.9,54.0,69.0,78.3,6.0,10.0,60.0,0,1.0,0.6,-1.0,12.0,12.0,3.0,1.0,22.0,2.0,0.0,1.0,1.0,0.0,0.0,3.0,3.0,1.0,0.0,1.0,0.0,2.0,5.0,0.0,Matches,211.0,183.0,26.0,1.0,2.0,0.0,6.0,0.0,0.0,0.0,0.0,0.0,148.0,2.0,7.0,1,0,0.0,7,17.0,13.0,6.0,0.0,1.0,3.0,0.0,0.0,28.0,12.0,23.0,34.3,Italy
"{'name': 'Italy', 'id': '380', 'alpha3code': 'ITA', 'alpha2code': 'IT'}",79,Fabio,,Quagliarella,3164,1983-01-31,180,"{'code2': 'FW', 'code3': 'FWD', 'name': 'Forward'}","{'name': 'Italy', 'id': '380', 'alpha3code': 'ITA', 'alpha2code': 'IT'}",20479,right,F. Quagliarella,null,Fabio Quagliarella,Fabio Quagliarella,Fabio Quagliarella,it ITA,FW,Sampdoria,34.0,1983.0,30.2,436.0,671.0,65.0,6626.0,1522.0,234.0,320.0,73.1,147.0,224.0,65.6,32.0,59.0,54.2,5,6.2,4.8,-1.2,37.0,32.0,29.0,4.0,58.0,11.0,8.0,1.0,3.0,7.0,2.0,25.0,23.0,34.0,0.0,34.0,7.0,18.0,23.0,0.0,Matches,671.0,604.0,63.0,4.0,6.0,3.0,48.0,5.0,0.0,0.0,0.0,0.0,436.0,4.0,37.0,4,0,0.0,24,46.0,39.0,48.0,7.0,9.0,0.0,0.0,0.0,66.0,33.0,36.0,47.8,Italy
"{'name': 'Italy', 'id': '380', 'alpha3code': 'ITA', 'alpha2code': 'IT'}",79,Antonio,,Mirante,3166,1983-07-08,193,"{'code2': 'GK', 'code3': 'GKP', 'name': 'Goalkeeper'}","{'name': 'Italy', 'id': '380', 'alpha3code': 'ITA', 'alpha2code': 'IT'}",20483,right,A. Mirante,null,Antonio Mirante,Antonio Mirante,Antonio Mirante,it ITA,GK,Bologna,34.0,1983.0,33.0,886.0,1264.0,70.1,31229.0,26108.0,63.0,63.0,100.0,347.0,354.0,98.0,472.0,838.0,56.3,0,0.0,0.1,0.0,1.0,22.0,0.0,0.0,3.0,0.0,0.0,0.0,0.0,0.0,0.0,3.0,3.0,1.0,0.0,1.0,0.0,0.0,11.0,5.0,Matches,1264.0,782.0,478.0,157.0,0.0,2.0,0.0,3.0,0.0,0.0,0.0,0.0,886.0,4.0,1.0,5,0,0.0,1,1.0,0.0,0.0,0.0,0.0,0.0,0.0,1.0,73.0,11.0,1.0,91.7,Italy
"{'name': 'Italy', 'id': '380', 'alpha3code': 'ITA', 'alpha2code': 'IT'}",79,Massimo,,Gobbi,3165,1980-10-31,183,"{'code2': 'DF', 'code3': 'DEF', 'name': 'Defender'}","{'name': 'Italy', 'id': '380', 'alpha3code': 'ITA', 'alpha2code': 'IT'}",20495,left,M. Gobbi,null,Massimo Gobbi,Massimo Gobbi,Massimo Gobbi,it ITA,DF,Chievo,36.0,1980.0,22.8,929.0,1284.0,72.4,15923.0,7737.0,433.0,481.0,90.0,374.0,502.0,74.5,95.0,227.0,41.9,2,3.0,1.3,-1.0,25.0,89.0,32.0,17.0,134.0,24.0,42.3,13.0,9.0,2.0,11.0,26.0,15.0,20.0,5.0,15.0,22.0,46.0,90.0,1.0,Matches,1284.0,1034.0,236.0,21.0,1.0,3.0,73.0,215.0,0.0,0.0,0.0,0.0,929.0,14.0,28.0,3,0,0.0,26,9.0,3.0,73.0,22.0,18.0,0.0,2.0,0.0,104.0,18.0,19.0,48.6,Italy
"{'name': 'Italy', 'id': '380', 'alpha3code': 'ITA', 'alpha2code': 'IT'}",80,Sergio,,Floccari,3204,1981-11-12,180,"{'code2': 'FW', 'code3': 'FWD', 'name': 'Forward'}","{'name': 'Italy', 'id': '380', 'alpha3code': 'ITA', 'alpha2code': 'IT'}",20503,right,S. Floccari,null,Sergio Floccari,Sergio Floccari,Sergio Floccari,it ITA,FW,SPAL,35.0,1981.0,9.8,188.0,262.0,71.8,2846.0,393.0,107.0,135.0,79.3,59.0,85.0,69.4,11.0,17.0,64.7,0,0.3,0.6,-0.3,6.0,10.0,5.0,1.0,15.0,13.0,54.5,7.0,5.0,1.0,6.0,11.0,5.0,6.0,1.0,5.0,2.0,15.0,6.0,0.0,Matches,262.0,249.0,12.0,3.0,1.0,4.0,10.0,1.0,0.0,0.0,0.0,0.0,188.0,1.0,11.0,0,0,0.0,15,23.0,11.0,10.0,2.0,9.0,1.0,0.0,0.0,33.0,25.0,56.0,30.9,Italy
"{'name': 'Italy', 'id': '380', 'alpha3code': 'ITA', 'alpha2code': 'IT'}",80,Matteo,,Bianchetti,3194,1993-03-17,189,"{'code2': 'DF', 'code3': 'DEF', 'name': 'Defender'}","{'name': 'Italy', 'id': '380', 'alpha3code': 'ITA', 'alpha2code': 'IT'}",20512,right,M. Bianchetti,null,Matteo Bianchetti,Matteo Bianchetti,Matteo Bianchetti,it ITA,DF,Hellas Verona,24.0,1993.0,1.4,50.0,68.0,73.5,842.0,525.0,26.0,28.0,92.9,20.0,24.0,83.3,3.0,12.0,25.0,0,0.0,0.0,0.0,0.0,3.0,1.0,1.0,7.0,3.0,33.3,3.0,0.0,0.0,1.0,3.0,2.0,3.0,2.0,1.0,2.0,5.0,8.0,0.0,Matches,68.0,53.0,15.0,1.0,0.0,0.0,4.0,14.0,0.0,0.0,0.0,0.0,50.0,0.0,3.0,1,0,0.0,2,1.0,0.0,4.0,2.0,1.0,0.0,0.0,0.0,6.0,4.0,3.0,57.1,Italy
"{'name': 'Japan', 'id': '392', 'alpha3code': 'JPN', 'alpha2code': 'JP'}",68,Yuto,,Nagatomo,4492,1986-09-12,170,"{'code2': 'DF', 'code3': 'DEF', 'name': 'Defender'}","{'name': 'Japan', 'id': '392', 'alpha3code': 'JPN', 'alpha2code': 'JP'}",20517,right,Y. Nagatomo,12913,Yuto Nagatomo,Yuto Nagatomo,Yuto Nagatomo,jp JPN,DF,Inter,30.0,1986.0,8.8,298.0,378.0,78.8,4723.0,1529.0,152.0,165.0,92.1,111.0,139.0,79.9,23.0,47.0,48.9,1,0.6,0.5,0.4,8.0,20.0,9.0,3.0,27.0,10.0,35.7,4.0,5.0,1.0,5.0,14.0,9.0,8.0,3.0,5.0,10.0,20.0,28.0,0.0,Matches,378.0,302.0,73.0,3.0,2.0,4.0,10.0,70.0,0.0,0.0,0.0,0.0,298.0,3.0,9.0,1,0,0.0,9,10.0,0.0,10.0,10.0,6.0,0.0,0.0,0.0,49.0,11.0,11.0,50.0,Italy
"{'name': 'Italy', 'id': '380', 'alpha3code': 'ITA', 'alpha2code': 'IT'}",81,Andrea,,Ranocchia,3161,1988-02-16,195,"{'code2': 'DF', 'code3': 'DEF', 'name': 'Defender'}","{'name': 'Italy', 'id': '380', 'alpha3code': 'ITA', 'alpha2code': 'IT'}",20519,right,A. Ranocchia,null,Andrea Ranocchia,Andrea Ranocchia,Andrea Ranocchia,it ITA,DF,Inter,29.0,1988.0,7.0,283.0,315.0,89.8,5379.0,2095.0,93.0,99.0,93.9,165.0,176.0,93.8,24.0,37.0,64.9,0,0.0,0.0,0.0,0.0,10.0,1.0,0.0,19.0,8.0,50.0,6.0,2.0,0.0,3.0,6.0,3.0,6.0,5.0,1.0,12.0,20.0,35.0,0.0,Matches,315.0,310.0,4.0,4.0,0.0,1.0,1.0,0.0,0.0,0.0,0.0,0.0,283.0,1.0,0.0,4,0,0.0,8,3.0,0.0,1.0,12.0,4.0,0.0,0.0,1.0,38.0,25.0,5.0,83.3,Italy
"{'name': 'Italy', 'id': '380', 'alpha3code': 'ITA', 'alpha2code': 'IT'}",80,Lorenzo,,Crisetig,3166,1993-01-20,183,"{'code2': 'MD', 'code3': 'MID', 'name': 'Midfielder'}","{'name': 'Italy', 'id': '380', 'alpha3code': 'ITA', 'alpha2code': 'IT'}",20526,left,L. Crisetig,null,Lorenzo Crisetig,Lorenzo Crisetig,Lorenzo Crisetig,it ITA,MF,Bologna,24.0,1993.0,6.2,313.0,360.0,86.9,5267.0,1706.0,156.0,171.0,91.2,114.0,130.0,87.7,30.0,41.0,73.2,0,0.0,0.1,0.0,1.0,39.0,1.0,0.0,37.0,18.0,29.2,8.0,9.0,1.0,7.0,24.0,17.0,8.0,2.0,6.0,13.0,31.0,16.0,1.0,Matches,360.0,349.0,11.0,9.0,0.0,6.0,2.0,1.0,1.0,1.0,0.0,0.0,313.0,0.0,5.0,4,0,0.0,13,6.0,0.0,2.0,13.0,14.0,1.0,0.0,0.0,34.0,5.0,6.0,45.5,Italy
"{'name': 'Italy', 'id': '380', 'alpha3code': 'ITA', 'alpha2code': 'IT'}",77,Andrea,,Poli,3166,1989-09-29,182,"{'code2': 'MD', 'code3': 'MID', 'name': 'Midfielder'}","{'name': 'Italy', 'id': '380', 'alpha3code': 'ITA', 'alpha2code': 'IT'}",20529,right,A. Poli,null,Andrea Poli,Andrea Poli,Andrea Poli,it ITA,MF,Bologna,27.0,1989.0,28.3,1127.0,1270.0,88.7,18037.0,4250.0,567.0,616.0,92.0,455.0,489.0,93.0,74.0,90.0,82.2,0,0.6,1.3,-0.6,14.0,97.0,19.0,3.0,113.0,66.0,28.1,33.0,27.0,6.0,18.0,64.0,46.0,55.0,3.0,52.0,43.0,109.0,27.0,0.0,Matches,1270.0,1230.0,35.0,14.0,2.0,1.0,14.0,16.0,0.0,0.0,0.0,0.0,1127.0,5.0,26.0,10,1,1.0,31,54.0,1.0,14.0,43.0,53.0,0.0,0.0,0.0,183.0,10.0,45.0,18.2,Italy
"{'name': 'Italy', 'id': '380', 'alpha3code': 'ITA', 'alpha2code': 'IT'}",74,Giampaolo,,Pazzini,695,1984-08-02,180,"{'code2': 'FW', 'code3': 'FWD', 'name': 'Forward'}","{'name': 'Italy', 'id': '380', 'alpha3code': 'ITA', 'alpha2code': 'IT'}",20536,right,G. Pazzini,null,Giampaolo Pazzini,Giampaolo Pazzini,Giampaolo Pazzini,it ITA,FW,Hellas Verona,32.0,1984.0,11.0,114.0,162.0,70.4,1700.0,291.0,68.0,86.0,79.1,34.0,52.0,65.4,8.0,15.0,53.3,0,0.9,0.4,-0.9,5.0,6.0,3.0,0.0,14.0,0.0,0.0,0.0,0.0,0.0,0.0,4.0,4.0,2.0,0.0,2.0,1.0,1.0,13.0,0.0,Matches,162.0,135.0,25.0,1.0,0.0,1.0,3.0,1.0,0.0,0.0,0.0,0.0,114.0,2.0,3.0,1,0,0.0,20,23.0,7.0,3.0,1.0,0.0,0.0,0.0,0.0,19.0,20.0,21.0,48.8,Italy
"{'name': 'Italy', 'id': '380', 'alpha3code': 'ITA', 'alpha2code': 'IT'}",72,Antonio,,Candreva,3161,1987-02-28,180,"{'code2': 'MD', 'code3': 'MID', 'name': 'Midfielder'}","{'name': 'Italy', 'id': '380', 'alpha3code': 'ITA', 'alpha2code': 'IT'}",20556,right,A. Candreva,null,Antonio Candreva,Antonio Candreva,Antonio Candreva,it ITA,FW,Inter,30.0,1987.0,28.2,1174.0,1639.0,71.6,18652.0,4954.0,691.0,774.0,89.3,317.0,476.0,66.6,124.0,254.0,48.8,7,7.9,7.1,-0.9,71.0,62.0,63.0,28.0,120.0,12.0,20.5,7.0,5.0,0.0,8.0,39.0,31.0,20.0,2.0,18.0,22.0,34.0,24.0,0.0,Matches,1639.0,1459.0,168.0,15.0,6.0,31.0,288.0,54.0,99.0,12.0,60.0,3.0,1174.0,12.0,65.0,4,0,0.0,20,28.0,18.0,288.0,22.0,7.0,0.0,0.0,0.0,130.0,0.0,3.0,0.0,Italy
"{'name': 'Switzerland', 'id': '756', 'alpha3code': 'CHE', 'alpha2code': 'CH'}",75,Senad,,Luli\u0107,3162,1986-01-18,183,"{'code2': 'MD', 'code3': 'MID', 'name': 'Midfielder'}","{'name': 'Bosnia-Herzegovina', 'id': '70', 'alpha3code': 'BIH', 'alpha2code': 'BA'}",20561,right,S. Luli\u0107,10001,Senad Lulić,Senad Lulić,Senad Lulić,ba BIH,"DF,MF",Lazio,31.0,1986.0,27.0,1108.0,1487.0,74.5,18728.0,5738.0,557.0,645.0,86.4,370.0,505.0,73.3,133.0,223.0,59.6,4,3.9,2.8,0.1,38.0,80.0,33.0,20.0,112.0,66.0,26.3,32.0,22.0,12.0,21.0,80.0,59.0,32.0,4.0,28.0,36.0,102.0,39.0,0.0,Matches,1487.0,1279.0,197.0,19.0,4.0,20.0,90.0,174.0,2.0,1.0,0.0,0.0,1108.0,11.0,45.0,8,1,1.0,47,45.0,9.0,90.0,36.0,40.0,1.0,0.0,1.0,220.0,26.0,21.0,55.3,Italy
"{'name': 'Slovenia', 'id': '705', 'alpha3code': 'SVN', 'alpha2code': 'SI'}",89,Samir,,Handanovi\u010d,3161,1984-07-14,193,"{'code2': 'GK', 'code3': 'GKP', 'name': 'Goalkeeper'}","{'name': 'Slovenia', 'id': '705', 'alpha3code': 'SVN', 'alpha2code': 'SI'}",20571,right,S. Handanovi\u010d,null,Samir Handanovič,Samir Handanović,Samir Handanović,si SVN,GK,Inter,33.0,1984.0,38.0,943.0,1121.0,84.1,23448.0,17753.0,198.0,198.0,100.0,495.0,502.0,98.6,250.0,420.0,59.5,0,0.0,0.0,0.0,0.0,1.0,0.0,0.0,0.0,0.0,,0.0,0.0,0.0,0.0,0.0,0.0,1.0,0.0,1.0,0.0,0.0,7.0,1.0,Matches,1121.0,751.0,369.0,57.0,0.0,1.0,0.0,0.0,0.0,0.0,0.0,0.0,943.0,1.0,0.0,0,0,0.0,1,2.0,0.0,0.0,0.0,0.0,0.0,1.0,1.0,37.0,9.0,0.0,100.0,Italy
"{'name': 'Italy', 'id': '380', 'alpha3code': 'ITA', 'alpha2code': 'IT'}",75,Danilo,,Larangeira,3163,1984-05-10,184,"{'code2': 'DF', 'code3': 'DEF', 'name': 'Defender'}","{'name': 'Brazil', 'id': '76', 'alpha3code': 'BRA', 'alpha2code': 'BR'}",20583,right,Danilo,null,Danilo Larangeira,Danilo Larangeira,Danilo Larangeira,br BRA,DF,Udinese,33.0,1984.0,30.8,1111.0,1413.0,78.6,24014.0,10176.0,300.0,344.0,87.2,622.0,710.0,87.6,182.0,334.0,54.5,0,0.2,0.6,-0.2,3.0,58.0,3.0,0.0,62.0,35.0,55.2,26.0,8.0,1.0,16.0,29.0,13.0,50.0,38.0,12.0,50.0,85.0,161.0,2.0,Matches,1413.0,1324.0,84.0,73.0,0.0,16.0,2.0,11.0,0.0,0.0,0.0,0.0,1111.0,5.0,8.0,8,0,0.0,22,13.0,2.0,2.0,50.0,21.0,0.0,0.0,1.0,147.0,71.0,60.0,54.2,Italy
"{'name': 'Ghana', 'id': '288', 'alpha3code': 'GHA', 'alpha2code': 'GH'}",78,Kwadwo,,Asamoah,3159,1988-12-09,178,"{'code2': 'MD', 'code3': 'MID', 'name': 'Midfielder'}","{'name': 'Ghana', 'id': '288', 'alpha3code': 'GHA', 'alpha2code': 'GH'}",20588,left,K. Asamoah,null,Kwadwo Asamoah,Kwadwo Asamoah,Kwadwo Asamoah,gh GHA,DF,Juventus,28.0,1988.0,17.4,1132.0,1295.0,87.4,19458.0,4786.0,490.0,524.0,93.5,526.0,588.0,89.5,89.0,126.0,70.6,0,0.7,1.0,-0.7,13.0,96.0,14.0,5.0,98.0,28.0,65.2,12.0,14.0,2.0,15.0,23.0,8.0,11.0,0.0,11.0,18.0,46.0,30.0,0.0,Matches,1295.0,1147.0,144.0,18.0,0.0,14.0,31.0,126.0,0.0,0.0,0.0,0.0,1132.0,4.0,22.0,4,0,0.0,13,30.0,1.0,31.0,18.0,21.0,0.0,0.0,0.0,100.0,11.0,8.0,57.9,Italy
"{'name': 'Italy', 'id': '380', 'alpha3code': 'ITA', 'alpha2code': 'IT'}",73,Andrea,,Costa,3219,1986-02-01,182,"{'code2': 'DF', 'code3': 'DEF', 'name': 'Defender'}","{'name': 'Italy', 'id': '380', 'alpha3code': 'ITA', 'alpha2code': 'IT'}",20609,left,A. Costa,null,Andrea Costa,Andrea Costa,Andrea Costa,it ITA,DF,Benevento,31.0,1986.0,15.3,539.0,702.0,76.8,9926.0,4757.0,233.0,260.0,89.6,233.0,287.0,81.2,61.0,131.0,46.6,0,0.1,0.4,-0.1,2.0,37.0,6.0,3.0,51.0,19.0,47.4,13.0,6.0,0.0,9.0,19.0,10.0,21.0,15.0,6.0,37.0,56.0,78.0,2.0,Matches,702.0,658.0,42.0,27.0,1.0,10.0,6.0,15.0,0.0,0.0,0.0,0.0,539.0,2.0,4.0,5,0,0.0,22,11.0,0.0,6.0,37.0,14.0,0.0,1.0,0.0,62.0,26.0,22.0,54.2,Italy
"{'name': 'Italy', 'id': '380', 'alpha3code': 'ITA', 'alpha2code': 'IT'}",80,Christian,,Puggioni,3219,1981-01-17,187,"{'code2': 'GK', 'code3': 'GKP', 'name': 'Goalkeeper'}","{'name': 'Italy', 'id': '380', 'alpha3code': 'ITA', 'alpha2code': 'IT'}",20632,right,C. Puggioni,null,Christian Puggioni,Christian Puggioni,Christian Puggioni,it ITA,GK,Benevento,36.0,1981.0,13.1,358.0,480.0,74.6,10523.0,7682.0,48.0,48.0,100.0,167.0,171.0,97.7,143.0,260.0,55.0,0,0.0,0.0,0.0,0.0,5.0,0.0,0.0,0.0,0.0,,0.0,0.0,0.0,0.0,0.0,0.0,0.0,0.0,0.0,0.0,0.0,5.0,1.0,Matches,480.0,316.0,163.0,43.0,0.0,3.0,0.0,0.0,0.0,0.0,0.0,0.0,358.0,1.0,0.0,0,1,0.0,1,1.0,0.0,0.0,0.0,0.0,0.0,0.0,0.0,12.0,5.0,0.0,100.0,Italy
"{'name': 'Italy', 'id': '380', 'alpha3code': 'ITA', 'alpha2code': 'IT'}",80,Christian,,Puggioni,3219,1981-01-17,187,"{'code2': 'GK', 'code3': 'GKP', 'name': 'Goalkeeper'}","{'name': 'Italy', 'id': '380', 'alpha3code': 'ITA', 'alpha2code': 'IT'}",20632,right,C. Puggioni,null,Christian Puggioni,Christian Puggioni,Christian Puggioni,it ITA,GK,Sampdoria,36.0,1981.0,9.0,227.0,314.0,72.3,6611.0,5325.0,40.0,40.0,100.0,98.0,101.0,97.0,89.0,171.0,52.0,0,0.0,0.0,0.0,0.0,4.0,0.0,0.0,0.0,0.0,,0.0,0.0,0.0,0.0,0.0,0.0,0.0,0.0,0.0,0.0,0.0,6.0,1.0,Matches,314.0,201.0,111.0,33.0,0.0,3.0,0.0,0.0,0.0,0.0,0.0,0.0,227.0,2.0,0.0,0,0,0.0,1,1.0,0.0,0.0,0.0,0.0,0.0,1.0,0.0,15.0,3.0,0.0,100.0,Italy
"{'name': 'Italy', 'id': '380', 'alpha3code': 'ITA', 'alpha2code': 'IT'}",82,Stefano,,Sorrentino,3165,1979-03-28,185,"{'code2': 'GK', 'code3': 'GKP', 'name': 'Goalkeeper'}","{'name': 'Italy', 'id': '380', 'alpha3code': 'ITA', 'alpha2code': 'IT'}",20633,right,S. Sorrentino,null,Stefano Sorrentino,Stefano Sorrentino,Stefano Sorrentino,it ITA,GK,Chievo,38.0,1979.0,38.0,777.0,1196.0,65.0,25138.0,20220.0,63.0,63.0,100.0,328.0,331.0,99.1,384.0,797.0,48.2,0,0.0,0.0,0.0,0.0,3.0,0.0,0.0,0.0,0.0,,0.0,0.0,0.0,0.0,0.0,0.0,0.0,0.0,0.0,0.0,0.0,23.0,3.0,Matches,1196.0,657.0,536.0,142.0,0.0,1.0,0.0,0.0,0.0,0.0,0.0,0.0,777.0,3.0,0.0,2,0,0.0,0,7.0,0.0,0.0,0.0,0.0,0.0,0.0,0.0,45.0,5.0,1.0,83.3,Italy
"{'name': 'Italy', 'id': '380', 'alpha3code': 'ITA', 'alpha2code': 'IT'}",88,Francesco,,Acerbi,3315,1988-02-10,192,"{'code2': 'DF', 'code3': 'DEF', 'name': 'Defender'}","{'name': 'Italy', 'id': '380', 'alpha3code': 'ITA', 'alpha2code': 'IT'}",20635,left,F. Acerbi,null,Francesco Acerbi,Francesco Acerbi,Francesco Acerbi,it ITA,DF,Sassuolo,29.0,1988.0,38.0,1391.0,1650.0,84.3,30718.0,10405.0,349.0,387.0,90.2,782.0,876.0,89.3,249.0,360.0,69.2,0,0.7,0.8,-0.7,10.0,106.0,2.0,1.0,141.0,51.0,61.1,26.0,22.0,3.0,22.0,36.0,14.0,42.0,21.0,21.0,88.0,139.0,255.0,1.0,Matches,1650.0,1529.0,118.0,89.0,2.0,24.0,12.0,28.0,0.0,0.0,0.0,0.0,1391.0,3.0,9.0,4,0,0.0,31,32.0,1.0,12.0,88.0,32.0,0.0,1.0,1.0,260.0,103.0,40.0,72.0,Italy
"{'name': 'Italy', 'id': '380', 'alpha3code': 'ITA', 'alpha2code': 'IT'}",81,Marco,,Andreolli,3173,1986-06-10,187,"{'code2': 'DF', 'code3': 'DEF', 'name': 'Defender'}","{'name': 'Italy', 'id': '380', 'alpha3code': 'ITA', 'alpha2code': 'IT'}",20636,right,M. Andreolli,null,Marco Andreolli,Marco Andreolli,Marco Andreolli,it ITA,DF,Cagliari,31.0,1986.0,20.3,693.0,862.0,80.4,15078.0,5963.0,173.0,193.0,89.6,399.0,438.0,91.1,118.0,216.0,54.6,0,0.0,0.3,0.0,2.0,44.0,4.0,0.0,54.0,25.0,60.0,20.0,4.0,1.0,12.0,20.0,8.0,24.0,17.0,7.0,30.0,55.0,139.0,0.0,Matches,862.0,809.0,49.0,37.0,0.0,8.0,4.0,1.0,0.0,0.0,0.0,0.0,693.0,4.0,9.0,5,0,0.0,29,8.0,0.0,4.0,30.0,17.0,0.0,0.0,0.0,58.0,45.0,27.0,62.5,Italy
"{'name': 'Slovenia', 'id': '705', 'alpha3code': 'SVN', 'alpha2code': 'SI'}",89,Bo\u0161tjan,,Cesar,,1982-07-09,191,"{'code2': 'DF', 'code3': 'DEF', 'name': 'Defender'}","{'name': 'Slovenia', 'id': '705', 'alpha3code': 'SVN', 'alpha2code': 'SI'}",20637,left,B. Cesar,12046,Boštjan Cesar,Boštjan Cesar,Boštjan Cesar,si SVN,DF,Chievo,35.0,1982.0,6.1,197.0,239.0,82.4,4073.0,1759.0,61.0,65.0,93.8,103.0,125.0,82.4,31.0,46.0,67.4,0,0.0,0.0,0.0,0.0,10.0,0.0,0.0,20.0,4.0,75.0,3.0,1.0,0.0,3.0,4.0,1.0,6.0,4.0,2.0,3.0,7.0,40.0,0.0,Matches,239.0,226.0,13.0,12.0,0.0,1.0,0.0,1.0,0.0,0.0,0.0,0.0,197.0,0.0,1.0,1,0,0.0,5,7.0,0.0,0.0,3.0,3.0,0.0,0.0,2.0,22.0,13.0,14.0,48.1,Italy
"{'name': 'Italy', 'id': '380', 'alpha3code': 'ITA', 'alpha2code': 'IT'}",78,Dario,,Dainelli,3165,1979-06-09,191,"{'code2': 'DF', 'code3': 'DEF', 'name': 'Defender'}","{'name': 'Italy', 'id': '380', 'alpha3code': 'ITA', 'alpha2code': 'IT'}",20638,right,D. Dainelli,null,Dario Dainelli,Dario Dainelli,Dario Dainelli,it ITA,DF,Chievo,38.0,1979.0,16.7,465.0,600.0,77.5,10013.0,4799.0,142.0,166.0,85.5,226.0,255.0,88.6,90.0,165.0,54.5,0,0.1,0.2,-0.1,3.0,38.0,2.0,0.0,48.0,19.0,47.6,14.0,4.0,1.0,10.0,21.0,11.0,27.0,22.0,5.0,46.0,65.0,126.0,0.0,Matches,600.0,558.0,38.0,38.0,0.0,11.0,1.0,0.0,0.0,0.0,0.0,0.0,465.0,4.0,2.0,4,0,0.0,18,11.0,0.0,1.0,46.0,14.0,0.0,0.0,0.0,90.0,49.0,17.0,74.2,Italy
"{'name': 'Senegal', 'id': '686', 'alpha3code': 'SEN', 'alpha2code': 'SN'}",74,Boukary,,Dram\u00e9,,1985-07-22,181,"{'code2': 'DF', 'code3': 'DEF', 'name': 'Defender'}","{'name': 'France', 'id': '250', 'alpha3code': 'FRA', 'alpha2code': 'FR'}",20639,left,B. Dram\u00e9,null,Boukary Dramé,Boukary Dramé,Boukary Dramé,sn SEN,"DF,MF",SPAL,32.0,1985.0,1.1,45.0,57.0,78.9,708.0,232.0,20.0,21.0,95.2,20.0,24.0,83.3,2.0,8.0,25.0,0,0.0,0.0,0.0,0.0,1.0,1.0,0.0,3.0,1.0,,1.0,0.0,0.0,0.0,0.0,0.0,0.0,0.0,0.0,2.0,3.0,4.0,0.0,Matches,57.0,47.0,10.0,1.0,0.0,0.0,2.0,9.0,0.0,0.0,0.0,0.0,45.0,0.0,1.0,0,0,0.0,0,1.0,0.0,2.0,2.0,1.0,0.0,0.0,0.0,9.0,2.0,0.0,100.0,Italy
"{'name': 'Italy', 'id': '380', 'alpha3code': 'ITA', 'alpha2code': 'IT'}",75,Luca,,Rigoni,3193,1984-12-07,185,"{'code2': 'MD', 'code3': 'MID', 'name': 'Midfielder'}","{'name': 'Italy', 'id': '380', 'alpha3code': 'ITA', 'alpha2code': 'IT'}",20655,right,L. Rigoni,null,Luca Rigoni,Luca Rigoni,Luca Rigoni,it ITA,MF,Genoa,32.0,1984.0,17.5,440.0,551.0,79.9,7751.0,2264.0,209.0,236.0,88.6,167.0,205.0,81.5,54.0,81.0,66.7,2,1.8,2.2,0.2,14.0,63.0,10.0,3.0,75.0,32.0,20.0,11.0,20.0,1.0,7.0,35.0,28.0,24.0,2.0,22.0,19.0,51.0,13.0,0.0,Matches,551.0,540.0,9.0,6.0,5.0,7.0,18.0,3.0,0.0,0.0,0.0,0.0,440.0,2.0,13.0,5,0,0.0,29,21.0,6.0,18.0,19.0,22.0,0.0,0.0,0.0,77.0,16.0,14.0,53.3,Italy
"{'name': 'Italy', 'id': '380', 'alpha3code': 'ITA', 'alpha2code': 'IT'}",82,Alberto,,Paloschi,3204,1990-01-04,182,"{'code2': 'FW', 'code3': 'FWD', 'name': 'Forward'}","{'name': 'Italy', 'id': '380', 'alpha3code': 'ITA', 'alpha2code': 'IT'}",20661,right,A. Paloschi,null,Alberto Paloschi,Alberto Paloschi,Alberto Paloschi,it ITA,FW,SPAL,27.0,1990.0,24.3,287.0,398.0,72.1,3783.0,532.0,164.0,211.0,77.7,78.0,105.0,74.3,12.0,24.0,50.0,0,0.9,0.5,-0.9,12.0,13.0,4.0,0.0,24.0,10.0,0.0,0.0,9.0,1.0,0.0,10.0,10.0,2.0,1.0,1.0,4.0,14.0,11.0,0.0,Matches,398.0,349.0,46.0,1.0,0.0,2.0,6.0,0.0,0.0,0.0,0.0,0.0,287.0,3.0,14.0,2,0,0.0,42,24.0,22.0,6.0,4.0,7.0,1.0,0.0,0.0,58.0,19.0,48.0,28.4,Italy
"{'name': 'France', 'id': '250', 'alpha3code': 'FRA', 'alpha2code': 'FR'}",78,Cyril,,Th\u00e9r\u00e9au,3176,1983-04-24,189,"{'code2': 'FW', 'code3': 'FWD', 'name': 'Forward'}","{'name': 'France', 'id': '250', 'alpha3code': 'FRA', 'alpha2code': 'FR'}",20663,right,C. Th\u00e9r\u00e9au,null,Cyril Théréau,Cyril Théréau,Cyril Théréau,fr FRA,"FW,MF",Fiorentina,34.0,1983.0,12.4,394.0,506.0,77.9,5027.0,919.0,252.0,295.0,85.4,100.0,135.0,74.1,11.0,24.0,45.8,2,2.3,1.2,-0.3,22.0,31.0,11.0,2.0,45.0,11.0,36.8,3.0,6.0,2.0,7.0,19.0,12.0,13.0,0.0,13.0,8.0,19.0,9.0,0.0,Matches,506.0,496.0,7.0,2.0,5.0,1.0,16.0,3.0,2.0,1.0,1.0,0.0,394.0,3.0,6.0,2,0,0.0,11,20.0,9.0,16.0,8.0,6.0,0.0,0.0,0.0,62.0,43.0,41.0,51.2,Italy
"{'name': 'France', 'id': '250', 'alpha3code': 'FRA', 'alpha2code': 'FR'}",78,Cyril,,Th\u00e9r\u00e9au,3176,1983-04-24,189,"{'code2': 'FW', 'code3': 'FWD', 'name': 'Forward'}","{'name': 'France', 'id': '250', 'alpha3code': 'FRA', 'alpha2code': 'FR'}",20663,right,C. Th\u00e9r\u00e9au,null,Cyril Théréau,Cyril Théréau,Cyril Théréau,fr FRA,"FW,MF",Udinese,34.0,1983.0,2.0,58.0,74.0,78.4,730.0,90.0,38.0,46.0,82.6,14.0,19.0,73.7,3.0,4.0,75.0,0,0.0,0.1,0.0,1.0,4.0,1.0,0.0,7.0,1.0,50.0,1.0,0.0,0.0,1.0,2.0,1.0,0.0,0.0,0.0,0.0,1.0,2.0,0.0,Matches,74.0,72.0,2.0,0.0,0.0,1.0,3.0,1.0,0.0,0.0,0.0,0.0,58.0,0.0,3.0,0,0,0.0,2,1.0,2.0,3.0,0.0,1.0,0.0,0.0,0.0,3.0,3.0,4.0,42.9,Italy
"{'name': 'Poland', 'id': '616', 'alpha3code': 'POL', 'alpha2code': 'PL'}",89,Bartosz,,Salamon,3204,1991-05-01,196,"{'code2': 'DF', 'code3': 'DEF', 'name': 'Defender'}","{'name': 'Poland', 'id': '616', 'alpha3code': 'POL', 'alpha2code': 'PL'}",20723,right,B. Salamon,null,Bartosz Salamon,Bartosz Salamon,Bartosz Salamon,pl POL,DF,SPAL,26.0,1991.0,19.2,699.0,867.0,80.6,14972.0,5638.0,197.0,225.0,87.6,383.0,419.0,91.4,111.0,198.0,56.1,0,0.3,0.3,-0.3,3.0,74.0,6.0,2.0,90.0,28.0,57.1,21.0,7.0,0.0,12.0,21.0,9.0,24.0,18.0,6.0,58.0,86.0,148.0,0.0,Matches,867.0,819.0,44.0,42.0,1.0,21.0,11.0,2.0,0.0,0.0,0.0,0.0,699.0,4.0,8.0,5,0,0.0,23,16.0,2.0,11.0,58.0,22.0,0.0,0.0,1.0,114.0,51.0,21.0,70.8,Italy
"{'name': 'Serbia', 'id': '688', 'alpha3code': 'SRB', 'alpha2code': 'RS'}",79,Nenad,,Tomovi\u0107,3165,1987-08-30,184,"{'code2': 'DF', 'code3': 'DEF', 'name': 'Defender'}","{'name': 'Serbia', 'id': '688', 'alpha3code': 'SRB', 'alpha2code': 'RS'}",20748,right,N. Tomovi\u0107,null,Nenad Tomović,Nenad Tomović,Nenad Tomović,rs SRB,DF,Chievo,29.0,1987.0,25.6,864.0,1063.0,81.3,15991.0,6317.0,363.0,390.0,93.1,377.0,442.0,85.3,104.0,185.0,56.2,0,0.2,0.4,-0.2,1.0,43.0,5.0,2.0,65.0,23.0,58.8,17.0,6.0,0.0,10.0,17.0,7.0,29.0,21.0,8.0,50.0,73.0,146.0,0.0,Matches,1063.0,968.0,87.0,30.0,0.0,16.0,12.0,57.0,0.0,0.0,0.0,0.0,864.0,8.0,12.0,4,0,0.0,35,18.0,0.0,12.0,50.0,17.0,0.0,2.0,1.0,107.0,51.0,37.0,58.0,Italy
"{'name': 'Serbia', 'id': '688', 'alpha3code': 'SRB', 'alpha2code': 'RS'}",79,Nenad,,Tomovi\u0107,3165,1987-08-30,184,"{'code2': 'DF', 'code3': 'DEF', 'name': 'Defender'}","{'name': 'Serbia', 'id': '688', 'alpha3code': 'SRB', 'alpha2code': 'RS'}",20748,right,N. Tomovi\u0107,null,Nenad Tomović,Nenad Tomović,Nenad Tomović,rs SRB,DF,Fiorentina,29.0,1987.0,1.5,84.0,100.0,84.0,1502.0,616.0,38.0,41.0,92.7,38.0,46.0,82.6,8.0,12.0,66.7,0,0.1,0.2,-0.1,2.0,7.0,2.0,2.0,10.0,2.0,0.0,1.0,1.0,0.0,0.0,2.0,2.0,0.0,0.0,0.0,3.0,5.0,5.0,1.0,Matches,100.0,85.0,15.0,2.0,1.0,1.0,7.0,13.0,0.0,0.0,0.0,0.0,84.0,0.0,0.0,1,0,0.0,4,0.0,1.0,7.0,3.0,1.0,0.0,1.0,0.0,3.0,4.0,2.0,66.7,Italy
"{'name': 'Italy', 'id': '380', 'alpha3code': 'ITA', 'alpha2code': 'IT'}",75,Andrea,,Bertolacci,3193,1991-01-11,179,"{'code2': 'MD', 'code3': 'MID', 'name': 'Midfielder'}","{'name': 'Italy', 'id': '380', 'alpha3code': 'ITA', 'alpha2code': 'IT'}",20749,left,A. Bertolacci,null,Andrea Bertolacci,Andrea Bertolacci,Andrea Bertolacci,it ITA,MF,Genoa,26.0,1991.0,32.2,1309.0,1644.0,79.6,23424.0,7906.0,577.0,673.0,85.7,578.0,672.0,86.0,131.0,229.0,57.2,0,1.6,2.1,-1.6,26.0,190.0,30.0,2.0,211.0,85.0,33.3,40.0,38.0,7.0,21.0,63.0,42.0,46.0,12.0,34.0,46.0,131.0,37.0,1.0,Matches,1644.0,1553.0,84.0,58.0,2.0,13.0,27.0,14.0,10.0,6.0,4.0,0.0,1309.0,7.0,34.0,7,1,0.0,71,87.0,0.0,27.0,46.0,53.0,1.0,0.0,0.0,225.0,25.0,20.0,55.6,Italy
"{'name': 'Italy', 'id': '380', 'alpha3code': 'ITA', 'alpha2code': 'IT'}",72,Bruno,,Zuculini,12069,1993-04-02,178,"{'code2': 'MD', 'code3': 'MID', 'name': 'Midfielder'}","{'name': 'Argentina', 'id': '32', 'alpha3code': 'ARG', 'alpha2code': 'AR'}",86309,right,B. Zuculini,null,Bruno Zuculini,Bruno Zuculini,Bruno Zuculini,ar ARG,MF,Hellas Verona,24.0,1993.0,13.5,518.0,635.0,81.6,9247.0,3037.0,236.0,275.0,85.8,204.0,241.0,84.6,67.0,95.0,70.5,0,0.0,0.1,0.0,2.0,45.0,1.0,0.0,58.0,68.0,41.7,37.0,28.0,3.0,20.0,48.0,28.0,35.0,8.0,27.0,38.0,106.0,31.0,0.0,Matches,635.0,615.0,19.0,15.0,0.0,6.0,2.0,2.0,0.0,0.0,0.0,0.0,518.0,1.0,7.0,8,3,2.0,41,8.0,0.0,2.0,38.0,49.0,0.0,1.0,0.0,78.0,23.0,32.0,41.8,Italy
"{'name': 'Italy', 'id': '380', 'alpha3code': 'ITA', 'alpha2code': 'IT'}",72,Mattia,,Destro,3166,1991-03-20,178,"{'code2': 'FW', 'code3': 'FWD', 'name': 'Forward'}","{'name': 'Italy', 'id': '380', 'alpha3code': 'ITA', 'alpha2code': 'IT'}",20796,right,M. Destro,null,Mattia Destro,Mattia Destro,Mattia Destro,it ITA,FW,Bologna,26.0,1991.0,18.0,192.0,302.0,63.6,2575.0,622.0,121.0,169.0,71.6,52.0,76.0,68.4,6.0,14.0,42.9,2,1.4,0.9,0.6,13.0,10.0,9.0,0.0,27.0,15.0,27.3,4.0,9.0,2.0,3.0,11.0,8.0,10.0,1.0,9.0,5.0,20.0,26.0,0.0,Matches,302.0,282.0,16.0,1.0,1.0,1.0,4.0,1.0,0.0,0.0,0.0,0.0,192.0,4.0,19.0,3,0,0.0,37,32.0,13.0,4.0,5.0,13.0,0.0,0.0,0.0,34.0,34.0,55.0,38.2,Italy
"{'name': 'Ghana', 'id': '288', 'alpha3code': 'GHA', 'alpha2code': 'GH'}",70,Afriyie,,Acquah,3185,1992-01-05,179,"{'code2': 'MD', 'code3': 'MID', 'name': 'Midfielder'}","{'name': 'Ghana', 'id': '288', 'alpha3code': 'GHA', 'alpha2code': 'GH'}",20812,right,A. Acquah,null,Afriyie Acquah,Afriyie Acquah,Afriyie Acquah,gh GHA,MF,Torino,25.0,1992.0,10.6,405.0,478.0,84.7,6431.0,1627.0,204.0,220.0,92.7,166.0,189.0,87.8,23.0,40.0,57.5,0,0.6,0.2,-0.6,6.0,38.0,2.0,0.0,60.0,8.0,14.3,2.0,6.0,0.0,1.0,7.0,6.0,8.0,1.0,7.0,16.0,24.0,10.0,2.0,Matches,478.0,468.0,8.0,6.0,0.0,1.0,12.0,0.0,0.0,0.0,0.0,0.0,405.0,2.0,9.0,5,1,1.0,17,14.0,0.0,12.0,16.0,6.0,0.0,0.0,0.0,68.0,12.0,17.0,41.4,Italy
"{'name': 'Italy', 'id': '380', 'alpha3code': 'ITA', 'alpha2code': 'IT'}",72,Andrea,,Barberis,3197,1993-12-11,177,"{'code2': 'MD', 'code3': 'MID', 'name': 'Midfielder'}","{'name': 'Italy', 'id': '380', 'alpha3code': 'ITA', 'alpha2code': 'IT'}",20815,right,A. Barberis,null,Andrea Barberis,Andrea Barberis,Andrea Barberis,it ITA,MF,Crotone,23.0,1993.0,33.7,813.0,1148.0,70.8,13858.0,4950.0,376.0,458.0,82.1,326.0,437.0,74.6,81.0,172.0,47.1,1,3.1,2.3,-2.1,34.0,79.0,16.0,6.0,116.0,80.0,23.5,33.0,42.0,5.0,16.0,68.0,52.0,52.0,5.0,47.0,58.0,138.0,67.0,1.0,Matches,1148.0,1009.0,130.0,49.0,0.0,5.0,88.0,8.0,57.0,30.0,19.0,0.0,813.0,9.0,32.0,1,0,0.0,30,21.0,1.0,88.0,58.0,44.0,0.0,0.0,0.0,199.0,40.0,51.0,44.0,Italy
"{'name': 'Slovenia', 'id': '705', 'alpha3code': 'SVN', 'alpha2code': 'SI'}",79,Josip,,Ili\u010di\u0107,3172,1988-01-29,190,"{'code2': 'FW', 'code3': 'FWD', 'name': 'Forward'}","{'name': 'Bosnia-Herzegovina', 'id': '70', 'alpha3code': 'BIH', 'alpha2code': 'BA'}",20820,left,J. Ili\u010di\u0107,12046,Josip Iličić,Josip Iličić,Josip Iličić,si SVN,"MF,FW",Atalanta,29.0,1988.0,22.2,925.0,1218.0,75.9,15297.0,4219.0,471.0,535.0,88.0,283.0,355.0,79.7,115.0,199.0,57.8,6,7.2,7.1,-1.2,65.0,68.0,67.0,10.0,164.0,24.0,27.6,5.0,13.0,6.0,8.0,29.0,21.0,19.0,0.0,19.0,16.0,40.0,2.0,0.0,Matches,1218.0,1064.0,148.0,33.0,5.0,25.0,135.0,20.0,82.0,33.0,37.0,3.0,925.0,6.0,49.0,3,0,0.0,21,62.0,8.0,135.0,16.0,19.0,1.0,0.0,0.0,135.0,8.0,20.0,28.6,Italy
"{'name': 'Argentina', 'id': '32', 'alpha3code': 'ARG', 'alpha2code': 'AR'}",87,Jos\u00e9 Luis,,Palomino,3172,1990-01-05,188,"{'code2': 'DF', 'code3': 'DEF', 'name': 'Defender'}","{'name': 'Argentina', 'id': '32', 'alpha3code': 'ARG', 'alpha2code': 'AR'}",86366,left,J. Palomino,null,José Luis Palomino,José Luis Palomino,José Luis Palomino,ar ARG,DF,Atalanta,27.0,1990.0,22.0,955.0,1150.0,83.0,17935.0,6648.0,333.0,377.0,88.3,517.0,587.0,88.1,91.0,150.0,60.7,0,0.4,0.4,-0.4,2.0,57.0,5.0,3.0,80.0,60.0,47.1,36.0,19.0,5.0,24.0,51.0,27.0,36.0,21.0,15.0,39.0,99.0,111.0,1.0,Matches,1150.0,1071.0,77.0,38.0,0.0,4.0,7.0,39.0,0.0,0.0,0.0,0.0,955.0,2.0,14.0,3,0,0.0,36,12.0,0.0,7.0,39.0,39.0,0.0,0.0,0.0,140.0,48.0,35.0,57.8,Italy
"{'name': 'Italy', 'id': '380', 'alpha3code': 'ITA', 'alpha2code': 'IT'}",82,Andrea,,Consigli,3315,1987-01-27,189,"{'code2': 'GK', 'code3': 'GKP', 'name': 'Goalkeeper'}","{'name': 'Italy', 'id': '380', 'alpha3code': 'ITA', 'alpha2code': 'IT'}",20832,right,A. Consigli,null,Andrea Consigli,Andrea Consigli,Andrea Consigli,it ITA,GK,Sassuolo,30.0,1987.0,36.8,761.0,1114.0,68.3,26777.0,20638.0,61.0,61.0,100.0,280.0,283.0,98.9,420.0,765.0,54.9,0,0.0,0.0,0.0,1.0,15.0,0.0,0.0,0.0,0.0,0.0,0.0,0.0,0.0,0.0,2.0,2.0,0.0,0.0,0.0,0.0,0.0,27.0,6.0,Matches,1114.0,660.0,449.0,153.0,0.0,5.0,0.0,0.0,0.0,0.0,0.0,0.0,761.0,5.0,0.0,2,0,0.0,1,10.0,0.0,0.0,0.0,0.0,0.0,0.0,0.0,33.0,11.0,1.0,91.7,Italy
"{'name': 'Italy', 'id': '380', 'alpha3code': 'ITA', 'alpha2code': 'IT'}",82,Andrea,,Masiello,3172,1985-02-05,184,"{'code2': 'DF', 'code3': 'DEF', 'name': 'Defender'}","{'name': 'Italy', 'id': '380', 'alpha3code': 'ITA', 'alpha2code': 'IT'}",20841,right,A. Masiello,null,Andrea Masiello,Andrea Masiello,Andrea Masiello,it ITA,DF,Atalanta,31.0,1986.0,30.1,1644.0,1941.0,84.7,33368.0,12618.0,627.0,675.0,92.9,713.0,804.0,88.7,280.0,405.0,69.1,0,0.3,0.5,-0.3,10.0,129.0,9.0,0.0,153.0,58.0,55.6,34.0,20.0,4.0,30.0,54.0,24.0,24.0,6.0,18.0,72.0,130.0,137.0,0.0,Matches,1941.0,1820.0,115.0,42.0,0.0,73.0,5.0,71.0,2.0,0.0,0.0,0.0,1644.0,6.0,14.0,5,0,0.0,19,11.0,5.0,5.0,72.0,38.0,0.0,0.0,0.0,236.0,37.0,18.0,67.3,Italy
"{'name': 'Italy', 'id': '380', 'alpha3code': 'ITA', 'alpha2code': 'IT'}",75,Giacomo,,Bonaventura,3157,1989-08-22,180,"{'code2': 'MD', 'code3': 'MID', 'name': 'Midfielder'}","{'name': 'Italy', 'id': '380', 'alpha3code': 'ITA', 'alpha2code': 'IT'}",20845,right,G. Bonaventura,3757,Giacomo Bonaventura,Giacomo Bonaventura,Giacomo Bonaventura,it ITA,MF,Milan,27.0,1989.0,28.2,1287.0,1526.0,84.3,20705.0,4429.0,649.0,706.0,91.9,497.0,567.0,87.7,97.0,163.0,59.5,2,3.4,2.9,-1.4,46.0,108.0,29.0,5.0,164.0,31.0,20.0,7.0,19.0,5.0,9.0,45.0,36.0,31.0,6.0,25.0,33.0,64.0,17.0,0.0,Matches,1526.0,1433.0,89.0,33.0,6.0,17.0,78.0,17.0,38.0,20.0,8.0,0.0,1287.0,4.0,30.0,3,0,0.0,18,47.0,2.0,78.0,33.0,20.0,0.0,0.0,0.0,171.0,28.0,33.0,45.9,Italy
"{'name': 'Italy', 'id': '380', 'alpha3code': 'ITA', 'alpha2code': 'IT'}",80,Davide,,Astori,,1987-01-07,188,"{'code2': 'DF', 'code3': 'DEF', 'name': 'Defender'}","{'name': 'Italy', 'id': '380', 'alpha3code': 'ITA', 'alpha2code': 'IT'}",20866,left,D. Astori,null,Davide Astori,Davide Astori,Davide Astori,it ITA,DF,Fiorentina,30.0,1987.0,25.0,1319.0,1534.0,86.0,25296.0,9045.0,470.0,500.0,94.0,682.0,751.0,90.8,146.0,239.0,61.1,1,0.3,0.9,0.7,9.0,92.0,9.0,2.0,97.0,47.0,62.1,33.0,13.0,1.0,18.0,29.0,11.0,29.0,17.0,12.0,51.0,98.0,131.0,2.0,Matches,1534.0,1465.0,64.0,60.0,0.0,15.0,18.0,4.0,0.0,0.0,0.0,0.0,1319.0,5.0,9.0,5,0,0.0,22,22.0,1.0,18.0,51.0,31.0,0.0,1.0,0.0,188.0,50.0,24.0,67.6,Italy
"{'name': 'Italy', 'id': '380', 'alpha3code': 'ITA', 'alpha2code': 'IT'}",64,Nicola,,Murru,3164,1994-12-16,180,"{'code2': 'DF', 'code3': 'DEF', 'name': 'Defender'}","{'name': 'Italy', 'id': '380', 'alpha3code': 'ITA', 'alpha2code': 'IT'}",20869,left,N. Murru,null,Nicola Murru,Nicola Murru,Nicola Murru,it ITA,DF,Sampdoria,22.0,1994.0,16.1,629.0,843.0,74.6,11502.0,4683.0,261.0,286.0,91.3,296.0,372.0,79.6,65.0,157.0,41.4,1,1.4,1.1,-0.4,11.0,68.0,13.0,7.0,75.0,40.0,63.2,18.0,18.0,4.0,24.0,38.0,14.0,29.0,4.0,25.0,17.0,57.0,60.0,1.0,Matches,843.0,657.0,183.0,24.0,1.0,5.0,53.0,159.0,0.0,0.0,0.0,0.0,629.0,3.0,15.0,4,0,0.0,23,13.0,0.0,53.0,17.0,31.0,0.0,1.0,0.0,90.0,14.0,13.0,51.9,Italy
"{'name': 'Italy', 'id': '380', 'alpha3code': 'ITA', 'alpha2code': 'IT'}",65,Andrea,,Cossu,,1980-05-03,170,"{'code2': 'MD', 'code3': 'MID', 'name': 'Midfielder'}","{'name': 'Italy', 'id': '380', 'alpha3code': 'ITA', 'alpha2code': 'IT'}",20874,right,A. Cossu,null,Andrea Cossu,Andrea Cossu,Andrea Cossu,it ITA,"MF,FW",Cagliari,37.0,1980.0,2.7,75.0,124.0,60.5,1362.0,356.0,35.0,43.0,81.4,27.0,39.0,69.2,11.0,33.0,33.3,1,0.3,0.3,0.7,4.0,4.0,2.0,1.0,7.0,1.0,0.0,0.0,0.0,1.0,0.0,2.0,2.0,2.0,0.0,2.0,3.0,4.0,2.0,0.0,Matches,124.0,103.0,20.0,8.0,0.0,0.0,27.0,0.0,12.0,2.0,10.0,0.0,75.0,1.0,3.0,0,0,0.0,4,6.0,0.0,27.0,3.0,0.0,0.0,0.0,0.0,8.0,0.0,1.0,0.0,Italy
"{'name': 'Italy', 'id': '380', 'alpha3code': 'ITA', 'alpha2code': 'IT'}",75,Daniele,,Dessena,3173,1987-05-10,183,"{'code2': 'MD', 'code3': 'MID', 'name': 'Midfielder'}","{'name': 'Italy', 'id': '380', 'alpha3code': 'ITA', 'alpha2code': 'IT'}",20875,right,D. Dessena,null,Daniele Dessena,Daniele Dessena,Daniele Dessena,it ITA,"MF,DF",Cagliari,30.0,1987.0,6.4,170.0,245.0,69.4,2799.0,1072.0,92.0,115.0,80.0,56.0,81.0,69.1,17.0,35.0,48.6,0,0.1,0.3,-0.1,2.0,11.0,3.0,3.0,16.0,18.0,50.0,12.0,5.0,1.0,6.0,12.0,6.0,7.0,1.0,6.0,6.0,24.0,17.0,0.0,Matches,245.0,224.0,21.0,4.0,0.0,0.0,8.0,16.0,0.0,0.0,0.0,0.0,170.0,0.0,4.0,1,0,0.0,9,16.0,0.0,8.0,6.0,10.0,0.0,0.0,0.0,37.0,5.0,10.0,33.3,Italy
"{'name': 'Indonesia', 'id': '360', 'alpha3code': 'IDN', 'alpha2code': 'ID'}",77,Radja,,Nainggolan,3158,1988-05-04,176,"{'code2': 'MD', 'code3': 'MID', 'name': 'Midfielder'}","{'name': 'Belgium', 'id': '56', 'alpha3code': 'BEL', 'alpha2code': 'BE'}",20879,right,R. Nainggolan,null,Radja Nainggolan,Radja Nainggolan,Radja Nainggolan,be BEL,MF,Roma,29.0,1988.0,29.0,1048.0,1311.0,79.9,19146.0,4906.0,461.0,523.0,88.1,420.0,508.0,82.7,135.0,195.0,69.2,7,6.2,5.0,0.8,59.0,133.0,42.0,8.0,190.0,49.0,27.3,14.0,28.0,7.0,9.0,33.0,24.0,18.0,1.0,17.0,18.0,67.0,31.0,1.0,Matches,1311.0,1286.0,22.0,7.0,12.0,28.0,81.0,10.0,3.0,0.0,0.0,1.0,1048.0,3.0,43.0,8,1,1.0,40,54.0,3.0,81.0,18.0,36.0,0.0,0.0,0.0,197.0,18.0,18.0,50.0,Italy
"{'name': 'Italy', 'id': '380', 'alpha3code': 'ITA', 'alpha2code': 'IT'}",68,Pasquale,,Schiattarella,3204,1987-05-30,178,"{'code2': 'MD', 'code3': 'MID', 'name': 'Midfielder'}","{'name': 'Italy', 'id': '380', 'alpha3code': 'ITA', 'alpha2code': 'IT'}",20911,right,P. Schiattarella,null,Pasquale Schiattarella,Pasquale Schiattarella,Pasquale Schiattarella,it ITA,MF,SPAL,30.0,1987.0,22.1,942.0,1192.0,79.0,16899.0,4819.0,408.0,472.0,86.4,395.0,468.0,84.4,111.0,183.0,60.7,3,4.2,3.6,-1.2,43.0,106.0,31.0,3.0,150.0,40.0,30.2,20.0,15.0,5.0,13.0,43.0,30.0,7.0,2.0,5.0,24.0,64.0,26.0,0.0,Matches,1192.0,1097.0,84.0,54.0,4.0,6.0,39.0,12.0,18.0,2.0,9.0,0.0,942.0,11.0,25.0,12,0,0.0,26,56.0,1.0,39.0,24.0,31.0,0.0,0.0,0.0,129.0,10.0,15.0,40.0,Italy
"{'name': 'Serbia', 'id': '688', 'alpha3code': 'SRB', 'alpha2code': 'RS'}",92,Vanja,,Milinkovi\u0107-Savi\u0107,3185,1997-02-20,202,"{'code2': 'GK', 'code3': 'GKP', 'name': 'Goalkeeper'}","{'name': 'Spain', 'id': '724', 'alpha3code': 'ESP', 'alpha2code': 'ES'}",283062,right,V. Milinkovi\u0107-Savi\u0107,null,Vanja Milinković-Savić,Vanja Milinković-Savić,Vanja Milinković-Savić,rs SRB,GK,Torino,20.0,1997.0,1.0,30.0,48.0,62.5,823.0,588.0,9.0,9.0,100.0,13.0,15.0,86.7,8.0,24.0,33.3,0,0.0,0.0,0.0,0.0,1.0,0.0,0.0,0.0,0.0,,0.0,0.0,0.0,0.0,0.0,0.0,0.0,0.0,0.0,0.0,0.0,0.0,0.0,Matches,48.0,36.0,12.0,4.0,0.0,0.0,0.0,0.0,0.0,0.0,0.0,0.0,30.0,0.0,0.0,0,0,0.0,0,0.0,0.0,0.0,0.0,0.0,0.0,0.0,0.0,2.0,1.0,0.0,100.0,Italy
"{'name': 'Italy', 'id': '380', 'alpha3code': 'ITA', 'alpha2code': 'IT'}",84,Lorenzo,,De Silvestri,3185,1988-05-23,186,"{'code2': 'DF', 'code3': 'DEF', 'name': 'Defender'}","{'name': 'Italy', 'id': '380', 'alpha3code': 'ITA', 'alpha2code': 'IT'}",20927,right,L. De Silvestri,null,Lorenzo De Silvestri,Lorenzo De Silvestri,Lorenzo De Silvestri,it ITA,DF,Torino,29.0,1988.0,32.8,1255.0,1758.0,71.4,19469.0,8969.0,694.0,812.0,85.5,452.0,652.0,69.3,76.0,187.0,40.6,2,1.7,1.3,0.3,16.0,91.0,23.0,13.0,135.0,39.0,61.5,19.0,13.0,7.0,16.0,26.0,10.0,47.0,10.0,37.0,27.0,66.0,165.0,0.0,Matches,1758.0,1376.0,377.0,16.0,0.0,3.0,81.0,361.0,0.0,0.0,0.0,0.0,1255.0,5.0,58.0,3,2,1.0,43,22.0,3.0,81.0,27.0,25.0,0.0,2.0,0.0,133.0,95.0,42.0,69.3,Italy
"{'name': 'Italy', 'id': '380', 'alpha3code': 'ITA', 'alpha2code': 'IT'}",80,Alessandro,,Gamberini,,1981-08-27,185,"{'code2': 'DF', 'code3': 'DEF', 'name': 'Defender'}","{'name': 'Italy', 'id': '380', 'alpha3code': 'ITA', 'alpha2code': 'IT'}",20929,right,A. Gamberini,null,Alessandro Gamberini,Alessandro Gamberini,Alessandro Gamberini,it ITA,DF,Chievo,35.0,1981.0,20.2,591.0,687.0,86.0,11240.0,3740.0,193.0,211.0,91.5,327.0,375.0,87.2,59.0,82.0,72.0,0,0.0,0.1,0.0,0.0,17.0,0.0,0.0,23.0,13.0,66.7,11.0,2.0,0.0,8.0,12.0,4.0,32.0,25.0,7.0,16.0,29.0,117.0,1.0,Matches,687.0,663.0,22.0,13.0,0.0,2.0,0.0,9.0,0.0,0.0,0.0,0.0,591.0,2.0,2.0,2,0,0.0,10,9.0,0.0,0.0,16.0,8.0,0.0,1.0,0.0,67.0,48.0,32.0,60.0,Italy
"{'name': 'Switzerland', 'id': '756', 'alpha3code': 'CHE', 'alpha2code': 'CH'}",78,Valon,,Behrami,3163,1985-04-19,185,"{'code2': 'MD', 'code3': 'MID', 'name': 'Midfielder'}","{'name': 'Kosovo', 'id': '0', 'alpha3code': 'XKS', 'alpha2code': ''}",20938,right,V. Behrami,6697,Valon Behrami,Valon Behrami,Valon Behrami,ch SUI,MF,Udinese,32.0,1985.0,15.5,417.0,507.0,82.2,6417.0,1834.0,229.0,263.0,87.1,138.0,167.0,82.6,28.0,43.0,65.1,0,0.3,0.2,-0.3,9.0,29.0,1.0,1.0,34.0,63.0,18.2,30.0,27.0,6.0,8.0,44.0,36.0,47.0,15.0,32.0,22.0,85.0,19.0,0.0,Matches,507.0,493.0,13.0,10.0,2.0,3.0,1.0,3.0,0.0,0.0,0.0,0.0,417.0,1.0,9.0,5,0,0.0,46,23.0,0.0,1.0,22.0,46.0,0.0,0.0,0.0,108.0,15.0,7.0,68.2,Italy
"{'name': 'Serbia', 'id': '688', 'alpha3code': 'SRB', 'alpha2code': 'RS'}",74,Adem,,Ljaji\u0107,3185,1991-09-29,182,"{'code2': 'FW', 'code3': 'FWD', 'name': 'Forward'}","{'name': 'Serbia', 'id': '688', 'alpha3code': 'SRB', 'alpha2code': 'RS'}",20941,right,A. Ljaji\u0107,17322,Adem Ljajić,Adem Ljajić,Adem Ljajić,rs SRB,"MF,FW",Torino,25.0,1991.0,24.1,1010.0,1280.0,78.9,14406.0,4669.0,622.0,698.0,89.1,263.0,345.0,76.2,69.0,120.0,57.5,10,8.4,6.2,1.6,68.0,106.0,55.0,3.0,149.0,12.0,38.5,4.0,6.0,2.0,5.0,13.0,8.0,11.0,1.0,10.0,9.0,21.0,13.0,0.0,Matches,1280.0,1111.0,161.0,63.0,8.0,5.0,85.0,26.0,57.0,25.0,20.0,0.0,1010.0,8.0,32.0,2,0,0.0,7,17.0,2.0,85.0,9.0,9.0,0.0,0.0,0.0,75.0,1.0,5.0,16.7,Italy
"{'name': 'Germany', 'id': '276', 'alpha3code': 'DEU', 'alpha2code': 'DE'}",79,Riccardo,,Montolivo,3157,1985-01-18,182,"{'code2': 'MD', 'code3': 'MID', 'name': 'Midfielder'}","{'name': 'Italy', 'id': '380', 'alpha3code': 'ITA', 'alpha2code': 'IT'}",20943,right,R. Montolivo,null,Riccardo Montolivo,Riccardo Montolivo,Riccardo Montolivo,it ITA,MF,Milan,32.0,1985.0,12.1,590.0,714.0,82.6,10859.0,3287.0,233.0,261.0,89.3,275.0,321.0,85.7,65.0,103.0,63.1,1,0.5,0.9,0.5,12.0,74.0,12.0,1.0,82.0,29.0,29.2,11.0,15.0,3.0,7.0,24.0,17.0,17.0,4.0,13.0,19.0,48.0,15.0,0.0,Matches,714.0,683.0,26.0,21.0,1.0,10.0,3.0,5.0,0.0,0.0,0.0,0.0,590.0,5.0,7.0,3,1,0.0,15,11.0,0.0,3.0,19.0,21.0,0.0,0.0,0.0,76.0,9.0,9.0,50.0,Italy
"{'name': 'Italy', 'id': '380', 'alpha3code': 'ITA', 'alpha2code': 'IT'}",78,Alessio,,Cerci,3194,1987-07-23,180,"{'code2': 'FW', 'code3': 'FWD', 'name': 'Forward'}","{'name': 'Italy', 'id': '380', 'alpha3code': 'ITA', 'alpha2code': 'IT'}",20947,left,A. Cerci,null,Alessio Cerci,Alessio Cerci,Alessio Cerci,it ITA,FW,Hellas Verona,30.0,1987.0,18.2,314.0,493.0,63.7,4854.0,1369.0,171.0,217.0,78.8,101.0,161.0,62.7,26.0,67.0,38.8,1,4.1,2.3,-3.1,25.0,18.0,19.0,4.0,42.0,15.0,25.0,7.0,3.0,5.0,4.0,16.0,12.0,4.0,0.0,4.0,4.0,19.0,8.0,0.0,Matches,493.0,426.0,63.0,17.0,4.0,6.0,67.0,18.0,22.0,11.0,5.0,1.0,314.0,4.0,25.0,1,0,0.0,20,25.0,26.0,67.0,4.0,10.0,2.0,0.0,0.0,57.0,18.0,46.0,28.1,Italy
"{'name': 'Italy', 'id': '380', 'alpha3code': 'ITA', 'alpha2code': 'IT'}",71,Davide,,Di Gennaro,3162,1988-06-16,181,"{'code2': 'MD', 'code3': 'MID', 'name': 'Midfielder'}","{'name': 'Italy', 'id': '380', 'alpha3code': 'ITA', 'alpha2code': 'IT'}",20972,left,D. Di Gennaro,null,Davide Di Gennaro,Davide Di Gennaro,Davide Di Gennaro,it ITA,MF,Lazio,29.0,1988.0,0.1,3.0,3.0,100.0,45.0,0.0,1.0,1.0,100.0,2.0,2.0,100.0,0.0,0.0,,0,0.0,0.0,0.0,0.0,0.0,0.0,0.0,0.0,1.0,100.0,1.0,0.0,0.0,1.0,1.0,0.0,0.0,0.0,0.0,0.0,1.0,0.0,0.0,Matches,3.0,3.0,0.0,0.0,0.0,0.0,0.0,0.0,0.0,0.0,0.0,0.0,3.0,0.0,0.0,0,0,0.0,0,0.0,0.0,0.0,0.0,0.0,0.0,0.0,0.0,0.0,0.0,0.0,,Italy
"{'name': 'Italy', 'id': '380', 'alpha3code': 'ITA', 'alpha2code': 'IT'}",79,Vasco,,Regini,3164,1990-09-09,185,"{'code2': 'DF', 'code3': 'DEF', 'name': 'Defender'}","{'name': 'Italy', 'id': '380', 'alpha3code': 'ITA', 'alpha2code': 'IT'}",21004,left,V. Regini,null,Vasco Regini,Vasco Regini,Vasco Regini,it ITA,DF,Sampdoria,26.0,1990.0,12.0,581.0,677.0,85.8,10196.0,3943.0,240.0,259.0,92.7,292.0,325.0,89.8,41.0,79.0,51.9,0,0.8,0.2,-0.8,3.0,33.0,2.0,2.0,42.0,13.0,54.5,11.0,0.0,2.0,6.0,11.0,5.0,14.0,7.0,7.0,11.0,24.0,68.0,0.0,Matches,677.0,607.0,70.0,18.0,1.0,2.0,14.0,52.0,0.0,0.0,0.0,0.0,581.0,0.0,5.0,2,0,0.0,10,6.0,0.0,14.0,11.0,7.0,0.0,0.0,0.0,37.0,17.0,13.0,56.7,Italy
"{'name': 'Italy', 'id': '380', 'alpha3code': 'ITA', 'alpha2code': 'IT'}",78,Lorenzo,,Tonelli,3187,1990-01-17,183,"{'code2': 'DF', 'code3': 'DEF', 'name': 'Defender'}","{'name': 'Italy', 'id': '380', 'alpha3code': 'ITA', 'alpha2code': 'IT'}",21006,right,L. Tonelli,null,Lorenzo Tonelli,Lorenzo Tonelli,Lorenzo Tonelli,it ITA,DF,Napoli,27.0,1990.0,3.9,218.0,232.0,94.0,3231.0,1331.0,109.0,113.0,96.5,83.0,87.0,95.4,13.0,15.0,86.7,0,0.0,0.3,0.0,0.0,10.0,0.0,0.0,14.0,7.0,55.6,4.0,3.0,0.0,5.0,9.0,4.0,2.0,1.0,1.0,7.0,14.0,10.0,0.0,Matches,232.0,223.0,9.0,9.0,0.0,0.0,0.0,0.0,0.0,0.0,0.0,0.0,218.0,0.0,3.0,0,0,0.0,1,7.0,0.0,0.0,7.0,1.0,0.0,0.0,0.0,16.0,13.0,10.0,56.5,Italy
"{'name': 'Italy', 'id': '380', 'alpha3code': 'ITA', 'alpha2code': 'IT'}",71,Mirko,,Valdifiori,3185,1986-04-21,185,"{'code2': 'MD', 'code3': 'MID', 'name': 'Midfielder'}","{'name': 'Italy', 'id': '380', 'alpha3code': 'ITA', 'alpha2code': 'IT'}",21019,right,M. Valdifiori,null,Mirko Valdifiori,Mirko Valdifiori,Mirko Valdifiori,it ITA,MF,Torino,31.0,1986.0,6.9,328.0,406.0,80.8,5664.0,1934.0,151.0,164.0,92.1,135.0,170.0,79.4,30.0,51.0,58.8,0,0.3,0.5,-0.3,4.0,36.0,7.0,2.0,40.0,13.0,18.2,5.0,7.0,1.0,2.0,11.0,9.0,3.0,1.0,2.0,6.0,19.0,9.0,0.0,Matches,406.0,360.0,45.0,22.0,2.0,2.0,12.0,3.0,8.0,2.0,3.0,0.0,328.0,1.0,8.0,1,0,0.0,12,9.0,0.0,12.0,6.0,9.0,0.0,0.0,0.0,42.0,3.0,10.0,23.1,Italy
"{'name': 'Italy', 'id': '380', 'alpha3code': 'ITA', 'alpha2code': 'IT'}",73,Riccardo,,Saponara,3176,1991-12-21,184,"{'code2': 'MD', 'code3': 'MID', 'name': 'Midfielder'}","{'name': 'Italy', 'id': '380', 'alpha3code': 'ITA', 'alpha2code': 'IT'}",21025,right,R. Saponara,null,Riccardo Saponara,Riccardo Saponara,Riccardo Saponara,it ITA,"MF,FW",Fiorentina,25.0,1991.0,10.0,347.0,444.0,78.2,5691.0,2042.0,179.0,204.0,87.7,114.0,142.0,80.3,36.0,57.0,63.2,4,4.1,2.9,-0.1,36.0,49.0,20.0,1.0,85.0,12.0,18.2,2.0,8.0,2.0,2.0,11.0,9.0,3.0,1.0,2.0,1.0,13.0,5.0,0.0,Matches,444.0,423.0,19.0,5.0,8.0,6.0,24.0,1.0,13.0,3.0,7.0,2.0,347.0,2.0,15.0,3,0,0.0,15,21.0,1.0,24.0,1.0,8.0,0.0,0.0,0.0,63.0,9.0,5.0,64.3,Italy
"{'name': 'Italy', 'id': '380', 'alpha3code': 'ITA', 'alpha2code': 'IT'}",77,Mariano Julio,,Izco,,1983-03-13,180,"{'code2': 'MD', 'code3': 'MID', 'name': 'Midfielder'}","{'name': 'Argentina', 'id': '32', 'alpha3code': 'ARG', 'alpha2code': 'AR'}",21078,right,M. Izco,null,Mariano Julio Izco,Mariano Julio Izco,Mariano Julio Izco,ar ARG,MF,Crotone,34.0,1983.0,2.0,59.0,75.0,78.7,896.0,312.0,31.0,36.0,86.1,24.0,28.0,85.7,3.0,5.0,60.0,0,0.0,0.1,0.0,0.0,11.0,1.0,0.0,8.0,6.0,50.0,2.0,4.0,0.0,2.0,4.0,2.0,2.0,0.0,2.0,4.0,10.0,1.0,0.0,Matches,75.0,73.0,2.0,1.0,1.0,0.0,0.0,1.0,0.0,0.0,0.0,0.0,59.0,0.0,2.0,0,0,0.0,4,2.0,0.0,0.0,4.0,4.0,0.0,0.0,0.0,21.0,0.0,0.0,,Italy
"{'name': 'Italy', 'id': '380', 'alpha3code': 'ITA', 'alpha2code': 'IT'}",75,Danilo,,D'Ambrosio,3161,1988-09-09,180,"{'code2': 'DF', 'code3': 'DEF', 'name': 'Defender'}","{'name': 'Italy', 'id': '380', 'alpha3code': 'ITA', 'alpha2code': 'IT'}",21094,right,D. D'Ambrosio,3757,Danilo D'Ambrosio,Danilo D'Ambrosio,Danilo D'Ambrosio,it ITA,DF,Inter,28.0,1988.0,33.1,1719.0,2119.0,81.1,25752.0,10194.0,958.0,1049.0,91.3,610.0,750.0,81.3,93.0,196.0,47.4,3,1.4,1.9,1.6,20.0,134.0,21.0,8.0,179.0,82.0,50.8,38.0,35.0,9.0,30.0,59.0,29.0,31.0,7.0,24.0,45.0,127.0,68.0,1.0,Matches,2119.0,1801.0,309.0,40.0,3.0,7.0,59.0,268.0,1.0,1.0,0.0,0.0,1719.0,9.0,50.0,6,0,0.0,58,39.0,5.0,59.0,45.0,64.0,1.0,0.0,0.0,195.0,64.0,42.0,60.4,Italy
"{'name': 'Italy', 'id': '380', 'alpha3code': 'ITA', 'alpha2code': 'IT'}",75,Mirco,,Antenucci,3204,1984-09-08,178,"{'code2': 'FW', 'code3': 'FWD', 'name': 'Forward'}","{'name': 'Italy', 'id': '380', 'alpha3code': 'ITA', 'alpha2code': 'IT'}",21114,right,M. Antenucci,null,Mirco Antenucci,Mirco Antenucci,Mirco Antenucci,it ITA,FW,SPAL,32.0,1984.0,28.6,476.0,637.0,74.7,6672.0,1047.0,290.0,356.0,81.5,139.0,184.0,75.5,22.0,33.0,66.7,4,3.5,1.8,0.5,37.0,37.0,12.0,4.0,52.0,16.0,0.0,6.0,8.0,2.0,0.0,21.0,21.0,14.0,0.0,14.0,11.0,27.0,15.0,0.0,Matches,637.0,605.0,27.0,2.0,1.0,6.0,33.0,4.0,0.0,0.0,0.0,0.0,476.0,5.0,20.0,1,0,0.0,36,70.0,33.0,33.0,11.0,13.0,1.0,0.0,0.0,85.0,21.0,44.0,32.3,Italy
"{'name': 'Italy', 'id': '380', 'alpha3code': 'ITA', 'alpha2code': 'IT'}",78,Riccardo,,Meggiorini,3165,1985-09-04,182,"{'code2': 'FW', 'code3': 'FWD', 'name': 'Forward'}","{'name': 'Italy', 'id': '380', 'alpha3code': 'ITA', 'alpha2code': 'IT'}",21119,left,R. Meggiorini,null,Riccardo Meggiorini,Riccardo Meggiorini,Riccardo Meggiorini,it ITA,FW,Chievo,31.0,1985.0,8.7,118.0,209.0,56.5,1483.0,437.0,75.0,108.0,69.4,30.0,63.0,47.6,1.0,10.0,10.0,0,1.1,0.6,-1.1,4.0,11.0,2.0,1.0,21.0,9.0,16.7,3.0,6.0,0.0,1.0,6.0,5.0,12.0,3.0,9.0,2.0,11.0,9.0,0.0,Matches,209.0,202.0,3.0,1.0,0.0,0.0,12.0,0.0,0.0,0.0,0.0,0.0,118.0,4.0,6.0,2,0,0.0,17,26.0,14.0,12.0,2.0,6.0,0.0,0.0,0.0,24.0,32.0,39.0,45.1,Italy
"{'name': 'Italy', 'id': '380', 'alpha3code': 'ITA', 'alpha2code': 'IT'}",61,Simone,,Verdi,3166,1992-07-12,171,"{'code2': 'FW', 'code3': 'FWD', 'name': 'Forward'}","{'name': 'Italy', 'id': '380', 'alpha3code': 'ITA', 'alpha2code': 'IT'}",21123,right,S. Verdi,3757,Simone Verdi,Simone Verdi,Simone Verdi,it ITA,"FW,MF",Bologna,25.0,1992.0,31.4,916.0,1345.0,68.1,16967.0,4618.0,416.0,491.0,84.7,330.0,463.0,71.3,132.0,310.0,42.6,8,6.5,5.8,1.5,52.0,88.0,49.0,16.0,114.0,33.0,25.6,17.0,13.0,3.0,11.0,43.0,32.0,20.0,1.0,19.0,36.0,69.0,12.0,0.0,Matches,1345.0,1079.0,264.0,60.0,7.0,35.0,233.0,35.0,122.0,108.0,8.0,0.0,916.0,2.0,36.0,2,0,0.0,22,61.0,6.0,233.0,36.0,24.0,1.0,0.0,0.0,156.0,4.0,26.0,13.3,Italy
"{'name': 'Italy', 'id': '380', 'alpha3code': 'ITA', 'alpha2code': 'IT'}",77,Carlo,,Pinsoglio,3159,1990-03-16,188,"{'code2': 'GK', 'code3': 'GKP', 'name': 'Goalkeeper'}","{'name': 'Italy', 'id': '380', 'alpha3code': 'ITA', 'alpha2code': 'IT'}",21128,left,C. Pinsoglio,null,Carlo Pinsoglio,Carlo Pinsoglio,Carlo Pinsoglio,it ITA,GK,Juventus,27.0,1990.0,0.3,4.0,5.0,80.0,98.0,70.0,0.0,0.0,,4.0,4.0,100.0,0.0,1.0,0.0,0,0.0,0.0,0.0,0.0,0.0,0.0,0.0,0.0,0.0,,0.0,0.0,0.0,0.0,0.0,0.0,0.0,0.0,0.0,0.0,0.0,0.0,0.0,Matches,5.0,5.0,0.0,0.0,0.0,0.0,0.0,0.0,0.0,0.0,0.0,0.0,4.0,0.0,0.0,0,0,0.0,0,0.0,0.0,0.0,0.0,0.0,0.0,0.0,0.0,0.0,0.0,0.0,,Italy
"{'name': 'Italy', 'id': '380', 'alpha3code': 'ITA', 'alpha2code': 'IT'}",73,Nicola,,Rigoni,3165,1990-11-12,185,"{'code2': 'MD', 'code3': 'MID', 'name': 'Midfielder'}","{'name': 'Italy', 'id': '380', 'alpha3code': 'ITA', 'alpha2code': 'IT'}",21148,right,N. Rigoni,null,Nicola Rigoni,Nicola Rigoni,Nicola Rigoni,it ITA,MF,Chievo,26.0,1990.0,10.4,352.0,432.0,81.5,6049.0,2534.0,168.0,193.0,87.0,138.0,158.0,87.3,35.0,53.0,66.0,0,0.1,0.5,-0.1,3.0,60.0,6.0,2.0,65.0,29.0,34.6,15.0,12.0,2.0,9.0,26.0,17.0,8.0,3.0,5.0,11.0,40.0,22.0,1.0,Matches,432.0,419.0,8.0,8.0,1.0,5.0,3.0,0.0,0.0,0.0,0.0,0.0,352.0,5.0,7.0,3,0,0.0,23,8.0,1.0,3.0,11.0,20.0,0.0,0.0,0.0,55.0,18.0,13.0,58.1,Italy
"{'name': 'Italy', 'id': '380', 'alpha3code': 'ITA', 'alpha2code': 'IT'}",83,Paolo,,Cannavaro,,1981-06-26,185,"{'code2': 'DF', 'code3': 'DEF', 'name': 'Defender'}","{'name': 'Italy', 'id': '380', 'alpha3code': 'ITA', 'alpha2code': 'IT'}",21162,right,P. Cannavaro,null,Paolo Cannavaro,Paolo Cannavaro,Paolo Cannavaro,it ITA,DF,Sassuolo,36.0,1981.0,16.0,434.0,558.0,77.8,9017.0,4038.0,145.0,165.0,87.9,226.0,254.0,89.0,61.0,131.0,46.6,0,0.1,0.2,-0.1,3.0,37.0,1.0,0.0,49.0,17.0,40.0,11.0,5.0,1.0,8.0,20.0,12.0,17.0,13.0,4.0,27.0,44.0,94.0,1.0,Matches,558.0,515.0,40.0,39.0,1.0,8.0,2.0,0.0,0.0,0.0,0.0,0.0,434.0,3.0,2.0,3,0,0.0,16,9.0,1.0,2.0,27.0,9.0,0.0,0.0,0.0,46.0,26.0,8.0,76.5,Italy
"{'name': 'Switzerland', 'id': '756', 'alpha3code': 'CHE', 'alpha2code': 'CH'}",73,Blerim,,D\u017eemaili,3166,1986-04-12,179,"{'code2': 'MD', 'code3': 'MID', 'name': 'Midfielder'}","{'name': 'Macedonia FYR', 'id': '807', 'alpha3code': 'MKD', 'alpha2code': 'MK'}",21169,right,B. D\u017eemaili,6697,Blerim Džemaili,Blerim Džemaili,Blerim Džemaili,ch SUI,"MF,FW",Bologna,31.0,1986.0,13.3,383.0,494.0,77.5,6045.0,1708.0,200.0,242.0,82.6,139.0,161.0,86.3,29.0,51.0,56.9,0,0.6,0.9,-0.6,11.0,40.0,18.0,0.0,62.0,27.0,33.3,11.0,15.0,1.0,9.0,27.0,18.0,15.0,4.0,11.0,18.0,45.0,11.0,0.0,Matches,494.0,464.0,27.0,14.0,3.0,5.0,10.0,9.0,0.0,0.0,0.0,0.0,383.0,3.0,19.0,4,0,0.0,13,19.0,1.0,10.0,18.0,19.0,0.0,0.0,0.0,69.0,9.0,6.0,60.0,Italy
"{'name': 'Slovakia', 'id': '703', 'alpha3code': 'SVK', 'alpha2code': 'SK'}",79,Marek,,Ham\u0161\u00edk,3187,1987-07-27,183,"{'code2': 'MD', 'code3': 'MID', 'name': 'Midfielder'}","{'name': 'Slovakia', 'id': '703', 'alpha3code': 'SVK', 'alpha2code': 'SK'}",21171,right,M. Ham\u0161\u00edk,14496,Marek Hamšík,Marek Hamšík,Marek Hamšík,sk SVK,MF,Napoli,30.0,1987.0,26.3,2238.0,2540.0,88.1,33353.0,7720.0,1286.0,1382.0,93.1,708.0,801.0,88.4,144.0,199.0,72.4,1,2.9,2.9,-1.9,49.0,263.0,49.0,7.0,348.0,36.0,40.5,10.0,15.0,11.0,15.0,37.0,22.0,35.0,2.0,33.0,14.0,50.0,16.0,0.0,Matches,2540.0,2509.0,18.0,6.0,7.0,21.0,30.0,12.0,0.0,0.0,0.0,0.0,2238.0,13.0,34.0,2,0,0.0,10,12.0,3.0,30.0,14.0,22.0,0.0,0.0,0.0,140.0,18.0,12.0,60.0,Italy
"{'name': 'Italy', 'id': '380', 'alpha3code': 'ITA', 'alpha2code': 'IT'}",79,Christian,,Maggio,3187,1982-02-11,184,"{'code2': 'DF', 'code3': 'DEF', 'name': 'Defender'}","{'name': 'Italy', 'id': '380', 'alpha3code': 'ITA', 'alpha2code': 'IT'}",21173,right,C. Maggio,null,Christian Maggio,Christian Maggio,Christian Maggio,it ITA,DF,Napoli,35.0,1982.0,7.1,394.0,471.0,83.7,5733.0,1608.0,234.0,262.0,89.3,130.0,153.0,85.0,22.0,33.0,66.7,0,0.2,0.2,-0.2,3.0,18.0,5.0,3.0,26.0,17.0,36.8,9.0,6.0,2.0,7.0,19.0,12.0,15.0,4.0,11.0,13.0,30.0,21.0,0.0,Matches,471.0,362.0,109.0,13.0,0.0,1.0,16.0,96.0,0.0,0.0,0.0,0.0,394.0,0.0,10.0,0,0,0.0,4,15.0,0.0,16.0,13.0,10.0,1.0,0.0,0.0,38.0,20.0,14.0,58.8,Italy
"{'name': 'Macedonia FYR', 'id': '807', 'alpha3code': 'MKD', 'alpha2code': 'MK'}",74,Goran,,Pandev,3193,1983-07-27,184,"{'code2': 'FW', 'code3': 'FWD', 'name': 'Forward'}","{'name': 'Macedonia FYR', 'id': '807', 'alpha3code': 'MKD', 'alpha2code': 'MK'}",21177,left,G. Pandev,10073,Goran Pandev,Goran Pandev,Goran Pandev,mk MKD,"FW,MF",Genoa,34.0,1983.0,20.0,439.0,603.0,72.8,7226.0,2217.0,221.0,286.0,77.3,168.0,214.0,78.5,33.0,49.0,67.3,1,3.2,2.5,-2.2,31.0,53.0,33.0,0.0,101.0,10.0,15.4,3.0,6.0,1.0,2.0,13.0,11.0,8.0,0.0,8.0,4.0,14.0,5.0,0.0,Matches,603.0,585.0,12.0,1.0,9.0,6.0,17.0,6.0,0.0,0.0,0.0,0.0,439.0,6.0,24.0,4,1,0.0,29,45.0,8.0,17.0,4.0,9.0,0.0,0.0,0.0,88.0,18.0,30.0,37.5,Italy
"{'name': 'Italy', 'id': '380', 'alpha3code': 'ITA', 'alpha2code': 'IT'}",72,Andrea,,Belotti,3185,1993-12-20,181,"{'code2': 'FW', 'code3': 'FWD', 'name': 'Forward'}","{'name': 'Italy', 'id': '380', 'alpha3code': 'ITA', 'alpha2code': 'IT'}",21234,right,A. Belotti,3757,Andrea Belotti,Andrea Belotti,Andrea Belotti,it ITA,FW,Torino,23.0,1993.0,29.8,429.0,604.0,71.0,5705.0,1057.0,273.0,364.0,75.0,111.0,147.0,75.5,17.0,24.0,70.8,5,4.7,3.6,0.3,31.0,30.0,13.0,1.0,39.0,32.0,10.0,9.0,15.0,8.0,3.0,30.0,27.0,14.0,1.0,13.0,6.0,38.0,19.0,1.0,Matches,604.0,583.0,20.0,1.0,1.0,4.0,9.0,6.0,0.0,0.0,0.0,0.0,429.0,1.0,27.0,2,0,0.0,60,95.0,19.0,9.0,6.0,23.0,1.0,0.0,0.0,82.0,80.0,105.0,43.2,Italy
"{'name': 'Italy', 'id': '380', 'alpha3code': 'ITA', 'alpha2code': 'IT'}",79,Luca,,Antonelli,3157,1987-02-11,184,"{'code2': 'DF', 'code3': 'DEF', 'name': 'Defender'}","{'name': 'Italy', 'id': '380', 'alpha3code': 'ITA', 'alpha2code': 'IT'}",21272,left,L. Antonelli,null,Luca Antonelli,Luca Antonelli,Luca Antonelli,it ITA,"DF,FW",Milan,30.0,1987.0,1.6,77.0,94.0,81.9,1179.0,426.0,36.0,41.0,87.8,40.0,45.0,88.9,0.0,7.0,0.0,0,0.0,0.0,0.0,1.0,7.0,0.0,0.0,10.0,1.0,0.0,0.0,0.0,1.0,0.0,2.0,2.0,1.0,0.0,1.0,1.0,2.0,8.0,0.0,Matches,94.0,86.0,8.0,2.0,0.0,0.0,0.0,6.0,0.0,0.0,0.0,0.0,77.0,0.0,0.0,1,0,0.0,1,4.0,1.0,0.0,1.0,1.0,0.0,0.0,0.0,6.0,1.0,1.0,50.0,Italy
"{'name': 'Italy', 'id': '380', 'alpha3code': 'ITA', 'alpha2code': 'IT'}",79,Emiliano,,Moretti,3185,1981-06-11,182,"{'code2': 'DF', 'code3': 'DEF', 'name': 'Defender'}","{'name': 'Italy', 'id': '380', 'alpha3code': 'ITA', 'alpha2code': 'IT'}",21279,left,E. Moretti,null,Emiliano Moretti,Emiliano Moretti,Emiliano Moretti,it ITA,DF,Torino,36.0,1981.0,19.8,904.0,1068.0,84.6,17351.0,6350.0,331.0,365.0,90.7,467.0,511.0,91.4,97.0,162.0,59.9,0,0.5,0.8,-0.5,3.0,57.0,2.0,0.0,68.0,31.0,87.5,25.0,6.0,0.0,14.0,16.0,2.0,30.0,23.0,7.0,21.0,52.0,77.0,2.0,Matches,1068.0,1018.0,44.0,38.0,0.0,9.0,0.0,6.0,0.0,0.0,0.0,0.0,904.0,6.0,11.0,6,0,0.0,17,16.0,0.0,0.0,21.0,18.0,0.0,0.0,0.0,130.0,45.0,27.0,62.5,Italy
"{'name': 'Italy', 'id': '380', 'alpha3code': 'ITA', 'alpha2code': 'IT'}",75,Mario,,Sampirisi,3197,1992-10-31,188,"{'code2': 'DF', 'code3': 'DEF', 'name': 'Defender'}","{'name': 'Italy', 'id': '380', 'alpha3code': 'ITA', 'alpha2code': 'IT'}",21280,right,M. Sampirisi,null,Mario Sampirisi,Mario Sampirisi,Mario Sampirisi,it ITA,DF,Crotone,24.0,1992.0,24.4,820.0,1096.0,74.8,15716.0,7724.0,286.0,335.0,85.4,429.0,514.0,83.5,94.0,220.0,42.7,0,0.8,0.7,-0.8,8.0,95.0,16.0,9.0,109.0,44.0,59.1,29.0,12.0,3.0,13.0,22.0,9.0,27.0,14.0,13.0,43.0,87.0,116.0,2.0,Matches,1096.0,878.0,215.0,21.0,0.0,4.0,35.0,194.0,0.0,0.0,0.0,0.0,820.0,3.0,12.0,2,0,0.0,22,10.0,2.0,35.0,43.0,32.0,0.0,1.0,0.0,139.0,28.0,21.0,57.1,Italy
"{'name': 'Italy', 'id': '380', 'alpha3code': 'ITA', 'alpha2code': 'IT'}",77,Davide,,Biondini,3315,1983-01-24,180,"{'code2': 'MD', 'code3': 'MID', 'name': 'Midfielder'}","{'name': 'Italy', 'id': '380', 'alpha3code': 'ITA', 'alpha2code': 'IT'}",21282,right,D. Biondini,null,Davide Biondini,Davide Biondini,Davide Biondini,it ITA,MF,Sassuolo,34.0,1983.0,2.3,93.0,112.0,83.0,1696.0,439.0,39.0,42.0,92.9,47.0,53.0,88.7,7.0,15.0,46.7,0,0.1,0.1,-0.1,3.0,8.0,2.0,1.0,13.0,4.0,50.0,2.0,2.0,0.0,1.0,2.0,1.0,1.0,0.0,1.0,3.0,7.0,1.0,0.0,Matches,112.0,107.0,5.0,2.0,0.0,3.0,4.0,3.0,0.0,0.0,0.0,0.0,93.0,0.0,2.0,1,0,0.0,6,2.0,0.0,4.0,3.0,4.0,0.0,0.0,0.0,11.0,1.0,4.0,20.0,Italy
"{'name': 'Italy', 'id': '380', 'alpha3code': 'ITA', 'alpha2code': 'IT'}",78,Stefano,,Sturaro,3159,1993-03-09,182,"{'code2': 'MD', 'code3': 'MID', 'name': 'Midfielder'}","{'name': 'Italy', 'id': '380', 'alpha3code': 'ITA', 'alpha2code': 'IT'}",21290,right,S. Sturaro,null,Stefano Sturaro,Stefano Sturaro,Stefano Sturaro,it ITA,"MF,DF",Juventus,24.0,1993.0,6.8,231.0,289.0,79.9,3888.0,909.0,126.0,145.0,86.9,67.0,85.0,78.8,27.0,35.0,77.1,0,0.2,0.4,-0.2,6.0,20.0,6.0,1.0,27.0,17.0,36.4,5.0,9.0,3.0,4.0,11.0,7.0,9.0,2.0,7.0,5.0,22.0,18.0,1.0,Matches,289.0,269.0,17.0,8.0,1.0,9.0,4.0,8.0,1.0,0.0,0.0,0.0,231.0,3.0,8.0,1,0,0.0,8,11.0,2.0,4.0,5.0,11.0,0.0,0.0,0.0,30.0,10.0,16.0,38.5,Italy
"{'name': 'Slovenia', 'id': '705', 'alpha3code': 'SVN', 'alpha2code': 'SI'}",81,Valter,,Birsa,3165,1986-08-07,184,"{'code2': 'MD', 'code3': 'MID', 'name': 'Midfielder'}","{'name': 'Slovenia', 'id': '705', 'alpha3code': 'SVN', 'alpha2code': 'SI'}",21291,left,V. Birsa,12046,Valter Birsa,Valter Birsa,Valter Birsa,si SVN,"MF,FW",Chievo,30.0,1986.0,27.8,1095.0,1513.0,72.4,18368.0,5084.0,554.0,649.0,85.4,376.0,493.0,76.3,122.0,257.0,47.5,6,6.4,6.0,-0.4,66.0,133.0,38.0,17.0,157.0,28.0,13.0,7.0,18.0,3.0,7.0,54.0,47.0,22.0,2.0,20.0,24.0,52.0,20.0,1.0,Matches,1513.0,1268.0,233.0,61.0,5.0,14.0,222.0,8.0,107.0,59.0,42.0,1.0,1095.0,12.0,45.0,3,0,0.0,24,31.0,1.0,222.0,24.0,14.0,0.0,0.0,0.0,138.0,26.0,37.0,41.3,Italy
"{'name': 'Iceland', 'id': '352', 'alpha3code': 'ISL', 'alpha2code': 'IS'}",83,Emil,,Hallfre\u00f0sson,3254,1984-06-29,185,"{'code2': 'MD', 'code3': 'MID', 'name': 'Midfielder'}","{'name': 'Iceland', 'id': '352', 'alpha3code': 'ISL', 'alpha2code': 'IS'}",21314,left,E. Hallfre\u00f0sson,7839,Emil Hallfreðsson,Emil Hallfreðsson,Emil Hallfreðsson,is ISL,MF,Udinese,33.0,1984.0,8.5,390.0,455.0,85.7,6732.0,1640.0,186.0,205.0,90.7,153.0,177.0,86.4,41.0,54.0,75.9,0,0.5,0.5,-0.5,13.0,34.0,6.0,3.0,45.0,19.0,29.2,9.0,7.0,3.0,7.0,24.0,17.0,13.0,2.0,11.0,20.0,39.0,16.0,0.0,Matches,455.0,443.0,12.0,11.0,0.0,2.0,19.0,1.0,0.0,0.0,0.0,0.0,390.0,0.0,5.0,5,0,0.0,20,12.0,0.0,19.0,20.0,14.0,0.0,0.0,1.0,80.0,12.0,6.0,66.7,Italy
"{'name': 'Italy', 'id': '380', 'alpha3code': 'ITA', 'alpha2code': 'IT'}",65,Marco,,D'Alessandro,3219,1991-02-17,173,"{'code2': 'FW', 'code3': 'FWD', 'name': 'Forward'}","{'name': 'Italy', 'id': '380', 'alpha3code': 'ITA', 'alpha2code': 'IT'}",21322,right,M. D'Alessandro,null,Marco D'Alessandro,Marco D'Alessandro,Marco D'Alessandro,it ITA,"MF,FW",Benevento,26.0,1991.0,11.6,205.0,289.0,70.9,2913.0,690.0,113.0,139.0,81.3,68.0,90.0,75.6,12.0,26.0,46.2,1,1.3,1.1,-0.3,18.0,6.0,14.0,8.0,21.0,31.0,33.3,15.0,9.0,7.0,8.0,24.0,16.0,12.0,1.0,11.0,10.0,41.0,8.0,1.0,Matches,289.0,282.0,5.0,0.0,0.0,2.0,26.0,5.0,0.0,0.0,0.0,0.0,205.0,2.0,15.0,1,0,0.0,10,26.0,0.0,26.0,10.0,22.0,0.0,0.0,0.0,59.0,2.0,6.0,25.0,Italy
"{'name': 'Italy', 'id': '380', 'alpha3code': 'ITA', 'alpha2code': 'IT'}",82,Marco,,Parolo,3162,1985-01-25,186,"{'code2': 'MD', 'code3': 'MID', 'name': 'Midfielder'}","{'name': 'Italy', 'id': '380', 'alpha3code': 'ITA', 'alpha2code': 'IT'}",21350,right,M. Parolo,null,Marco Parolo,Marco Parolo,Marco Parolo,it ITA,MF,Lazio,32.0,1985.0,29.0,1009.0,1254.0,80.5,16818.0,4092.0,496.0,570.0,87.0,405.0,482.0,84.0,82.0,119.0,68.9,3,2.6,2.0,0.4,27.0,107.0,25.0,3.0,131.0,70.0,24.1,27.0,36.0,7.0,14.0,58.0,44.0,49.0,8.0,41.0,43.0,113.0,64.0,0.0,Matches,1254.0,1177.0,67.0,17.0,2.0,16.0,28.0,18.0,0.0,0.0,0.0,0.0,1009.0,10.0,26.0,4,1,1.0,38,11.0,3.0,28.0,43.0,37.0,0.0,1.0,0.0,162.0,48.0,49.0,49.5,Italy
"{'name': 'Italy', 'id': '380', 'alpha3code': 'ITA', 'alpha2code': 'IT'}",80,Marco,,Capuano,3197,1991-10-14,185,"{'code2': 'DF', 'code3': 'DEF', 'name': 'Defender'}","{'name': 'Italy', 'id': '380', 'alpha3code': 'ITA', 'alpha2code': 'IT'}",21370,left,M. Capuano,null,Marco Capuano,Marco Capuano,Marco Capuano,it ITA,DF,Cagliari,25.0,1991.0,7.7,309.0,395.0,78.2,4891.0,2239.0,157.0,171.0,91.8,130.0,165.0,78.8,17.0,46.0,37.0,0,0.1,0.1,-0.1,2.0,25.0,1.0,1.0,30.0,13.0,50.0,6.0,7.0,0.0,4.0,8.0,4.0,7.0,2.0,5.0,6.0,19.0,23.0,1.0,Matches,395.0,310.0,85.0,13.0,0.0,2.0,10.0,70.0,0.0,0.0,0.0,0.0,309.0,0.0,9.0,2,0,0.0,9,2.0,0.0,10.0,6.0,9.0,0.0,0.0,0.0,33.0,9.0,13.0,40.9,Italy
"{'name': 'Italy', 'id': '380', 'alpha3code': 'ITA', 'alpha2code': 'IT'}",80,Marco,,Capuano,3197,1991-10-14,185,"{'code2': 'DF', 'code3': 'DEF', 'name': 'Defender'}","{'name': 'Italy', 'id': '380', 'alpha3code': 'ITA', 'alpha2code': 'IT'}",21370,left,M. Capuano,null,Marco Capuano,Marco Capuano,Marco Capuano,it ITA,DF,Crotone,25.0,1991.0,15.6,491.0,605.0,81.2,9095.0,3540.0,170.0,189.0,89.9,278.0,306.0,90.8,38.0,95.0,40.0,0,0.0,0.1,0.0,1.0,26.0,0.0,0.0,37.0,20.0,33.3,14.0,6.0,0.0,5.0,15.0,10.0,19.0,13.0,6.0,28.0,48.0,93.0,0.0,Matches,605.0,576.0,27.0,24.0,0.0,1.0,0.0,3.0,0.0,0.0,0.0,0.0,491.0,2.0,2.0,5,1,1.0,18,7.0,0.0,0.0,28.0,10.0,0.0,0.0,0.0,81.0,31.0,22.0,58.5,Italy
"{'name': 'Italy', 'id': '380', 'alpha3code': 'ITA', 'alpha2code': 'IT'}",85,Simone,,Romagnoli,3166,1990-02-09,193,"{'code2': 'DF', 'code3': 'DEF', 'name': 'Defender'}","{'name': 'Italy', 'id': '380', 'alpha3code': 'ITA', 'alpha2code': 'IT'}",21373,right,S. Romagnoli,null,Simone Romagnoli,Simone Romagnoli,Simone Romagnoli,it ITA,DF,Bologna,27.0,1990.0,6.2,226.0,279.0,81.0,4733.0,1895.0,62.0,68.0,91.2,130.0,145.0,89.7,34.0,63.0,54.0,0,0.0,0.0,0.0,1.0,13.0,1.0,0.0,20.0,12.0,44.4,10.0,2.0,0.0,4.0,9.0,5.0,12.0,8.0,4.0,7.0,19.0,41.0,2.0,Matches,279.0,267.0,11.0,8.0,0.0,4.0,0.0,3.0,0.0,0.0,0.0,0.0,226.0,1.0,2.0,1,0,0.0,6,0.0,0.0,0.0,7.0,9.0,0.0,0.0,0.0,30.0,18.0,15.0,54.5,Italy
"{'name': 'Italy', 'id': '380', 'alpha3code': 'ITA', 'alpha2code': 'IT'}",72,Gianluca,,Caprari,3164,1993-07-30,176,"{'code2': 'FW', 'code3': 'FWD', 'name': 'Forward'}","{'name': 'Italy', 'id': '380', 'alpha3code': 'ITA', 'alpha2code': 'IT'}",21376,right,G. Caprari,null,Gianluca Caprari,Gianluca Caprari,Gianluca Caprari,it ITA,"FW,MF",Sampdoria,24.0,1993.0,20.1,515.0,698.0,73.8,7292.0,1884.0,300.0,356.0,84.3,160.0,221.0,72.4,25.0,62.0,40.3,3,3.4,3.0,-0.4,37.0,30.0,34.0,2.0,76.0,19.0,0.0,2.0,11.0,6.0,0.0,10.0,10.0,25.0,2.0,23.0,5.0,24.0,3.0,0.0,Matches,698.0,637.0,60.0,5.0,7.0,2.0,58.0,8.0,33.0,16.0,12.0,2.0,515.0,1.0,26.0,6,1,1.0,23,39.0,6.0,58.0,5.0,11.0,0.0,1.0,0.0,61.0,6.0,18.0,25.0,Italy
"{'name': 'Italy', 'id': '380', 'alpha3code': 'ITA', 'alpha2code': 'IT'}",85,Ciro,,Immobile,3162,1990-02-20,181,"{'code2': 'FW', 'code3': 'FWD', 'name': 'Forward'}","{'name': 'Italy', 'id': '380', 'alpha3code': 'ITA', 'alpha2code': 'IT'}",21384,right,C. Immobile,3757,Ciro Immobile,Ciro Immobile,Ciro Immobile,it ITA,FW,Lazio,27.0,1990.0,29.8,620.0,798.0,77.7,8219.0,1201.0,369.0,432.0,85.4,161.0,207.0,77.8,33.0,45.0,73.3,6,6.6,3.9,-0.6,38.0,28.0,16.0,2.0,47.0,4.0,0.0,0.0,3.0,1.0,0.0,17.0,17.0,14.0,1.0,13.0,0.0,4.0,9.0,0.0,Matches,798.0,755.0,41.0,2.0,0.0,14.0,17.0,10.0,0.0,0.0,0.0,0.0,620.0,2.0,34.0,3,1,0.0,21,36.0,43.0,17.0,0.0,2.0,3.0,0.0,0.0,67.0,15.0,23.0,39.5,Italy
"{'name': 'Italy', 'id': '380', 'alpha3code': 'ITA', 'alpha2code': 'IT'}",59,Lorenzo,,Insigne,3187,1991-06-04,163,"{'code2': 'FW', 'code3': 'FWD', 'name': 'Forward'}","{'name': 'Italy', 'id': '380', 'alpha3code': 'ITA', 'alpha2code': 'IT'}",21385,right,L. Insigne,3757,Lorenzo Insigne,Lorenzo Insigne,Lorenzo Insigne,it ITA,FW,Napoli,26.0,1991.0,34.3,2137.0,2573.0,83.1,26710.0,5243.0,1462.0,1590.0,91.9,465.0,599.0,77.6,76.0,147.0,51.7,11,12.6,9.3,-1.6,102.0,112.0,81.0,10.0,186.0,29.0,39.4,11.0,13.0,5.0,13.0,33.0,20.0,20.0,0.0,20.0,17.0,46.0,4.0,0.0,Matches,2573.0,2446.0,122.0,23.0,23.0,6.0,74.0,54.0,8.0,2.0,4.0,0.0,2137.0,5.0,52.0,4,0,0.0,10,33.0,34.0,74.0,17.0,17.0,0.0,0.0,0.0,169.0,3.0,10.0,23.1,Italy
"{'name': 'Italy', 'id': '380', 'alpha3code': 'ITA', 'alpha2code': 'IT'}",75,Alberto,,Brignoli,3219,1991-08-19,188,"{'code2': 'GK', 'code3': 'GKP', 'name': 'Goalkeeper'}","{'name': 'Italy', 'id': '380', 'alpha3code': 'ITA', 'alpha2code': 'IT'}",21415,left,A. Brignoli,null,Alberto Brignoli,Alberto Brignoli,Alberto Brignoli,it ITA,GK,Benevento,25.0,1991.0,12.5,310.0,503.0,61.6,10179.0,7043.0,26.0,27.0,96.3,147.0,153.0,96.1,136.0,319.0,42.6,0,0.0,0.0,0.0,0.0,6.0,0.0,0.0,0.0,0.0,,0.0,0.0,0.0,0.0,0.0,0.0,0.0,0.0,0.0,0.0,0.0,15.0,3.0,Matches,503.0,332.0,168.0,52.0,0.0,4.0,0.0,0.0,0.0,0.0,0.0,0.0,310.0,3.0,0.0,2,0,0.0,1,1.0,0.0,0.0,0.0,0.0,0.0,1.0,0.0,13.0,9.0,1.0,90.0,Italy
"{'name': 'Belgium', 'id': '56', 'alpha3code': 'BEL', 'alpha2code': 'BE'}",72,Stephane,,Omeonga,3193,1996-03-27,177,"{'code2': 'MD', 'code3': 'MID', 'name': 'Midfielder'}","{'name': 'Belgium', 'id': '56', 'alpha3code': 'BEL', 'alpha2code': 'BE'}",349102,right,S. Omeonga,5635,Stephane Omeonga,Stephane Omeonga,Stephane Omeonga,be BEL,"MF,DF",Genoa,21.0,1996.0,8.9,283.0,343.0,82.5,4831.0,1300.0,128.0,154.0,83.1,127.0,140.0,90.7,24.0,33.0,72.7,0,0.5,0.5,-0.5,9.0,43.0,3.0,1.0,35.0,25.0,38.9,16.0,8.0,1.0,7.0,18.0,11.0,20.0,1.0,19.0,5.0,30.0,6.0,0.0,Matches,343.0,332.0,10.0,2.0,0.0,2.0,15.0,8.0,0.0,0.0,0.0,0.0,283.0,1.0,10.0,2,1,0.0,16,9.0,0.0,15.0,5.0,15.0,0.0,0.0,0.0,59.0,8.0,13.0,38.1,Italy
"{'name': 'Italy', 'id': '380', 'alpha3code': 'ITA', 'alpha2code': 'IT'}",75,Roberto,,Inglese,3165,1991-11-12,187,"{'code2': 'FW', 'code3': 'FWD', 'name': 'Forward'}","{'name': 'Italy', 'id': '380', 'alpha3code': 'ITA', 'alpha2code': 'IT'}",21438,right,R. Inglese,null,Roberto Inglese,Roberto Inglese,Roberto Inglese,it ITA,FW,Chievo,25.0,1991.0,30.9,366.0,566.0,64.7,4799.0,855.0,221.0,294.0,75.2,98.0,166.0,59.0,16.0,33.0,48.5,1,2.4,2.0,-1.4,26.0,19.0,14.0,3.0,44.0,31.0,23.3,13.0,9.0,9.0,7.0,30.0,23.0,21.0,2.0,19.0,8.0,39.0,17.0,1.0,Matches,566.0,552.0,9.0,0.0,0.0,1.0,19.0,0.0,0.0,0.0,0.0,0.0,366.0,5.0,21.0,3,0,0.0,39,36.0,49.0,19.0,8.0,21.0,1.0,0.0,0.0,70.0,91.0,101.0,47.4,Italy
"{'name': 'Italy', 'id': '380', 'alpha3code': 'ITA', 'alpha2code': 'IT'}",74,Mattia,,Perin,3193,1992-11-10,188,"{'code2': 'GK', 'code3': 'GKP', 'name': 'Goalkeeper'}","{'name': 'Italy', 'id': '380', 'alpha3code': 'ITA', 'alpha2code': 'IT'}",21468,right,M. Perin,3757,Mattia Perin,Mattia Perin,Mattia Perin,it ITA,GK,Genoa,24.0,1992.0,37.0,788.0,1274.0,61.9,29463.0,23876.0,62.0,63.0,98.4,279.0,285.0,97.9,445.0,916.0,48.6,0,0.0,0.1,0.0,1.0,27.0,0.0,0.0,0.0,0.0,0.0,0.0,0.0,0.0,0.0,1.0,1.0,0.0,0.0,0.0,1.0,1.0,14.0,2.0,Matches,1274.0,788.0,478.0,131.0,0.0,5.0,0.0,0.0,0.0,0.0,0.0,0.0,788.0,8.0,1.0,1,0,0.0,0,3.0,0.0,0.0,1.0,0.0,0.0,0.0,0.0,56.0,8.0,0.0,100.0,Italy
"{'name': 'Italy', 'id': '380', 'alpha3code': 'ITA', 'alpha2code': 'IT'}",83,Alex,,Cordaz,3197,1983-01-01,188,"{'code2': 'GK', 'code3': 'GKP', 'name': 'Goalkeeper'}","{'name': 'Italy', 'id': '380', 'alpha3code': 'ITA', 'alpha2code': 'IT'}",21494,right,A. Cordaz,null,Alex Cordaz,Alex Cordaz,Alex Cordaz,it ITA,GK,Crotone,34.0,1983.0,38.0,553.0,1184.0,46.7,23348.0,20777.0,41.0,42.0,97.6,151.0,158.0,95.6,360.0,978.0,36.8,0,0.2,0.2,-0.2,2.0,51.0,1.0,0.0,1.0,0.0,,0.0,0.0,0.0,0.0,0.0,0.0,0.0,0.0,0.0,2.0,2.0,16.0,4.0,Matches,1184.0,650.0,529.0,174.0,0.0,2.0,0.0,0.0,0.0,0.0,0.0,0.0,553.0,5.0,0.0,2,0,0.0,0,2.0,0.0,0.0,2.0,0.0,0.0,0.0,0.0,44.0,6.0,1.0,85.7,Italy
"{'name': 'Italy', 'id': '380', 'alpha3code': 'ITA', 'alpha2code': 'IT'}",70,Daniele,,Baselli,3185,1992-02-12,182,"{'code2': 'MD', 'code3': 'MID', 'name': 'Midfielder'}","{'name': 'Italy', 'id': '380', 'alpha3code': 'ITA', 'alpha2code': 'IT'}",21507,right,D. Baselli,3757,Daniele Baselli,Daniele Baselli,Daniele Baselli,it ITA,MF,Torino,25.0,1992.0,28.0,1080.0,1332.0,81.1,18167.0,4920.0,526.0,607.0,86.7,414.0,488.0,84.8,103.0,148.0,69.6,0,1.5,2.0,-1.5,24.0,106.0,25.0,5.0,138.0,63.0,35.7,23.0,36.0,4.0,20.0,56.0,36.0,29.0,5.0,24.0,57.0,120.0,40.0,1.0,Matches,1332.0,1290.0,36.0,16.0,3.0,11.0,27.0,4.0,10.0,5.0,5.0,0.0,1080.0,6.0,35.0,13,2,1.0,53,52.0,3.0,27.0,57.0,33.0,0.0,0.0,0.0,199.0,33.0,29.0,53.2,Italy
"{'name': 'Italy', 'id': '380', 'alpha3code': 'ITA', 'alpha2code': 'IT'}",74,Eros,,Schiavon,3204,1983-04-24,178,"{'code2': 'MD', 'code3': 'MID', 'name': 'Midfielder'}","{'name': 'Italy', 'id': '380', 'alpha3code': 'ITA', 'alpha2code': 'IT'}",21517,right,E. Schiavon,null,Eros Schiavon,Eros Schiavon,Eros Schiavon,it ITA,"MF,DF",SPAL,34.0,1983.0,4.3,85.0,135.0,63.0,1286.0,484.0,44.0,57.0,77.2,35.0,50.0,70.0,3.0,17.0,17.6,0,0.0,0.0,0.0,1.0,8.0,0.0,0.0,5.0,6.0,14.3,2.0,3.0,1.0,1.0,7.0,6.0,6.0,2.0,4.0,2.0,8.0,4.0,0.0,Matches,135.0,116.0,18.0,3.0,0.0,0.0,8.0,15.0,0.0,0.0,0.0,0.0,85.0,1.0,7.0,4,0,0.0,10,3.0,0.0,8.0,2.0,5.0,0.0,0.0,0.0,16.0,1.0,9.0,10.0,Italy
"{'name': 'Italy', 'id': '380', 'alpha3code': 'ITA', 'alpha2code': 'IT'}",75,Federico,,Ceccherini,3197,1992-05-11,187,"{'code2': 'DF', 'code3': 'DEF', 'name': 'Defender'}","{'name': 'Italy', 'id': '380', 'alpha3code': 'ITA', 'alpha2code': 'IT'}",21528,right,F. Ceccherini,null,Federico Ceccherini,Federico Ceccherini,Federico Ceccherini,it ITA,DF,Crotone,25.0,1992.0,35.9,1023.0,1266.0,80.8,21333.0,8180.0,260.0,301.0,86.4,619.0,693.0,89.3,132.0,240.0,55.0,0,0.6,0.8,-0.6,10.0,66.0,6.0,1.0,98.0,35.0,52.0,28.0,4.0,3.0,13.0,25.0,12.0,39.0,21.0,18.0,83.0,118.0,276.0,1.0,Matches,1266.0,1204.0,54.0,48.0,0.0,17.0,4.0,6.0,0.0,0.0,0.0,0.0,1023.0,8.0,12.0,4,1,0.0,42,36.0,6.0,4.0,83.0,21.0,0.0,3.0,0.0,184.0,74.0,58.0,56.1,Italy
"{'name': 'Serbia', 'id': '688', 'alpha3code': 'SRB', 'alpha2code': 'RS'}",80,Ivan,,Radovanovi\u0107,3165,1988-08-29,186,"{'code2': 'MD', 'code3': 'MID', 'name': 'Midfielder'}","{'name': 'Serbia', 'id': '688', 'alpha3code': 'SRB', 'alpha2code': 'RS'}",21564,right,I. Radovanovi\u0107,null,Ivan Radovanović,Ivan Radovanović,Ivan Radovanović,rs SRB,MF,Chievo,28.0,1988.0,34.9,1472.0,1850.0,79.6,30386.0,9591.0,546.0,610.0,89.5,629.0,733.0,85.8,267.0,437.0,61.1,1,0.8,1.4,0.2,15.0,155.0,22.0,5.0,179.0,55.0,37.5,30.0,22.0,3.0,18.0,48.0,30.0,39.0,16.0,23.0,47.0,102.0,107.0,1.0,Matches,1850.0,1698.0,139.0,120.0,2.0,62.0,30.0,5.0,14.0,13.0,1.0,0.0,1472.0,13.0,18.0,6,1,0.0,33,39.0,0.0,30.0,47.0,35.0,0.0,0.0,0.0,247.0,60.0,34.0,63.8,Italy
"{'name': 'Italy', 'id': '380', 'alpha3code': 'ITA', 'alpha2code': 'IT'}",80,Marco,,Silvestri,3194,1991-03-02,191,"{'code2': 'GK', 'code3': 'GKP', 'name': 'Goalkeeper'}","{'name': 'Italy', 'id': '380', 'alpha3code': 'ITA', 'alpha2code': 'IT'}",21573,right,M. Silvestri,null,Marco Silvestri,Marco Silvestri,Marco Silvestri,it ITA,GK,Hellas Verona,26.0,1991.0,2.0,40.0,55.0,72.7,1286.0,1025.0,3.0,3.0,100.0,24.0,24.0,100.0,13.0,27.0,48.1,0,0.0,0.0,0.0,0.0,0.0,0.0,0.0,0.0,0.0,,0.0,0.0,0.0,0.0,0.0,0.0,0.0,0.0,0.0,1.0,1.0,0.0,0.0,Matches,55.0,28.0,26.0,2.0,0.0,0.0,0.0,0.0,0.0,0.0,0.0,0.0,40.0,1.0,0.0,0,0,0.0,0,1.0,0.0,0.0,1.0,0.0,0.0,0.0,0.0,1.0,0.0,0.0,,Italy
"{'name': 'Italy', 'id': '380', 'alpha3code': 'ITA', 'alpha2code': 'IT'}",63,Federico,,Ricci,3197,1994-05-27,175,"{'code2': 'FW', 'code3': 'FWD', 'name': 'Forward'}","{'name': 'Italy', 'id': '380', 'alpha3code': 'ITA', 'alpha2code': 'IT'}",250956,left,F. Ricci,null,Federico Ricci,Federico Ricci,Federico Ricci,it ITA,FW,Crotone,23.0,1994.0,10.2,232.0,382.0,60.7,3723.0,1015.0,125.0,157.0,79.6,74.0,123.0,60.2,26.0,67.0,38.8,1,1.1,1.4,-0.1,11.0,13.0,12.0,4.0,34.0,25.0,32.1,9.0,10.0,6.0,9.0,28.0,19.0,14.0,0.0,14.0,11.0,36.0,5.0,0.0,Matches,382.0,341.0,38.0,14.0,0.0,7.0,63.0,2.0,22.0,10.0,9.0,0.0,232.0,3.0,21.0,4,0,0.0,21,26.0,2.0,63.0,11.0,18.0,0.0,0.0,0.0,64.0,6.0,17.0,26.1,Italy
"{'name': 'Italy', 'id': '380', 'alpha3code': 'ITA', 'alpha2code': 'IT'}",63,Federico,,Ricci,3197,1994-05-27,175,"{'code2': 'FW', 'code3': 'FWD', 'name': 'Forward'}","{'name': 'Italy', 'id': '380', 'alpha3code': 'ITA', 'alpha2code': 'IT'}",250956,left,F. Ricci,null,Federico Ricci,Federico Ricci,Federico Ricci,it ITA,MF,Genoa,23.0,1994.0,2.4,49.0,76.0,64.5,848.0,299.0,22.0,30.0,73.3,20.0,32.0,62.5,4.0,8.0,50.0,0,0.2,0.2,-0.2,4.0,8.0,1.0,1.0,13.0,2.0,33.3,2.0,0.0,0.0,1.0,3.0,2.0,2.0,0.0,2.0,1.0,3.0,1.0,0.0,Matches,76.0,70.0,6.0,1.0,0.0,1.0,14.0,2.0,3.0,1.0,2.0,0.0,49.0,0.0,5.0,0,0,0.0,1,7.0,1.0,14.0,1.0,2.0,0.0,0.0,0.0,12.0,1.0,6.0,14.3,Italy
"{'name': 'Italy', 'id': '380', 'alpha3code': 'ITA', 'alpha2code': 'IT'}",81,Fabrizio,,Cacciatore,3165,1986-10-08,182,"{'code2': 'DF', 'code3': 'DEF', 'name': 'Defender'}","{'name': 'Italy', 'id': '380', 'alpha3code': 'ITA', 'alpha2code': 'IT'}",21607,right,F. Cacciatore,null,Fabrizio Cacciatore,Fabrizio Cacciatore,Fabrizio Cacciatore,it ITA,DF,Chievo,30.0,1986.0,31.9,1513.0,2001.0,75.6,26204.0,11008.0,707.0,804.0,87.9,618.0,778.0,79.4,158.0,329.0,48.0,2,2.8,3.9,-0.8,35.0,115.0,61.0,26.0,153.0,34.0,50.0,20.0,9.0,5.0,15.0,30.0,15.0,33.0,11.0,22.0,38.0,72.0,99.0,3.0,Matches,2001.0,1657.0,337.0,28.0,2.0,12.0,132.0,306.0,3.0,0.0,3.0,0.0,1513.0,7.0,42.0,5,1,0.0,15,22.0,3.0,132.0,38.0,27.0,0.0,0.0,0.0,167.0,51.0,35.0,59.3,Italy
"{'name': 'Slovenia', 'id': '705', 'alpha3code': 'SVN', 'alpha2code': 'SI'}",88,Jasmin,,Kurti\u010d,3204,1989-01-10,186,"{'code2': 'MD', 'code3': 'MID', 'name': 'Midfielder'}","{'name': 'Slovenia', 'id': '705', 'alpha3code': 'SVN', 'alpha2code': 'SI'}",21620,right,J. Kurti\u010d,12046,Jasmin Kurtič,Jasmin Kurtić,Jasmin Kurtić,si SVN,MF,Atalanta,28.0,1989.0,7.4,249.0,326.0,76.4,3416.0,676.0,156.0,181.0,86.2,60.0,86.0,69.8,13.0,23.0,56.5,0,0.3,0.6,-0.3,6.0,16.0,5.0,0.0,21.0,12.0,42.9,6.0,3.0,3.0,3.0,7.0,4.0,7.0,0.0,7.0,5.0,17.0,4.0,0.0,Matches,326.0,312.0,10.0,3.0,1.0,5.0,12.0,6.0,0.0,0.0,0.0,0.0,249.0,4.0,8.0,2,0,0.0,10,8.0,3.0,12.0,5.0,7.0,0.0,0.0,0.0,39.0,24.0,20.0,54.5,Italy
"{'name': 'Slovenia', 'id': '705', 'alpha3code': 'SVN', 'alpha2code': 'SI'}",88,Jasmin,,Kurti\u010d,3204,1989-01-10,186,"{'code2': 'MD', 'code3': 'MID', 'name': 'Midfielder'}","{'name': 'Slovenia', 'id': '705', 'alpha3code': 'SVN', 'alpha2code': 'SI'}",21620,right,J. Kurti\u010d,12046,Jasmin Kurtič,Jasmin Kurtić,Jasmin Kurtić,si SVN,"MF,FW",SPAL,28.0,1989.0,16.0,494.0,678.0,72.9,8284.0,1776.0,223.0,280.0,79.6,196.0,264.0,74.2,48.0,76.0,63.2,0,0.8,1.0,-0.8,10.0,45.0,10.0,2.0,63.0,28.0,23.8,13.0,11.0,4.0,5.0,21.0,16.0,13.0,1.0,12.0,17.0,45.0,25.0,0.0,Matches,678.0,647.0,28.0,11.0,0.0,10.0,37.0,7.0,10.0,2.0,7.0,0.0,494.0,3.0,22.0,5,0,0.0,20,30.0,1.0,37.0,17.0,18.0,0.0,0.0,0.0,72.0,70.0,61.0,53.4,Italy
"{'name': 'Italy', 'id': '380', 'alpha3code': 'ITA', 'alpha2code': 'IT'}",80,Eugenio,,Lamanna,3193,1989-08-07,186,"{'code2': 'GK', 'code3': 'GKP', 'name': 'Goalkeeper'}","{'name': 'Italy', 'id': '380', 'alpha3code': 'ITA', 'alpha2code': 'IT'}",21636,right,E. Lamanna,null,Eugenio Lamanna,Eugenio Lamanna,Eugenio Lamanna,it ITA,GK,Genoa,27.0,1989.0,1.0,16.0,23.0,69.6,671.0,586.0,1.0,1.0,100.0,5.0,5.0,100.0,10.0,16.0,62.5,0,0.0,0.0,0.0,0.0,1.0,0.0,0.0,0.0,0.0,,0.0,0.0,0.0,0.0,0.0,0.0,0.0,0.0,0.0,0.0,0.0,1.0,0.0,Matches,23.0,11.0,11.0,3.0,0.0,0.0,0.0,0.0,0.0,0.0,0.0,0.0,16.0,1.0,0.0,0,0,0.0,0,0.0,0.0,0.0,0.0,0.0,0.0,0.0,0.0,1.0,0.0,0.0,,Italy
"{'name': 'Italy', 'id': '380', 'alpha3code': 'ITA', 'alpha2code': 'IT'}",83,Luca,,Ceppitelli,3173,1989-08-11,186,"{'code2': 'DF', 'code3': 'DEF', 'name': 'Defender'}","{'name': 'Italy', 'id': '380', 'alpha3code': 'ITA', 'alpha2code': 'IT'}",21639,right,L. Ceppitelli,null,Luca Ceppitelli,Luca Ceppitelli,Luca Ceppitelli,it ITA,DF,Cagliari,27.0,1989.0,24.7,917.0,1176.0,78.0,20328.0,10034.0,266.0,305.0,87.2,445.0,513.0,86.7,197.0,332.0,59.3,0,1.2,1.0,-1.2,8.0,96.0,7.0,0.0,73.0,45.0,47.1,31.0,12.0,2.0,16.0,34.0,18.0,33.0,21.0,12.0,50.0,95.0,156.0,0.0,Matches,1176.0,1118.0,53.0,47.0,1.0,14.0,0.0,1.0,0.0,0.0,0.0,0.0,917.0,5.0,10.0,7,0,0.0,34,17.0,0.0,0.0,50.0,33.0,0.0,2.0,1.0,138.0,76.0,26.0,74.5,Italy
"{'name': 'Italy', 'id': '380', 'alpha3code': 'ITA', 'alpha2code': 'IT'}",78,Lorenzo,,Del Pinto,3219,1990-06-17,180,"{'code2': 'MD', 'code3': 'MID', 'name': 'Midfielder'}","{'name': 'Italy', 'id': '380', 'alpha3code': 'ITA', 'alpha2code': 'IT'}",21678,right,L. Del Pinto,null,Lorenzo Del Pinto,Lorenzo Del Pinto,Lorenzo Del Pinto,it ITA,MF,Benevento,27.0,1990.0,8.4,336.0,411.0,81.8,5123.0,989.0,165.0,192.0,85.9,126.0,145.0,86.9,19.0,33.0,57.6,0,0.2,0.2,-0.2,5.0,23.0,3.0,0.0,26.0,23.0,28.0,10.0,10.0,3.0,7.0,25.0,18.0,13.0,4.0,9.0,16.0,39.0,7.0,2.0,Matches,411.0,402.0,9.0,7.0,0.0,1.0,1.0,1.0,0.0,0.0,0.0,0.0,336.0,0.0,9.0,6,0,0.0,23,14.0,0.0,1.0,16.0,17.0,0.0,1.0,0.0,57.0,9.0,19.0,32.1,Italy
"{'name': 'Italy', 'id': '380', 'alpha3code': 'ITA', 'alpha2code': 'IT'}",79,Filippo,,Romagna,3173,1997-05-26,186,"{'code2': 'DF', 'code3': 'DEF', 'name': 'Defender'}","{'name': 'Italy', 'id': '380', 'alpha3code': 'ITA', 'alpha2code': 'IT'}",283832,right,F. Romagna,3763,Filippo Romagna,Filippo Romagna,Filippo Romagna,it ITA,DF,Cagliari,20.0,1997.0,21.0,667.0,877.0,76.1,13444.0,5654.0,226.0,264.0,85.6,332.0,385.0,86.2,96.0,191.0,50.3,0,0.2,0.6,-0.2,4.0,68.0,11.0,4.0,94.0,33.0,61.5,20.0,12.0,1.0,16.0,26.0,10.0,20.0,11.0,9.0,33.0,66.0,96.0,0.0,Matches,877.0,828.0,43.0,33.0,0.0,6.0,14.0,9.0,0.0,0.0,0.0,0.0,667.0,6.0,16.0,0,0,0.0,12,15.0,0.0,14.0,33.0,18.0,0.0,1.0,0.0,109.0,34.0,17.0,66.7,Italy
"{'name': 'Italy', 'id': '380', 'alpha3code': 'ITA', 'alpha2code': 'IT'}",69,Federico,,Chiesa,3176,1997-10-25,175,"{'code2': 'MD', 'code3': 'MID', 'name': 'Midfielder'}","{'name': 'Italy', 'id': '380', 'alpha3code': 'ITA', 'alpha2code': 'IT'}",447804,right,F. Chiesa,3757,Federico Chiesa,Federico Chiesa,Federico Chiesa,it ITA,"FW,MF",Fiorentina,19.0,1997.0,33.5,753.0,1050.0,71.7,11162.0,3167.0,435.0,508.0,85.6,235.0,333.0,70.6,45.0,100.0,45.0,4,6.3,5.2,-2.3,57.0,45.0,46.0,11.0,106.0,62.0,29.6,22.0,22.0,18.0,16.0,54.0,38.0,34.0,1.0,33.0,18.0,80.0,16.0,0.0,Matches,1050.0,985.0,60.0,4.0,9.0,9.0,110.0,55.0,1.0,0.0,0.0,0.0,753.0,5.0,53.0,7,0,0.0,53,60.0,13.0,110.0,18.0,41.0,3.0,0.0,0.0,213.0,8.0,23.0,25.8,Italy
"{'name': 'Italy', 'id': '380', 'alpha3code': 'ITA', 'alpha2code': 'IT'}",78,Cristiano,,Biraghi,3176,1992-09-01,183,"{'code2': 'DF', 'code3': 'DEF', 'name': 'Defender'}","{'name': 'Italy', 'id': '380', 'alpha3code': 'ITA', 'alpha2code': 'IT'}",21842,left,C. Biraghi,null,Cristiano Biraghi,Cristiano Biraghi,Cristiano Biraghi,it ITA,DF,Fiorentina,24.0,1992.0,33.1,1268.0,1790.0,70.8,22496.0,7919.0,573.0,656.0,87.3,519.0,686.0,75.7,144.0,355.0,40.6,4,4.5,4.4,-0.5,58.0,68.0,41.0,25.0,81.0,74.0,62.1,33.0,32.0,9.0,36.0,58.0,22.0,42.0,5.0,37.0,43.0,117.0,103.0,2.0,Matches,1790.0,1336.0,446.0,73.0,2.0,5.0,245.0,280.0,93.0,31.0,56.0,0.0,1268.0,8.0,52.0,7,0,0.0,39,33.0,0.0,245.0,43.0,48.0,1.0,0.0,0.0,166.0,32.0,31.0,50.8,Italy
"{'name': 'Italy', 'id': '380', 'alpha3code': 'ITA', 'alpha2code': 'IT'}",75,Diego,,Falcinelli,3176,1991-06-20,185,"{'code2': 'FW', 'code3': 'FWD', 'name': 'Forward'}","{'name': 'Italy', 'id': '380', 'alpha3code': 'ITA', 'alpha2code': 'IT'}",21861,left,D. Falcinelli,null,Diego Falcinelli,Diego Falcinelli,Diego Falcinelli,it ITA,FW,Fiorentina,26.0,1991.0,4.9,84.0,116.0,72.4,911.0,155.0,60.0,79.0,75.9,16.0,23.0,69.6,2.0,4.0,50.0,0,0.5,0.6,-0.5,5.0,3.0,4.0,0.0,9.0,1.0,0.0,1.0,0.0,0.0,0.0,5.0,5.0,5.0,1.0,4.0,1.0,2.0,4.0,0.0,Matches,116.0,113.0,3.0,0.0,0.0,0.0,6.0,1.0,0.0,0.0,0.0,0.0,84.0,0.0,2.0,0,0,0.0,13,17.0,1.0,6.0,1.0,1.0,0.0,0.0,0.0,11.0,13.0,26.0,33.3,Italy
"{'name': 'Italy', 'id': '380', 'alpha3code': 'ITA', 'alpha2code': 'IT'}",75,Diego,,Falcinelli,3176,1991-06-20,185,"{'code2': 'FW', 'code3': 'FWD', 'name': 'Forward'}","{'name': 'Italy', 'id': '380', 'alpha3code': 'ITA', 'alpha2code': 'IT'}",21861,left,D. Falcinelli,null,Diego Falcinelli,Diego Falcinelli,Diego Falcinelli,it ITA,FW,Sassuolo,26.0,1991.0,14.6,157.0,237.0,66.2,2408.0,392.0,92.0,128.0,71.9,55.0,80.0,68.8,8.0,12.0,66.7,1,0.4,0.3,0.6,8.0,11.0,5.0,1.0,24.0,4.0,7.7,1.0,2.0,1.0,1.0,13.0,12.0,12.0,2.0,10.0,2.0,6.0,9.0,0.0,Matches,237.0,205.0,30.0,4.0,0.0,2.0,9.0,1.0,0.0,0.0,0.0,0.0,157.0,2.0,12.0,2,0,0.0,27,53.0,10.0,9.0,2.0,4.0,0.0,0.0,0.0,29.0,39.0,41.0,48.8,Italy
"{'name': 'Italy', 'id': '380', 'alpha3code': 'ITA', 'alpha2code': 'IT'}",65,Marco,,Sau,3173,1987-11-03,169,"{'code2': 'FW', 'code3': 'FWD', 'name': 'Forward'}","{'name': 'Italy', 'id': '380', 'alpha3code': 'ITA', 'alpha2code': 'IT'}",21865,right,M. Sau,null,Marco Sau,Marco Sau,Marco Sau,it ITA,"FW,MF",Cagliari,29.0,1987.0,14.6,289.0,388.0,74.5,4033.0,580.0,166.0,198.0,83.8,85.0,110.0,77.3,17.0,27.0,63.0,0,0.9,1.0,-0.9,12.0,10.0,6.0,0.0,22.0,9.0,5.9,2.0,4.0,3.0,1.0,17.0,16.0,10.0,0.0,10.0,9.0,18.0,1.0,0.0,Matches,388.0,370.0,16.0,2.0,0.0,0.0,14.0,2.0,3.0,0.0,0.0,0.0,289.0,2.0,22.0,2,0,0.0,18,25.0,12.0,14.0,9.0,6.0,2.0,0.0,0.0,78.0,4.0,15.0,21.1,Italy
"{'name': 'Italy', 'id': '380', 'alpha3code': 'ITA', 'alpha2code': 'IT'}",77,Luca,,Antei,3219,1992-04-19,188,"{'code2': 'DF', 'code3': 'DEF', 'name': 'Defender'}","{'name': 'Italy', 'id': '380', 'alpha3code': 'ITA', 'alpha2code': 'IT'}",21872,right,L. Antei,null,Luca Antei,Luca Antei,Luca Antei,it ITA,DF,Benevento,25.0,1992.0,6.6,316.0,365.0,86.6,6748.0,2422.0,77.0,83.0,92.8,197.0,210.0,93.8,39.0,69.0,56.5,0,0.0,0.0,0.0,0.0,17.0,0.0,0.0,16.0,19.0,54.5,12.0,7.0,0.0,6.0,11.0,5.0,10.0,8.0,2.0,26.0,45.0,35.0,0.0,Matches,365.0,341.0,24.0,20.0,0.0,3.0,1.0,4.0,0.0,0.0,0.0,0.0,316.0,0.0,1.0,1,1,0.0,10,7.0,0.0,1.0,26.0,14.0,0.0,0.0,0.0,28.0,7.0,4.0,63.6,Italy
"{'name': 'Italy', 'id': '380', 'alpha3code': 'ITA', 'alpha2code': 'IT'}",73,Niccol\u00f2,,Giannetti,3173,1991-05-12,181,"{'code2': 'FW', 'code3': 'FWD', 'name': 'Forward'}","{'name': 'Italy', 'id': '380', 'alpha3code': 'ITA', 'alpha2code': 'IT'}",21959,right,N. Giannetti,null,Niccolò Giannetti,Niccolò Giannetti,Niccolò Giannetti,it ITA,"FW,DF",Cagliari,26.0,1991.0,3.3,43.0,63.0,68.3,587.0,111.0,24.0,31.0,77.4,10.0,17.0,58.8,3.0,5.0,60.0,0,0.1,0.1,-0.1,1.0,2.0,1.0,1.0,2.0,5.0,33.3,2.0,3.0,0.0,2.0,6.0,4.0,1.0,0.0,1.0,1.0,6.0,3.0,0.0,Matches,63.0,61.0,2.0,0.0,0.0,0.0,3.0,1.0,0.0,0.0,0.0,0.0,43.0,0.0,1.0,3,0,0.0,10,9.0,2.0,3.0,1.0,4.0,0.0,0.0,0.0,5.0,8.0,19.0,29.6,Italy
"{'name': 'Bulgaria', 'id': '100', 'alpha3code': 'BGR', 'alpha2code': 'BG'}",88,Andrey,,Galabinov,3193,1988-11-27,190,"{'code2': 'FW', 'code3': 'FWD', 'name': 'Forward'}","{'name': 'Bulgaria', 'id': '100', 'alpha3code': 'BGR', 'alpha2code': 'BG'}",22020,right,A. Galabinov,9400,Andrey Galabinov,Andrey Galabinov,Andrey Galabinov,bg BUL,FW,Genoa,28.0,1988.0,12.5,232.0,363.0,63.9,3539.0,556.0,129.0,188.0,68.6,77.0,127.0,60.6,17.0,22.0,77.3,1,1.1,1.1,-0.1,12.0,18.0,5.0,1.0,25.0,7.0,0.0,0.0,5.0,2.0,0.0,5.0,5.0,17.0,1.0,16.0,2.0,9.0,11.0,0.0,Matches,363.0,351.0,11.0,0.0,2.0,3.0,7.0,1.0,0.0,0.0,0.0,0.0,232.0,1.0,15.0,2,0,0.0,26,15.0,16.0,7.0,2.0,5.0,1.0,0.0,0.0,37.0,54.0,62.0,46.6,Italy
"{'name': 'Italy', 'id': '380', 'alpha3code': 'ITA', 'alpha2code': 'IT'}",83,Francesco,,Rossi,3172,1991-04-27,193,"{'code2': 'GK', 'code3': 'GKP', 'name': 'Goalkeeper'}","{'name': 'Italy', 'id': '380', 'alpha3code': 'ITA', 'alpha2code': 'IT'}",22053,right,F. Rossi,null,Francesco Rossi,Francesco Rossi,Francesco Rossi,it ITA,GK,Atalanta,26.0,1991.0,0.1,3.0,3.0,100.0,100.0,91.0,0.0,0.0,,2.0,2.0,100.0,1.0,1.0,100.0,0,0.0,0.0,0.0,0.0,0.0,0.0,0.0,0.0,0.0,,0.0,0.0,0.0,0.0,0.0,0.0,0.0,0.0,0.0,0.0,0.0,0.0,0.0,Matches,3.0,2.0,1.0,1.0,0.0,0.0,0.0,0.0,0.0,0.0,0.0,0.0,3.0,0.0,0.0,0,0,0.0,0,0.0,0.0,0.0,0.0,0.0,0.0,0.0,0.0,0.0,0.0,0.0,,Italy
"{'name': 'Liechtenstein', 'id': '438', 'alpha3code': 'LIE', 'alpha2code': 'LI'}",71,Marcel,,B\u00fcchel,3194,1991-03-18,175,"{'code2': 'MD', 'code3': 'MID', 'name': 'Midfielder'}","{'name': 'Austria', 'id': '40', 'alpha3code': 'AUT', 'alpha2code': 'AT'}",22099,left,M. B\u00fcchel,null,Marcel Büchel,Marcel Büchel,Marcel Büchel,li LIE,MF,Hellas Verona,26.0,1991.0,18.8,647.0,849.0,76.2,11239.0,2434.0,289.0,345.0,83.8,254.0,301.0,84.4,72.0,146.0,49.3,0,0.4,0.5,-0.4,12.0,43.0,4.0,1.0,60.0,37.0,27.1,15.0,21.0,1.0,13.0,48.0,35.0,35.0,6.0,29.0,45.0,82.0,46.0,1.0,Matches,849.0,819.0,25.0,16.0,2.0,14.0,16.0,1.0,8.0,0.0,6.0,2.0,647.0,5.0,16.0,9,0,0.0,45,19.0,0.0,16.0,45.0,21.0,0.0,0.0,0.0,118.0,48.0,32.0,60.0,Italy
"{'name': 'Italy', 'id': '380', 'alpha3code': 'ITA', 'alpha2code': 'IT'}",70,Nicholas,,Pierini,3315,1998-08-06,180,"{'code2': 'FW', 'code3': 'FWD', 'name': 'Forward'}","{'name': 'Italy', 'id': '380', 'alpha3code': 'ITA', 'alpha2code': 'IT'}",415348,right,N. Pierini,null,Nicholas Pierini,Nicholas Pierini,Nicholas Pierini,it ITA,"MF,FW",Sassuolo,18.0,1998.0,0.5,16.0,18.0,88.9,209.0,27.0,12.0,13.0,92.3,4.0,4.0,100.0,0.0,1.0,0.0,0,0.0,0.0,0.0,0.0,1.0,0.0,0.0,0.0,1.0,,0.0,0.0,1.0,0.0,0.0,0.0,1.0,0.0,1.0,1.0,2.0,0.0,0.0,Matches,18.0,17.0,1.0,1.0,0.0,0.0,1.0,0.0,0.0,0.0,0.0,0.0,16.0,0.0,0.0,0,0,0.0,0,0.0,0.0,1.0,1.0,1.0,0.0,0.0,0.0,8.0,0.0,2.0,0.0,Italy
"{'name': 'Italy', 'id': '380', 'alpha3code': 'ITA', 'alpha2code': 'IT'}",74,Pietro,,Iemmello,3219,1992-03-06,179,"{'code2': 'FW', 'code3': 'FWD', 'name': 'Forward'}","{'name': 'Italy', 'id': '380', 'alpha3code': 'ITA', 'alpha2code': 'IT'}",22135,right,P. Iemmello,null,Pietro Iemmello,Pietro Iemmello,Pietro Iemmello,it ITA,FW,Benevento,25.0,1992.0,9.8,160.0,207.0,77.3,2379.0,321.0,85.0,103.0,82.5,52.0,67.0,77.6,13.0,14.0,92.9,1,1.5,0.6,-0.5,8.0,11.0,2.0,0.0,11.0,2.0,25.0,1.0,1.0,0.0,2.0,8.0,6.0,4.0,0.0,4.0,1.0,3.0,11.0,2.0,Matches,207.0,185.0,21.0,0.0,2.0,0.0,1.0,1.0,0.0,0.0,0.0,0.0,160.0,1.0,4.0,0,0,0.0,4,5.0,12.0,1.0,1.0,2.0,0.0,0.0,0.0,25.0,12.0,17.0,41.4,Italy
"{'name': 'Ghana', 'id': '288', 'alpha3code': 'GHA', 'alpha2code': 'GH'}",73,Isaac,,Cofie,3193,1991-09-20,180,"{'code2': 'MD', 'code3': 'MID', 'name': 'Midfielder'}","{'name': 'Ghana', 'id': '288', 'alpha3code': 'GHA', 'alpha2code': 'GH'}",22158,right,I. Cofie,null,Isaac Cofie,Isaac Cofie,Isaac Cofie,gh GHA,MF,Genoa,25.0,1991.0,6.6,250.0,313.0,79.9,4457.0,1463.0,110.0,129.0,85.3,115.0,134.0,85.8,22.0,42.0,52.4,0,0.0,0.2,0.0,1.0,24.0,2.0,0.0,32.0,13.0,46.7,3.0,9.0,1.0,7.0,15.0,8.0,9.0,3.0,6.0,10.0,23.0,7.0,0.0,Matches,313.0,305.0,7.0,6.0,0.0,1.0,0.0,1.0,0.0,0.0,0.0,0.0,250.0,1.0,3.0,1,0,0.0,12,7.0,0.0,0.0,10.0,10.0,0.0,0.0,0.0,58.0,15.0,16.0,48.4,Italy
"{'name': 'Italy', 'id': '380', 'alpha3code': 'ITA', 'alpha2code': 'IT'}",79,Francesco,,Magnanelli,3315,1984-11-12,181,"{'code2': 'MD', 'code3': 'MID', 'name': 'Midfielder'}","{'name': 'Italy', 'id': '380', 'alpha3code': 'ITA', 'alpha2code': 'IT'}",22162,right,F. Magnanelli,null,Francesco Magnanelli,Francesco Magnanelli,Francesco Magnanelli,it ITA,MF,Sassuolo,32.0,1984.0,27.7,1377.0,1691.0,81.4,28835.0,8157.0,446.0,506.0,88.1,665.0,761.0,87.4,248.0,377.0,65.8,0,1.8,1.8,-1.8,36.0,158.0,24.0,2.0,191.0,56.0,30.8,30.0,20.0,6.0,20.0,65.0,45.0,26.0,7.0,19.0,58.0,114.0,78.0,2.0,Matches,1691.0,1502.0,180.0,142.0,11.0,32.0,36.0,1.0,19.0,10.0,8.0,0.0,1377.0,9.0,13.0,13,2,2.0,39,69.0,0.0,36.0,58.0,38.0,0.0,0.0,0.0,263.0,35.0,20.0,63.6,Italy
"{'name': 'Italy', 'id': '380', 'alpha3code': 'ITA', 'alpha2code': 'IT'}",77,Simone,,Missiroli,3315,1986-05-23,191,"{'code2': 'MD', 'code3': 'MID', 'name': 'Midfielder'}","{'name': 'Italy', 'id': '380', 'alpha3code': 'ITA', 'alpha2code': 'IT'}",22163,right,S. Missiroli,null,Simone Missiroli,Simone Missiroli,Simone Missiroli,it ITA,MF,Sassuolo,31.0,1986.0,32.4,930.0,1267.0,73.4,16116.0,5343.0,414.0,532.0,77.8,422.0,542.0,77.9,74.0,130.0,56.9,1,2.6,2.5,-1.6,32.0,122.0,14.0,5.0,164.0,62.0,19.4,25.0,31.0,6.0,14.0,72.0,58.0,46.0,8.0,38.0,67.0,129.0,70.0,0.0,Matches,1267.0,1246.0,17.0,8.0,11.0,1.0,20.0,9.0,0.0,0.0,0.0,0.0,930.0,4.0,30.0,4,0,0.0,34,46.0,3.0,20.0,67.0,37.0,0.0,0.0,0.0,194.0,129.0,84.0,60.6,Italy
"{'name': 'Croatia', 'id': '191', 'alpha3code': 'HRV', 'alpha2code': 'HR'}",73,Marko,,Rog ,3187,1995-07-19,180,"{'code2': 'MD', 'code3': 'MID', 'name': 'Midfielder'}","{'name': 'Croatia', 'id': '191', 'alpha3code': 'HRV', 'alpha2code': 'HR'}",284315,right,M. Rog,null,Marko Rog ,Marko Rog,Marko Rog,hr CRO,"MF,FW",Napoli,22.0,1995.0,3.2,246.0,287.0,85.7,2794.0,551.0,170.0,185.0,91.9,50.0,61.0,82.0,4.0,8.0,50.0,0,0.5,0.3,-0.5,7.0,26.0,1.0,0.0,19.0,11.0,9.1,3.0,6.0,2.0,1.0,11.0,10.0,4.0,1.0,3.0,2.0,13.0,1.0,0.0,Matches,287.0,283.0,2.0,1.0,1.0,0.0,5.0,1.0,0.0,0.0,0.0,0.0,246.0,2.0,6.0,2,0,0.0,11,5.0,0.0,5.0,2.0,7.0,0.0,0.0,0.0,25.0,7.0,11.0,38.9,Italy
"{'name': 'Italy', 'id': '380', 'alpha3code': 'ITA', 'alpha2code': 'IT'}",78,Bruno,,Martella,3197,1992-08-14,184,"{'code2': 'DF', 'code3': 'DEF', 'name': 'Defender'}","{'name': 'Italy', 'id': '380', 'alpha3code': 'ITA', 'alpha2code': 'IT'}",22185,left,B. Martella,null,Bruno Martella,Bruno Martella,Bruno Martella,it ITA,DF,Crotone,24.0,1992.0,29.1,946.0,1378.0,68.7,16347.0,8793.0,462.0,567.0,81.5,367.0,517.0,71.0,102.0,228.0,44.7,3,2.1,2.0,0.9,18.0,105.0,28.0,18.0,126.0,30.0,40.0,19.0,7.0,4.0,12.0,30.0,18.0,22.0,9.0,13.0,48.0,78.0,151.0,1.0,Matches,1378.0,1042.0,324.0,11.0,0.0,7.0,117.0,312.0,1.0,1.0,0.0,0.0,946.0,12.0,53.0,3,0,0.0,7,7.0,1.0,117.0,48.0,21.0,0.0,0.0,0.0,170.0,46.0,40.0,53.5,Italy
"{'name': 'Italy', 'id': '380', 'alpha3code': 'ITA', 'alpha2code': 'IT'}",82,Gianmarco,,Ferrari,3164,1992-02-15,189,"{'code2': 'DF', 'code3': 'DEF', 'name': 'Defender'}","{'name': 'Italy', 'id': '380', 'alpha3code': 'ITA', 'alpha2code': 'IT'}",22270,left,G. Ferrari,null,Gianmarco Ferrari,Gian Marco Ferrari,Gian Marco Ferrari,it ITA,DF,Sampdoria,25.0,1992.0,29.4,1502.0,1705.0,88.1,29268.0,11487.0,518.0,562.0,92.2,788.0,842.0,93.6,181.0,273.0,66.3,0,0.3,1.1,-0.3,4.0,100.0,8.0,0.0,154.0,12.0,50.0,8.0,4.0,0.0,5.0,10.0,5.0,42.0,38.0,4.0,31.0,43.0,149.0,4.0,Matches,1705.0,1646.0,56.0,54.0,2.0,14.0,1.0,2.0,0.0,0.0,0.0,0.0,1502.0,3.0,10.0,4,0,0.0,20,12.0,0.0,1.0,31.0,8.0,0.0,2.0,0.0,113.0,49.0,31.0,61.3,Italy
"{'name': 'Albania', 'id': '8', 'alpha3code': 'ALB', 'alpha2code': 'AL'}",71,Ledian,,Memushaj,3219,1986-12-07,175,"{'code2': 'MD', 'code3': 'MID', 'name': 'Midfielder'}","{'name': 'Albania', 'id': '8', 'alpha3code': 'ALB', 'alpha2code': 'AL'}",22323,right,L. Memushaj,8731,Ledian Memushaj,Ledian Memushaj,Ledian Memushaj,al ALB,MF,Benevento,30.0,1986.0,14.0,542.0,682.0,79.5,8230.0,3131.0,296.0,325.0,91.1,173.0,217.0,79.7,42.0,79.0,53.2,0,1.1,1.1,-1.1,19.0,59.0,8.0,2.0,78.0,28.0,23.3,11.0,13.0,4.0,7.0,30.0,23.0,24.0,5.0,19.0,10.0,38.0,10.0,1.0,Matches,682.0,625.0,50.0,26.0,2.0,5.0,29.0,9.0,15.0,3.0,10.0,0.0,542.0,7.0,13.0,3,0,0.0,19,25.0,0.0,29.0,10.0,18.0,0.0,0.0,0.0,96.0,7.0,5.0,58.3,Italy
"{'name': 'Turkey', 'id': '792', 'alpha3code': 'TUR', 'alpha2code': 'TR'}",66,Cengiz,,\u00dcnder,3158,1997-07-14,173,"{'code2': 'FW', 'code3': 'FWD', 'name': 'Forward'}","{'name': 'Turkey', 'id': '792', 'alpha3code': 'TUR', 'alpha2code': 'TR'}",350032,left,C. \u00dcnder,4687,Cengiz Ünder,Cengiz Ünder,Cengiz Ünder,tr TUR,FW,Roma,20.0,1997.0,13.9,300.0,450.0,66.7,4651.0,1116.0,166.0,207.0,80.2,82.0,127.0,64.6,32.0,63.0,50.8,2,2.0,2.2,0.0,23.0,9.0,26.0,9.0,33.0,10.0,16.7,4.0,6.0,0.0,3.0,18.0,15.0,8.0,1.0,7.0,9.0,19.0,10.0,0.0,Matches,450.0,414.0,32.0,5.0,1.0,5.0,59.0,4.0,23.0,15.0,0.0,0.0,300.0,4.0,21.0,0,0,0.0,2,20.0,9.0,59.0,9.0,6.0,0.0,0.0,0.0,57.0,5.0,14.0,26.3,Italy
"{'name': 'Italy', 'id': '380', 'alpha3code': 'ITA', 'alpha2code': 'IT'}",78,Achraf,,Lazaar,3219,1992-01-22,184,"{'code2': 'DF', 'code3': 'DEF', 'name': 'Defender'}","{'name': 'Morocco', 'id': '504', 'alpha3code': 'MAR', 'alpha2code': 'MA'}",218971,left,A. Lazaar,null,Achraf Lazaar,Achraf Lazaar,Achraf Lazaar,ma MAR,"MF,DF",Benevento,25.0,1992.0,5.3,118.0,169.0,69.8,1810.0,392.0,64.0,77.0,83.1,36.0,48.0,75.0,11.0,29.0,37.9,0,0.2,0.2,-0.2,3.0,4.0,4.0,3.0,4.0,12.0,45.5,9.0,2.0,1.0,5.0,11.0,6.0,5.0,1.0,4.0,6.0,18.0,10.0,0.0,Matches,169.0,148.0,21.0,1.0,0.0,2.0,20.0,18.0,2.0,0.0,2.0,0.0,118.0,0.0,5.0,0,0,0.0,10,4.0,0.0,20.0,6.0,8.0,0.0,0.0,0.0,33.0,5.0,6.0,45.5,Italy
"{'name': 'Italy', 'id': '380', 'alpha3code': 'ITA', 'alpha2code': 'IT'}",75,Daniel,,Bessa,3193,1993-01-14,178,"{'code2': 'MD', 'code3': 'MID', 'name': 'Midfielder'}","{'name': 'Brazil', 'id': '76', 'alpha3code': 'BRA', 'alpha2code': 'BR'}",22381,right,Daniel Bessa,null,Daniel Bessa,Daniel Bessa,Daniel Bessa,it ITA,MF,Genoa,24.0,1993.0,4.9,161.0,201.0,80.1,2385.0,655.0,94.0,109.0,86.2,52.0,62.0,83.9,11.0,19.0,57.9,0,0.6,0.7,-0.6,6.0,15.0,4.0,0.0,18.0,6.0,0.0,2.0,2.0,2.0,0.0,1.0,1.0,7.0,0.0,7.0,3.0,9.0,6.0,0.0,Matches,201.0,186.0,15.0,2.0,1.0,0.0,9.0,4.0,8.0,1.0,7.0,0.0,161.0,0.0,4.0,0,0,0.0,11,3.0,0.0,9.0,3.0,6.0,0.0,0.0,0.0,35.0,3.0,5.0,37.5,Italy
"{'name': 'Italy', 'id': '380', 'alpha3code': 'ITA', 'alpha2code': 'IT'}",75,Daniel,,Bessa,3193,1993-01-14,178,"{'code2': 'MD', 'code3': 'MID', 'name': 'Midfielder'}","{'name': 'Brazil', 'id': '76', 'alpha3code': 'BRA', 'alpha2code': 'BR'}",22381,right,Daniel Bessa,null,Daniel Bessa,Daniel Bessa,Daniel Bessa,it ITA,"MF,FW",Hellas Verona,24.0,1993.0,15.4,549.0,685.0,80.1,9516.0,2343.0,244.0,283.0,86.2,228.0,273.0,83.5,60.0,86.0,69.8,1,1.8,0.8,-0.8,23.0,54.0,10.0,3.0,68.0,26.0,27.6,9.0,15.0,2.0,8.0,29.0,21.0,12.0,2.0,10.0,14.0,40.0,8.0,1.0,Matches,685.0,649.0,32.0,8.0,0.0,8.0,21.0,5.0,6.0,3.0,0.0,0.0,549.0,4.0,16.0,5,0,0.0,28,13.0,5.0,21.0,14.0,19.0,1.0,0.0,0.0,90.0,0.0,21.0,0.0,Italy
"{'name': 'Slovenia', 'id': '705', 'alpha3code': 'SVN', 'alpha2code': 'SI'}",84,Vid,,Belec,3164,1990-06-06,192,"{'code2': 'GK', 'code3': 'GKP', 'name': 'Goalkeeper'}","{'name': 'Slovenia', 'id': '705', 'alpha3code': 'SVN', 'alpha2code': 'SI'}",22552,right,V. Belec,12046,Vid Belec,Vid Belec,Vid Belec,si SVN,GK,Benevento,27.0,1990.0,12.4,241.0,373.0,64.6,7406.0,5393.0,25.0,25.0,100.0,118.0,120.0,98.3,98.0,227.0,43.2,0,0.0,0.0,0.0,1.0,6.0,0.0,0.0,0.0,0.0,,0.0,0.0,0.0,0.0,0.0,0.0,0.0,0.0,0.0,1.0,1.0,6.0,1.0,Matches,373.0,226.0,146.0,38.0,0.0,0.0,0.0,0.0,0.0,0.0,0.0,0.0,241.0,1.0,0.0,1,1,0.0,1,3.0,0.0,0.0,1.0,0.0,0.0,1.0,0.0,10.0,4.0,1.0,80.0,Italy
"{'name': 'Slovenia', 'id': '705', 'alpha3code': 'SVN', 'alpha2code': 'SI'}",84,Vid,,Belec,3164,1990-06-06,192,"{'code2': 'GK', 'code3': 'GKP', 'name': 'Goalkeeper'}","{'name': 'Slovenia', 'id': '705', 'alpha3code': 'SVN', 'alpha2code': 'SI'}",22552,right,V. Belec,12046,Vid Belec,Vid Belec,Vid Belec,si SVN,GK,Sampdoria,27.0,1990.0,2.0,68.0,86.0,79.1,1444.0,979.0,23.0,23.0,100.0,33.0,33.0,100.0,12.0,30.0,40.0,0,0.0,0.0,0.0,0.0,1.0,0.0,0.0,0.0,0.0,,0.0,0.0,0.0,0.0,0.0,0.0,0.0,0.0,0.0,0.0,0.0,1.0,0.0,Matches,86.0,65.0,21.0,5.0,0.0,0.0,0.0,0.0,0.0,0.0,0.0,0.0,68.0,0.0,0.0,0,0,0.0,0,0.0,0.0,0.0,0.0,0.0,0.0,0.0,0.0,4.0,0.0,0.0,,Italy
"{'name': 'France', 'id': '250', 'alpha3code': 'FRA', 'alpha2code': 'FR'}",75,Francesco,,Migliore,3193,1988-04-17,173,"{'code2': 'DF', 'code3': 'DEF', 'name': 'Defender'}","{'name': 'Italy', 'id': '380', 'alpha3code': 'ITA', 'alpha2code': 'IT'}",22559,left,F. Migliore,null,Francesco Migliore,Francesco Migliore,Francesco Migliore,it ITA,DF,Genoa,29.0,1988.0,3.7,117.0,162.0,72.2,1995.0,684.0,55.0,66.0,83.3,50.0,71.0,70.4,10.0,17.0,58.8,0,0.4,0.3,-0.4,3.0,7.0,4.0,2.0,8.0,5.0,33.3,4.0,1.0,0.0,2.0,6.0,4.0,1.0,0.0,1.0,3.0,8.0,9.0,1.0,Matches,162.0,137.0,25.0,0.0,0.0,2.0,9.0,25.0,0.0,0.0,0.0,0.0,117.0,0.0,8.0,1,0,0.0,7,1.0,0.0,9.0,3.0,5.0,0.0,0.0,0.0,27.0,4.0,7.0,36.4,Italy
"{'name': 'Italy', 'id': '380', 'alpha3code': 'ITA', 'alpha2code': 'IT'}",78,Pietro,,Pellegri,19830,2001-03-17,188,"{'code2': 'FW', 'code3': 'FWD', 'name': 'Forward'}","{'name': 'Italy', 'id': '380', 'alpha3code': 'ITA', 'alpha2code': 'IT'}",481329,right,P. Pellegri,null,Pietro Pellegri,Pietro Pellegri,Pietro Pellegri,it ITA,FW,Genoa,16.0,2001.0,3.1,36.0,47.0,76.6,587.0,65.0,12.0,14.0,85.7,19.0,22.0,86.4,3.0,5.0,60.0,0,0.1,0.1,-0.1,4.0,1.0,2.0,1.0,3.0,1.0,0.0,0.0,0.0,1.0,0.0,5.0,5.0,3.0,0.0,3.0,2.0,3.0,1.0,0.0,Matches,47.0,40.0,7.0,1.0,0.0,0.0,1.0,0.0,0.0,0.0,0.0,0.0,36.0,0.0,2.0,2,0,0.0,11,4.0,4.0,1.0,2.0,0.0,0.0,0.0,0.0,6.0,5.0,10.0,33.3,Italy
"{'name': 'Italy', 'id': '380', 'alpha3code': 'ITA', 'alpha2code': 'IT'}",74,Fabio,,Depaoli,3165,1997-04-24,182,"{'code2': 'MD', 'code3': 'MID', 'name': 'Midfielder'}","{'name': 'Italy', 'id': '380', 'alpha3code': 'ITA', 'alpha2code': 'IT'}",415809,right,F. Depaoli,3763,Fabio Depaoli,Fabio Depaoli,Fabio Depaoli,it ITA,"DF,MF",Chievo,20.0,1997.0,13.2,253.0,399.0,63.4,4360.0,2042.0,124.0,166.0,74.7,89.0,135.0,65.9,30.0,66.0,45.5,0,0.8,0.6,-0.8,7.0,17.0,8.0,6.0,33.0,31.0,52.5,21.0,7.0,3.0,21.0,40.0,19.0,27.0,10.0,17.0,15.0,46.0,42.0,0.0,Matches,399.0,336.0,62.0,2.0,1.0,6.0,27.0,59.0,1.0,0.0,0.0,0.0,253.0,1.0,16.0,4,0,0.0,25,15.0,1.0,27.0,15.0,22.0,0.0,1.0,0.0,54.0,13.0,27.0,32.5,Italy
"{'name': 'Italy', 'id': '380', 'alpha3code': 'ITA', 'alpha2code': 'IT'}",80,Fabio,,Lucioni,3219,1987-09-25,185,"{'code2': 'DF', 'code3': 'DEF', 'name': 'Defender'}","{'name': 'Italy', 'id': '380', 'alpha3code': 'ITA', 'alpha2code': 'IT'}",22614,right,F. Lucioni,null,Fabio Lucioni,Fabio Lucioni,Fabio Lucioni,it ITA,DF,Benevento,29.0,1987.0,8.0,222.0,283.0,78.4,5449.0,2220.0,34.0,42.0,81.0,133.0,150.0,88.7,54.0,85.0,63.5,0,0.0,0.0,0.0,1.0,11.0,0.0,0.0,11.0,11.0,63.6,7.0,4.0,0.0,7.0,11.0,4.0,14.0,11.0,3.0,7.0,18.0,61.0,0.0,Matches,283.0,265.0,16.0,16.0,0.0,3.0,0.0,0.0,0.0,0.0,0.0,0.0,222.0,2.0,4.0,1,0,0.0,3,2.0,1.0,0.0,7.0,9.0,0.0,0.0,1.0,29.0,11.0,1.0,91.7,Italy
"{'name': 'Italy', 'id': '380', 'alpha3code': 'ITA', 'alpha2code': 'IT'}",79,Gabriele,,Angella,3163,1989-04-28,189,"{'code2': 'DF', 'code3': 'DEF', 'name': 'Defender'}","{'name': 'Italy', 'id': '380', 'alpha3code': 'ITA', 'alpha2code': 'IT'}",22677,right,G. Angella,null,Gabriele Angella,Gabriele Angella,Gabriele Angella,it ITA,DF,Udinese,28.0,1989.0,9.9,411.0,503.0,81.7,9420.0,3883.0,91.0,110.0,82.7,235.0,266.0,88.3,82.0,118.0,69.5,0,0.0,0.1,0.0,2.0,22.0,1.0,0.0,35.0,15.0,72.7,11.0,3.0,1.0,8.0,11.0,3.0,11.0,9.0,2.0,21.0,36.0,66.0,0.0,Matches,503.0,472.0,30.0,18.0,0.0,10.0,2.0,12.0,0.0,0.0,0.0,0.0,411.0,1.0,2.0,3,0,0.0,18,4.0,0.0,2.0,21.0,13.0,0.0,3.0,0.0,56.0,30.0,13.0,69.8,Italy
"{'name': 'Italy', 'id': '380', 'alpha3code': 'ITA', 'alpha2code': 'IT'}",78,Antonino,,Ragusa,3315,1990-03-27,183,"{'code2': 'FW', 'code3': 'FWD', 'name': 'Forward'}","{'name': 'Italy', 'id': '380', 'alpha3code': 'ITA', 'alpha2code': 'IT'}",22699,right,A. Ragusa,null,Antonino Ragusa,Antonino Ragusa,Antonino Ragusa,it ITA,"FW,MF",Sassuolo,27.0,1990.0,9.2,167.0,254.0,65.7,2569.0,785.0,95.0,119.0,79.8,54.0,87.0,62.1,12.0,28.0,42.9,1,0.7,0.8,0.3,10.0,14.0,8.0,3.0,25.0,17.0,34.8,11.0,4.0,2.0,8.0,23.0,15.0,12.0,1.0,11.0,6.0,23.0,16.0,0.0,Matches,254.0,237.0,17.0,2.0,2.0,0.0,21.0,9.0,3.0,1.0,1.0,0.0,167.0,0.0,13.0,6,0,0.0,26,32.0,4.0,21.0,6.0,7.0,1.0,0.0,0.0,45.0,10.0,11.0,47.6,Italy
"{'name': 'Italy', 'id': '380', 'alpha3code': 'ITA', 'alpha2code': 'IT'}",77,Fabio,,Pisacane,3173,1986-01-28,178,"{'code2': 'DF', 'code3': 'DEF', 'name': 'Defender'}","{'name': 'Italy', 'id': '380', 'alpha3code': 'ITA', 'alpha2code': 'IT'}",22732,right,F. Pisacane,null,Fabio Pisacane,Fabio Pisacane,Fabio Pisacane,it ITA,DF,Cagliari,31.0,1986.0,21.4,842.0,1044.0,80.7,17454.0,7000.0,258.0,284.0,90.8,430.0,489.0,87.9,139.0,231.0,60.2,0,0.0,0.2,0.0,2.0,84.0,4.0,2.0,94.0,52.0,36.6,36.0,13.0,3.0,15.0,41.0,26.0,29.0,16.0,13.0,38.0,90.0,105.0,1.0,Matches,1044.0,998.0,41.0,30.0,0.0,13.0,12.0,10.0,0.0,0.0,0.0,0.0,842.0,5.0,19.0,4,2,1.0,30,22.0,1.0,12.0,38.0,39.0,0.0,1.0,0.0,117.0,40.0,30.0,57.1,Italy
"{'name': 'Denmark', 'id': '208', 'alpha3code': 'DNK', 'alpha2code': 'DK'}",90,Joachim,,Andersen,3164,1996-05-31,190,"{'code2': 'DF', 'code3': 'DEF', 'name': 'Defender'}","{'name': 'Denmark', 'id': '208', 'alpha3code': 'DNK', 'alpha2code': 'DK'}",145787,right,J. Andersen,7719,Joachim Andersen,Joachim Andersen,Joachim Andersen,dk DEN,DF,Sampdoria,21.0,1996.0,6.1,371.0,424.0,87.5,7476.0,2386.0,118.0,127.0,92.9,200.0,211.0,94.8,51.0,77.0,66.2,0,0.0,0.1,0.0,0.0,23.0,1.0,0.0,27.0,8.0,100.0,6.0,2.0,0.0,4.0,4.0,0.0,6.0,4.0,2.0,9.0,17.0,41.0,1.0,Matches,424.0,406.0,18.0,13.0,0.0,5.0,0.0,5.0,0.0,0.0,0.0,0.0,371.0,0.0,6.0,0,0,0.0,3,4.0,0.0,0.0,9.0,3.0,0.0,0.0,0.0,33.0,17.0,2.0,89.5,Italy
"{'name': 'Italy', 'id': '380', 'alpha3code': 'ITA', 'alpha2code': 'IT'}",75,Luigi,,Sepe,3187,1991-05-08,185,"{'code2': 'GK', 'code3': 'GKP', 'name': 'Goalkeeper'}","{'name': 'Italy', 'id': '380', 'alpha3code': 'ITA', 'alpha2code': 'IT'}",22817,left,L. Sepe,null,Luigi Sepe,Luigi Sepe,Luigi Sepe,it ITA,GK,Napoli,26.0,1991.0,1.0,17.0,19.0,89.5,416.0,271.0,1.0,1.0,100.0,13.0,13.0,100.0,3.0,5.0,60.0,0,0.0,0.0,0.0,0.0,0.0,0.0,0.0,0.0,0.0,,0.0,0.0,0.0,0.0,0.0,0.0,0.0,0.0,0.0,0.0,0.0,1.0,0.0,Matches,19.0,13.0,6.0,1.0,0.0,0.0,0.0,0.0,0.0,0.0,0.0,0.0,17.0,0.0,0.0,0,0,0.0,0,0.0,0.0,0.0,0.0,0.0,0.0,0.0,0.0,1.0,0.0,0.0,,Italy
"{'name': 'Italy', 'id': '380', 'alpha3code': 'ITA', 'alpha2code': 'IT'}",76,Armando,,Izzo,3193,1992-03-02,183,"{'code2': 'DF', 'code3': 'DEF', 'name': 'Defender'}","{'name': 'Italy', 'id': '380', 'alpha3code': 'ITA', 'alpha2code': 'IT'}",22883,right,A. Izzo,null,Armando Izzo,Armando Izzo,Armando Izzo,it ITA,DF,Genoa,25.0,1992.0,15.4,650.0,869.0,74.8,13251.0,5057.0,214.0,251.0,85.3,335.0,399.0,84.0,97.0,201.0,48.3,0,0.2,0.3,-0.2,3.0,61.0,8.0,1.0,57.0,30.0,66.7,14.0,10.0,6.0,12.0,18.0,6.0,15.0,6.0,9.0,34.0,64.0,70.0,0.0,Matches,869.0,776.0,90.0,40.0,0.0,12.0,14.0,49.0,1.0,0.0,1.0,0.0,650.0,3.0,10.0,2,0,0.0,15,35.0,0.0,14.0,34.0,23.0,0.0,0.0,0.0,111.0,27.0,14.0,65.9,Italy
"{'name': 'Italy', 'id': '380', 'alpha3code': 'ITA', 'alpha2code': 'IT'}",78,Leonardo,,Pavoletti,3173,1988-11-26,188,"{'code2': 'FW', 'code3': 'FWD', 'name': 'Forward'}","{'name': 'Italy', 'id': '380', 'alpha3code': 'ITA', 'alpha2code': 'IT'}",22933,right,L. Pavoletti,null,Leonardo Pavoletti,Leonardo Pavoletti,Leonardo Pavoletti,it ITA,FW,Cagliari,28.0,1988.0,30.2,523.0,806.0,64.9,6978.0,1148.0,325.0,454.0,71.6,131.0,220.0,59.5,30.0,58.0,51.7,0,2.1,1.8,-2.1,24.0,28.0,16.0,1.0,59.0,27.0,9.5,5.0,14.0,8.0,2.0,21.0,19.0,13.0,5.0,8.0,13.0,40.0,28.0,0.0,Matches,806.0,797.0,3.0,1.0,0.0,4.0,3.0,0.0,0.0,0.0,0.0,0.0,523.0,6.0,11.0,8,0,0.0,76,32.0,28.0,3.0,13.0,13.0,1.0,2.0,0.0,65.0,200.0,149.0,57.3,Italy
"{'name': 'France', 'id': '250', 'alpha3code': 'FRA', 'alpha2code': 'FR'}",79,Gregoire ,,Defrel,3158,1991-06-17,180,"{'code2': 'FW', 'code3': 'FWD', 'name': 'Forward'}","{'name': 'France', 'id': '250', 'alpha3code': 'FRA', 'alpha2code': 'FR'}",23149,left,G. Defrel,null,Gregoire  Defrel,Grégoire Defrel,Grégoire Defrel,mq MTQ,"FW,MF",Roma,26.0,1991.0,5.4,112.0,135.0,83.0,1351.0,298.0,70.0,81.0,86.4,21.0,24.0,87.5,6.0,6.0,100.0,0,0.5,0.3,-0.5,5.0,9.0,5.0,0.0,11.0,8.0,25.0,1.0,1.0,6.0,2.0,8.0,6.0,5.0,0.0,5.0,3.0,11.0,6.0,0.0,Matches,135.0,130.0,4.0,1.0,0.0,1.0,1.0,0.0,2.0,1.0,0.0,0.0,112.0,1.0,6.0,1,0,0.0,5,6.0,2.0,1.0,3.0,3.0,0.0,0.0,0.0,20.0,4.0,5.0,44.4,Italy
"{'name': 'Croatia', 'id': '191', 'alpha3code': 'HRV', 'alpha2code': 'HR'}",88,Bruno,,Petkovi\u0107,3194,1994-09-16,192,"{'code2': 'FW', 'code3': 'FWD', 'name': 'Forward'}","{'name': 'Croatia', 'id': '191', 'alpha3code': 'HRV', 'alpha2code': 'HR'}",252589,right,B. Petkovi\u0107,null,Bruno Petković,Bruno Petković,Bruno Petković,hr CRO,"FW,MF",Bologna,22.0,1994.0,3.7,88.0,117.0,75.2,1368.0,297.0,45.0,60.0,75.0,31.0,35.0,88.6,7.0,10.0,70.0,1,0.9,0.4,0.1,4.0,5.0,4.0,0.0,13.0,7.0,100.0,0.0,5.0,2.0,1.0,1.0,0.0,3.0,0.0,3.0,4.0,11.0,5.0,0.0,Matches,117.0,113.0,4.0,0.0,1.0,1.0,3.0,0.0,0.0,0.0,0.0,0.0,88.0,0.0,6.0,3,0,0.0,5,16.0,2.0,3.0,4.0,6.0,0.0,0.0,0.0,15.0,5.0,8.0,38.5,Italy
"{'name': 'Croatia', 'id': '191', 'alpha3code': 'HRV', 'alpha2code': 'HR'}",88,Bruno,,Petkovi\u0107,3194,1994-09-16,192,"{'code2': 'FW', 'code3': 'FWD', 'name': 'Forward'}","{'name': 'Croatia', 'id': '191', 'alpha3code': 'HRV', 'alpha2code': 'HR'}",252589,right,B. Petkovi\u0107,null,Bruno Petković,Bruno Petković,Bruno Petković,hr CRO,FW,Hellas Verona,22.0,1994.0,10.2,173.0,267.0,64.8,2328.0,494.0,103.0,143.0,72.0,39.0,65.0,60.0,12.0,17.0,70.6,2,1.5,0.9,0.5,12.0,14.0,11.0,1.0,25.0,14.0,46.2,3.0,8.0,3.0,6.0,13.0,7.0,11.0,1.0,10.0,7.0,21.0,12.0,0.0,Matches,267.0,247.0,17.0,0.0,1.0,3.0,6.0,3.0,0.0,0.0,0.0,0.0,173.0,3.0,11.0,1,0,0.0,18,21.0,3.0,6.0,7.0,12.0,0.0,0.0,0.0,43.0,43.0,52.0,45.3,Italy
"{'name': 'Denmark', 'id': '208', 'alpha3code': 'DNK', 'alpha2code': 'DK'}",81,Jens Stryger,,Larsen,3163,1991-02-21,180,"{'code2': 'DF', 'code3': 'DEF', 'name': 'Defender'}","{'name': 'Denmark', 'id': '208', 'alpha3code': 'DNK', 'alpha2code': 'DK'}",56026,right,J. Stryger Larsen,7712,Jens Stryger Larsen,Jens Stryger Larsen,Jens Stryger Larsen,dk DEN,DF,Udinese,26.0,1991.0,28.1,1099.0,1356.0,81.0,19399.0,8698.0,507.0,563.0,90.1,481.0,569.0,84.5,100.0,188.0,53.2,1,1.0,0.8,0.0,9.0,88.0,7.0,6.0,99.0,36.0,53.8,25.0,10.0,1.0,21.0,39.0,18.0,35.0,14.0,21.0,31.0,67.0,82.0,2.0,Matches,1356.0,1137.0,215.0,38.0,0.0,9.0,23.0,176.0,1.0,0.0,0.0,1.0,1099.0,4.0,21.0,5,0,0.0,15,18.0,1.0,23.0,31.0,27.0,0.0,0.0,0.0,126.0,23.0,40.0,36.5,Italy
"{'name': 'Nigeria', 'id': '566', 'alpha3code': 'NGA', 'alpha2code': 'NG'}",80,Sadiq,,Umar,18,1997-02-02,192,"{'code2': 'FW', 'code3': 'FWD', 'name': 'Forward'}","{'name': 'Nigeria', 'id': '566', 'alpha3code': 'NGA', 'alpha2code': 'NG'}",350992,right,S. Umar,null,Sadiq Umar,Umar Sadiq,Umar Sadiq,ng NGA,FW,Torino,20.0,1997.0,2.5,25.0,51.0,49.0,239.0,38.0,16.0,29.0,55.2,3.0,6.0,50.0,0.0,0.0,,0,0.0,0.1,0.0,0.0,0.0,0.0,0.0,0.0,0.0,0.0,0.0,0.0,0.0,0.0,3.0,3.0,1.0,0.0,1.0,1.0,1.0,2.0,0.0,Matches,51.0,49.0,2.0,0.0,0.0,0.0,0.0,0.0,0.0,0.0,0.0,0.0,25.0,0.0,5.0,0,0,0.0,11,9.0,6.0,0.0,1.0,0.0,0.0,0.0,0.0,7.0,3.0,8.0,27.3,Italy
"{'name': 'Italy', 'id': '380', 'alpha3code': 'ITA', 'alpha2code': 'IT'}",76,Gianluigi,,Donnarumma,3157,1999-02-25,198,"{'code2': 'GK', 'code3': 'GKP', 'name': 'Goalkeeper'}","{'name': 'Italy', 'id': '380', 'alpha3code': 'ITA', 'alpha2code': 'IT'}",350999,right,G. Donnarumma,3757,Gianluigi Donnarumma,Gianluigi Donnarumma,Gianluigi Donnarumma,it ITA,GK,Milan,18.0,1999.0,38.0,984.0,1238.0,79.5,26149.0,18283.0,188.0,189.0,99.5,463.0,468.0,98.9,328.0,572.0,57.3,0,0.0,0.0,0.0,1.0,7.0,0.0,0.0,0.0,1.0,100.0,1.0,0.0,0.0,1.0,1.0,0.0,0.0,0.0,0.0,1.0,2.0,13.0,8.0,Matches,1238.0,868.0,367.0,100.0,0.0,6.0,0.0,0.0,0.0,0.0,0.0,0.0,984.0,3.0,1.0,2,0,0.0,0,3.0,0.0,0.0,1.0,0.0,0.0,0.0,1.0,69.0,3.0,0.0,100.0,Italy
"{'name': 'Italy', 'id': '380', 'alpha3code': 'ITA', 'alpha2code': 'IT'}",75,Patrick,,Cutrone,3157,1998-01-03,184,"{'code2': 'FW', 'code3': 'FWD', 'name': 'Forward'}","{'name': 'Italy', 'id': '380', 'alpha3code': 'ITA', 'alpha2code': 'IT'}",351010,right,P. Cutrone,null,Patrick Cutrone,Patrick Cutrone,Patrick Cutrone,it ITA,FW,Milan,19.0,1998.0,16.7,252.0,336.0,75.0,3184.0,337.0,166.0,201.0,82.6,67.0,91.0,73.6,5.0,10.0,50.0,1,0.8,0.7,0.2,14.0,6.0,4.0,0.0,20.0,11.0,10.0,2.0,7.0,2.0,1.0,10.0,9.0,11.0,1.0,10.0,3.0,14.0,12.0,0.0,Matches,336.0,308.0,27.0,0.0,0.0,0.0,14.0,2.0,0.0,0.0,0.0,0.0,252.0,1.0,12.0,3,0,0.0,31,18.0,23.0,14.0,3.0,10.0,1.0,0.0,0.0,36.0,12.0,49.0,19.7,Italy
"{'name': 'Italy', 'id': '380', 'alpha3code': 'ITA', 'alpha2code': 'IT'}",80,Luca,,Rizzo,3172,1992-04-24,185,"{'code2': 'MD', 'code3': 'MID', 'name': 'Midfielder'}","{'name': 'Italy', 'id': '380', 'alpha3code': 'ITA', 'alpha2code': 'IT'}",23386,right,L. Rizzo,null,Luca Rizzo,Luca Rizzo,Luca Rizzo,it ITA,MF,SPAL,25.0,1992.0,5.4,142.0,212.0,67.0,2180.0,677.0,81.0,99.0,81.8,47.0,62.0,75.8,9.0,20.0,45.0,0,0.8,0.7,-0.8,3.0,16.0,7.0,3.0,19.0,18.0,29.4,7.0,10.0,1.0,5.0,17.0,12.0,10.0,0.0,10.0,3.0,21.0,5.0,1.0,Matches,212.0,196.0,13.0,1.0,0.0,2.0,25.0,2.0,10.0,0.0,2.0,0.0,142.0,3.0,18.0,0,0,0.0,5,7.0,1.0,25.0,3.0,10.0,0.0,0.0,0.0,25.0,2.0,3.0,40.0,Italy
"{'name': 'Italy', 'id': '380', 'alpha3code': 'ITA', 'alpha2code': 'IT'}",87,Marco,,Sportiello,3176,1992-05-10,192,"{'code2': 'GK', 'code3': 'GKP', 'name': 'Goalkeeper'}","{'name': 'Italy', 'id': '380', 'alpha3code': 'ITA', 'alpha2code': 'IT'}",23705,right,M. Sportiello,null,Marco Sportiello,Marco Sportiello,Marco Sportiello,it ITA,GK,Fiorentina,25.0,1992.0,35.6,791.0,1049.0,75.4,21755.0,15747.0,125.0,126.0,99.2,392.0,397.0,98.7,270.0,516.0,52.3,0,0.0,0.0,0.0,1.0,7.0,0.0,0.0,0.0,0.0,0.0,0.0,0.0,0.0,0.0,1.0,1.0,0.0,0.0,0.0,1.0,1.0,13.0,4.0,Matches,1049.0,700.0,343.0,73.0,0.0,1.0,0.0,0.0,0.0,0.0,0.0,0.0,791.0,6.0,0.0,0,1,0.0,1,5.0,0.0,0.0,1.0,0.0,0.0,0.0,0.0,40.0,10.0,0.0,100.0,Italy
"{'name': 'Italy', 'id': '380', 'alpha3code': 'ITA', 'alpha2code': 'IT'}",74,Claud,,Adjapong,3315,1998-05-06,180,"{'code2': 'DF', 'code3': 'DEF', 'name': 'Defender'}","{'name': 'Italy', 'id': '380', 'alpha3code': 'ITA', 'alpha2code': 'IT'}",417231,right,C. Adjapong,3763,Claud Adjapong,Claud Adjapong,Claud Adjapong,it ITA,"DF,FW",Sassuolo,19.0,1998.0,13.6,363.0,509.0,71.3,5921.0,2319.0,167.0,197.0,84.8,166.0,227.0,73.1,21.0,53.0,39.6,0,1.1,0.9,-1.1,11.0,28.0,5.0,2.0,42.0,35.0,84.6,24.0,5.0,6.0,11.0,13.0,2.0,16.0,3.0,13.0,23.0,58.0,37.0,0.0,Matches,509.0,442.0,65.0,1.0,3.0,2.0,27.0,63.0,1.0,0.0,0.0,0.0,363.0,2.0,17.0,5,1,0.0,24,19.0,2.0,27.0,23.0,26.0,0.0,0.0,0.0,80.0,15.0,15.0,50.0,Italy
"{'name': 'Italy', 'id': '380', 'alpha3code': 'ITA', 'alpha2code': 'IT'}",74,Francesco,,Zampano,3163,1993-09-30,178,"{'code2': 'DF', 'code3': 'DEF', 'name': 'Defender'}","{'name': 'Italy', 'id': '380', 'alpha3code': 'ITA', 'alpha2code': 'IT'}",24024,right,F. Zampano,null,Francesco Zampano,Francesco Zampano,Francesco Zampano,it ITA,DF,Udinese,23.0,1993.0,4.6,131.0,174.0,75.3,2215.0,812.0,59.0,73.0,80.8,61.0,73.0,83.6,10.0,21.0,47.6,1,0.3,0.3,0.7,5.0,7.0,7.0,4.0,15.0,9.0,50.0,5.0,3.0,1.0,5.0,10.0,5.0,4.0,0.0,4.0,6.0,15.0,7.0,0.0,Matches,174.0,133.0,40.0,0.0,0.0,0.0,15.0,40.0,0.0,0.0,0.0,0.0,131.0,1.0,7.0,0,0,0.0,13,3.0,1.0,15.0,6.0,7.0,0.0,0.0,0.0,28.0,4.0,7.0,36.4,Italy
"{'name': 'Italy', 'id': '380', 'alpha3code': 'ITA', 'alpha2code': 'IT'}",82,Alex,,Meret,3204,1997-03-22,190,"{'code2': 'GK', 'code3': 'GKP', 'name': 'Goalkeeper'}","{'name': 'Italy', 'id': '380', 'alpha3code': 'ITA', 'alpha2code': 'IT'}",286215,left,A. Meret,null,Alex Meret,Alex Meret,Alex Meret,it ITA,GK,SPAL,20.0,1997.0,12.9,236.0,397.0,59.4,8314.0,6717.0,24.0,24.0,100.0,86.0,87.0,98.9,124.0,282.0,44.0,0,0.0,0.0,0.0,0.0,5.0,0.0,0.0,0.0,0.0,0.0,0.0,0.0,0.0,0.0,1.0,1.0,0.0,0.0,0.0,0.0,0.0,5.0,0.0,Matches,397.0,217.0,178.0,47.0,0.0,0.0,0.0,0.0,0.0,0.0,0.0,0.0,236.0,2.0,0.0,0,0,0.0,1,0.0,0.0,0.0,0.0,0.0,0.0,1.0,0.0,21.0,3.0,1.0,75.0,Italy
"{'name': 'Italy', 'id': '380', 'alpha3code': 'ITA', 'alpha2code': 'IT'}",68,Nicol\u00f2,,Barella,3173,1997-02-07,172,"{'code2': 'MD', 'code3': 'MID', 'name': 'Midfielder'}","{'name': 'Italy', 'id': '380', 'alpha3code': 'ITA', 'alpha2code': 'IT'}",286223,right,N. Barella,null,Nicolò Barella,Nicolò Barella,Nicolò Barella,it ITA,MF,Cagliari,20.0,1997.0,32.8,1235.0,1641.0,75.3,22685.0,7038.0,557.0,662.0,84.1,482.0,604.0,79.8,163.0,285.0,57.2,2,1.9,2.5,0.1,35.0,168.0,39.0,7.0,200.0,92.0,32.1,37.0,43.0,12.0,25.0,78.0,53.0,48.0,6.0,42.0,45.0,137.0,53.0,0.0,Matches,1641.0,1496.0,137.0,55.0,5.0,26.0,107.0,8.0,48.0,15.0,25.0,1.0,1235.0,8.0,43.0,15,1,1.0,78,64.0,1.0,107.0,45.0,69.0,0.0,1.0,0.0,244.0,30.0,20.0,60.0,Italy
"{'name': 'Italy', 'id': '380', 'alpha3code': 'ITA', 'alpha2code': 'IT'}",75,Manuel,,Locatelli,3157,1998-01-08,185,"{'code2': 'MD', 'code3': 'MID', 'name': 'Midfielder'}","{'name': 'Italy', 'id': '380', 'alpha3code': 'ITA', 'alpha2code': 'IT'}",286226,right,M. Locatelli,3763,Manuel Locatelli,Manuel Locatelli,Manuel Locatelli,it ITA,MF,Milan,19.0,1998.0,7.6,465.0,548.0,84.9,8530.0,2233.0,182.0,201.0,90.5,227.0,255.0,89.0,51.0,78.0,65.4,0,0.4,0.6,-0.4,9.0,47.0,5.0,0.0,54.0,16.0,22.2,6.0,9.0,1.0,4.0,18.0,14.0,10.0,2.0,8.0,9.0,25.0,13.0,0.0,Matches,548.0,533.0,12.0,7.0,0.0,3.0,7.0,3.0,2.0,0.0,1.0,0.0,465.0,3.0,5.0,4,0,0.0,14,9.0,1.0,7.0,9.0,13.0,0.0,0.0,0.0,56.0,6.0,11.0,35.3,Italy
"{'name': 'Italy', 'id': '380', 'alpha3code': 'ITA', 'alpha2code': 'IT'}",72,Massimo,,Coda,3219,1988-11-10,184,"{'code2': 'FW', 'code3': 'FWD', 'name': 'Forward'}","{'name': 'Italy', 'id': '380', 'alpha3code': 'ITA', 'alpha2code': 'IT'}",24269,right,M. Coda,null,Massimo Coda,Massimo Coda,Massimo Coda,it ITA,FW,Benevento,28.0,1988.0,15.7,243.0,352.0,69.0,3630.0,669.0,142.0,188.0,75.5,68.0,101.0,67.3,22.0,27.0,81.5,1,1.3,1.4,-0.3,21.0,14.0,10.0,1.0,35.0,12.0,15.4,3.0,4.0,5.0,2.0,13.0,11.0,7.0,2.0,5.0,6.0,18.0,11.0,0.0,Matches,352.0,311.0,37.0,0.0,3.0,8.0,7.0,0.0,0.0,0.0,0.0,0.0,243.0,4.0,11.0,1,0,0.0,18,8.0,23.0,7.0,6.0,9.0,1.0,0.0,0.0,45.0,38.0,56.0,40.4,Italy
"{'name': 'Netherlands', 'id': '528', 'alpha3code': 'NLD', 'alpha2code': 'NL'}",75,Timo,,Letschert,3315,1993-05-25,188,"{'code2': 'DF', 'code3': 'DEF', 'name': 'Defender'}","{'name': 'Netherlands', 'id': '528', 'alpha3code': 'NLD', 'alpha2code': 'NL'}",221047,right,T. Letschert,null,Timo Letschert,Timo Letschert,Timo Letschert,nl NED,DF,Sassuolo,24.0,1993.0,4.6,179.0,220.0,81.4,3166.0,1517.0,80.0,86.0,93.0,77.0,98.0,78.6,17.0,29.0,58.6,0,0.0,0.0,0.0,1.0,13.0,0.0,0.0,17.0,13.0,62.5,10.0,3.0,0.0,5.0,8.0,3.0,9.0,3.0,6.0,7.0,20.0,23.0,0.0,Matches,220.0,188.0,32.0,6.0,0.0,2.0,0.0,26.0,0.0,0.0,0.0,0.0,179.0,0.0,1.0,0,0,0.0,5,1.0,0.0,0.0,7.0,8.0,0.0,0.0,0.0,33.0,8.0,4.0,66.7,Italy
"{'name': 'Italy', 'id': '380', 'alpha3code': 'ITA', 'alpha2code': 'IT'}",63,Gaetano,,Letizia,3219,1990-06-29,173,"{'code2': 'DF', 'code3': 'DEF', 'name': 'Defender'}","{'name': 'Italy', 'id': '380', 'alpha3code': 'ITA', 'alpha2code': 'IT'}",24838,right,G. Letizia,null,Gaetano Letizia,Gaetano Letizia,Gaetano Letizia,it ITA,DF,Benevento,27.0,1990.0,23.8,999.0,1298.0,77.0,18067.0,5598.0,477.0,549.0,86.9,362.0,455.0,79.6,135.0,229.0,59.0,0,1.0,0.9,-1.0,21.0,82.0,20.0,10.0,100.0,36.0,38.8,21.0,14.0,1.0,19.0,49.0,30.0,24.0,3.0,21.0,33.0,69.0,47.0,3.0,Matches,1298.0,1083.0,207.0,33.0,2.0,28.0,104.0,172.0,2.0,1.0,0.0,0.0,999.0,8.0,32.0,7,1,1.0,29,34.0,1.0,104.0,33.0,26.0,0.0,1.0,0.0,176.0,20.0,26.0,43.5,Italy
"{'name': 'France', 'id': '250', 'alpha3code': 'FRA', 'alpha2code': 'FR'}",65,Moussa,,Diaby,3197,1999-07-07,170,"{'code2': 'FW', 'code3': 'FWD', 'name': 'Forward'}","{'name': 'France', 'id': '250', 'alpha3code': 'FRA', 'alpha2code': 'FR'}",419204,left,M. Diaby,4423,Moussa Diaby,Moussa Diaby,Moussa Diaby,fr FRA,MF,Crotone,18.0,1999.0,0.8,13.0,20.0,65.0,228.0,42.0,7.0,8.0,87.5,5.0,5.0,100.0,1.0,3.0,33.3,0,0.0,0.0,0.0,0.0,0.0,1.0,1.0,1.0,1.0,25.0,1.0,0.0,0.0,1.0,4.0,3.0,1.0,0.0,1.0,1.0,2.0,0.0,0.0,Matches,20.0,18.0,2.0,0.0,0.0,0.0,4.0,0.0,2.0,1.0,1.0,0.0,13.0,0.0,2.0,0,0,0.0,2,0.0,0.0,4.0,1.0,0.0,0.0,0.0,0.0,3.0,0.0,2.0,0.0,Italy
"{'name': 'Italy', 'id': '380', 'alpha3code': 'ITA', 'alpha2code': 'IT'}",63,Manuel,,Pucciarelli,3165,1991-06-17,174,"{'code2': 'FW', 'code3': 'FWD', 'name': 'Forward'}","{'name': 'Italy', 'id': '380', 'alpha3code': 'ITA', 'alpha2code': 'IT'}",24964,right,M. Pucciarelli,null,Manuel Pucciarelli,Manuel Pucciarelli,Manuel Pucciarelli,it ITA,"FW,MF",Chievo,26.0,1991.0,15.3,303.0,410.0,73.9,3822.0,662.0,189.0,242.0,78.1,70.0,87.0,80.5,13.0,21.0,61.9,0,0.8,0.9,-0.8,16.0,21.0,7.0,1.0,29.0,23.0,38.1,3.0,11.0,9.0,8.0,21.0,13.0,15.0,0.0,15.0,7.0,30.0,4.0,0.0,Matches,410.0,385.0,19.0,0.0,0.0,1.0,13.0,3.0,1.0,0.0,1.0,0.0,303.0,6.0,18.0,3,0,0.0,15,19.0,6.0,13.0,7.0,14.0,0.0,0.0,0.0,47.0,5.0,36.0,12.2,Italy
"{'name': 'Serbia', 'id': '688', 'alpha3code': 'SRB', 'alpha2code': 'RS'}",75,Du\u0161an,,Basta,3162,1984-08-18,185,"{'code2': 'DF', 'code3': 'DEF', 'name': 'Defender'}","{'name': 'Serbia', 'id': '688', 'alpha3code': 'SRB', 'alpha2code': 'RS'}",20575,right,D. Basta,null,Dušan Basta,Dušan Basta,Dušan Basta,rs SRB,DF,Lazio,32.0,1984.0,8.6,298.0,395.0,75.4,4654.0,1618.0,176.0,197.0,89.3,90.0,123.0,73.2,23.0,51.0,45.1,1,0.2,0.6,0.8,6.0,15.0,12.0,8.0,23.0,9.0,42.9,4.0,3.0,2.0,6.0,14.0,8.0,10.0,3.0,7.0,13.0,22.0,15.0,0.0,Matches,395.0,329.0,66.0,6.0,0.0,5.0,29.0,60.0,0.0,0.0,0.0,0.0,298.0,0.0,15.0,0,0,0.0,5,4.0,3.0,29.0,13.0,7.0,0.0,0.0,0.0,49.0,3.0,9.0,25.0,Italy
"{'name': 'France', 'id': '250', 'alpha3code': 'FRA', 'alpha2code': 'FR'}",90,Jean-Claude,,Billong,3219,1993-12-28,192,"{'code2': 'DF', 'code3': 'DEF', 'name': 'Defender'}","{'name': 'France', 'id': '250', 'alpha3code': 'FRA', 'alpha2code': 'FR'}",385655,right,J. Billong,null,Jean-Claude Billong,Jean-Claude Billong,Jean-Claude Billong,cm CMR,DF,Benevento,23.0,1993.0,3.3,142.0,159.0,89.3,2662.0,753.0,51.0,56.0,91.1,73.0,82.0,89.0,15.0,17.0,88.2,0,0.0,0.0,0.0,1.0,3.0,0.0,0.0,6.0,9.0,62.5,5.0,4.0,0.0,5.0,8.0,3.0,4.0,3.0,1.0,6.0,15.0,17.0,0.0,Matches,159.0,138.0,20.0,6.0,0.0,0.0,1.0,14.0,0.0,0.0,0.0,0.0,142.0,1.0,1.0,0,0,0.0,2,1.0,0.0,1.0,6.0,7.0,0.0,0.0,0.0,16.0,2.0,2.0,50.0,Italy
"{'name': 'France', 'id': '250', 'alpha3code': 'FRA', 'alpha2code': 'FR'}",77,Yann,,Karamoh,3161,1998-07-08,185,"{'code2': 'FW', 'code3': 'FWD', 'name': 'Forward'}","{'name': ""C\\u00f4te d'Ivoire"", 'id': '384', 'alpha3code': 'CIV', 'alpha2code': 'CI'}",352993,right,Y. Karamoh,null,Yann Karamoh,Yann Karamoh,Yann Karamoh,fr FRA,"FW,MF",Inter,19.0,1998.0,5.4,194.0,251.0,77.3,2772.0,537.0,113.0,132.0,85.6,59.0,76.0,77.6,11.0,23.0,47.8,0,0.1,0.6,-0.1,2.0,17.0,8.0,1.0,21.0,3.0,0.0,1.0,1.0,1.0,0.0,3.0,3.0,4.0,0.0,4.0,4.0,7.0,1.0,1.0,Matches,251.0,236.0,15.0,1.0,1.0,1.0,31.0,11.0,3.0,0.0,0.0,0.0,194.0,0.0,8.0,0,0,0.0,4,15.0,2.0,31.0,4.0,1.0,0.0,0.0,0.0,20.0,3.0,8.0,27.3,Italy
"{'name': 'France', 'id': '250', 'alpha3code': 'FRA', 'alpha2code': 'FR'}",76,Maxime,,Gonalons,3158,1989-03-10,187,"{'code2': 'MD', 'code3': 'MID', 'name': 'Midfielder'}","{'name': 'France', 'id': '250', 'alpha3code': 'FRA', 'alpha2code': 'FR'}",25405,right,M. Gonalons,null,Maxime Gonalons,Maxime Gonalons,Maxime Gonalons,fr FRA,MF,Roma,28.0,1989.0,12.2,690.0,796.0,86.7,12611.0,4290.0,303.0,335.0,90.4,269.0,307.0,87.6,95.0,114.0,83.3,1,1.2,0.8,-0.2,15.0,100.0,7.0,0.0,112.0,26.0,39.1,7.0,12.0,7.0,9.0,23.0,14.0,15.0,4.0,11.0,23.0,49.0,19.0,1.0,Matches,796.0,777.0,18.0,17.0,2.0,14.0,4.0,1.0,0.0,0.0,0.0,0.0,690.0,1.0,7.0,2,0,0.0,17,20.0,0.0,4.0,23.0,18.0,0.0,0.0,0.0,84.0,47.0,20.0,70.1,Italy
"{'name': 'Italy', 'id': '380', 'alpha3code': 'ITA', 'alpha2code': 'IT'}",80,Salvatore,,Sirigu,3185,1987-01-12,192,"{'code2': 'GK', 'code3': 'GKP', 'name': 'Goalkeeper'}","{'name': 'Italy', 'id': '380', 'alpha3code': 'ITA', 'alpha2code': 'IT'}",25421,right,S. Sirigu,3757,Salvatore Sirigu,Salvatore Sirigu,Salvatore Sirigu,it ITA,GK,Torino,30.0,1987.0,37.0,926.0,1310.0,70.7,28738.0,20558.0,78.0,78.0,100.0,441.0,453.0,97.4,404.0,770.0,52.5,0,0.0,0.0,0.0,0.0,7.0,0.0,0.0,0.0,0.0,,0.0,0.0,0.0,0.0,0.0,0.0,0.0,0.0,0.0,1.0,1.0,35.0,3.0,Matches,1310.0,867.0,439.0,120.0,0.0,3.0,0.0,0.0,0.0,0.0,0.0,0.0,926.0,4.0,2.0,2,0,0.0,0,5.0,0.0,0.0,1.0,0.0,0.0,0.0,0.0,51.0,13.0,1.0,92.9,Italy
"{'name': 'Angola', 'id': '24', 'alpha3code': 'AGO', 'alpha2code': 'AO'}",70,Blaise,,Matuidi,3159,1987-04-09,175,"{'code2': 'MD', 'code3': 'MID', 'name': 'Midfielder'}","{'name': 'France', 'id': '250', 'alpha3code': 'FRA', 'alpha2code': 'FR'}",25437,left,B. Matuidi,4418,Blaise Matuidi,Blaise Matuidi,Blaise Matuidi,fr FRA,MF,Juventus,30.0,1987.0,26.2,1247.0,1387.0,89.9,19550.0,4859.0,622.0,658.0,94.5,487.0,538.0,90.5,81.0,97.0,83.5,1,0.9,0.9,0.1,17.0,123.0,11.0,2.0,141.0,49.0,28.6,14.0,25.0,10.0,10.0,35.0,25.0,28.0,4.0,24.0,32.0,81.0,22.0,1.0,Matches,1387.0,1357.0,24.0,18.0,1.0,6.0,23.0,6.0,0.0,0.0,0.0,0.0,1247.0,6.0,20.0,3,0,0.0,48,24.0,4.0,23.0,32.0,35.0,0.0,0.0,0.0,106.0,33.0,40.0,45.2,Italy
"{'name': 'France', 'id': '250', 'alpha3code': 'FRA', 'alpha2code': 'FR'}",66,Jordan,,Veretout,3176,1993-03-01,178,"{'code2': 'MD', 'code3': 'MID', 'name': 'Midfielder'}","{'name': 'France', 'id': '250', 'alpha3code': 'FRA', 'alpha2code': 'FR'}",25541,right,J. Veretout,null,Jordan Veretout,Jordan Veretout,Jordan Veretout,fr FRA,MF,Fiorentina,24.0,1993.0,35.7,1766.0,2184.0,80.9,33065.0,11744.0,700.0,789.0,88.7,820.0,942.0,87.0,207.0,352.0,58.8,1,4.1,3.9,-3.1,52.0,242.0,29.0,6.0,288.0,65.0,29.0,34.0,23.0,8.0,20.0,69.0,49.0,39.0,4.0,35.0,37.0,102.0,59.0,0.0,Matches,2184.0,2021.0,152.0,53.0,5.0,17.0,121.0,18.0,72.0,14.0,54.0,1.0,1766.0,11.0,25.0,10,1,0.0,42,29.0,0.0,121.0,37.0,45.0,0.0,0.0,0.0,244.0,34.0,42.0,44.7,Italy
"{'name': 'Finland', 'id': '246', 'alpha3code': 'FIN', 'alpha2code': 'FI'}",76,Perparim,,Hetemaj,3165,1986-12-12,175,"{'code2': 'MD', 'code3': 'MID', 'name': 'Midfielder'}","{'name': 'Kosovo', 'id': '0', 'alpha3code': 'XKS', 'alpha2code': ''}",20653,right,P. Hetemaj,4849,Perparim Hetemaj,Përparim Hetemaj,Përparim Hetemaj,fi FIN,MF,Chievo,30.0,1986.0,26.8,921.0,1169.0,78.8,14294.0,3971.0,523.0,581.0,90.0,294.0,367.0,80.1,68.0,136.0,50.0,2,1.1,2.0,0.9,24.0,74.0,29.0,19.0,100.0,74.0,37.2,34.0,25.0,15.0,29.0,78.0,49.0,39.0,6.0,33.0,39.0,113.0,47.0,1.0,Matches,1169.0,1144.0,23.0,8.0,3.0,5.0,82.0,11.0,0.0,0.0,0.0,0.0,921.0,2.0,34.0,9,0,0.0,63,86.0,0.0,82.0,39.0,48.0,1.0,1.0,1.0,197.0,18.0,33.0,35.3,Italy
"{'name': 'Italy', 'id': '380', 'alpha3code': 'ITA', 'alpha2code': 'IT'}",76,Sergio,,Pellissier,3165,1979-04-12,175,"{'code2': 'FW', 'code3': 'FWD', 'name': 'Forward'}","{'name': 'Italy', 'id': '380', 'alpha3code': 'ITA', 'alpha2code': 'IT'}",20662,right,S. Pellissier,null,Sergio Pellissier,Sergio Pellissier,Sergio Pellissier,it ITA,FW,Chievo,38.0,1979.0,6.2,77.0,112.0,68.8,945.0,92.0,50.0,67.0,74.6,21.0,33.0,63.6,1.0,3.0,33.3,0,0.6,0.6,-0.6,8.0,1.0,0.0,0.0,2.0,6.0,33.3,1.0,3.0,2.0,1.0,3.0,2.0,3.0,0.0,3.0,1.0,7.0,2.0,0.0,Matches,112.0,111.0,1.0,0.0,0.0,0.0,3.0,0.0,0.0,0.0,0.0,0.0,77.0,0.0,1.0,1,0,0.0,6,11.0,8.0,3.0,1.0,2.0,0.0,0.0,0.0,13.0,19.0,25.0,43.2,Italy
"{'name': 'Senegal', 'id': '686', 'alpha3code': 'SEN', 'alpha2code': 'SN'}",89,Kalidou,,Koulibaly,3187,1991-06-20,195,"{'code2': 'DF', 'code3': 'DEF', 'name': 'Defender'}","{'name': 'France', 'id': '250', 'alpha3code': 'FRA', 'alpha2code': 'FR'}",25726,right,K. Koulibaly,19314,Kalidou Koulibaly,Kalidou Koulibaly,Kalidou Koulibaly,sn SEN,DF,Napoli,26.0,1991.0,34.1,2730.0,2994.0,91.2,45681.0,19846.0,1308.0,1366.0,95.8,1178.0,1254.0,93.9,188.0,286.0,65.7,1,0.3,0.4,0.7,8.0,156.0,1.0,0.0,197.0,54.0,50.0,31.0,19.0,4.0,20.0,40.0,20.0,36.0,16.0,20.0,40.0,94.0,119.0,3.0,Matches,2994.0,2943.0,50.0,40.0,1.0,22.0,2.0,10.0,0.0,0.0,0.0,0.0,2730.0,1.0,18.0,5,1,0.0,30,9.0,1.0,2.0,40.0,42.0,0.0,0.0,0.0,285.0,63.0,45.0,58.3,Italy
"{'name': 'Algeria', 'id': '12', 'alpha3code': 'DZA', 'alpha2code': 'DZ'}",80,Faouzi,,Ghoulam,3187,1991-02-01,188,"{'code2': 'DF', 'code3': 'DEF', 'name': 'Defender'}","{'name': 'France', 'id': '250', 'alpha3code': 'FRA', 'alpha2code': 'FR'}",25849,left,F. Ghoulam,16009,Faouzi Ghoulam,Faouzi Ghoulam,Faouzi Ghoulam,dz ALG,DF,Napoli,26.0,1991.0,10.9,838.0,984.0,85.2,11589.0,4591.0,542.0,580.0,93.4,209.0,256.0,81.6,42.0,81.0,51.9,2,2.0,1.9,0.0,27.0,71.0,17.0,7.0,99.0,8.0,66.7,3.0,5.0,0.0,4.0,6.0,2.0,10.0,2.0,8.0,15.0,23.0,19.0,0.0,Matches,984.0,848.0,135.0,13.0,3.0,3.0,64.0,90.0,32.0,16.0,8.0,0.0,838.0,1.0,19.0,1,0,0.0,10,7.0,2.0,64.0,15.0,4.0,0.0,0.0,0.0,62.0,22.0,11.0,66.7,Italy
"{'name': 'France', 'id': '250', 'alpha3code': 'FRA', 'alpha2code': 'FR'}",78,Thomas,,Heurtaux,3194,1988-07-03,183,"{'code2': 'DF', 'code3': 'DEF', 'name': 'Defender'}","{'name': 'France', 'id': '250', 'alpha3code': 'FRA', 'alpha2code': 'FR'}",25878,right,T. Heurtaux,null,Thomas Heurtaux,Thomas Heurtaux,Thomas Heurtaux,fr FRA,DF,Hellas Verona,29.0,1988.0,15.5,429.0,531.0,80.8,9105.0,3294.0,133.0,152.0,87.5,218.0,238.0,91.6,73.0,127.0,57.5,0,0.0,0.1,0.0,1.0,21.0,2.0,0.0,22.0,14.0,50.0,12.0,2.0,0.0,4.0,8.0,4.0,25.0,16.0,9.0,37.0,51.0,97.0,1.0,Matches,531.0,510.0,18.0,15.0,0.0,12.0,0.0,3.0,0.0,0.0,0.0,0.0,429.0,3.0,6.0,4,1,1.0,13,5.0,0.0,0.0,37.0,11.0,0.0,0.0,0.0,50.0,18.0,15.0,54.5,Italy
"{'name': 'Mali', 'id': '466', 'alpha3code': 'MLI', 'alpha2code': 'ML'}",81,Bryan,,Dabo,3176,1992-02-18,186,"{'code2': 'MD', 'code3': 'MID', 'name': 'Midfielder'}","{'name': 'France', 'id': '250', 'alpha3code': 'FRA', 'alpha2code': 'FR'}",26000,right,B. Dabo,null,Bryan Dabo,Bryan Dabo,Bryan Dabo,bf BFA,MF,Fiorentina,25.0,1992.0,6.6,253.0,331.0,76.4,3738.0,1000.0,140.0,162.0,86.4,90.0,119.0,75.6,13.0,28.0,46.4,0,0.1,0.2,-0.1,4.0,18.0,2.0,0.0,31.0,17.0,40.0,6.0,10.0,1.0,6.0,15.0,9.0,13.0,1.0,12.0,15.0,32.0,24.0,1.0,Matches,331.0,314.0,16.0,9.0,1.0,1.0,4.0,6.0,0.0,0.0,0.0,0.0,253.0,1.0,8.0,3,1,1.0,12,8.0,0.0,4.0,15.0,11.0,0.0,0.0,0.0,58.0,14.0,5.0,73.7,Italy
"{'name': 'Italy', 'id': '380', 'alpha3code': 'ITA', 'alpha2code': 'IT'}",73,Cristiano,,Lombardi,3219,1995-08-19,179,"{'code2': 'FW', 'code3': 'FWD', 'name': 'Forward'}","{'name': 'Italy', 'id': '380', 'alpha3code': 'ITA', 'alpha2code': 'IT'}",255670,right,C. Lombardi,null,Cristiano Lombardi,Cristiano Lombardi,Cristiano Lombardi,it ITA,"MF,DF",Benevento,21.0,1995.0,12.4,258.0,364.0,70.9,4057.0,1003.0,137.0,164.0,83.5,77.0,104.0,74.0,26.0,45.0,57.8,2,1.7,1.1,0.3,16.0,11.0,11.0,9.0,15.0,25.0,22.2,16.0,7.0,2.0,6.0,27.0,21.0,12.0,2.0,10.0,13.0,38.0,22.0,0.0,Matches,364.0,320.0,43.0,4.0,0.0,4.0,37.0,39.0,0.0,0.0,0.0,0.0,258.0,1.0,30.0,3,0,0.0,14,18.0,6.0,37.0,13.0,19.0,1.0,0.0,0.0,46.0,10.0,18.0,35.7,Italy
"{'name': 'Italy', 'id': '380', 'alpha3code': 'ITA', 'alpha2code': 'IT'}",75,Leonardo,,Spinazzola,3172,1993-03-25,186,"{'code2': 'MD', 'code3': 'MID', 'name': 'Midfielder'}","{'name': 'Italy', 'id': '380', 'alpha3code': 'ITA', 'alpha2code': 'IT'}",190167,right,L. Spinazzola,null,Leonardo Spinazzola,Leonardo Spinazzola,Leonardo Spinazzola,it ITA,DF,Atalanta,24.0,1993.0,16.7,741.0,980.0,75.6,12099.0,3892.0,382.0,431.0,88.6,242.0,303.0,79.9,75.0,153.0,49.0,3,1.8,2.0,1.2,15.0,47.0,33.0,15.0,78.0,14.0,46.7,9.0,4.0,1.0,7.0,15.0,8.0,25.0,6.0,19.0,18.0,32.0,44.0,1.0,Matches,980.0,857.0,122.0,14.0,1.0,10.0,65.0,108.0,0.0,0.0,0.0,0.0,741.0,1.0,38.0,1,0,0.0,10,9.0,0.0,65.0,18.0,5.0,0.0,1.0,0.0,114.0,9.0,9.0,50.0,Italy
"{'name': 'Italy', 'id': '380', 'alpha3code': 'ITA', 'alpha2code': 'IT'}",86,Antonio,,Santurro,3166,1992-02-29,192,"{'code2': 'GK', 'code3': 'GKP', 'name': 'Goalkeeper'}","{'name': 'Italy', 'id': '380', 'alpha3code': 'ITA', 'alpha2code': 'IT'}",190168,right,A. Santurro,null,Antonio Santurro,Antonio Santurro,Antonio Santurro,do DOM,GK,Bologna,25.0,1992.0,1.0,24.0,47.0,51.1,1076.0,1014.0,1.0,1.0,100.0,5.0,5.0,100.0,18.0,40.0,45.0,0,0.0,0.0,0.0,0.0,0.0,0.0,0.0,0.0,0.0,,0.0,0.0,0.0,0.0,0.0,0.0,0.0,0.0,0.0,0.0,0.0,1.0,0.0,Matches,47.0,26.0,20.0,5.0,0.0,0.0,0.0,0.0,0.0,0.0,0.0,0.0,24.0,1.0,0.0,1,0,0.0,0,0.0,0.0,0.0,0.0,0.0,0.0,0.0,0.0,3.0,1.0,1.0,50.0,Italy
"{'name': 'Italy', 'id': '380', 'alpha3code': 'ITA', 'alpha2code': 'IT'}",82,Luca,,Rossettini,3193,1985-05-09,187,"{'code2': 'DF', 'code3': 'DEF', 'name': 'Defender'}","{'name': 'Italy', 'id': '380', 'alpha3code': 'ITA', 'alpha2code': 'IT'}",20776,right,L. Rossettini,null,Luca Rossettini,Luca Rossettini,Luca Rossettini,it ITA,DF,Genoa,32.0,1985.0,22.5,849.0,1023.0,83.0,17733.0,6645.0,204.0,229.0,89.1,527.0,579.0,91.0,109.0,192.0,56.8,0,0.1,0.1,-0.1,3.0,53.0,0.0,0.0,52.0,16.0,35.3,12.0,3.0,1.0,6.0,17.0,11.0,31.0,21.0,10.0,29.0,45.0,151.0,1.0,Matches,1023.0,989.0,29.0,21.0,0.0,5.0,4.0,8.0,0.0,0.0,0.0,0.0,849.0,5.0,8.0,7,0,0.0,23,8.0,0.0,4.0,29.0,8.0,0.0,0.0,0.0,92.0,50.0,43.0,53.8,Italy
"{'name': 'France', 'id': '250', 'alpha3code': 'FRA', 'alpha2code': 'FR'}",70,Samuel,,Souprayen,3194,1989-02-02,187,"{'code2': 'DF', 'code3': 'DEF', 'name': 'Defender'}","{'name': 'Reunion', 'id': '638', 'alpha3code': 'REU', 'alpha2code': 'RE'}",26373,left,S. Souprayen,null,Samuel Souprayen,Samuel Souprayen,Samuel Souprayen,fr FRA,DF,Hellas Verona,28.0,1989.0,17.6,693.0,850.0,81.5,10952.0,4095.0,361.0,389.0,92.8,252.0,305.0,82.6,56.0,118.0,47.5,0,0.4,0.5,-0.4,7.0,42.0,8.0,3.0,59.0,29.0,63.2,25.0,3.0,1.0,12.0,19.0,7.0,18.0,9.0,9.0,22.0,51.0,67.0,1.0,Matches,850.0,710.0,137.0,20.0,1.0,4.0,13.0,117.0,0.0,0.0,0.0,0.0,693.0,3.0,12.0,3,1,1.0,19,14.0,0.0,13.0,22.0,19.0,0.0,1.0,1.0,95.0,22.0,22.0,50.0,Italy
"{'name': 'Croatia', 'id': '191', 'alpha3code': 'HRV', 'alpha2code': 'HR'}",68,Marcelo,,Brozovi\u0107,3161,1992-11-16,181,"{'code2': 'MD', 'code3': 'MID', 'name': 'Midfielder'}","{'name': 'Croatia', 'id': '191', 'alpha3code': 'HRV', 'alpha2code': 'HR'}",69968,right,M. Brozovi\u0107,9598,Marcelo Brozović,Marcelo Brozović,Marcelo Brozović,hr CRO,MF,Inter,24.0,1992.0,21.4,1510.0,1792.0,84.3,27124.0,8738.0,695.0,758.0,91.7,562.0,657.0,85.5,202.0,279.0,72.4,8,4.9,5.2,3.1,59.0,197.0,48.0,5.0,239.0,60.0,30.2,21.0,31.0,8.0,19.0,63.0,44.0,30.0,7.0,23.0,18.0,78.0,18.0,0.0,Matches,1792.0,1668.0,112.0,21.0,9.0,18.0,99.0,17.0,74.0,41.0,14.0,2.0,1510.0,12.0,20.0,9,0,0.0,33,14.0,0.0,99.0,18.0,43.0,0.0,0.0,0.0,131.0,21.0,39.0,35.0,Italy
"{'name': 'Italy', 'id': '380', 'alpha3code': 'ITA', 'alpha2code': 'IT'}",82,Federico,,Peluso,3315,1984-01-20,188,"{'code2': 'DF', 'code3': 'DEF', 'name': 'Defender'}","{'name': 'Italy', 'id': '380', 'alpha3code': 'ITA', 'alpha2code': 'IT'}",20842,left,F. Peluso,null,Federico Peluso,Federico Peluso,Federico Peluso,it ITA,DF,Sassuolo,33.0,1984.0,28.8,823.0,1170.0,70.3,16767.0,8739.0,268.0,326.0,82.2,450.0,556.0,80.9,102.0,255.0,40.0,1,0.9,0.8,0.1,12.0,93.0,15.0,11.0,112.0,46.0,53.8,29.0,13.0,4.0,14.0,26.0,12.0,39.0,13.0,26.0,40.0,86.0,132.0,1.0,Matches,1170.0,922.0,241.0,28.0,2.0,5.0,56.0,212.0,0.0,0.0,0.0,0.0,823.0,7.0,28.0,10,0,0.0,33,18.0,1.0,56.0,40.0,34.0,0.0,1.0,0.0,95.0,53.0,26.0,67.1,Italy
"{'name': 'Italy', 'id': '380', 'alpha3code': 'ITA', 'alpha2code': 'IT'}",72,Luca,,Cigarini,3173,1986-06-20,175,"{'code2': 'MD', 'code3': 'MID', 'name': 'Midfielder'}","{'name': 'Italy', 'id': '380', 'alpha3code': 'ITA', 'alpha2code': 'IT'}",20850,right,L. Cigarini,null,Luca Cigarini,Luca Cigarini,Luca Cigarini,it ITA,MF,Cagliari,31.0,1986.0,22.5,1239.0,1620.0,76.5,23711.0,8640.0,474.0,533.0,88.9,555.0,687.0,80.8,177.0,341.0,51.9,3,4.5,4.5,-1.5,40.0,151.0,25.0,2.0,182.0,42.0,28.1,16.0,25.0,1.0,18.0,64.0,46.0,32.0,5.0,27.0,42.0,84.0,27.0,1.0,Matches,1620.0,1369.0,244.0,108.0,5.0,20.0,116.0,6.0,85.0,45.0,34.0,0.0,1239.0,7.0,15.0,14,1,1.0,47,27.0,1.0,116.0,42.0,30.0,0.0,0.0,0.0,175.0,18.0,19.0,48.6,Italy
"{'name': 'Czech Republic', 'id': '203', 'alpha3code': 'CZE', 'alpha2code': 'CZ'}",73,Jakub,,Jankto,3163,1996-01-19,184,"{'code2': 'MD', 'code3': 'MID', 'name': 'Midfielder'}","{'name': 'Czech Republic', 'id': '203', 'alpha3code': 'CZE', 'alpha2code': 'CZ'}",354547,left,J. Jankto,11555,Jakub Jankto,Jakub Jankto,Jakub Jankto,cz CZE,"MF,FW",Udinese,21.0,1996.0,29.5,827.0,1162.0,71.2,14390.0,4330.0,376.0,453.0,83.0,354.0,462.0,76.6,79.0,193.0,40.9,4,5.9,4.8,-1.9,60.0,80.0,43.0,12.0,140.0,29.0,21.7,9.0,14.0,6.0,10.0,46.0,36.0,46.0,8.0,38.0,20.0,49.0,27.0,0.0,Matches,1162.0,1065.0,95.0,18.0,5.0,8.0,116.0,20.0,48.0,19.0,22.0,0.0,827.0,2.0,28.0,5,0,0.0,37,31.0,9.0,116.0,20.0,18.0,1.0,0.0,0.0,153.0,15.0,29.0,34.1,Italy
"{'name': 'Italy', 'id': '380', 'alpha3code': 'ITA', 'alpha2code': 'IT'}",65,Simone,,Edera,3185,1997-01-09,174,"{'code2': 'FW', 'code3': 'FWD', 'name': 'Forward'}","{'name': 'Italy', 'id': '380', 'alpha3code': 'ITA', 'alpha2code': 'IT'}",354552,left,S. Edera,3764,Simone Edera,Simone Edera,Simone Edera,it ITA,"FW,MF",Torino,20.0,1997.0,3.6,87.0,116.0,75.0,1047.0,222.0,55.0,61.0,90.2,21.0,30.0,70.0,2.0,6.0,33.3,1,0.2,0.1,0.8,3.0,2.0,3.0,0.0,12.0,6.0,30.0,2.0,4.0,0.0,3.0,10.0,7.0,0.0,0.0,0.0,2.0,8.0,1.0,0.0,Matches,116.0,101.0,14.0,2.0,0.0,0.0,4.0,3.0,4.0,2.0,1.0,0.0,87.0,1.0,5.0,0,0,0.0,13,6.0,1.0,4.0,2.0,2.0,0.0,0.0,0.0,20.0,2.0,8.0,20.0,Italy
"{'name': 'Netherlands', 'id': '528', 'alpha3code': 'NLD', 'alpha2code': 'NL'}",80,Rick,,Karsdorp,3158,1995-02-11,182,"{'code2': 'DF', 'code3': 'DEF', 'name': 'Defender'}","{'name': 'Netherlands', 'id': '528', 'alpha3code': 'NLD', 'alpha2code': 'NL'}",289122,right,R. Karsdorp,null,Rick Karsdorp,Rick Karsdorp,Rick Karsdorp,nl NED,DF,Roma,22.0,1995.0,0.9,48.0,63.0,76.2,791.0,139.0,24.0,27.0,88.9,18.0,23.0,78.3,4.0,8.0,50.0,0,0.0,0.0,0.0,0.0,3.0,1.0,0.0,4.0,1.0,,1.0,0.0,0.0,0.0,0.0,0.0,0.0,0.0,0.0,1.0,2.0,0.0,0.0,Matches,63.0,51.0,11.0,1.0,0.0,0.0,2.0,10.0,0.0,0.0,0.0,0.0,48.0,1.0,2.0,0,0,0.0,0,1.0,0.0,2.0,1.0,1.0,0.0,0.0,0.0,3.0,0.0,1.0,0.0,Italy
"{'name': 'Italy', 'id': '380', 'alpha3code': 'ITA', 'alpha2code': 'IT'}",70,Danilo,,Cataldi,3219,1994-08-06,180,"{'code2': 'MD', 'code3': 'MID', 'name': 'Midfielder'}","{'name': 'Italy', 'id': '380', 'alpha3code': 'ITA', 'alpha2code': 'IT'}",256478,right,D. Cataldi,null,Danilo Cataldi,Danilo Cataldi,Danilo Cataldi,it ITA,MF,Benevento,22.0,1994.0,25.4,1124.0,1369.0,82.1,19121.0,5343.0,537.0,600.0,89.5,412.0,475.0,86.7,128.0,209.0,61.2,4,2.3,2.1,1.7,37.0,98.0,18.0,6.0,135.0,33.0,17.9,12.0,19.0,2.0,5.0,28.0,23.0,18.0,5.0,13.0,37.0,70.0,20.0,1.0,Matches,1369.0,1272.0,92.0,46.0,5.0,19.0,62.0,12.0,33.0,11.0,14.0,0.0,1124.0,5.0,19.0,11,1,1.0,35,28.0,0.0,62.0,37.0,25.0,0.0,0.0,0.0,180.0,2.0,10.0,16.7,Italy
"{'name': 'Greece', 'id': '300', 'alpha3code': 'GRC', 'alpha2code': 'GR'}",78,Charalampos,,Lykogiannis,3173,1993-10-22,186,"{'code2': 'DF', 'code3': 'DEF', 'name': 'Defender'}","{'name': 'Greece', 'id': '300', 'alpha3code': 'GRC', 'alpha2code': 'GR'}",92900,left,C. Lykogiannis,null,Charalampos Lykogiannis,Charalampos Lykogiannis,Charalampos Lykogiannis,gr GRE,DF,Cagliari,23.0,1993.0,7.6,170.0,296.0,57.4,3138.0,1564.0,67.0,98.0,68.4,81.0,138.0,58.7,19.0,45.0,42.2,1,0.8,0.6,0.2,3.0,12.0,6.0,3.0,14.0,16.0,61.1,9.0,5.0,2.0,11.0,18.0,7.0,12.0,3.0,9.0,15.0,31.0,28.0,0.0,Matches,296.0,203.0,93.0,6.0,0.0,2.0,28.0,82.0,5.0,2.0,2.0,0.0,170.0,0.0,16.0,2,0,0.0,13,13.0,0.0,28.0,15.0,12.0,0.0,0.0,0.0,28.0,16.0,8.0,66.7,Italy
"{'name': 'Greece', 'id': '300', 'alpha3code': 'GRC', 'alpha2code': 'GR'}",82,Vassilis,,Torosidis,3166,1985-06-10,186,"{'code2': 'DF', 'code3': 'DEF', 'name': 'Defender'}","{'name': 'Greece', 'id': '300', 'alpha3code': 'GRC', 'alpha2code': 'GR'}",92908,right,V. Torosidis,12678,Vassilis Torosidis,Vasilis Torosidis,Vasilis Torosidis,gr GRE,DF,Bologna,32.0,1985.0,9.1,308.0,419.0,73.5,5125.0,2038.0,146.0,168.0,86.9,128.0,163.0,78.5,24.0,60.0,40.0,0,0.2,0.2,-0.2,4.0,21.0,7.0,4.0,31.0,8.0,44.4,5.0,2.0,1.0,4.0,9.0,5.0,8.0,3.0,5.0,15.0,23.0,42.0,0.0,Matches,419.0,330.0,85.0,8.0,0.0,5.0,25.0,77.0,0.0,0.0,0.0,0.0,308.0,4.0,12.0,4,1,1.0,11,16.0,2.0,25.0,15.0,7.0,0.0,0.0,0.0,28.0,13.0,7.0,65.0,Italy
"{'name': 'Italy', 'id': '380', 'alpha3code': 'ITA', 'alpha2code': 'IT'}",70,Davide,,Calabria,3157,1996-12-06,176,"{'code2': 'DF', 'code3': 'DEF', 'name': 'Defender'}","{'name': 'Italy', 'id': '380', 'alpha3code': 'ITA', 'alpha2code': 'IT'}",257028,right,D. Calabria,3763,Davide Calabria,Davide Calabria,Davide Calabria,it ITA,DF,Milan,20.0,1996.0,17.4,910.0,1165.0,78.1,16092.0,6048.0,399.0,440.0,90.7,417.0,504.0,82.7,86.0,175.0,49.1,2,2.3,1.6,-0.3,17.0,78.0,19.0,10.0,100.0,64.0,51.2,33.0,24.0,7.0,21.0,41.0,20.0,19.0,4.0,15.0,33.0,97.0,82.0,1.0,Matches,1165.0,943.0,221.0,26.0,0.0,6.0,81.0,195.0,0.0,0.0,0.0,0.0,910.0,1.0,35.0,2,1,1.0,26,13.0,2.0,81.0,33.0,50.0,0.0,0.0,0.0,102.0,17.0,14.0,54.8,Italy
"{'name': 'Italy', 'id': '380', 'alpha3code': 'ITA', 'alpha2code': 'IT'}",85,Kevin,,Bonifazi,3185,1996-05-19,187,"{'code2': 'DF', 'code3': 'DEF', 'name': 'Defender'}","{'name': 'Italy', 'id': '380', 'alpha3code': 'ITA', 'alpha2code': 'IT'}",289827,right,K. Bonifazi,null,Kevin Bonifazi,Kevin Bonifazi,Kevin Bonifazi,it ITA,"DF,MF",Torino,21.0,1996.0,4.5,168.0,190.0,88.4,3203.0,834.0,64.0,72.0,88.9,79.0,86.0,91.9,21.0,27.0,77.8,0,0.0,0.0,0.0,0.0,5.0,1.0,0.0,10.0,11.0,66.7,6.0,5.0,0.0,4.0,6.0,2.0,7.0,5.0,2.0,13.0,24.0,15.0,0.0,Matches,190.0,172.0,17.0,9.0,0.0,4.0,1.0,8.0,0.0,0.0,0.0,0.0,168.0,1.0,0.0,0,0,0.0,4,4.0,0.0,1.0,13.0,7.0,0.0,0.0,0.0,25.0,6.0,5.0,54.5,Italy
"{'name': 'Italy', 'id': '380', 'alpha3code': 'ITA', 'alpha2code': 'IT'}",81,Giuseppe,,Pezzella,3163,1997-11-29,185,"{'code2': 'DF', 'code3': 'DEF', 'name': 'Defender'}","{'name': 'Italy', 'id': '380', 'alpha3code': 'ITA', 'alpha2code': 'IT'}",388398,left,G. Pezzella,3763,Giuseppe Pezzella,Giuseppe Pezzella,Giuseppe Pezzella,it ITA,"DF,FW",Udinese,19.0,1997.0,10.0,329.0,475.0,69.3,5259.0,2266.0,167.0,192.0,87.0,136.0,193.0,70.5,19.0,55.0,34.5,0,0.9,0.9,-0.9,10.0,19.0,13.0,8.0,33.0,19.0,36.8,10.0,4.0,5.0,7.0,19.0,12.0,8.0,1.0,7.0,6.0,25.0,32.0,0.0,Matches,475.0,360.0,112.0,4.0,0.0,1.0,44.0,108.0,0.0,0.0,0.0,0.0,329.0,3.0,23.0,3,1,0.0,14,9.0,1.0,44.0,6.0,11.0,0.0,2.0,0.0,40.0,7.0,10.0,41.2,Italy
"{'name': 'Italy', 'id': '380', 'alpha3code': 'ITA', 'alpha2code': 'IT'}",80,Mattia,,Caldara,3172,1994-05-05,187,"{'code2': 'DF', 'code3': 'DEF', 'name': 'Defender'}","{'name': 'Italy', 'id': '380', 'alpha3code': 'ITA', 'alpha2code': 'IT'}",288663,right,M. Caldara,3757,Mattia Caldara,Mattia Caldara,Mattia Caldara,it ITA,DF,Atalanta,23.0,1994.0,24.0,862.0,1026.0,84.0,18741.0,5326.0,210.0,260.0,80.8,478.0,534.0,89.5,160.0,200.0,80.0,1,0.1,0.2,0.9,2.0,25.0,1.0,0.0,42.0,39.0,39.4,15.0,24.0,0.0,13.0,33.0,20.0,31.0,18.0,13.0,41.0,80.0,113.0,1.0,Matches,1026.0,964.0,61.0,58.0,0.0,13.0,0.0,3.0,0.0,0.0,0.0,0.0,862.0,1.0,7.0,5,0,0.0,38,31.0,3.0,0.0,41.0,26.0,2.0,0.0,0.0,201.0,45.0,31.0,59.2,Italy
"{'name': 'Italy', 'id': '380', 'alpha3code': 'ITA', 'alpha2code': 'IT'}",72,Enrico,,Brignola,3219,1999-07-08,180,"{'code2': 'FW', 'code3': 'FWD', 'name': 'Forward'}","{'name': 'Italy', 'id': '380', 'alpha3code': 'ITA', 'alpha2code': 'IT'}",454457,left,E. Brignola,3761,Enrico Brignola,Enrico Brignola,Enrico Brignola,it ITA,"MF,FW",Benevento,18.0,1999.0,15.0,383.0,480.0,79.8,5665.0,1225.0,206.0,235.0,87.7,137.0,162.0,84.6,21.0,35.0,60.0,2,1.3,1.0,0.7,19.0,19.0,9.0,1.0,42.0,28.0,31.6,17.0,10.0,1.0,12.0,38.0,26.0,13.0,0.0,13.0,6.0,34.0,7.0,0.0,Matches,480.0,471.0,8.0,0.0,2.0,1.0,16.0,5.0,2.0,1.0,0.0,0.0,383.0,1.0,23.0,5,0,0.0,36,13.0,7.0,16.0,6.0,21.0,0.0,0.0,0.0,49.0,5.0,14.0,26.3,Italy
"{'name': 'Serbia', 'id': '688', 'alpha3code': 'SRB', 'alpha2code': 'RS'}",82,Nikola,,Maksimovi\u0107,13888,1991-11-25,193,"{'code2': 'DF', 'code3': 'DEF', 'name': 'Defender'}","{'name': 'Serbia', 'id': '688', 'alpha3code': 'SRB', 'alpha2code': 'RS'}",127524,right,N. Maksimovi\u0107,null,Nikola Maksimović,Nikola Maksimović,Nikola Maksimović,rs SRB,DF,Napoli,25.0,1991.0,1.1,57.0,59.0,96.6,1136.0,333.0,17.0,17.0,100.0,28.0,28.0,100.0,9.0,10.0,90.0,0,0.0,0.0,0.0,0.0,7.0,0.0,0.0,4.0,1.0,100.0,0.0,1.0,0.0,1.0,1.0,0.0,1.0,0.0,1.0,0.0,1.0,5.0,0.0,Matches,59.0,57.0,2.0,2.0,0.0,2.0,0.0,0.0,0.0,0.0,0.0,0.0,57.0,0.0,1.0,0,0,0.0,1,0.0,0.0,0.0,0.0,1.0,0.0,0.0,0.0,6.0,2.0,0.0,100.0,Italy
"{'name': 'Serbia', 'id': '688', 'alpha3code': 'SRB', 'alpha2code': 'RS'}",74,Darko,,Lazovi\u0107,3193,1990-09-15,181,"{'code2': 'MD', 'code3': 'MID', 'name': 'Midfielder'}","{'name': 'Serbia', 'id': '688', 'alpha3code': 'SRB', 'alpha2code': 'RS'}",127534,right,D. Lazovi\u0107,null,Darko Lazović,Darko Lazović,Darko Lazović,rs SRB,"DF,MF",Genoa,26.0,1990.0,13.8,475.0,678.0,70.1,7901.0,2547.0,242.0,297.0,81.5,185.0,250.0,74.0,39.0,98.0,39.8,1,1.9,1.8,-0.9,14.0,34.0,22.0,13.0,47.0,19.0,50.0,16.0,2.0,1.0,9.0,18.0,9.0,8.0,0.0,8.0,13.0,32.0,12.0,0.0,Matches,678.0,575.0,99.0,5.0,0.0,4.0,83.0,88.0,6.0,1.0,3.0,1.0,475.0,4.0,27.0,2,0,0.0,8,9.0,0.0,83.0,13.0,12.0,0.0,1.0,0.0,71.0,5.0,10.0,33.3,Italy
"{'name': 'Italy', 'id': '380', 'alpha3code': 'ITA', 'alpha2code': 'IT'}",67,Manuel,,Lazzari,3204,1993-11-29,174,"{'code2': 'MD', 'code3': 'MID', 'name': 'Midfielder'}","{'name': 'Italy', 'id': '380', 'alpha3code': 'ITA', 'alpha2code': 'IT'}",226200,right,M. Lazzari,null,Manuel Lazzari,Manuel Lazzari,Manuel Lazzari,it ITA,DF,SPAL,23.0,1993.0,34.6,1178.0,1516.0,77.7,18815.0,5621.0,627.0,712.0,88.1,445.0,554.0,80.3,80.0,156.0,51.3,1,2.0,2.0,-1.0,27.0,64.0,30.0,19.0,81.0,61.0,43.5,33.0,21.0,7.0,27.0,62.0,35.0,32.0,7.0,25.0,31.0,92.0,73.0,2.0,Matches,1516.0,1200.0,312.0,10.0,3.0,7.0,169.0,298.0,4.0,0.0,0.0,0.0,1178.0,4.0,72.0,4,0,0.0,23,84.0,2.0,169.0,31.0,47.0,0.0,1.0,0.0,154.0,6.0,37.0,14.0,Italy
"{'name': 'Belgium', 'id': '56', 'alpha3code': 'BEL', 'alpha2code': 'BE'}",78,Dennis,,Praet,3164,1994-05-14,181,"{'code2': 'MD', 'code3': 'MID', 'name': 'Midfielder'}","{'name': 'Belgium', 'id': '56', 'alpha3code': 'BEL', 'alpha2code': 'BE'}",37739,right,D. Praet,null,Dennis Praet,Dennis Praet,Dennis Praet,be BEL,MF,Sampdoria,23.0,1994.0,29.5,1228.0,1511.0,81.3,19759.0,5706.0,612.0,707.0,86.6,492.0,577.0,85.3,86.0,140.0,61.4,3,3.3,3.1,-0.3,33.0,144.0,43.0,8.0,174.0,85.0,52.1,34.0,36.0,15.0,38.0,73.0,35.0,49.0,1.0,48.0,37.0,122.0,22.0,0.0,Matches,1511.0,1470.0,37.0,8.0,5.0,4.0,70.0,26.0,3.0,1.0,1.0,0.0,1228.0,4.0,45.0,4,0,0.0,26,28.0,0.0,70.0,37.0,57.0,0.0,0.0,0.0,200.0,21.0,46.0,31.3,Italy
"{'name': 'Italy', 'id': '380', 'alpha3code': 'ITA', 'alpha2code': 'IT'}",75,Federico,,Di Francesco,3166,1994-06-14,178,"{'code2': 'FW', 'code3': 'FWD', 'name': 'Forward'}","{'name': 'Italy', 'id': '380', 'alpha3code': 'ITA', 'alpha2code': 'IT'}",259292,right,F. Di Francesco,null,Federico Di Francesco,Federico Di Francesco,Federico Di Francesco,it ITA,"FW,DF",Bologna,23.0,1994.0,17.7,340.0,461.0,73.8,5018.0,1089.0,185.0,218.0,84.9,121.0,155.0,78.1,16.0,41.0,39.0,1,1.4,1.5,-0.4,16.0,18.0,10.0,6.0,24.0,26.0,25.0,14.0,8.0,4.0,5.0,20.0,15.0,24.0,2.0,22.0,16.0,42.0,25.0,0.0,Matches,461.0,446.0,13.0,0.0,0.0,5.0,39.0,13.0,0.0,0.0,0.0,0.0,340.0,2.0,25.0,4,0,0.0,24,29.0,4.0,39.0,16.0,13.0,0.0,0.0,0.0,74.0,5.0,9.0,35.7,Italy
"{'name': 'Italy', 'id': '380', 'alpha3code': 'ITA', 'alpha2code': 'IT'}",76,Luca,,Mazzitelli,3315,1995-11-15,184,"{'code2': 'MD', 'code3': 'MID', 'name': 'Midfielder'}","{'name': 'Italy', 'id': '380', 'alpha3code': 'ITA', 'alpha2code': 'IT'}",292310,right,L. Mazzitelli,null,Luca Mazzitelli,Luca Mazzitelli,Luca Mazzitelli,it ITA,MF,Sassuolo,21.0,1995.0,11.3,301.0,436.0,69.0,5530.0,1731.0,124.0,163.0,76.1,132.0,172.0,76.7,38.0,73.0,52.1,1,0.3,0.5,0.7,6.0,37.0,6.0,3.0,52.0,37.0,27.8,14.0,15.0,8.0,10.0,36.0,26.0,21.0,2.0,19.0,21.0,58.0,19.0,0.0,Matches,436.0,417.0,14.0,8.0,3.0,7.0,16.0,2.0,1.0,1.0,0.0,0.0,301.0,5.0,15.0,4,0,0.0,36,19.0,0.0,16.0,21.0,24.0,0.0,1.0,0.0,74.0,18.0,32.0,36.0,Italy
"{'name': 'Serbia', 'id': '688', 'alpha3code': 'SRB', 'alpha2code': 'RS'}",91,Nikola,,Milenkovi\u0107,3176,1997-10-12,195,"{'code2': 'DF', 'code3': 'DEF', 'name': 'Defender'}","{'name': 'Serbia', 'id': '688', 'alpha3code': 'SRB', 'alpha2code': 'RS'}",424241,right,N. Milenkovi\u0107,17322,Nikola Milenković,Nikola Milenković,Nikola Milenković,rs SRB,DF,Fiorentina,19.0,1997.0,13.9,669.0,796.0,84.0,12280.0,4334.0,236.0,263.0,89.7,368.0,408.0,90.2,55.0,103.0,53.4,0,0.1,0.2,-0.1,3.0,37.0,4.0,2.0,54.0,39.0,55.2,20.0,16.0,3.0,16.0,29.0,13.0,18.0,8.0,10.0,23.0,62.0,70.0,0.0,Matches,796.0,710.0,85.0,16.0,0.0,1.0,2.0,69.0,0.0,0.0,0.0,0.0,669.0,1.0,8.0,2,1,1.0,24,7.0,0.0,2.0,23.0,25.0,0.0,0.0,0.0,45.0,39.0,14.0,73.6,Italy
"{'name': 'Italy', 'id': '380', 'alpha3code': 'ITA', 'alpha2code': 'IT'}",90,Sebastien,,De Maio,3166,1987-03-05,190,"{'code2': 'DF', 'code3': 'DEF', 'name': 'Defender'}","{'name': 'France', 'id': '250', 'alpha3code': 'FRA', 'alpha2code': 'FR'}",20707,right,S. De Maio,null,Sebastien De Maio,Sebastien De Maio,Sebastien De Maio,fr FRA,DF,Bologna,30.0,1987.0,22.8,921.0,1135.0,81.1,19737.0,7366.0,262.0,302.0,86.8,497.0,555.0,89.5,160.0,260.0,61.5,0,0.4,0.4,-0.4,5.0,63.0,4.0,0.0,71.0,26.0,40.0,15.0,11.0,0.0,10.0,25.0,15.0,35.0,18.0,17.0,36.0,62.0,147.0,0.0,Matches,1135.0,1045.0,89.0,42.0,0.0,23.0,2.0,47.0,0.0,0.0,0.0,0.0,921.0,1.0,14.0,7,0,0.0,31,6.0,2.0,2.0,36.0,17.0,0.0,0.0,1.0,87.0,36.0,30.0,54.5,Italy
"{'name': 'Montenegro', 'id': '499', 'alpha3code': 'MNE', 'alpha2code': 'ME'}",76,Adam,,Maru\u0161i\u0107,3162,1992-10-17,185,"{'code2': 'MD', 'code3': 'MID', 'name': 'Midfielder'}","{'name': 'Serbia', 'id': '688', 'alpha3code': 'SRB', 'alpha2code': 'RS'}",228928,right,A. Maru\u0161i\u0107,17371,Adam Marušić,Adam Marušić,Adam Marušić,me MNE,DF,Lazio,24.0,1992.0,28.0,926.0,1206.0,76.8,13219.0,4097.0,546.0,637.0,85.7,319.0,410.0,77.8,28.0,68.0,41.2,4,3.3,3.1,0.7,36.0,35.0,30.0,13.0,67.0,28.0,42.9,17.0,8.0,3.0,12.0,28.0,16.0,22.0,2.0,20.0,31.0,59.0,33.0,0.0,Matches,1206.0,981.0,224.0,4.0,0.0,3.0,98.0,220.0,0.0,0.0,0.0,0.0,926.0,1.0,58.0,3,1,0.0,28,15.0,6.0,98.0,31.0,21.0,1.0,0.0,0.0,134.0,27.0,16.0,62.8,Italy
"{'name': 'Gambia', 'id': '270', 'alpha3code': 'GMB', 'alpha2code': 'GM'}",77,Musa,,Barrow,3172,1998-11-14,183,"{'code2': 'FW', 'code3': 'FWD', 'name': 'Forward'}","{'name': 'Gambia', 'id': '270', 'alpha3code': 'GMB', 'alpha2code': 'GM'}",491409,right,M. Barrow,18728,Musa Barrow,Musa Barrow,Musa Barrow,gm GAM,FW,Atalanta,18.0,1998.0,4.9,100.0,130.0,76.9,1512.0,316.0,56.0,69.0,81.2,23.0,31.0,74.2,11.0,16.0,68.8,1,1.2,1.0,-0.2,11.0,5.0,3.0,1.0,11.0,5.0,50.0,1.0,3.0,1.0,2.0,4.0,2.0,2.0,0.0,2.0,1.0,6.0,2.0,0.0,Matches,130.0,119.0,11.0,0.0,0.0,0.0,8.0,4.0,0.0,0.0,0.0,0.0,100.0,0.0,5.0,0,0,0.0,3,3.0,3.0,8.0,1.0,2.0,0.0,0.0,0.0,10.0,6.0,10.0,37.5,Italy
"{'name': 'Bulgaria', 'id': 100, 'alpha3code': 'BGR', 'alpha2code': 'BG'}",65,Aleksandar,,Tonev,null,1990-02-02,178,"{'code2': 'FW', 'code3': 'FWD', 'name': 'Forward'}","{'name': 'Bulgaria', 'id': 100, 'alpha3code': 'BGR', 'alpha2code': 'BG'}",99423,right,A. Tonev,9400,Aleksandar Tonev,Aleksandar Tonev,Aleksandar Tonev,bg BUL,"FW,MF",Crotone,27.0,1990.0,4.5,69.0,119.0,58.0,956.0,260.0,40.0,59.0,67.8,18.0,32.0,56.3,3.0,12.0,25.0,0,0.2,0.2,-0.2,3.0,5.0,4.0,2.0,6.0,5.0,0.0,1.0,2.0,2.0,0.0,1.0,1.0,4.0,1.0,3.0,1.0,6.0,6.0,0.0,Matches,119.0,113.0,6.0,0.0,0.0,2.0,14.0,0.0,1.0,1.0,0.0,0.0,69.0,0.0,11.0,0,0,0.0,4,2.0,5.0,14.0,1.0,3.0,0.0,0.0,0.0,16.0,0.0,8.0,0.0,Italy
"{'name': 'Italy', 'id': 380, 'alpha3code': 'ITA', 'alpha2code': 'IT'}",73,Raffaele,,Palladino,null,1984-04-17,182,"{'code2': 'FW', 'code3': 'FWD', 'name': 'Forward'}","{'name': 'Italy', 'id': 380, 'alpha3code': 'ITA', 'alpha2code': 'IT'}",20506,right,R. Palladino,null,Raffaele Palladino,Raffaele Palladino,Raffaele Palladino,it ITA,"MF,FW",Genoa,33.0,1984.0,2.6,71.0,96.0,74.0,1318.0,322.0,25.0,31.0,80.6,42.0,49.0,85.7,4.0,12.0,33.3,0,0.7,0.6,-0.7,8.0,3.0,5.0,3.0,9.0,1.0,0.0,1.0,0.0,0.0,0.0,1.0,1.0,0.0,0.0,0.0,1.0,2.0,0.0,0.0,Matches,96.0,93.0,2.0,0.0,0.0,1.0,14.0,0.0,2.0,1.0,0.0,0.0,71.0,1.0,6.0,1,0,0.0,4,0.0,0.0,14.0,1.0,1.0,0.0,0.0,0.0,11.0,0.0,2.0,0.0,Italy
"{'name': 'Italy', 'id': 380, 'alpha3code': 'ITA', 'alpha2code': 'IT'}",0,Luca,,Sparandeo,3219,1999-08-18,0,"{'code2': 'DF', 'code3': 'DEF', 'name': 'Defender'}","{'name': 'Italy', 'id': 380, 'alpha3code': 'ITA', 'alpha2code': 'IT'}",360778,left,L. Sparandeo,null,Luca Sparandeo,Luca Sparandeo,Luca Sparandeo,it ITA,DF,Benevento,17.0,1999.0,0.4,14.0,16.0,87.5,225.0,57.0,10.0,11.0,90.9,2.0,2.0,100.0,2.0,3.0,66.7,0,0.0,0.0,0.0,0.0,2.0,0.0,0.0,2.0,0.0,0.0,0.0,0.0,0.0,0.0,1.0,1.0,1.0,0.0,1.0,0.0,0.0,0.0,0.0,Matches,16.0,16.0,0.0,0.0,0.0,1.0,0.0,0.0,0.0,0.0,0.0,0.0,14.0,0.0,0.0,1,0,0.0,4,0.0,0.0,0.0,0.0,0.0,0.0,1.0,0.0,0.0,1.0,4.0,20.0,Italy
"{'name': 'Italy', 'id': 380, 'alpha3code': 'ITA', 'alpha2code': 'IT'}",0,Emanuele,,Torrasi,26542,1999-03-16,180,"{'code2': 'MD', 'code3': 'MID', 'name': 'Midfielder'}","{'name': 'Italy', 'id': 380, 'alpha3code': 'ITA', 'alpha2code': 'IT'}",354470,right,E. Torrasi,27928,Emanuele Torrasi,Emanuele Torrasi,Emanuele Torrasi,it ITA,MF,Milan,18.0,1999.0,0.1,,,,,,,,,,,,,,,0,,,,,,,,,,,,,,,,,,,,,,,,Matches,,,,,,,,,,,,,,,,0,0,,0,,,,,,,,,,,,,Italy
"{'name': 'Italy', 'id': 380, 'alpha3code': 'ITA', 'alpha2code': 'IT'}",0,Emanuele,,Torrasi,26542,1999-03-16,180,"{'code2': 'MD', 'code3': 'MID', 'name': 'Midfielder'}","{'name': 'Italy', 'id': 380, 'alpha3code': 'ITA', 'alpha2code': 'IT'}",354470,right,E. Torrasi,27928,Emanuele Torrasi,Emanuele Torrasi,Emanuele Torrasi,it ITA,MF,Milan,18.0,1999.0,0.1,,,,,,,,,,,,,,,0,,,,,,,,,,,,,,,,,,,,,,,,Matches,,,,,,,,,,,,,,,,0,0,0.0,0,0.0,0.0,0.0,0.0,0.0,0.0,0.0,0.0,0.0,0.0,0.0,,Italy
"{'name': 'Italy', 'id': 380, 'alpha3code': 'ITA', 'alpha2code': 'IT'}",0,Emanuele,,Torrasi,26542,1999-03-16,180,"{'code2': 'MD', 'code3': 'MID', 'name': 'Midfielder'}","{'name': 'Italy', 'id': 380, 'alpha3code': 'ITA', 'alpha2code': 'IT'}",354470,right,E. Torrasi,27928,Emanuele Torrasi,Emanuele Torrasi,Emanuele Torrasi,it ITA,MF,Milan,18.0,1999.0,0.1,,,,,,,,,,,,,,,0,,,,,,,,,,,,,,,,,,,,,,,,Matches,11.0,11.0,0.0,0.0,0.0,0.0,0.0,0.0,0.0,0.0,0.0,0.0,11.0,0.0,0.0,0,0,,0,,,,,,,,,,,,,Italy
"{'name': 'Italy', 'id': 380, 'alpha3code': 'ITA', 'alpha2code': 'IT'}",0,Emanuele,,Torrasi,26542,1999-03-16,180,"{'code2': 'MD', 'code3': 'MID', 'name': 'Midfielder'}","{'name': 'Italy', 'id': 380, 'alpha3code': 'ITA', 'alpha2code': 'IT'}",354470,right,E. Torrasi,27928,Emanuele Torrasi,Emanuele Torrasi,Emanuele Torrasi,it ITA,MF,Milan,18.0,1999.0,0.1,,,,,,,,,,,,,,,0,,,,,,,,,,,,,,,,,,,,,,,,Matches,11.0,11.0,0.0,0.0,0.0,0.0,0.0,0.0,0.0,0.0,0.0,0.0,11.0,0.0,0.0,0,0,0.0,0,0.0,0.0,0.0,0.0,0.0,0.0,0.0,0.0,0.0,0.0,0.0,,Italy
"{'name': 'Italy', 'id': 380, 'alpha3code': 'ITA', 'alpha2code': 'IT'}",0,Emanuele,,Torrasi,26542,1999-03-16,180,"{'code2': 'MD', 'code3': 'MID', 'name': 'Midfielder'}","{'name': 'Italy', 'id': 380, 'alpha3code': 'ITA', 'alpha2code': 'IT'}",354470,right,E. Torrasi,27928,Emanuele Torrasi,Emanuele Torrasi,Emanuele Torrasi,it ITA,MF,Milan,18.0,1999.0,0.1,,,,,,,,,,,,,,,0,,,,,,,,,0.0,,0.0,0.0,0.0,0.0,0.0,0.0,0.0,0.0,0.0,0.0,0.0,0.0,0.0,Matches,,,,,,,,,,,,,,,,0,0,,0,,,,,,,,,,,,,Italy
"{'name': 'Italy', 'id': 380, 'alpha3code': 'ITA', 'alpha2code': 'IT'}",0,Emanuele,,Torrasi,26542,1999-03-16,180,"{'code2': 'MD', 'code3': 'MID', 'name': 'Midfielder'}","{'name': 'Italy', 'id': 380, 'alpha3code': 'ITA', 'alpha2code': 'IT'}",354470,right,E. Torrasi,27928,Emanuele Torrasi,Emanuele Torrasi,Emanuele Torrasi,it ITA,MF,Milan,18.0,1999.0,0.1,,,,,,,,,,,,,,,0,,,,,,,,,0.0,,0.0,0.0,0.0,0.0,0.0,0.0,0.0,0.0,0.0,0.0,0.0,0.0,0.0,Matches,,,,,,,,,,,,,,,,0,0,0.0,0,0.0,0.0,0.0,0.0,0.0,0.0,0.0,0.0,0.0,0.0,0.0,,Italy
"{'name': 'Italy', 'id': 380, 'alpha3code': 'ITA', 'alpha2code': 'IT'}",0,Emanuele,,Torrasi,26542,1999-03-16,180,"{'code2': 'MD', 'code3': 'MID', 'name': 'Midfielder'}","{'name': 'Italy', 'id': 380, 'alpha3code': 'ITA', 'alpha2code': 'IT'}",354470,right,E. Torrasi,27928,Emanuele Torrasi,Emanuele Torrasi,Emanuele Torrasi,it ITA,MF,Milan,18.0,1999.0,0.1,,,,,,,,,,,,,,,0,,,,,,,,,0.0,,0.0,0.0,0.0,0.0,0.0,0.0,0.0,0.0,0.0,0.0,0.0,0.0,0.0,Matches,11.0,11.0,0.0,0.0,0.0,0.0,0.0,0.0,0.0,0.0,0.0,0.0,11.0,0.0,0.0,0,0,,0,,,,,,,,,,,,,Italy
"{'name': 'Italy', 'id': 380, 'alpha3code': 'ITA', 'alpha2code': 'IT'}",0,Emanuele,,Torrasi,26542,1999-03-16,180,"{'code2': 'MD', 'code3': 'MID', 'name': 'Midfielder'}","{'name': 'Italy', 'id': 380, 'alpha3code': 'ITA', 'alpha2code': 'IT'}",354470,right,E. Torrasi,27928,Emanuele Torrasi,Emanuele Torrasi,Emanuele Torrasi,it ITA,MF,Milan,18.0,1999.0,0.1,,,,,,,,,,,,,,,0,,,,,,,,,0.0,,0.0,0.0,0.0,0.0,0.0,0.0,0.0,0.0,0.0,0.0,0.0,0.0,0.0,Matches,11.0,11.0,0.0,0.0,0.0,0.0,0.0,0.0,0.0,0.0,0.0,0.0,11.0,0.0,0.0,0,0,0.0,0,0.0,0.0,0.0,0.0,0.0,0.0,0.0,0.0,0.0,0.0,0.0,,Italy
"{'name': 'Italy', 'id': 380, 'alpha3code': 'ITA', 'alpha2code': 'IT'}",0,Emanuele,,Torrasi,26542,1999-03-16,180,"{'code2': 'MD', 'code3': 'MID', 'name': 'Midfielder'}","{'name': 'Italy', 'id': 380, 'alpha3code': 'ITA', 'alpha2code': 'IT'}",354470,right,E. Torrasi,27928,Emanuele Torrasi,Emanuele Torrasi,Emanuele Torrasi,it ITA,MF,Milan,18.0,1999.0,0.1,11.0,11.0,100.0,115.0,24.0,9.0,9.0,100.0,2.0,2.0,100.0,0.0,0.0,,0,0.0,0.0,0.0,0.0,1.0,0.0,0.0,0.0,,,,,,,,,,,,,,,,Matches,,,,,,,,,,,,,,,,0,0,,0,,,,,,,,,,,,,Italy
"{'name': 'Italy', 'id': 380, 'alpha3code': 'ITA', 'alpha2code': 'IT'}",0,Emanuele,,Torrasi,26542,1999-03-16,180,"{'code2': 'MD', 'code3': 'MID', 'name': 'Midfielder'}","{'name': 'Italy', 'id': 380, 'alpha3code': 'ITA', 'alpha2code': 'IT'}",354470,right,E. Torrasi,27928,Emanuele Torrasi,Emanuele Torrasi,Emanuele Torrasi,it ITA,MF,Milan,18.0,1999.0,0.1,11.0,11.0,100.0,115.0,24.0,9.0,9.0,100.0,2.0,2.0,100.0,0.0,0.0,,0,0.0,0.0,0.0,0.0,1.0,0.0,0.0,0.0,,,,,,,,,,,,,,,,Matches,,,,,,,,,,,,,,,,0,0,0.0,0,0.0,0.0,0.0,0.0,0.0,0.0,0.0,0.0,0.0,0.0,0.0,,Italy
"{'name': 'Italy', 'id': 380, 'alpha3code': 'ITA', 'alpha2code': 'IT'}",0,Emanuele,,Torrasi,26542,1999-03-16,180,"{'code2': 'MD', 'code3': 'MID', 'name': 'Midfielder'}","{'name': 'Italy', 'id': 380, 'alpha3code': 'ITA', 'alpha2code': 'IT'}",354470,right,E. Torrasi,27928,Emanuele Torrasi,Emanuele Torrasi,Emanuele Torrasi,it ITA,MF,Milan,18.0,1999.0,0.1,11.0,11.0,100.0,115.0,24.0,9.0,9.0,100.0,2.0,2.0,100.0,0.0,0.0,,0,0.0,0.0,0.0,0.0,1.0,0.0,0.0,0.0,,,,,,,,,,,,,,,,Matches,11.0,11.0,0.0,0.0,0.0,0.0,0.0,0.0,0.0,0.0,0.0,0.0,11.0,0.0,0.0,0,0,,0,,,,,,,,,,,,,Italy
"{'name': 'Italy', 'id': 380, 'alpha3code': 'ITA', 'alpha2code': 'IT'}",0,Emanuele,,Torrasi,26542,1999-03-16,180,"{'code2': 'MD', 'code3': 'MID', 'name': 'Midfielder'}","{'name': 'Italy', 'id': 380, 'alpha3code': 'ITA', 'alpha2code': 'IT'}",354470,right,E. Torrasi,27928,Emanuele Torrasi,Emanuele Torrasi,Emanuele Torrasi,it ITA,MF,Milan,18.0,1999.0,0.1,11.0,11.0,100.0,115.0,24.0,9.0,9.0,100.0,2.0,2.0,100.0,0.0,0.0,,0,0.0,0.0,0.0,0.0,1.0,0.0,0.0,0.0,,,,,,,,,,,,,,,,Matches,11.0,11.0,0.0,0.0,0.0,0.0,0.0,0.0,0.0,0.0,0.0,0.0,11.0,0.0,0.0,0,0,0.0,0,0.0,0.0,0.0,0.0,0.0,0.0,0.0,0.0,0.0,0.0,0.0,,Italy
"{'name': 'Italy', 'id': 380, 'alpha3code': 'ITA', 'alpha2code': 'IT'}",0,Emanuele,,Torrasi,26542,1999-03-16,180,"{'code2': 'MD', 'code3': 'MID', 'name': 'Midfielder'}","{'name': 'Italy', 'id': 380, 'alpha3code': 'ITA', 'alpha2code': 'IT'}",354470,right,E. Torrasi,27928,Emanuele Torrasi,Emanuele Torrasi,Emanuele Torrasi,it ITA,MF,Milan,18.0,1999.0,0.1,11.0,11.0,100.0,115.0,24.0,9.0,9.0,100.0,2.0,2.0,100.0,0.0,0.0,,0,0.0,0.0,0.0,0.0,1.0,0.0,0.0,0.0,0.0,,0.0,0.0,0.0,0.0,0.0,0.0,0.0,0.0,0.0,0.0,0.0,0.0,0.0,Matches,,,,,,,,,,,,,,,,0,0,,0,,,,,,,,,,,,,Italy
"{'name': 'Italy', 'id': 380, 'alpha3code': 'ITA', 'alpha2code': 'IT'}",0,Emanuele,,Torrasi,26542,1999-03-16,180,"{'code2': 'MD', 'code3': 'MID', 'name': 'Midfielder'}","{'name': 'Italy', 'id': 380, 'alpha3code': 'ITA', 'alpha2code': 'IT'}",354470,right,E. Torrasi,27928,Emanuele Torrasi,Emanuele Torrasi,Emanuele Torrasi,it ITA,MF,Milan,18.0,1999.0,0.1,11.0,11.0,100.0,115.0,24.0,9.0,9.0,100.0,2.0,2.0,100.0,0.0,0.0,,0,0.0,0.0,0.0,0.0,1.0,0.0,0.0,0.0,0.0,,0.0,0.0,0.0,0.0,0.0,0.0,0.0,0.0,0.0,0.0,0.0,0.0,0.0,Matches,,,,,,,,,,,,,,,,0,0,0.0,0,0.0,0.0,0.0,0.0,0.0,0.0,0.0,0.0,0.0,0.0,0.0,,Italy
"{'name': 'Italy', 'id': 380, 'alpha3code': 'ITA', 'alpha2code': 'IT'}",0,Emanuele,,Torrasi,26542,1999-03-16,180,"{'code2': 'MD', 'code3': 'MID', 'name': 'Midfielder'}","{'name': 'Italy', 'id': 380, 'alpha3code': 'ITA', 'alpha2code': 'IT'}",354470,right,E. Torrasi,27928,Emanuele Torrasi,Emanuele Torrasi,Emanuele Torrasi,it ITA,MF,Milan,18.0,1999.0,0.1,11.0,11.0,100.0,115.0,24.0,9.0,9.0,100.0,2.0,2.0,100.0,0.0,0.0,,0,0.0,0.0,0.0,0.0,1.0,0.0,0.0,0.0,0.0,,0.0,0.0,0.0,0.0,0.0,0.0,0.0,0.0,0.0,0.0,0.0,0.0,0.0,Matches,11.0,11.0,0.0,0.0,0.0,0.0,0.0,0.0,0.0,0.0,0.0,0.0,11.0,0.0,0.0,0,0,,0,,,,,,,,,,,,,Italy
"{'name': 'Italy', 'id': 380, 'alpha3code': 'ITA', 'alpha2code': 'IT'}",0,Emanuele,,Torrasi,26542,1999-03-16,180,"{'code2': 'MD', 'code3': 'MID', 'name': 'Midfielder'}","{'name': 'Italy', 'id': 380, 'alpha3code': 'ITA', 'alpha2code': 'IT'}",354470,right,E. Torrasi,27928,Emanuele Torrasi,Emanuele Torrasi,Emanuele Torrasi,it ITA,MF,Milan,18.0,1999.0,0.1,11.0,11.0,100.0,115.0,24.0,9.0,9.0,100.0,2.0,2.0,100.0,0.0,0.0,,0,0.0,0.0,0.0,0.0,1.0,0.0,0.0,0.0,0.0,,0.0,0.0,0.0,0.0,0.0,0.0,0.0,0.0,0.0,0.0,0.0,0.0,0.0,Matches,11.0,11.0,0.0,0.0,0.0,0.0,0.0,0.0,0.0,0.0,0.0,0.0,11.0,0.0,0.0,0,0,0.0,0,0.0,0.0,0.0,0.0,0.0,0.0,0.0,0.0,0.0,0.0,0.0,,Italy
"{'name': 'Cura\\u00e7ao', 'id': 531, 'alpha3code': 'CUW', 'alpha2code': 'CW'}",69,Gregory,,van der Wiel,14995,1988-02-03,183,"{'code2': 'DF', 'code3': 'DEF', 'name': 'Defender'}","{'name': 'Netherlands', 'id': 528, 'alpha3code': 'NLD', 'alpha2code': 'NL'}",45,right,G. van der Wiel,null,Gregory van der Wiel,Gregory van der Wiel,Gregory van der Wiel,nl NED,DF,Cagliari,29.0,1988.0,3.2,129.0,164.0,78.7,2093.0,725.0,78.0,89.0,87.6,40.0,50.0,80.0,9.0,18.0,50.0,0,0.1,0.1,-0.1,1.0,8.0,2.0,1.0,12.0,5.0,60.0,4.0,1.0,0.0,3.0,5.0,2.0,1.0,0.0,1.0,10.0,15.0,12.0,0.0,Matches,164.0,140.0,22.0,1.0,0.0,4.0,7.0,21.0,0.0,0.0,0.0,0.0,129.0,2.0,2.0,0,0,0.0,0,1.0,0.0,7.0,10.0,3.0,0.0,0.0,0.0,19.0,8.0,5.0,61.5,Italy
"{'name': 'Italy', 'id': 380, 'alpha3code': 'ITA', 'alpha2code': 'IT'}",78,Karamoko,,Ciss\u00e9,3194,1988-11-14,184,"{'code2': 'FW', 'code3': 'FWD', 'name': 'Forward'}","{'name': 'Guinea', 'id': 324, 'alpha3code': 'GIN', 'alpha2code': 'GN'}",21235,right,K. Ciss\u00e9,null,Karamoko Cissé,Karamoko Cissé,Karamoko Cissé,gn GUI,"FW,MF",Benevento,28.0,1988.0,0.2,2.0,5.0,40.0,55.0,0.0,0.0,2.0,0.0,1.0,2.0,50.0,1.0,1.0,100.0,0,0.1,0.0,-0.1,1.0,0.0,1.0,0.0,1.0,1.0,,1.0,0.0,0.0,0.0,0.0,0.0,0.0,0.0,0.0,0.0,1.0,0.0,0.0,Matches,5.0,5.0,0.0,0.0,0.0,0.0,1.0,0.0,0.0,0.0,0.0,0.0,2.0,0.0,1.0,0,0,0.0,0,0.0,1.0,1.0,0.0,1.0,0.0,0.0,0.0,0.0,0.0,1.0,0.0,Italy
"{'name': 'Italy', 'id': 380, 'alpha3code': 'ITA', 'alpha2code': 'IT'}",78,Marcello,,Gazzola,3160,1985-04-03,183,"{'code2': 'DF', 'code3': 'DEF', 'name': 'Defender'}","{'name': 'Italy', 'id': 380, 'alpha3code': 'ITA', 'alpha2code': 'IT'}",22152,right,M. Gazzola,null,Marcello Gazzola,Marcello Gazzola,Marcello Gazzola,it ITA,DF,Sassuolo,32.0,1985.0,8.2,340.0,467.0,72.8,5770.0,2666.0,168.0,194.0,86.6,142.0,183.0,77.6,28.0,73.0,38.4,0,0.4,0.3,-0.4,8.0,25.0,8.0,6.0,41.0,10.0,66.7,3.0,6.0,1.0,8.0,12.0,4.0,10.0,2.0,8.0,8.0,18.0,25.0,0.0,Matches,467.0,353.0,114.0,1.0,0.0,1.0,33.0,112.0,1.0,1.0,0.0,0.0,340.0,0.0,17.0,1,0,0.0,7,2.0,0.0,33.0,8.0,9.0,0.0,0.0,0.0,36.0,10.0,9.0,52.6,Italy
"{'name': 'Croatia', 'id': 191, 'alpha3code': 'HRV', 'alpha2code': 'HR'}",82,Duje,,\u010cop,690,1990-02-01,187,"{'code2': 'FW', 'code3': 'FWD', 'name': 'Forward'}","{'name': 'Croatia', 'id': 191, 'alpha3code': 'HRV', 'alpha2code': 'HR'}",69610,right,D. \u010cop,null,Duje Čop,Duje Čop,Duje Čop,hr CRO,"FW,MF",Cagliari,27.0,1990.0,1.1,11.0,21.0,52.4,166.0,63.0,7.0,13.0,53.8,4.0,6.0,66.7,0.0,1.0,0.0,0,0.0,0.0,0.0,0.0,2.0,0.0,0.0,4.0,1.0,0.0,0.0,0.0,1.0,0.0,1.0,1.0,1.0,0.0,1.0,0.0,1.0,0.0,0.0,Matches,21.0,20.0,1.0,0.0,0.0,1.0,0.0,0.0,0.0,0.0,0.0,0.0,11.0,0.0,0.0,0,0,0.0,1,3.0,0.0,0.0,0.0,1.0,1.0,0.0,0.0,2.0,1.0,3.0,25.0,Italy
"{'name': 'Italy', 'id': 380, 'alpha3code': 'ITA', 'alpha2code': 'IT'}",75,Domenico,,Maietta,3178,1982-08-03,184,"{'code2': 'DF', 'code3': 'DEF', 'name': 'Defender'}","{'name': 'Italy', 'id': 380, 'alpha3code': 'ITA', 'alpha2code': 'IT'}",21306,right,D. Maietta,null,Domenico Maietta,Domenico Maietta,Domenico Maietta,it ITA,DF,Bologna,34.0,1982.0,5.2,212.0,254.0,83.5,4554.0,1871.0,50.0,56.0,89.3,137.0,145.0,94.5,24.0,49.0,49.0,0,0.0,0.0,0.0,0.0,21.0,0.0,0.0,22.0,5.0,33.3,4.0,1.0,0.0,3.0,9.0,6.0,8.0,6.0,2.0,7.0,12.0,13.0,1.0,Matches,254.0,235.0,17.0,17.0,0.0,2.0,1.0,0.0,0.0,0.0,0.0,0.0,212.0,2.0,1.0,1,0,0.0,3,3.0,0.0,1.0,7.0,4.0,0.0,0.0,0.0,25.0,4.0,2.0,66.7,Italy
"{'name': 'Italy', 'id': 380, 'alpha3code': 'ITA', 'alpha2code': 'IT'}",78,Michele,,Cremonesi,3179,1988-04-15,183,"{'code2': 'DF', 'code3': 'DEF', 'name': 'Defender'}","{'name': 'Italy', 'id': 380, 'alpha3code': 'ITA', 'alpha2code': 'IT'}",21725,right,M. Cremonesi,null,Michele Cremonesi,Michele Cremonesi,Michele Cremonesi,it ITA,DF,SPAL,29.0,1988.0,4.3,125.0,147.0,85.0,2143.0,863.0,53.0,56.0,94.6,60.0,66.0,90.9,9.0,15.0,60.0,0,0.0,0.0,0.0,0.0,8.0,0.0,0.0,13.0,4.0,25.0,2.0,2.0,0.0,1.0,4.0,3.0,5.0,3.0,2.0,7.0,11.0,28.0,0.0,Matches,147.0,137.0,8.0,8.0,0.0,0.0,2.0,0.0,0.0,0.0,0.0,0.0,125.0,2.0,2.0,2,0,0.0,5,2.0,0.0,2.0,7.0,2.0,0.0,0.0,1.0,15.0,9.0,6.0,60.0,Italy
"{'name': 'Germany', 'id': 276, 'alpha3code': 'DEU', 'alpha2code': 'DE'}",77,Oliver,,Kragl,3222,1990-05-12,180,"{'code2': 'MD', 'code3': 'MID', 'name': 'Midfielder'}","{'name': 'Germany', 'id': 276, 'alpha3code': 'DEU', 'alpha2code': 'DE'}",16922,left,O. Kragl,null,Oliver Kragl,Oliver Kragl,Oliver Kragl,de GER,MF,Crotone,27.0,1990.0,1.1,27.0,38.0,71.1,503.0,227.0,11.0,13.0,84.6,12.0,18.0,66.7,4.0,6.0,66.7,0,0.3,0.2,-0.3,3.0,3.0,1.0,0.0,4.0,1.0,,0.0,1.0,0.0,0.0,0.0,0.0,1.0,0.0,1.0,2.0,3.0,2.0,0.0,Matches,38.0,36.0,2.0,2.0,0.0,0.0,1.0,0.0,0.0,0.0,0.0,0.0,27.0,0.0,1.0,0,0,0.0,3,3.0,0.0,1.0,2.0,0.0,0.0,0.0,0.0,5.0,2.0,3.0,40.0,Italy
"{'name': 'Belgium', 'id': 56, 'alpha3code': 'BEL', 'alpha2code': 'BE'}",85,No\u00eb,,Dussenne,5187,1992-04-07,191,"{'code2': 'DF', 'code3': 'DEF', 'name': 'Defender'}","{'name': 'Belgium', 'id': 56, 'alpha3code': 'BEL', 'alpha2code': 'BE'}",37959,right,N. Dussenne,null,Noë Dussenne,Noë Dussenne,Noë Dussenne,be BEL,FW,Crotone,25.0,1992.0,0.9,8.0,19.0,42.1,162.0,97.0,3.0,4.0,75.0,3.0,5.0,60.0,2.0,7.0,28.6,0,0.0,0.1,0.0,0.0,1.0,1.0,0.0,1.0,2.0,,2.0,0.0,0.0,0.0,0.0,0.0,0.0,0.0,0.0,1.0,3.0,8.0,0.0,Matches,19.0,10.0,7.0,2.0,0.0,0.0,0.0,5.0,0.0,0.0,0.0,0.0,8.0,2.0,1.0,1,0,0.0,3,0.0,0.0,0.0,1.0,0.0,0.0,0.0,0.0,2.0,0.0,3.0,0.0,Italy
"{'name': 'Croatia', 'id': 191, 'alpha3code': 'HRV', 'alpha2code': 'HR'}",74,Petar,,Brlek,6433,1994-01-29,180,"{'code2': 'MD', 'code3': 'MID', 'name': 'Midfielder'}","{'name': 'Croatia', 'id': 191, 'alpha3code': 'HRV', 'alpha2code': 'HR'}",69658,right,P. Brlek,null,Petar Brlek,Petar Brlek,Petar Brlek,hr CRO,MF,Genoa,23.0,1994.0,2.6,94.0,116.0,81.0,1749.0,428.0,33.0,38.0,86.8,51.0,63.0,81.0,10.0,12.0,83.3,0,0.1,0.1,-0.1,1.0,7.0,1.0,0.0,10.0,9.0,42.9,4.0,5.0,0.0,3.0,7.0,4.0,0.0,0.0,0.0,1.0,10.0,3.0,0.0,Matches,116.0,111.0,4.0,3.0,0.0,0.0,2.0,0.0,1.0,0.0,0.0,0.0,94.0,1.0,3.0,1,0,0.0,4,1.0,0.0,2.0,1.0,7.0,0.0,0.0,0.0,12.0,1.0,3.0,25.0,Italy
"{'name': 'Mali', 'id': 466, 'alpha3code': 'MLI', 'alpha2code': 'ML'}",87,Molla,,Wagu\u00e9,3163,1991-02-21,191,"{'code2': 'DF', 'code3': 'DEF', 'name': 'Defender'}","{'name': 'France', 'id': 250, 'alpha3code': 'FRA', 'alpha2code': 'FR'}",25885,right,M. Wagu\u00e9,19001,Molla Wagué,Molla Wagué,Molla Wagué,ml MLI,DF,Udinese,26.0,1991.0,0.6,30.0,36.0,83.3,478.0,182.0,17.0,18.0,94.4,8.0,10.0,80.0,4.0,6.0,66.7,0,0.0,0.0,0.0,0.0,5.0,0.0,0.0,3.0,1.0,,0.0,1.0,0.0,0.0,0.0,0.0,0.0,0.0,0.0,2.0,3.0,5.0,0.0,Matches,36.0,28.0,8.0,2.0,0.0,1.0,2.0,6.0,0.0,0.0,0.0,0.0,30.0,0.0,1.0,0,0,0.0,1,0.0,0.0,2.0,2.0,0.0,0.0,0.0,0.0,1.0,5.0,0.0,100.0,Italy
"{'name': 'Italy', 'id': 380, 'alpha3code': 'ITA', 'alpha2code': 'IT'}",80,Luca,,Mora,3205,1988-05-10,183,"{'code2': 'MD', 'code3': 'MID', 'name': 'Midfielder'}","{'name': 'Italy', 'id': 380, 'alpha3code': 'ITA', 'alpha2code': 'IT'}",22864,left,L. Mora,null,Luca Mora,Luca Mora,Luca Mora,it ITA,MF,SPAL,29.0,1988.0,10.4,246.0,361.0,68.1,4204.0,1543.0,104.0,134.0,77.6,109.0,142.0,76.8,23.0,54.0,42.6,1,0.3,0.7,0.7,6.0,33.0,10.0,2.0,60.0,19.0,29.4,6.0,8.0,5.0,5.0,17.0,12.0,9.0,3.0,6.0,4.0,23.0,20.0,0.0,Matches,361.0,342.0,12.0,6.0,0.0,2.0,25.0,4.0,1.0,0.0,0.0,0.0,246.0,7.0,11.0,5,0,0.0,21,22.0,1.0,25.0,4.0,17.0,1.0,0.0,0.0,42.0,34.0,24.0,58.6,Italy
"{'name': 'Italy', 'id': 380, 'alpha3code': 'ITA', 'alpha2code': 'IT'}",81,Gianluca,,Di Chiara,3219,1993-01-12,184,"{'code2': 'DF', 'code3': 'DEF', 'name': 'Defender'}","{'name': 'Italy', 'id': 380, 'alpha3code': 'ITA', 'alpha2code': 'IT'}",21578,left,G. Di Chiara,null,Gianluca Di Chiara,Gianluca Di Chiara,Gianluca Di Chiara,it ITA,DF,Benevento,23.0,1993.0,11.2,485.0,633.0,76.6,8501.0,3663.0,223.0,247.0,90.3,198.0,242.0,81.8,52.0,112.0,46.4,0,0.6,0.7,-0.6,13.0,43.0,5.0,4.0,50.0,26.0,33.3,18.0,6.0,2.0,7.0,21.0,14.0,10.0,3.0,7.0,11.0,37.0,37.0,1.0,Matches,633.0,527.0,100.0,18.0,0.0,5.0,35.0,75.0,7.0,2.0,4.0,0.0,485.0,6.0,14.0,3,0,0.0,15,4.0,1.0,35.0,11.0,19.0,0.0,1.0,0.0,50.0,3.0,7.0,30.0,Italy
"{'name': 'Italy', 'id': 380, 'alpha3code': 'ITA', 'alpha2code': 'IT'}",67,Luca,,Garritano,3311,1994-02-11,172,"{'code2': 'MD', 'code3': 'MID', 'name': 'Midfielder'}","{'name': 'Italy', 'id': 380, 'alpha3code': 'ITA', 'alpha2code': 'IT'}",238832,right,L. Garritano,null,Luca Garritano,Luca Garritano,Luca Garritano,it ITA,"MF,FW",Chievo,23.0,1994.0,2.1,60.0,89.0,67.4,1098.0,373.0,30.0,40.0,75.0,19.0,26.0,73.1,9.0,16.0,56.3,0,0.2,0.3,-0.2,2.0,7.0,5.0,0.0,10.0,4.0,0.0,2.0,1.0,1.0,0.0,4.0,4.0,3.0,1.0,2.0,1.0,5.0,6.0,0.0,Matches,89.0,82.0,7.0,1.0,0.0,3.0,14.0,2.0,4.0,3.0,1.0,0.0,60.0,0.0,5.0,0,0,0.0,5,3.0,1.0,14.0,1.0,3.0,0.0,0.0,0.0,6.0,3.0,4.0,42.9,Italy
"{'name': 'Italy', 'id': 380, 'alpha3code': 'ITA', 'alpha2code': 'IT'}",70,Davide,,Zappacosta,1610,1992-06-11,182,"{'code2': 'DF', 'code3': 'DEF', 'name': 'Defender'}","{'name': 'Italy', 'id': 380, 'alpha3code': 'ITA', 'alpha2code': 'IT'}",22889,right,D. Zappacosta,null,Davide Zappacosta,Davide Zappacosta,Davide Zappacosta,it ITA,"DF,FW",Torino,25.0,1992.0,1.1,41.0,55.0,74.5,696.0,135.0,22.0,24.0,91.7,14.0,17.0,82.4,4.0,11.0,36.4,0,0.0,0.0,0.0,1.0,2.0,1.0,1.0,2.0,1.0,,1.0,0.0,0.0,0.0,0.0,0.0,0.0,0.0,0.0,2.0,3.0,1.0,0.0,Matches,55.0,36.0,19.0,1.0,0.0,0.0,9.0,15.0,3.0,3.0,0.0,0.0,41.0,0.0,2.0,0,0,0.0,0,0.0,2.0,9.0,2.0,0.0,0.0,0.0,0.0,5.0,1.0,3.0,25.0,Italy
"{'name': 'Italy', 'id': 380, 'alpha3code': 'ITA', 'alpha2code': 'IT'}",65,Amato,,Ciciretti,3160,1993-12-31,170,"{'code2': 'FW', 'code3': 'FWD', 'name': 'Forward'}","{'name': 'Italy', 'id': 380, 'alpha3code': 'ITA', 'alpha2code': 'IT'}",134484,left,A. Ciciretti,null,Amato Ciciretti,Amato Ciciretti,Amato Ciciretti,it ITA,"MF,FW",Benevento,23.0,1993.0,9.0,250.0,346.0,72.3,4256.0,983.0,114.0,138.0,82.6,98.0,126.0,77.8,26.0,56.0,46.4,1,1.5,1.7,-0.5,15.0,11.0,9.0,5.0,23.0,14.0,18.2,5.0,6.0,3.0,2.0,11.0,9.0,9.0,0.0,9.0,6.0,20.0,4.0,0.0,Matches,346.0,317.0,28.0,8.0,0.0,5.0,47.0,3.0,14.0,10.0,1.0,2.0,250.0,1.0,15.0,0,0,0.0,8,17.0,0.0,47.0,6.0,8.0,0.0,0.0,0.0,42.0,3.0,15.0,16.7,Italy
"{'name': 'Greece', 'id': 300, 'alpha3code': 'GRC', 'alpha2code': 'GR'}",85,Marios,,Oikonomou,12511,1992-10-06,189,"{'code2': 'DF', 'code3': 'DEF', 'name': 'Defender'}","{'name': 'Greece', 'id': 300, 'alpha3code': 'GRC', 'alpha2code': 'GR'}",93341,right,M. Oikonomou,null,Marios Oikonomou,Marios Oikonomou,Marios Oikonomou,gr GRE,DF,SPAL,24.0,1992.0,1.9,50.0,64.0,78.1,972.0,427.0,17.0,18.0,94.4,25.0,28.0,89.3,8.0,15.0,53.3,0,0.0,0.0,0.0,1.0,6.0,0.0,0.0,7.0,5.0,0.0,4.0,1.0,0.0,0.0,2.0,2.0,0.0,0.0,0.0,4.0,9.0,12.0,0.0,Matches,64.0,56.0,7.0,4.0,0.0,2.0,0.0,3.0,0.0,0.0,0.0,0.0,50.0,1.0,2.0,2,1,1.0,4,0.0,0.0,0.0,4.0,3.0,0.0,0.0,0.0,5.0,1.0,1.0,50.0,Italy
"{'name': 'Sweden', 'id': 752, 'alpha3code': 'SWE', 'alpha2code': 'SE'}",79,Samuel,,Gustafson,3194,1995-01-11,186,"{'code2': 'MD', 'code3': 'MID', 'name': 'Midfielder'}","{'name': 'Sweden', 'id': 752, 'alpha3code': 'SWE', 'alpha2code': 'SE'}",252473,right,S. Gustafson,null,Samuel Gustafson,Samuel Gustafson,Samuel Gustafson,se SWE,"MF,FW",Torino,22.0,1995.0,0.9,24.0,35.0,68.6,307.0,122.0,16.0,20.0,80.0,5.0,8.0,62.5,1.0,2.0,50.0,0,0.0,0.0,0.0,0.0,2.0,0.0,0.0,0.0,3.0,33.3,3.0,0.0,0.0,1.0,3.0,2.0,2.0,0.0,2.0,0.0,3.0,0.0,0.0,Matches,35.0,34.0,1.0,1.0,0.0,0.0,1.0,0.0,0.0,0.0,0.0,0.0,24.0,0.0,2.0,0,0,0.0,3,0.0,0.0,1.0,0.0,2.0,0.0,0.0,0.0,4.0,0.0,1.0,0.0,Italy
"{'name': 'Italy', 'id': 380, 'alpha3code': 'ITA', 'alpha2code': 'IT'}",75,Luca,,Vido,3179,1997-02-03,182,"{'code2': 'FW', 'code3': 'FWD', 'name': 'Forward'}","{'name': 'Italy', 'id': 380, 'alpha3code': 'ITA', 'alpha2code': 'IT'}",262384,right,L. Vido,3763,Luca Vido,Luca Vido,Luca Vido,it ITA,"FW,MF",Atalanta,20.0,1997.0,0.8,29.0,33.0,87.9,517.0,97.0,14.0,16.0,87.5,8.0,8.0,100.0,4.0,4.0,100.0,0,0.1,0.1,-0.1,2.0,1.0,3.0,2.0,5.0,5.0,100.0,2.0,3.0,0.0,1.0,1.0,0.0,1.0,0.0,1.0,0.0,5.0,0.0,0.0,Matches,33.0,31.0,1.0,0.0,0.0,1.0,4.0,0.0,0.0,0.0,0.0,0.0,29.0,1.0,0.0,0,0,0.0,3,5.0,0.0,4.0,0.0,5.0,0.0,0.0,0.0,4.0,1.0,0.0,100.0,Italy
"{'name': 'Italy', 'id': 380, 'alpha3code': 'ITA', 'alpha2code': 'IT'}",85,Gianluca,,Scamacca,23,1999-01-01,195,"{'code2': 'FW', 'code3': 'FWD', 'name': 'Forward'}","{'name': 'Italy', 'id': 380, 'alpha3code': 'ITA', 'alpha2code': 'IT'}",347024,right,G. Scamacca,3764,Gianluca Scamacca,Gianluca Scamacca,Gianluca Scamacca,it ITA,"FW,MF",Sassuolo,18.0,1999.0,0.3,12.0,17.0,70.6,255.0,124.0,6.0,7.0,85.7,4.0,6.0,66.7,2.0,2.0,100.0,0,0.4,0.3,-0.4,1.0,2.0,3.0,0.0,4.0,0.0,,0.0,0.0,0.0,0.0,0.0,0.0,1.0,0.0,1.0,0.0,0.0,0.0,0.0,Matches,17.0,15.0,2.0,1.0,0.0,0.0,1.0,0.0,1.0,1.0,0.0,0.0,12.0,0.0,2.0,0,0,0.0,1,1.0,0.0,1.0,0.0,0.0,0.0,0.0,0.0,1.0,1.0,0.0,100.0,Italy
"{'name': 'Slovakia', 'id': 703, 'alpha3code': 'SVK', 'alpha2code': 'SK'}",70,\u013dubom\u00edr,,Tupta,3194,1998-03-27,178,"{'code2': 'FW', 'code3': 'FWD', 'name': 'Forward'}","{'name': 'Slovakia', 'id': 703, 'alpha3code': 'SVK', 'alpha2code': 'SK'}",352722,right,\u013d. Tupta,14501,Ľubomír Tupta,Ľubomír Tupta,Ľubomír Tupta,sk SVK,"MF,FW",Hellas Verona,19.0,1998.0,0.4,9.0,13.0,69.2,137.0,35.0,3.0,6.0,50.0,5.0,6.0,83.3,0.0,0.0,,0,0.0,0.0,0.0,1.0,2.0,0.0,0.0,4.0,0.0,0.0,0.0,0.0,0.0,0.0,3.0,3.0,0.0,0.0,0.0,0.0,0.0,0.0,0.0,Matches,13.0,13.0,0.0,0.0,1.0,0.0,0.0,0.0,0.0,0.0,0.0,0.0,9.0,0.0,1.0,0,0,0.0,2,2.0,0.0,0.0,0.0,0.0,0.0,0.0,0.0,2.0,0.0,2.0,0.0,Italy
"{'name': 'Norway', 'id': 578, 'alpha3code': 'NOR', 'alpha2code': 'NO'}",63,Rafik,,Zekhnini,16,1998-01-12,179,"{'code2': 'FW', 'code3': 'FWD', 'name': 'Forward'}","{'name': 'Norway', 'id': 578, 'alpha3code': 'NOR', 'alpha2code': 'NO'}",361214,right,R. Zekhnini,null,Rafik Zekhnini,Rafik Zekhnini,Rafik Zekhnini,no NOR,FW,Fiorentina,19.0,1998.0,0.1,4.0,5.0,80.0,29.0,9.0,4.0,4.0,100.0,0.0,1.0,0.0,0.0,0.0,,0,0.0,0.0,0.0,1.0,0.0,0.0,0.0,0.0,0.0,,0.0,0.0,0.0,0.0,0.0,0.0,0.0,0.0,0.0,0.0,0.0,0.0,0.0,Matches,5.0,5.0,0.0,0.0,0.0,0.0,0.0,0.0,0.0,0.0,0.0,0.0,4.0,0.0,0.0,0,0,0.0,0,0.0,0.0,0.0,0.0,0.0,0.0,0.0,0.0,0.0,1.0,0.0,100.0,Italy
"{'name': 'Italy', 'id': 380, 'alpha3code': 'ITA', 'alpha2code': 'IT'}",75,Simone,,Palombi,3168,1996-04-23,182,"{'code2': 'FW', 'code3': 'FWD', 'name': 'Forward'}","{'name': 'Italy', 'id': 380, 'alpha3code': 'ITA', 'alpha2code': 'IT'}",364640,right,S. Palombi,null,Simone Palombi,Simone Palombi,Simone Palombi,it ITA,FW,Lazio,21.0,1996.0,0.7,12.0,14.0,85.7,193.0,33.0,8.0,10.0,80.0,2.0,2.0,100.0,2.0,2.0,100.0,0,0.0,0.0,0.0,0.0,0.0,1.0,1.0,2.0,0.0,,0.0,0.0,0.0,0.0,0.0,0.0,0.0,0.0,0.0,0.0,0.0,0.0,0.0,Matches,14.0,14.0,0.0,0.0,0.0,0.0,1.0,0.0,0.0,0.0,0.0,0.0,12.0,0.0,0.0,0,0,0.0,0,0.0,0.0,1.0,0.0,0.0,0.0,0.0,0.0,3.0,0.0,1.0,0.0,Italy
"{'name': 'Montenegro', 'id': 499, 'alpha3code': 'MNE', 'alpha2code': 'ME'}",74,Ognjen,,Stijepovi\u0107,3164,1999-10-22,185,"{'code2': 'FW', 'code3': 'FWD', 'name': 'Forward'}","{'name': 'Montenegro', 'id': 499, 'alpha3code': 'MNE', 'alpha2code': 'ME'}",405880,left,O. Stijepovi\u0107,null,Ognjen Stijepović,Ognjen Stijepović,Ognjen Stijepović,me MNE,"FW,MF",Sampdoria,17.0,1999.0,0.1,1.0,1.0,100.0,14.0,0.0,1.0,1.0,100.0,0.0,0.0,,0.0,0.0,,0,0.0,0.0,0.0,0.0,0.0,0.0,0.0,0.0,0.0,,0.0,0.0,0.0,0.0,0.0,0.0,0.0,0.0,0.0,0.0,0.0,0.0,0.0,Matches,1.0,1.0,0.0,0.0,0.0,0.0,0.0,0.0,0.0,0.0,0.0,0.0,1.0,0.0,0.0,0,0,,0,0.0,0.0,0.0,0.0,0.0,0.0,0.0,0.0,0.0,0.0,1.0,0.0,Italy
"{'name': 'Nigeria', 'id': 566, 'alpha3code': 'NGA', 'alpha2code': 'NG'}",72,Orji,,Okwonkwo,3166,1998-01-19,178,"{'code2': 'FW', 'code3': 'FWD', 'name': 'Forward'}","{'name': 'Nigeria', 'id': 566, 'alpha3code': 'NGA', 'alpha2code': 'NG'}",403272,right,O. Okwonkwo,null,Orji Okwonkwo,Orji Okwonkwo,Orji Okwonkwo,ng NGA,"FW,MF",Bologna,19.0,1998.0,2.9,58.0,75.0,77.3,986.0,158.0,34.0,38.0,89.5,20.0,27.0,74.1,4.0,7.0,57.1,0,0.0,0.0,0.0,0.0,1.0,0.0,0.0,3.0,9.0,25.0,6.0,3.0,0.0,1.0,4.0,3.0,2.0,0.0,2.0,1.0,10.0,1.0,0.0,Matches,75.0,75.0,0.0,0.0,0.0,2.0,5.0,0.0,0.0,0.0,0.0,0.0,58.0,0.0,3.0,2,0,0.0,5,1.0,4.0,5.0,1.0,3.0,0.0,0.0,0.0,9.0,3.0,5.0,37.5,Italy
"{'name': 'Italy', 'id': 380, 'alpha3code': 'ITA', 'alpha2code': 'IT'}",74,Andrea,,Pinamonti,3254,1999-05-19,185,"{'code2': 'FW', 'code3': 'FWD', 'name': 'Forward'}","{'name': 'Italy', 'id': 380, 'alpha3code': 'ITA', 'alpha2code': 'IT'}",405608,right,A. Pinamonti,3764,Andrea Pinamonti,Andrea Pinamonti,Andrea Pinamonti,it ITA,FW,Inter,18.0,1999.0,0.2,4.0,4.0,100.0,49.0,0.0,3.0,3.0,100.0,1.0,1.0,100.0,0.0,0.0,,0,0.0,0.0,0.0,0.0,0.0,0.0,0.0,0.0,0.0,,0.0,0.0,0.0,0.0,0.0,0.0,0.0,0.0,0.0,0.0,0.0,0.0,0.0,Matches,4.0,3.0,1.0,0.0,0.0,0.0,0.0,1.0,0.0,0.0,0.0,0.0,4.0,0.0,0.0,0,0,0.0,0,0.0,0.0,0.0,0.0,0.0,0.0,0.0,0.0,1.0,0.0,0.0,,Italy
"{'name': 'Italy', 'id': 380, 'alpha3code': 'ITA', 'alpha2code': 'IT'}",69,Giovanni,,Volpicelli,3219,1999-09-24,175,"{'code2': 'MD', 'code3': 'MID', 'name': 'Midfielder'}","{'name': 'Italy', 'id': 380, 'alpha3code': 'ITA', 'alpha2code': 'IT'}",461671,right,G. Volpicelli,null,Giovanni Volpicelli,Giovanni Volpicelli,Giovanni Volpicelli,it ITA,MF,Benevento,17.0,1999.0,0.0,1.0,1.0,100.0,9.0,0.0,1.0,1.0,100.0,0.0,0.0,,0.0,0.0,,0,0.0,0.0,0.0,0.0,0.0,0.0,0.0,0.0,0.0,0.0,0.0,0.0,0.0,0.0,1.0,1.0,0.0,0.0,0.0,0.0,0.0,0.0,0.0,Matches,1.0,1.0,0.0,0.0,0.0,0.0,0.0,0.0,0.0,0.0,0.0,0.0,1.0,0.0,0.0,0,0,,0,0.0,0.0,0.0,0.0,0.0,0.0,0.0,0.0,1.0,0.0,0.0,,Italy
"{'name': 'Italy', 'id': 380, 'alpha3code': 'ITA', 'alpha2code': 'IT'}",80,Alessandro,,Buongiorno,3435,1999-06-06,191,"{'code2': 'DF', 'code3': 'DEF', 'name': 'Defender'}","{'name': 'Italy', 'id': 380, 'alpha3code': 'ITA', 'alpha2code': 'IT'}",491451,left,A. Buongiorno,3764,Alessandro Buongiorno,Alessandro Buongiorno,Alessandro Buongiorno,it ITA,DF,Torino,18.0,1999.0,0.1,6.0,7.0,85.7,75.0,22.0,4.0,5.0,80.0,2.0,2.0,100.0,0.0,0.0,,0,0.0,0.0,0.0,0.0,0.0,0.0,0.0,0.0,0.0,,0.0,0.0,0.0,0.0,0.0,0.0,0.0,0.0,0.0,0.0,0.0,1.0,0.0,Matches,7.0,7.0,0.0,0.0,0.0,0.0,0.0,0.0,0.0,0.0,0.0,0.0,6.0,0.0,0.0,0,0,0.0,0,0.0,0.0,0.0,0.0,0.0,0.0,0.0,0.0,0.0,2.0,0.0,100.0,Italy
"{'name': 'Italy', 'id': 380, 'alpha3code': 'ITA', 'alpha2code': 'IT'}",68,Andrea,,Danzi,3194,1999-02-25,175,"{'code2': 'MD', 'code3': 'MID', 'name': 'Midfielder'}","{'name': 'Italy', 'id': 380, 'alpha3code': 'ITA', 'alpha2code': 'IT'}",523089,right,A. Danzi,3764,Andrea Danzi,Andrea Danzi,Andrea Danzi,it ITA,MF,Hellas Verona,18.0,1999.0,4.4,175.0,195.0,89.7,2979.0,675.0,89.0,98.0,90.8,64.0,69.0,92.8,17.0,22.0,77.3,0,0.0,0.1,0.0,1.0,4.0,0.0,0.0,16.0,11.0,38.5,7.0,4.0,0.0,5.0,13.0,8.0,3.0,0.0,3.0,5.0,16.0,5.0,1.0,Matches,195.0,188.0,7.0,5.0,0.0,1.0,0.0,1.0,0.0,0.0,0.0,0.0,175.0,0.0,0.0,1,0,0.0,6,1.0,0.0,0.0,5.0,6.0,0.0,0.0,0.0,21.0,3.0,3.0,50.0,Italy
